TRACE::2026-07-31.15:23:31::SCWPlatform::Trying to open the hw design at /home/sogang/ppe_fpga_ho/vitis_workspace/ppe_dma_platform_v2/hw/dma_passthrough.xsa
TRACE::2026-07-31.15:23:31::SCWPlatform::DSA given /home/sogang/ppe_fpga_ho/vitis_workspace/ppe_dma_platform_v2/hw/dma_passthrough.xsa
TRACE::2026-07-31.15:23:31::SCWPlatform::DSA absoulate path /home/sogang/ppe_fpga_ho/vitis_workspace/ppe_dma_platform_v2/hw/dma_passthrough.xsa
TRACE::2026-07-31.15:23:31::SCWPlatform::DSA directory /home/sogang/ppe_fpga_ho/vitis_workspace/ppe_dma_platform_v2/hw
TRACE::2026-07-31.15:23:31::SCWPlatform:: Platform Path /home/sogang/ppe_fpga_ho/vitis_workspace/ppe_dma_platform_v2/hw/dma_passthrough.xsa
TRACE::2026-07-31.15:23:31::SCWPlatform:: Unique name xilinx:kv260_som_som240_1_connector_kv260_carrier_som240_1_connector::0.0
TRACE::2026-07-31.15:23:31::SCWPlatform::Do not have an existing db opened. 
TRACE::2026-07-31.15:23:36::SCWPlatform::Opened new HwDB with name dma_passthrough_wrapper_0
TRACE::2026-07-31.15:23:36::SCWWriter::formatted JSON is {
	"platformName":	"ppe_dma_platform_v2",
	"sprVersion":	"2.0",
	"mode":	"gui",
	"dsaType":	"Fixed",
	"platformDesc":	"ppe_dma_platform_v2",
	"platHandOff":	"/home/sogang/ppe_fpga_ho/ppe_dma_passthrough/dma_passthrough.xsa",
	"platIntHandOff":	"<platformDir>/hw/dma_passthrough.xsa",
	"deviceType":	"zynqMP",
	"platIsPrebuiltAutogen":	"false",
	"platIsNoBootBsp":	"false",
	"hasFsblMakeHasChanges":	"false",
	"hasPmufwMakeHasChanges":	"false",
	"platPreBuiltFlag":	false,
	"platformSamplesDir":	""
}
TRACE::2026-07-31.15:23:36::SCWWriter::formatted JSON is {
	"platformName":	"ppe_dma_platform_v2",
	"sprVersion":	"2.0",
	"mode":	"gui",
	"dsaType":	"Fixed",
	"platformDesc":	"ppe_dma_platform_v2",
	"platHandOff":	"/home/sogang/ppe_fpga_ho/ppe_dma_passthrough/dma_passthrough.xsa",
	"platIntHandOff":	"<platformDir>/hw/dma_passthrough.xsa",
	"deviceType":	"zynqMP",
	"platIsPrebuiltAutogen":	"false",
	"platIsNoBootBsp":	"false",
	"hasFsblMakeHasChanges":	"false",
	"hasPmufwMakeHasChanges":	"false",
	"platPreBuiltFlag":	false,
	"platformSamplesDir":	"",
	"platActiveSys":	"ppe_dma_platform_v2",
	"systems":	[{
			"systemName":	"ppe_dma_platform_v2",
			"systemDesc":	"ppe_dma_platform_v2",
			"sysIsBootAutoGen":	"true",
			"systemDispName":	"ppe_dma_platform_v2"
		}]
}
TRACE::2026-07-31.15:23:36::SCWPlatform::Boot application domains not present, creating them
TRACE::2026-07-31.15:23:36::SCWDomain::checking for install qemu data   : 
TRACE::2026-07-31.15:23:36::SCWDomain:: Using the QEMU Data from install at  : /tools/Xilinx/Vitis/2022.2/data/emulation/platforms/zynqmp/sw/a53_standalone/qemu/
TRACE::2026-07-31.15:23:36::SCWDomain:: Using the QEMU args  from install at  : /tools/Xilinx/Vitis/2022.2/data/emulation/platforms/zynqmp/sw/a53_standalone/qemu/qemu_args.txt
TRACE::2026-07-31.15:23:36::SCWDomain:: Using the PMUQEMU args from install at  : /tools/Xilinx/Vitis/2022.2/data/emulation/platforms/zynqmp/sw/a53_standalone/qemu/pmu_args.txt
TRACE::2026-07-31.15:23:36::SCWPlatform::Trying to open the hw design at /home/sogang/ppe_fpga_ho/vitis_workspace/ppe_dma_platform_v2/hw/dma_passthrough.xsa
TRACE::2026-07-31.15:23:36::SCWPlatform::DSA given /home/sogang/ppe_fpga_ho/vitis_workspace/ppe_dma_platform_v2/hw/dma_passthrough.xsa
TRACE::2026-07-31.15:23:36::SCWPlatform::DSA absoulate path /home/sogang/ppe_fpga_ho/vitis_workspace/ppe_dma_platform_v2/hw/dma_passthrough.xsa
TRACE::2026-07-31.15:23:36::SCWPlatform::DSA directory /home/sogang/ppe_fpga_ho/vitis_workspace/ppe_dma_platform_v2/hw
TRACE::2026-07-31.15:23:36::SCWPlatform:: Platform Path /home/sogang/ppe_fpga_ho/vitis_workspace/ppe_dma_platform_v2/hw/dma_passthrough.xsa
TRACE::2026-07-31.15:23:36::SCWPlatform:: Unique name xilinx:kv260_som_som240_1_connector_kv260_carrier_som240_1_connector::0.0
TRACE::2026-07-31.15:23:36::SCWPlatform::Trying to set the existing hwdb with name dma_passthrough_wrapper_0
TRACE::2026-07-31.15:23:36::SCWPlatform::Opened existing hwdb dma_passthrough_wrapper_0
TRACE::2026-07-31.15:23:36::SCWPlatform::Found the Hw Db part of the input DSA
TRACE::2026-07-31.15:23:36::SCWPlatform::Trying to open the hw design at /home/sogang/ppe_fpga_ho/vitis_workspace/ppe_dma_platform_v2/hw/dma_passthrough.xsa
TRACE::2026-07-31.15:23:36::SCWPlatform::DSA given /home/sogang/ppe_fpga_ho/vitis_workspace/ppe_dma_platform_v2/hw/dma_passthrough.xsa
TRACE::2026-07-31.15:23:36::SCWPlatform::DSA absoulate path /home/sogang/ppe_fpga_ho/vitis_workspace/ppe_dma_platform_v2/hw/dma_passthrough.xsa
TRACE::2026-07-31.15:23:36::SCWPlatform::DSA directory /home/sogang/ppe_fpga_ho/vitis_workspace/ppe_dma_platform_v2/hw
TRACE::2026-07-31.15:23:36::SCWPlatform:: Platform Path /home/sogang/ppe_fpga_ho/vitis_workspace/ppe_dma_platform_v2/hw/dma_passthrough.xsa
TRACE::2026-07-31.15:23:36::SCWPlatform:: Unique name xilinx:kv260_som_som240_1_connector_kv260_carrier_som240_1_connector::0.0
TRACE::2026-07-31.15:23:36::SCWPlatform::Trying to set the existing hwdb with name dma_passthrough_wrapper_0
TRACE::2026-07-31.15:23:36::SCWPlatform::Opened existing hwdb dma_passthrough_wrapper_0
TRACE::2026-07-31.15:23:36::SCWPlatform::Found the Hw Db part of the input DSA
TRACE::2026-07-31.15:23:36::SCWPlatform::Trying to open the hw design at /home/sogang/ppe_fpga_ho/vitis_workspace/ppe_dma_platform_v2/hw/dma_passthrough.xsa
TRACE::2026-07-31.15:23:36::SCWPlatform::DSA given /home/sogang/ppe_fpga_ho/vitis_workspace/ppe_dma_platform_v2/hw/dma_passthrough.xsa
TRACE::2026-07-31.15:23:36::SCWPlatform::DSA absoulate path /home/sogang/ppe_fpga_ho/vitis_workspace/ppe_dma_platform_v2/hw/dma_passthrough.xsa
TRACE::2026-07-31.15:23:36::SCWPlatform::DSA directory /home/sogang/ppe_fpga_ho/vitis_workspace/ppe_dma_platform_v2/hw
TRACE::2026-07-31.15:23:36::SCWPlatform:: Platform Path /home/sogang/ppe_fpga_ho/vitis_workspace/ppe_dma_platform_v2/hw/dma_passthrough.xsa
TRACE::2026-07-31.15:23:36::SCWPlatform:: Unique name xilinx:kv260_som_som240_1_connector_kv260_carrier_som240_1_connector::0.0
TRACE::2026-07-31.15:23:36::SCWPlatform::Trying to set the existing hwdb with name dma_passthrough_wrapper_0
TRACE::2026-07-31.15:23:36::SCWPlatform::Opened existing hwdb dma_passthrough_wrapper_0
TRACE::2026-07-31.15:23:36::SCWPlatform::Found the Hw Db part of the input DSA
TRACE::2026-07-31.15:23:36::SCWPlatform::Boot application domain added for zynqmp_fsbl
TRACE::2026-07-31.15:23:36::SCWPlatform::Generating the sources  .
TRACE::2026-07-31.15:23:36::SCWBDomain::Generating boot domain sources.
TRACE::2026-07-31.15:23:36::SCWBDomain:: Generating the zynqmp_fsbl Application.
TRACE::2026-07-31.15:23:36::SCWPlatform::Trying to open the hw design at /home/sogang/ppe_fpga_ho/vitis_workspace/ppe_dma_platform_v2/hw/dma_passthrough.xsa
TRACE::2026-07-31.15:23:36::SCWPlatform::DSA given /home/sogang/ppe_fpga_ho/vitis_workspace/ppe_dma_platform_v2/hw/dma_passthrough.xsa
TRACE::2026-07-31.15:23:36::SCWPlatform::DSA absoulate path /home/sogang/ppe_fpga_ho/vitis_workspace/ppe_dma_platform_v2/hw/dma_passthrough.xsa
TRACE::2026-07-31.15:23:36::SCWPlatform::DSA directory /home/sogang/ppe_fpga_ho/vitis_workspace/ppe_dma_platform_v2/hw
TRACE::2026-07-31.15:23:36::SCWPlatform:: Platform Path /home/sogang/ppe_fpga_ho/vitis_workspace/ppe_dma_platform_v2/hw/dma_passthrough.xsa
TRACE::2026-07-31.15:23:36::SCWPlatform:: Unique name xilinx:kv260_som_som240_1_connector_kv260_carrier_som240_1_connector::0.0
TRACE::2026-07-31.15:23:36::SCWPlatform::Trying to set the existing hwdb with name dma_passthrough_wrapper_0
TRACE::2026-07-31.15:23:36::SCWPlatform::Opened existing hwdb dma_passthrough_wrapper_0
TRACE::2026-07-31.15:23:36::SCWPlatform::Found the Hw Db part of the input DSA
TRACE::2026-07-31.15:23:36::SCWMssOS::Checking the sw design at  /home/sogang/ppe_fpga_ho/vitis_workspace/ppe_dma_platform_v2/zynqmp_fsbl/zynqmp_fsbl_bsp/system.mss
TRACE::2026-07-31.15:23:36::SCWMssOS::DEBUG:  swdes dump  
TRACE::2026-07-31.15:23:36::SCWMssOS::No sw design opened at  /home/sogang/ppe_fpga_ho/vitis_workspace/ppe_dma_platform_v2/zynqmp_fsbl/zynqmp_fsbl_bsp/system.mss
TRACE::2026-07-31.15:23:36::SCWMssOS::mss does not exists at /home/sogang/ppe_fpga_ho/vitis_workspace/ppe_dma_platform_v2/zynqmp_fsbl/zynqmp_fsbl_bsp/system.mss
TRACE::2026-07-31.15:23:36::SCWMssOS::Creating sw design at  /home/sogang/ppe_fpga_ho/vitis_workspace/ppe_dma_platform_v2/zynqmp_fsbl/zynqmp_fsbl_bsp/system.mss
TRACE::2026-07-31.15:23:36::SCWMssOS::Adding the swdes entry, created swdb /home/sogang/ppe_fpga_ho/vitis_workspace/ppe_dma_platform_v2/zynqmp_fsbl/zynqmp_fsbl_bsp/system.mss with des name /home/sogang/ppe_fpga_ho/vitis_workspace/ppe_dma_platform_v2/zynqmp_fsbl/zynqmp_fsbl_bsp/system.mss
TRACE::2026-07-31.15:23:36::SCWMssOS::updating the scw layer changes to swdes at   /home/sogang/ppe_fpga_ho/vitis_workspace/ppe_dma_platform_v2/zynqmp_fsbl/zynqmp_fsbl_bsp/system.mss
TRACE::2026-07-31.15:23:36::SCWMssOS::Writing mss at /home/sogang/ppe_fpga_ho/vitis_workspace/ppe_dma_platform_v2/zynqmp_fsbl/zynqmp_fsbl_bsp/system.mss
TRACE::2026-07-31.15:23:36::SCWMssOS::Completed writing the mss file at /home/sogang/ppe_fpga_ho/vitis_workspace/ppe_dma_platform_v2/zynqmp_fsbl/zynqmp_fsbl_bsp
TRACE::2026-07-31.15:23:36::SCWMssOS::Picking up changes from newly written mss file into SCW Layer. 
TRACE::2026-07-31.15:23:36::SCWMssOS::Updated the changes from newly written mss file into SCW Layer. 
TRACE::2026-07-31.15:23:36::SCWBDomain::Completed writing the mss file at /home/sogang/ppe_fpga_ho/vitis_workspace/ppe_dma_platform_v2/zynqmp_fsbl/zynqmp_fsbl_bsp
TRACE::2026-07-31.15:23:40::SCWPlatform::Generating sources Done.
TRACE::2026-07-31.15:23:40::SCWDomain::checking for install qemu data   : 
TRACE::2026-07-31.15:23:40::SCWDomain:: Using the QEMU Data from install at  : /tools/Xilinx/Vitis/2022.2/data/emulation/platforms/zynqmp/sw/a53_standalone/qemu/
TRACE::2026-07-31.15:23:40::SCWDomain:: Using the QEMU args  from install at  : /tools/Xilinx/Vitis/2022.2/data/emulation/platforms/zynqmp/sw/a53_standalone/qemu/qemu_args.txt
TRACE::2026-07-31.15:23:40::SCWDomain:: Using the PMUQEMU args from install at  : /tools/Xilinx/Vitis/2022.2/data/emulation/platforms/zynqmp/sw/a53_standalone/qemu/pmu_args.txt
TRACE::2026-07-31.15:23:40::SCWPlatform::Trying to open the hw design at /home/sogang/ppe_fpga_ho/vitis_workspace/ppe_dma_platform_v2/hw/dma_passthrough.xsa
TRACE::2026-07-31.15:23:40::SCWPlatform::DSA given /home/sogang/ppe_fpga_ho/vitis_workspace/ppe_dma_platform_v2/hw/dma_passthrough.xsa
TRACE::2026-07-31.15:23:40::SCWPlatform::DSA absoulate path /home/sogang/ppe_fpga_ho/vitis_workspace/ppe_dma_platform_v2/hw/dma_passthrough.xsa
TRACE::2026-07-31.15:23:40::SCWPlatform::DSA directory /home/sogang/ppe_fpga_ho/vitis_workspace/ppe_dma_platform_v2/hw
TRACE::2026-07-31.15:23:40::SCWPlatform:: Platform Path /home/sogang/ppe_fpga_ho/vitis_workspace/ppe_dma_platform_v2/hw/dma_passthrough.xsa
TRACE::2026-07-31.15:23:40::SCWPlatform:: Unique name xilinx:kv260_som_som240_1_connector_kv260_carrier_som240_1_connector::0.0
TRACE::2026-07-31.15:23:40::SCWPlatform::Trying to set the existing hwdb with name dma_passthrough_wrapper_0
TRACE::2026-07-31.15:23:40::SCWPlatform::Opened existing hwdb dma_passthrough_wrapper_0
TRACE::2026-07-31.15:23:40::SCWPlatform::Found the Hw Db part of the input DSA
TRACE::2026-07-31.15:23:40::SCWPlatform::Boot application domain added for zynqmp_pmufw
TRACE::2026-07-31.15:23:40::SCWPlatform::Generating the sources  .
TRACE::2026-07-31.15:23:40::SCWBDomain::Generating boot domain sources.
TRACE::2026-07-31.15:23:40::SCWBDomain:: Generating the zynqmp_pmufw Application.
TRACE::2026-07-31.15:23:40::SCWPlatform::Trying to open the hw design at /home/sogang/ppe_fpga_ho/vitis_workspace/ppe_dma_platform_v2/hw/dma_passthrough.xsa
TRACE::2026-07-31.15:23:40::SCWPlatform::DSA given /home/sogang/ppe_fpga_ho/vitis_workspace/ppe_dma_platform_v2/hw/dma_passthrough.xsa
TRACE::2026-07-31.15:23:40::SCWPlatform::DSA absoulate path /home/sogang/ppe_fpga_ho/vitis_workspace/ppe_dma_platform_v2/hw/dma_passthrough.xsa
TRACE::2026-07-31.15:23:40::SCWPlatform::DSA directory /home/sogang/ppe_fpga_ho/vitis_workspace/ppe_dma_platform_v2/hw
TRACE::2026-07-31.15:23:40::SCWPlatform:: Platform Path /home/sogang/ppe_fpga_ho/vitis_workspace/ppe_dma_platform_v2/hw/dma_passthrough.xsa
TRACE::2026-07-31.15:23:40::SCWPlatform:: Unique name xilinx:kv260_som_som240_1_connector_kv260_carrier_som240_1_connector::0.0
TRACE::2026-07-31.15:23:40::SCWPlatform::Trying to set the existing hwdb with name dma_passthrough_wrapper_0
TRACE::2026-07-31.15:23:40::SCWPlatform::Opened existing hwdb dma_passthrough_wrapper_0
TRACE::2026-07-31.15:23:40::SCWPlatform::Found the Hw Db part of the input DSA
TRACE::2026-07-31.15:23:40::SCWMssOS::Checking the sw design at  /home/sogang/ppe_fpga_ho/vitis_workspace/ppe_dma_platform_v2/zynqmp_pmufw/zynqmp_pmufw_bsp/system.mss
TRACE::2026-07-31.15:23:40::SCWMssOS::DEBUG:  swdes dump  
TRACE::2026-07-31.15:23:40::SCWMssOS::No sw design opened at  /home/sogang/ppe_fpga_ho/vitis_workspace/ppe_dma_platform_v2/zynqmp_pmufw/zynqmp_pmufw_bsp/system.mss
TRACE::2026-07-31.15:23:40::SCWMssOS::mss does not exists at /home/sogang/ppe_fpga_ho/vitis_workspace/ppe_dma_platform_v2/zynqmp_pmufw/zynqmp_pmufw_bsp/system.mss
TRACE::2026-07-31.15:23:40::SCWMssOS::Creating sw design at  /home/sogang/ppe_fpga_ho/vitis_workspace/ppe_dma_platform_v2/zynqmp_pmufw/zynqmp_pmufw_bsp/system.mss
TRACE::2026-07-31.15:23:40::SCWMssOS::Adding the swdes entry, created swdb /home/sogang/ppe_fpga_ho/vitis_workspace/ppe_dma_platform_v2/zynqmp_pmufw/zynqmp_pmufw_bsp/system.mss with des name /home/sogang/ppe_fpga_ho/vitis_workspace/ppe_dma_platform_v2/zynqmp_pmufw/zynqmp_pmufw_bsp/system.mss
TRACE::2026-07-31.15:23:40::SCWMssOS::updating the scw layer changes to swdes at   /home/sogang/ppe_fpga_ho/vitis_workspace/ppe_dma_platform_v2/zynqmp_pmufw/zynqmp_pmufw_bsp/system.mss
TRACE::2026-07-31.15:23:40::SCWMssOS::Writing mss at /home/sogang/ppe_fpga_ho/vitis_workspace/ppe_dma_platform_v2/zynqmp_pmufw/zynqmp_pmufw_bsp/system.mss
TRACE::2026-07-31.15:23:40::SCWMssOS::Completed writing the mss file at /home/sogang/ppe_fpga_ho/vitis_workspace/ppe_dma_platform_v2/zynqmp_pmufw/zynqmp_pmufw_bsp
TRACE::2026-07-31.15:23:40::SCWMssOS::Picking up changes from newly written mss file into SCW Layer. 
TRACE::2026-07-31.15:23:40::SCWMssOS::Updated the changes from newly written mss file into SCW Layer. 
TRACE::2026-07-31.15:23:40::SCWBDomain::Completed writing the mss file at /home/sogang/ppe_fpga_ho/vitis_workspace/ppe_dma_platform_v2/zynqmp_pmufw/zynqmp_pmufw_bsp
TRACE::2026-07-31.15:23:41::SCWPlatform::Generating sources Done.
TRACE::2026-07-31.15:23:41::SCWPlatform::Trying to open the hw design at /home/sogang/ppe_fpga_ho/vitis_workspace/ppe_dma_platform_v2/hw/dma_passthrough.xsa
TRACE::2026-07-31.15:23:41::SCWPlatform::DSA given /home/sogang/ppe_fpga_ho/vitis_workspace/ppe_dma_platform_v2/hw/dma_passthrough.xsa
TRACE::2026-07-31.15:23:41::SCWPlatform::DSA absoulate path /home/sogang/ppe_fpga_ho/vitis_workspace/ppe_dma_platform_v2/hw/dma_passthrough.xsa
TRACE::2026-07-31.15:23:41::SCWPlatform::DSA directory /home/sogang/ppe_fpga_ho/vitis_workspace/ppe_dma_platform_v2/hw
TRACE::2026-07-31.15:23:41::SCWPlatform:: Platform Path /home/sogang/ppe_fpga_ho/vitis_workspace/ppe_dma_platform_v2/hw/dma_passthrough.xsa
TRACE::2026-07-31.15:23:41::SCWPlatform:: Unique name xilinx:kv260_som_som240_1_connector_kv260_carrier_som240_1_connector::0.0
TRACE::2026-07-31.15:23:41::SCWPlatform::Trying to set the existing hwdb with name dma_passthrough_wrapper_0
TRACE::2026-07-31.15:23:41::SCWPlatform::Opened existing hwdb dma_passthrough_wrapper_0
TRACE::2026-07-31.15:23:41::SCWPlatform::Found the Hw Db part of the input DSA
TRACE::2026-07-31.15:23:41::SCWMssOS::Checking the sw design at  /home/sogang/ppe_fpga_ho/vitis_workspace/ppe_dma_platform_v2/zynqmp_fsbl/zynqmp_fsbl_bsp/system.mss
TRACE::2026-07-31.15:23:41::SCWMssOS::DEBUG:  swdes dump  
TRACE::2026-07-31.15:23:41::SCWMssOS::No sw design opened at  /home/sogang/ppe_fpga_ho/vitis_workspace/ppe_dma_platform_v2/zynqmp_fsbl/zynqmp_fsbl_bsp/system.mss
TRACE::2026-07-31.15:23:41::SCWMssOS::mss exists loading the mss file  /home/sogang/ppe_fpga_ho/vitis_workspace/ppe_dma_platform_v2/zynqmp_fsbl/zynqmp_fsbl_bsp/system.mss
TRACE::2026-07-31.15:23:41::SCWMssOS::Opened the sw design from mss  /home/sogang/ppe_fpga_ho/vitis_workspace/ppe_dma_platform_v2/zynqmp_fsbl/zynqmp_fsbl_bsp/system.mss
TRACE::2026-07-31.15:23:41::SCWMssOS::Adding the swdes entry /home/sogang/ppe_fpga_ho/vitis_workspace/ppe_dma_platform_v2/zynqmp_fsbl/zynqmp_fsbl_bsp/system.mss with des name system
TRACE::2026-07-31.15:23:41::SCWMssOS::updating the scw layer about changes
TRACE::2026-07-31.15:23:42::SCWMssOS::Opened the sw design.  /home/sogang/ppe_fpga_ho/vitis_workspace/ppe_dma_platform_v2/zynqmp_fsbl/zynqmp_fsbl_bsp/system.mss
TRACE::2026-07-31.15:23:42::SCWPlatform::Trying to open the hw design at /home/sogang/ppe_fpga_ho/vitis_workspace/ppe_dma_platform_v2/hw/dma_passthrough.xsa
TRACE::2026-07-31.15:23:42::SCWPlatform::DSA given /home/sogang/ppe_fpga_ho/vitis_workspace/ppe_dma_platform_v2/hw/dma_passthrough.xsa
TRACE::2026-07-31.15:23:42::SCWPlatform::DSA absoulate path /home/sogang/ppe_fpga_ho/vitis_workspace/ppe_dma_platform_v2/hw/dma_passthrough.xsa
TRACE::2026-07-31.15:23:42::SCWPlatform::DSA directory /home/sogang/ppe_fpga_ho/vitis_workspace/ppe_dma_platform_v2/hw
TRACE::2026-07-31.15:23:42::SCWPlatform:: Platform Path /home/sogang/ppe_fpga_ho/vitis_workspace/ppe_dma_platform_v2/hw/dma_passthrough.xsa
TRACE::2026-07-31.15:23:42::SCWPlatform:: Unique name xilinx:kv260_som_som240_1_connector_kv260_carrier_som240_1_connector::0.0
TRACE::2026-07-31.15:23:42::SCWPlatform::Trying to set the existing hwdb with name dma_passthrough_wrapper_0
TRACE::2026-07-31.15:23:42::SCWPlatform::Opened existing hwdb dma_passthrough_wrapper_0
TRACE::2026-07-31.15:23:42::SCWPlatform::Found the Hw Db part of the input DSA
TRACE::2026-07-31.15:23:42::SCWMssOS::Checking the sw design at  /home/sogang/ppe_fpga_ho/vitis_workspace/ppe_dma_platform_v2/zynqmp_pmufw/zynqmp_pmufw_bsp/system.mss
TRACE::2026-07-31.15:23:42::SCWMssOS::DEBUG:  swdes dump  /home/sogang/ppe_fpga_ho/vitis_workspace/ppe_dma_platform_v2/zynqmp_fsbl/zynqmp_fsbl_bsp/system.mss|system||

TRACE::2026-07-31.15:23:42::SCWMssOS::No sw design opened at  /home/sogang/ppe_fpga_ho/vitis_workspace/ppe_dma_platform_v2/zynqmp_pmufw/zynqmp_pmufw_bsp/system.mss
TRACE::2026-07-31.15:23:42::SCWMssOS::mss exists loading the mss file  /home/sogang/ppe_fpga_ho/vitis_workspace/ppe_dma_platform_v2/zynqmp_pmufw/zynqmp_pmufw_bsp/system.mss
TRACE::2026-07-31.15:23:42::SCWMssOS::Opened the sw design from mss  /home/sogang/ppe_fpga_ho/vitis_workspace/ppe_dma_platform_v2/zynqmp_pmufw/zynqmp_pmufw_bsp/system.mss
TRACE::2026-07-31.15:23:42::SCWMssOS::Adding the swdes entry /home/sogang/ppe_fpga_ho/vitis_workspace/ppe_dma_platform_v2/zynqmp_pmufw/zynqmp_pmufw_bsp/system.mss with des name system_0
TRACE::2026-07-31.15:23:42::SCWMssOS::updating the scw layer about changes
TRACE::2026-07-31.15:23:42::SCWMssOS::Opened the sw design.  /home/sogang/ppe_fpga_ho/vitis_workspace/ppe_dma_platform_v2/zynqmp_pmufw/zynqmp_pmufw_bsp/system.mss
TRACE::2026-07-31.15:23:42::SCWMssOS::Saving the mss changes /home/sogang/ppe_fpga_ho/vitis_workspace/ppe_dma_platform_v2/zynqmp_fsbl/zynqmp_fsbl_bsp/system.mss
TRACE::2026-07-31.15:23:42::SCWMssOS::Found a swdesign opened with the mssfile.
TRACE::2026-07-31.15:23:42::SCWMssOS::Completed writemss as part of save.
TRACE::2026-07-31.15:23:42::SCWMssOS::Commit changes completed.
TRACE::2026-07-31.15:23:42::SCWMssOS::Saving the mss changes /home/sogang/ppe_fpga_ho/vitis_workspace/ppe_dma_platform_v2/zynqmp_pmufw/zynqmp_pmufw_bsp/system.mss
TRACE::2026-07-31.15:23:42::SCWMssOS::Found a swdesign opened with the mssfile.
TRACE::2026-07-31.15:23:42::SCWMssOS::Completed writemss as part of save.
TRACE::2026-07-31.15:23:42::SCWMssOS::Commit changes completed.
TRACE::2026-07-31.15:23:42::SCWPlatform::Trying to open the hw design at /home/sogang/ppe_fpga_ho/vitis_workspace/ppe_dma_platform_v2/hw/dma_passthrough.xsa
TRACE::2026-07-31.15:23:42::SCWPlatform::DSA given /home/sogang/ppe_fpga_ho/vitis_workspace/ppe_dma_platform_v2/hw/dma_passthrough.xsa
TRACE::2026-07-31.15:23:42::SCWPlatform::DSA absoulate path /home/sogang/ppe_fpga_ho/vitis_workspace/ppe_dma_platform_v2/hw/dma_passthrough.xsa
TRACE::2026-07-31.15:23:42::SCWPlatform::DSA directory /home/sogang/ppe_fpga_ho/vitis_workspace/ppe_dma_platform_v2/hw
TRACE::2026-07-31.15:23:42::SCWPlatform:: Platform Path /home/sogang/ppe_fpga_ho/vitis_workspace/ppe_dma_platform_v2/hw/dma_passthrough.xsa
TRACE::2026-07-31.15:23:42::SCWPlatform:: Unique name xilinx:kv260_som_som240_1_connector_kv260_carrier_som240_1_connector::0.0
TRACE::2026-07-31.15:23:42::SCWPlatform::Trying to set the existing hwdb with name dma_passthrough_wrapper_0
TRACE::2026-07-31.15:23:42::SCWPlatform::Opened existing hwdb dma_passthrough_wrapper_0
TRACE::2026-07-31.15:23:42::SCWPlatform::Found the Hw Db part of the input DSA
TRACE::2026-07-31.15:23:42::SCWMssOS::Checking the sw design at  /home/sogang/ppe_fpga_ho/vitis_workspace/ppe_dma_platform_v2/zynqmp_fsbl/zynqmp_fsbl_bsp/system.mss
TRACE::2026-07-31.15:23:42::SCWMssOS::DEBUG:  swdes dump  /home/sogang/ppe_fpga_ho/vitis_workspace/ppe_dma_platform_v2/zynqmp_fsbl/zynqmp_fsbl_bsp/system.mss|system||
/home/sogang/ppe_fpga_ho/vitis_workspace/ppe_dma_platform_v2/zynqmp_pmufw/zynqmp_pmufw_bsp/system.mss|system_0||

TRACE::2026-07-31.15:23:42::SCWMssOS::Sw design exists and opened at  /home/sogang/ppe_fpga_ho/vitis_workspace/ppe_dma_platform_v2/zynqmp_fsbl/zynqmp_fsbl_bsp/system.mss
TRACE::2026-07-31.15:23:42::SCWPlatform::Trying to open the hw design at /home/sogang/ppe_fpga_ho/vitis_workspace/ppe_dma_platform_v2/hw/dma_passthrough.xsa
TRACE::2026-07-31.15:23:42::SCWPlatform::DSA given /home/sogang/ppe_fpga_ho/vitis_workspace/ppe_dma_platform_v2/hw/dma_passthrough.xsa
TRACE::2026-07-31.15:23:42::SCWPlatform::DSA absoulate path /home/sogang/ppe_fpga_ho/vitis_workspace/ppe_dma_platform_v2/hw/dma_passthrough.xsa
TRACE::2026-07-31.15:23:42::SCWPlatform::DSA directory /home/sogang/ppe_fpga_ho/vitis_workspace/ppe_dma_platform_v2/hw
TRACE::2026-07-31.15:23:42::SCWPlatform:: Platform Path /home/sogang/ppe_fpga_ho/vitis_workspace/ppe_dma_platform_v2/hw/dma_passthrough.xsa
TRACE::2026-07-31.15:23:42::SCWPlatform:: Unique name xilinx:kv260_som_som240_1_connector_kv260_carrier_som240_1_connector::0.0
TRACE::2026-07-31.15:23:42::SCWPlatform::Trying to set the existing hwdb with name dma_passthrough_wrapper_0
TRACE::2026-07-31.15:23:42::SCWPlatform::Opened existing hwdb dma_passthrough_wrapper_0
TRACE::2026-07-31.15:23:42::SCWPlatform::Found the Hw Db part of the input DSA
TRACE::2026-07-31.15:23:42::SCWMssOS::Checking the sw design at  /home/sogang/ppe_fpga_ho/vitis_workspace/ppe_dma_platform_v2/zynqmp_fsbl/zynqmp_fsbl_bsp/system.mss
TRACE::2026-07-31.15:23:42::SCWMssOS::DEBUG:  swdes dump  /home/sogang/ppe_fpga_ho/vitis_workspace/ppe_dma_platform_v2/zynqmp_fsbl/zynqmp_fsbl_bsp/system.mss|system||
/home/sogang/ppe_fpga_ho/vitis_workspace/ppe_dma_platform_v2/zynqmp_pmufw/zynqmp_pmufw_bsp/system.mss|system_0||

TRACE::2026-07-31.15:23:42::SCWMssOS::Sw design exists and opened at  /home/sogang/ppe_fpga_ho/vitis_workspace/ppe_dma_platform_v2/zynqmp_fsbl/zynqmp_fsbl_bsp/system.mss
TRACE::2026-07-31.15:23:42::SCWPlatform::Trying to open the hw design at /home/sogang/ppe_fpga_ho/vitis_workspace/ppe_dma_platform_v2/hw/dma_passthrough.xsa
TRACE::2026-07-31.15:23:42::SCWPlatform::DSA given /home/sogang/ppe_fpga_ho/vitis_workspace/ppe_dma_platform_v2/hw/dma_passthrough.xsa
TRACE::2026-07-31.15:23:42::SCWPlatform::DSA absoulate path /home/sogang/ppe_fpga_ho/vitis_workspace/ppe_dma_platform_v2/hw/dma_passthrough.xsa
TRACE::2026-07-31.15:23:42::SCWPlatform::DSA directory /home/sogang/ppe_fpga_ho/vitis_workspace/ppe_dma_platform_v2/hw
TRACE::2026-07-31.15:23:42::SCWPlatform:: Platform Path /home/sogang/ppe_fpga_ho/vitis_workspace/ppe_dma_platform_v2/hw/dma_passthrough.xsa
TRACE::2026-07-31.15:23:42::SCWPlatform:: Unique name xilinx:kv260_som_som240_1_connector_kv260_carrier_som240_1_connector::0.0
TRACE::2026-07-31.15:23:42::SCWPlatform::Trying to set the existing hwdb with name dma_passthrough_wrapper_0
TRACE::2026-07-31.15:23:42::SCWPlatform::Opened existing hwdb dma_passthrough_wrapper_0
TRACE::2026-07-31.15:23:42::SCWPlatform::Found the Hw Db part of the input DSA
TRACE::2026-07-31.15:23:42::SCWMssOS::Checking the sw design at  /home/sogang/ppe_fpga_ho/vitis_workspace/ppe_dma_platform_v2/zynqmp_fsbl/zynqmp_fsbl_bsp/system.mss
TRACE::2026-07-31.15:23:42::SCWMssOS::DEBUG:  swdes dump  /home/sogang/ppe_fpga_ho/vitis_workspace/ppe_dma_platform_v2/zynqmp_fsbl/zynqmp_fsbl_bsp/system.mss|system||
/home/sogang/ppe_fpga_ho/vitis_workspace/ppe_dma_platform_v2/zynqmp_pmufw/zynqmp_pmufw_bsp/system.mss|system_0||

TRACE::2026-07-31.15:23:42::SCWMssOS::Sw design exists and opened at  /home/sogang/ppe_fpga_ho/vitis_workspace/ppe_dma_platform_v2/zynqmp_fsbl/zynqmp_fsbl_bsp/system.mss
TRACE::2026-07-31.15:23:42::SCWPlatform::Trying to open the hw design at /home/sogang/ppe_fpga_ho/vitis_workspace/ppe_dma_platform_v2/hw/dma_passthrough.xsa
TRACE::2026-07-31.15:23:42::SCWPlatform::DSA given /home/sogang/ppe_fpga_ho/vitis_workspace/ppe_dma_platform_v2/hw/dma_passthrough.xsa
TRACE::2026-07-31.15:23:42::SCWPlatform::DSA absoulate path /home/sogang/ppe_fpga_ho/vitis_workspace/ppe_dma_platform_v2/hw/dma_passthrough.xsa
TRACE::2026-07-31.15:23:42::SCWPlatform::DSA directory /home/sogang/ppe_fpga_ho/vitis_workspace/ppe_dma_platform_v2/hw
TRACE::2026-07-31.15:23:42::SCWPlatform:: Platform Path /home/sogang/ppe_fpga_ho/vitis_workspace/ppe_dma_platform_v2/hw/dma_passthrough.xsa
TRACE::2026-07-31.15:23:42::SCWPlatform:: Unique name xilinx:kv260_som_som240_1_connector_kv260_carrier_som240_1_connector::0.0
TRACE::2026-07-31.15:23:42::SCWPlatform::Trying to set the existing hwdb with name dma_passthrough_wrapper_0
TRACE::2026-07-31.15:23:42::SCWPlatform::Opened existing hwdb dma_passthrough_wrapper_0
TRACE::2026-07-31.15:23:42::SCWPlatform::Found the Hw Db part of the input DSA
TRACE::2026-07-31.15:23:42::SCWMssOS::Checking the sw design at  /home/sogang/ppe_fpga_ho/vitis_workspace/ppe_dma_platform_v2/zynqmp_pmufw/zynqmp_pmufw_bsp/system.mss
TRACE::2026-07-31.15:23:42::SCWMssOS::DEBUG:  swdes dump  /home/sogang/ppe_fpga_ho/vitis_workspace/ppe_dma_platform_v2/zynqmp_fsbl/zynqmp_fsbl_bsp/system.mss|system||
/home/sogang/ppe_fpga_ho/vitis_workspace/ppe_dma_platform_v2/zynqmp_pmufw/zynqmp_pmufw_bsp/system.mss|system_0||

TRACE::2026-07-31.15:23:42::SCWMssOS::Sw design exists and opened at  /home/sogang/ppe_fpga_ho/vitis_workspace/ppe_dma_platform_v2/zynqmp_pmufw/zynqmp_pmufw_bsp/system.mss
TRACE::2026-07-31.15:23:42::SCWPlatform::Trying to open the hw design at /home/sogang/ppe_fpga_ho/vitis_workspace/ppe_dma_platform_v2/hw/dma_passthrough.xsa
TRACE::2026-07-31.15:23:42::SCWPlatform::DSA given /home/sogang/ppe_fpga_ho/vitis_workspace/ppe_dma_platform_v2/hw/dma_passthrough.xsa
TRACE::2026-07-31.15:23:42::SCWPlatform::DSA absoulate path /home/sogang/ppe_fpga_ho/vitis_workspace/ppe_dma_platform_v2/hw/dma_passthrough.xsa
TRACE::2026-07-31.15:23:42::SCWPlatform::DSA directory /home/sogang/ppe_fpga_ho/vitis_workspace/ppe_dma_platform_v2/hw
TRACE::2026-07-31.15:23:42::SCWPlatform:: Platform Path /home/sogang/ppe_fpga_ho/vitis_workspace/ppe_dma_platform_v2/hw/dma_passthrough.xsa
TRACE::2026-07-31.15:23:42::SCWPlatform:: Unique name xilinx:kv260_som_som240_1_connector_kv260_carrier_som240_1_connector::0.0
TRACE::2026-07-31.15:23:42::SCWPlatform::Trying to set the existing hwdb with name dma_passthrough_wrapper_0
TRACE::2026-07-31.15:23:42::SCWPlatform::Opened existing hwdb dma_passthrough_wrapper_0
TRACE::2026-07-31.15:23:42::SCWPlatform::Found the Hw Db part of the input DSA
TRACE::2026-07-31.15:23:42::SCWMssOS::Checking the sw design at  /home/sogang/ppe_fpga_ho/vitis_workspace/ppe_dma_platform_v2/zynqmp_pmufw/zynqmp_pmufw_bsp/system.mss
TRACE::2026-07-31.15:23:42::SCWMssOS::DEBUG:  swdes dump  /home/sogang/ppe_fpga_ho/vitis_workspace/ppe_dma_platform_v2/zynqmp_fsbl/zynqmp_fsbl_bsp/system.mss|system||
/home/sogang/ppe_fpga_ho/vitis_workspace/ppe_dma_platform_v2/zynqmp_pmufw/zynqmp_pmufw_bsp/system.mss|system_0||

TRACE::2026-07-31.15:23:42::SCWMssOS::Sw design exists and opened at  /home/sogang/ppe_fpga_ho/vitis_workspace/ppe_dma_platform_v2/zynqmp_pmufw/zynqmp_pmufw_bsp/system.mss
TRACE::2026-07-31.15:23:42::SCWPlatform::Trying to open the hw design at /home/sogang/ppe_fpga_ho/vitis_workspace/ppe_dma_platform_v2/hw/dma_passthrough.xsa
TRACE::2026-07-31.15:23:42::SCWPlatform::DSA given /home/sogang/ppe_fpga_ho/vitis_workspace/ppe_dma_platform_v2/hw/dma_passthrough.xsa
TRACE::2026-07-31.15:23:42::SCWPlatform::DSA absoulate path /home/sogang/ppe_fpga_ho/vitis_workspace/ppe_dma_platform_v2/hw/dma_passthrough.xsa
TRACE::2026-07-31.15:23:42::SCWPlatform::DSA directory /home/sogang/ppe_fpga_ho/vitis_workspace/ppe_dma_platform_v2/hw
TRACE::2026-07-31.15:23:42::SCWPlatform:: Platform Path /home/sogang/ppe_fpga_ho/vitis_workspace/ppe_dma_platform_v2/hw/dma_passthrough.xsa
TRACE::2026-07-31.15:23:42::SCWPlatform:: Unique name xilinx:kv260_som_som240_1_connector_kv260_carrier_som240_1_connector::0.0
TRACE::2026-07-31.15:23:42::SCWPlatform::Trying to set the existing hwdb with name dma_passthrough_wrapper_0
TRACE::2026-07-31.15:23:42::SCWPlatform::Opened existing hwdb dma_passthrough_wrapper_0
TRACE::2026-07-31.15:23:42::SCWPlatform::Found the Hw Db part of the input DSA
TRACE::2026-07-31.15:23:42::SCWMssOS::Checking the sw design at  /home/sogang/ppe_fpga_ho/vitis_workspace/ppe_dma_platform_v2/zynqmp_pmufw/zynqmp_pmufw_bsp/system.mss
TRACE::2026-07-31.15:23:42::SCWMssOS::DEBUG:  swdes dump  /home/sogang/ppe_fpga_ho/vitis_workspace/ppe_dma_platform_v2/zynqmp_fsbl/zynqmp_fsbl_bsp/system.mss|system||
/home/sogang/ppe_fpga_ho/vitis_workspace/ppe_dma_platform_v2/zynqmp_pmufw/zynqmp_pmufw_bsp/system.mss|system_0||

TRACE::2026-07-31.15:23:42::SCWMssOS::Sw design exists and opened at  /home/sogang/ppe_fpga_ho/vitis_workspace/ppe_dma_platform_v2/zynqmp_pmufw/zynqmp_pmufw_bsp/system.mss
TRACE::2026-07-31.15:23:42::SCWWriter::formatted JSON is {
	"platformName":	"ppe_dma_platform_v2",
	"sprVersion":	"2.0",
	"mode":	"gui",
	"dsaType":	"Fixed",
	"platformDesc":	"ppe_dma_platform_v2",
	"platHandOff":	"/home/sogang/ppe_fpga_ho/ppe_dma_passthrough/dma_passthrough.xsa",
	"platIntHandOff":	"<platformDir>/hw/dma_passthrough.xsa",
	"deviceType":	"zynqMP",
	"platIsPrebuiltAutogen":	"false",
	"platIsNoBootBsp":	"false",
	"platFsblTarget":	"psu_cortexa53_0",
	"hasFsblMakeHasChanges":	"false",
	"hasPmufwMakeHasChanges":	"false",
	"fsblExtraCompilerFlags":	"-MMD -MP      -Wall -fmessage-length=0 -DARMA53_64 -Os -flto -ffat-lto-objects  ",
	"pmufwExtraCompilerFlags":	"-MMD -MP      -mlittle-endian -mxl-barrel-shift -mxl-pattern-compare -mcpu=v9.2 -mxl-soft-mul -Os -flto -ffat-lto-objects  ",
	"platPreBuiltFlag":	false,
	"platformSamplesDir":	"",
	"platActiveSys":	"ppe_dma_platform_v2",
	"systems":	[{
			"systemName":	"ppe_dma_platform_v2",
			"systemDesc":	"ppe_dma_platform_v2",
			"sysIsBootAutoGen":	"true",
			"systemDispName":	"ppe_dma_platform_v2",
			"sysActiveDom":	"zynqmp_pmufw",
			"sysDefaultDom":	"",
			"domains":	[{
					"domainName":	"zynqmp_fsbl",
					"domainDispName":	"zynqmp_fsbl",
					"domainDesc":	"FSBL Application BSP - Auto Generated.",
					"processors":	"psu_cortexa53_0",
					"os":	"standalone",
					"sdxOs":	"standalone",
					"debugEnable":	"",
					"domRuntimes":	["cpp"],
					"swRepo":	"",
					"mssOsVer":	"8.0",
					"mssFile":	"",
					"md5Digest":	"332ff52bd845638954df10536f91cfb4",
					"compatibleApp":	"zynqmp_fsbl",
					"domType":	"bootDomain",
					"arch":	"64-bit",
					"appSettings":	{
						"appCompilerFlags":	"",
						"appLinkerFlags":	""
					},
					"addedLibs":	["xilffs:4.8", "xilsecure:5.0", "xilpm:4.1"],
					"libOptions":	{
						"standalone":	{
							"zynqmp_fsbl_bsp":	"true",
							"libOptionNames":	["zynqmp_fsbl_bsp"]
						},
						"xilffs":	{
							"read_only":	"true",
							"use_mkfs":	"false",
							"libOptionNames":	["read_only", "use_mkfs"]
						},
						"xilsecure":	{
							"tpm_support":	"true",
							"libOptionNames":	["tpm_support"]
						},
						"libsContainingOptions":	["standalone", "xilffs", "xilsecure"]
					},
					"prebuiltLibs":	{
						"prebuiltIncPath":	[],
						"prebuiltLibPath":	[]
					},
					"isolation":	{
					}
				}, {
					"domainName":	"zynqmp_pmufw",
					"domainDispName":	"zynqmp_pmufw",
					"domainDesc":	"PMUFW Application BSP - Auto Generated.",
					"processors":	"psu_pmu_0",
					"os":	"standalone",
					"sdxOs":	"standalone",
					"debugEnable":	"",
					"domRuntimes":	["cpp"],
					"swRepo":	"",
					"mssOsVer":	"8.0",
					"mssFile":	"",
					"md5Digest":	"4326c1771525a0d091d1a33e303870d4",
					"compatibleApp":	"zynqmp_pmufw",
					"domType":	"bootDomain",
					"arch":	"32-bit",
					"appSettings":	{
						"appCompilerFlags":	"",
						"appLinkerFlags":	""
					},
					"addedLibs":	["xilfpga:6.3", "xilsecure:5.0", "xilskey:7.3"],
					"libOptions":	{
						"psu_pmu_0":	{
							"extra_compiler_flags":	"-g -ffunction-sections -fdata-sections -Wall -Wextra -fno-tree-loop-distribute-patterns  -Os -flto -ffat-lto-objects",
							"libOptionNames":	["extra_compiler_flags"]
						},
						"libsContainingOptions":	["psu_pmu_0"]
					},
					"prebuiltLibs":	{
						"prebuiltIncPath":	[],
						"prebuiltLibPath":	[]
					},
					"isolation":	{
					}
				}]
		}]
}
TRACE::2026-07-31.15:23:42::SCWPlatform::Trying to open the hw design at /home/sogang/ppe_fpga_ho/vitis_workspace/ppe_dma_platform_v2/hw/dma_passthrough.xsa
TRACE::2026-07-31.15:23:42::SCWPlatform::DSA given /home/sogang/ppe_fpga_ho/vitis_workspace/ppe_dma_platform_v2/hw/dma_passthrough.xsa
TRACE::2026-07-31.15:23:42::SCWPlatform::DSA absoulate path /home/sogang/ppe_fpga_ho/vitis_workspace/ppe_dma_platform_v2/hw/dma_passthrough.xsa
TRACE::2026-07-31.15:23:42::SCWPlatform::DSA directory /home/sogang/ppe_fpga_ho/vitis_workspace/ppe_dma_platform_v2/hw
TRACE::2026-07-31.15:23:42::SCWPlatform:: Platform Path /home/sogang/ppe_fpga_ho/vitis_workspace/ppe_dma_platform_v2/hw/dma_passthrough.xsa
TRACE::2026-07-31.15:23:42::SCWPlatform:: Unique name xilinx:kv260_som_som240_1_connector_kv260_carrier_som240_1_connector::0.0
TRACE::2026-07-31.15:23:42::SCWPlatform::Trying to set the existing hwdb with name dma_passthrough_wrapper_0
TRACE::2026-07-31.15:23:42::SCWPlatform::Opened existing hwdb dma_passthrough_wrapper_0
TRACE::2026-07-31.15:23:42::SCWPlatform::Found the Hw Db part of the input DSA
TRACE::2026-07-31.15:23:42::SCWPlatform::Trying to open the hw design at /home/sogang/ppe_fpga_ho/vitis_workspace/ppe_dma_platform_v2/hw/dma_passthrough.xsa
TRACE::2026-07-31.15:23:42::SCWPlatform::DSA given /home/sogang/ppe_fpga_ho/vitis_workspace/ppe_dma_platform_v2/hw/dma_passthrough.xsa
TRACE::2026-07-31.15:23:42::SCWPlatform::DSA absoulate path /home/sogang/ppe_fpga_ho/vitis_workspace/ppe_dma_platform_v2/hw/dma_passthrough.xsa
TRACE::2026-07-31.15:23:42::SCWPlatform::DSA directory /home/sogang/ppe_fpga_ho/vitis_workspace/ppe_dma_platform_v2/hw
TRACE::2026-07-31.15:23:42::SCWPlatform:: Platform Path /home/sogang/ppe_fpga_ho/vitis_workspace/ppe_dma_platform_v2/hw/dma_passthrough.xsa
TRACE::2026-07-31.15:23:42::SCWPlatform:: Unique name xilinx:kv260_som_som240_1_connector_kv260_carrier_som240_1_connector::0.0
TRACE::2026-07-31.15:23:42::SCWPlatform::Trying to set the existing hwdb with name dma_passthrough_wrapper_0
TRACE::2026-07-31.15:23:42::SCWPlatform::Opened existing hwdb dma_passthrough_wrapper_0
TRACE::2026-07-31.15:23:42::SCWPlatform::Found the Hw Db part of the input DSA
TRACE::2026-07-31.15:23:42::SCWDomain::checking for install qemu data   : 
TRACE::2026-07-31.15:23:42::SCWDomain:: Using the QEMU Data from install at  : /tools/Xilinx/Vitis/2022.2/data/emulation/platforms/zynqmp/sw/a53_standalone/qemu/
TRACE::2026-07-31.15:23:42::SCWDomain:: Using the QEMU args  from install at  : /tools/Xilinx/Vitis/2022.2/data/emulation/platforms/zynqmp/sw/a53_standalone/qemu/qemu_args.txt
TRACE::2026-07-31.15:23:42::SCWDomain:: Using the PMUQEMU args from install at  : /tools/Xilinx/Vitis/2022.2/data/emulation/platforms/zynqmp/sw/a53_standalone/qemu/pmu_args.txt
TRACE::2026-07-31.15:23:42::SCWPlatform::Trying to open the hw design at /home/sogang/ppe_fpga_ho/vitis_workspace/ppe_dma_platform_v2/hw/dma_passthrough.xsa
TRACE::2026-07-31.15:23:42::SCWPlatform::DSA given /home/sogang/ppe_fpga_ho/vitis_workspace/ppe_dma_platform_v2/hw/dma_passthrough.xsa
TRACE::2026-07-31.15:23:42::SCWPlatform::DSA absoulate path /home/sogang/ppe_fpga_ho/vitis_workspace/ppe_dma_platform_v2/hw/dma_passthrough.xsa
TRACE::2026-07-31.15:23:42::SCWPlatform::DSA directory /home/sogang/ppe_fpga_ho/vitis_workspace/ppe_dma_platform_v2/hw
TRACE::2026-07-31.15:23:42::SCWPlatform:: Platform Path /home/sogang/ppe_fpga_ho/vitis_workspace/ppe_dma_platform_v2/hw/dma_passthrough.xsa
TRACE::2026-07-31.15:23:42::SCWPlatform:: Unique name xilinx:kv260_som_som240_1_connector_kv260_carrier_som240_1_connector::0.0
TRACE::2026-07-31.15:23:42::SCWPlatform::Trying to set the existing hwdb with name dma_passthrough_wrapper_0
TRACE::2026-07-31.15:23:42::SCWPlatform::Opened existing hwdb dma_passthrough_wrapper_0
TRACE::2026-07-31.15:23:42::SCWPlatform::Found the Hw Db part of the input DSA
TRACE::2026-07-31.15:23:42::SCWPlatform::Trying to open the hw design at /home/sogang/ppe_fpga_ho/vitis_workspace/ppe_dma_platform_v2/hw/dma_passthrough.xsa
TRACE::2026-07-31.15:23:42::SCWPlatform::DSA given /home/sogang/ppe_fpga_ho/vitis_workspace/ppe_dma_platform_v2/hw/dma_passthrough.xsa
TRACE::2026-07-31.15:23:42::SCWPlatform::DSA absoulate path /home/sogang/ppe_fpga_ho/vitis_workspace/ppe_dma_platform_v2/hw/dma_passthrough.xsa
TRACE::2026-07-31.15:23:42::SCWPlatform::DSA directory /home/sogang/ppe_fpga_ho/vitis_workspace/ppe_dma_platform_v2/hw
TRACE::2026-07-31.15:23:42::SCWPlatform:: Platform Path /home/sogang/ppe_fpga_ho/vitis_workspace/ppe_dma_platform_v2/hw/dma_passthrough.xsa
TRACE::2026-07-31.15:23:42::SCWPlatform:: Unique name xilinx:kv260_som_som240_1_connector_kv260_carrier_som240_1_connector::0.0
TRACE::2026-07-31.15:23:42::SCWPlatform::Trying to set the existing hwdb with name dma_passthrough_wrapper_0
TRACE::2026-07-31.15:23:42::SCWPlatform::Opened existing hwdb dma_passthrough_wrapper_0
TRACE::2026-07-31.15:23:42::SCWPlatform::Found the Hw Db part of the input DSA
TRACE::2026-07-31.15:23:42::SCWDomain::Qemu Directory name is changed from "" to "qemu"
TRACE::2026-07-31.15:23:42::SCWPlatform::Trying to open the hw design at /home/sogang/ppe_fpga_ho/vitis_workspace/ppe_dma_platform_v2/hw/dma_passthrough.xsa
TRACE::2026-07-31.15:23:42::SCWPlatform::DSA given /home/sogang/ppe_fpga_ho/vitis_workspace/ppe_dma_platform_v2/hw/dma_passthrough.xsa
TRACE::2026-07-31.15:23:42::SCWPlatform::DSA absoulate path /home/sogang/ppe_fpga_ho/vitis_workspace/ppe_dma_platform_v2/hw/dma_passthrough.xsa
TRACE::2026-07-31.15:23:42::SCWPlatform::DSA directory /home/sogang/ppe_fpga_ho/vitis_workspace/ppe_dma_platform_v2/hw
TRACE::2026-07-31.15:23:42::SCWPlatform:: Platform Path /home/sogang/ppe_fpga_ho/vitis_workspace/ppe_dma_platform_v2/hw/dma_passthrough.xsa
TRACE::2026-07-31.15:23:42::SCWPlatform:: Unique name xilinx:kv260_som_som240_1_connector_kv260_carrier_som240_1_connector::0.0
TRACE::2026-07-31.15:23:42::SCWPlatform::Trying to set the existing hwdb with name dma_passthrough_wrapper_0
TRACE::2026-07-31.15:23:42::SCWPlatform::Opened existing hwdb dma_passthrough_wrapper_0
TRACE::2026-07-31.15:23:42::SCWPlatform::Found the Hw Db part of the input DSA
TRACE::2026-07-31.15:23:42::SCWMssOS::Checking the sw design at  /home/sogang/ppe_fpga_ho/vitis_workspace/ppe_dma_platform_v2/psu_cortexa53_0/standalone_domain/bsp/system.mss
TRACE::2026-07-31.15:23:42::SCWMssOS::DEBUG:  swdes dump  /home/sogang/ppe_fpga_ho/vitis_workspace/ppe_dma_platform_v2/zynqmp_fsbl/zynqmp_fsbl_bsp/system.mss|system||
/home/sogang/ppe_fpga_ho/vitis_workspace/ppe_dma_platform_v2/zynqmp_pmufw/zynqmp_pmufw_bsp/system.mss|system_0||

TRACE::2026-07-31.15:23:42::SCWMssOS::No sw design opened at  /home/sogang/ppe_fpga_ho/vitis_workspace/ppe_dma_platform_v2/psu_cortexa53_0/standalone_domain/bsp/system.mss
TRACE::2026-07-31.15:23:42::SCWMssOS::mss does not exists at /home/sogang/ppe_fpga_ho/vitis_workspace/ppe_dma_platform_v2/psu_cortexa53_0/standalone_domain/bsp/system.mss
TRACE::2026-07-31.15:23:42::SCWMssOS::Creating sw design at  /home/sogang/ppe_fpga_ho/vitis_workspace/ppe_dma_platform_v2/psu_cortexa53_0/standalone_domain/bsp/system.mss
TRACE::2026-07-31.15:23:42::SCWMssOS::Adding the swdes entry, created swdb /home/sogang/ppe_fpga_ho/vitis_workspace/ppe_dma_platform_v2/psu_cortexa53_0/standalone_domain/bsp/system.mss with des name /home/sogang/ppe_fpga_ho/vitis_workspace/ppe_dma_platform_v2/psu_cortexa53_0/standalone_domain/bsp/system.mss
TRACE::2026-07-31.15:23:42::SCWMssOS::updating the scw layer changes to swdes at   /home/sogang/ppe_fpga_ho/vitis_workspace/ppe_dma_platform_v2/psu_cortexa53_0/standalone_domain/bsp/system.mss
TRACE::2026-07-31.15:23:42::SCWMssOS::Writing mss at /home/sogang/ppe_fpga_ho/vitis_workspace/ppe_dma_platform_v2/psu_cortexa53_0/standalone_domain/bsp/system.mss
TRACE::2026-07-31.15:23:42::SCWMssOS::Completed writing the mss file at /home/sogang/ppe_fpga_ho/vitis_workspace/ppe_dma_platform_v2/psu_cortexa53_0/standalone_domain/bsp
TRACE::2026-07-31.15:23:42::SCWMssOS::Picking up changes from newly written mss file into SCW Layer. 
TRACE::2026-07-31.15:23:42::SCWMssOS::Updated the changes from newly written mss file into SCW Layer. 
TRACE::2026-07-31.15:23:42::SCWMssOS::Completed writing the mss file at /home/sogang/ppe_fpga_ho/vitis_workspace/ppe_dma_platform_v2/psu_cortexa53_0/standalone_domain/bsp
TRACE::2026-07-31.15:23:42::SCWMssOS::Forcing BSP Sources regeneration.
TRACE::2026-07-31.15:23:43::SCWMssOS::Saving the mss changes /home/sogang/ppe_fpga_ho/vitis_workspace/ppe_dma_platform_v2/zynqmp_fsbl/zynqmp_fsbl_bsp/system.mss
TRACE::2026-07-31.15:23:43::SCWMssOS::Found a swdesign opened with the mssfile.
TRACE::2026-07-31.15:23:43::SCWMssOS::Completed writemss as part of save.
TRACE::2026-07-31.15:23:43::SCWMssOS::Commit changes completed.
TRACE::2026-07-31.15:23:43::SCWMssOS::Saving the mss changes /home/sogang/ppe_fpga_ho/vitis_workspace/ppe_dma_platform_v2/zynqmp_pmufw/zynqmp_pmufw_bsp/system.mss
TRACE::2026-07-31.15:23:43::SCWMssOS::Found a swdesign opened with the mssfile.
TRACE::2026-07-31.15:23:43::SCWMssOS::Completed writemss as part of save.
TRACE::2026-07-31.15:23:43::SCWMssOS::Commit changes completed.
TRACE::2026-07-31.15:23:43::SCWMssOS::Saving the mss changes /home/sogang/ppe_fpga_ho/vitis_workspace/ppe_dma_platform_v2/psu_cortexa53_0/standalone_domain/bsp/system.mss
TRACE::2026-07-31.15:23:43::SCWMssOS::Adding the swdes entry, mss present, able to open swdb /home/sogang/ppe_fpga_ho/vitis_workspace/ppe_dma_platform_v2/psu_cortexa53_0/standalone_domain/bsp/system.mss with des name system_1
TRACE::2026-07-31.15:23:43::SCWMssOS::Writing the mss file completed /home/sogang/ppe_fpga_ho/vitis_workspace/ppe_dma_platform_v2/psu_cortexa53_0/standalone_domain/bsp/system.mss
TRACE::2026-07-31.15:23:43::SCWMssOS::Commit changes completed.
TRACE::2026-07-31.15:23:43::SCWPlatform::Trying to open the hw design at /home/sogang/ppe_fpga_ho/vitis_workspace/ppe_dma_platform_v2/hw/dma_passthrough.xsa
TRACE::2026-07-31.15:23:43::SCWPlatform::DSA given /home/sogang/ppe_fpga_ho/vitis_workspace/ppe_dma_platform_v2/hw/dma_passthrough.xsa
TRACE::2026-07-31.15:23:43::SCWPlatform::DSA absoulate path /home/sogang/ppe_fpga_ho/vitis_workspace/ppe_dma_platform_v2/hw/dma_passthrough.xsa
TRACE::2026-07-31.15:23:43::SCWPlatform::DSA directory /home/sogang/ppe_fpga_ho/vitis_workspace/ppe_dma_platform_v2/hw
TRACE::2026-07-31.15:23:43::SCWPlatform:: Platform Path /home/sogang/ppe_fpga_ho/vitis_workspace/ppe_dma_platform_v2/hw/dma_passthrough.xsa
TRACE::2026-07-31.15:23:43::SCWPlatform:: Unique name xilinx:kv260_som_som240_1_connector_kv260_carrier_som240_1_connector::0.0
TRACE::2026-07-31.15:23:43::SCWPlatform::Trying to set the existing hwdb with name dma_passthrough_wrapper_0
TRACE::2026-07-31.15:23:43::SCWPlatform::Opened existing hwdb dma_passthrough_wrapper_0
TRACE::2026-07-31.15:23:43::SCWPlatform::Found the Hw Db part of the input DSA
TRACE::2026-07-31.15:23:43::SCWMssOS::Checking the sw design at  /home/sogang/ppe_fpga_ho/vitis_workspace/ppe_dma_platform_v2/zynqmp_fsbl/zynqmp_fsbl_bsp/system.mss
TRACE::2026-07-31.15:23:43::SCWMssOS::DEBUG:  swdes dump  /home/sogang/ppe_fpga_ho/vitis_workspace/ppe_dma_platform_v2/psu_cortexa53_0/standalone_domain/bsp/system.mss|system_1||
/home/sogang/ppe_fpga_ho/vitis_workspace/ppe_dma_platform_v2/zynqmp_fsbl/zynqmp_fsbl_bsp/system.mss|system||
/home/sogang/ppe_fpga_ho/vitis_workspace/ppe_dma_platform_v2/zynqmp_pmufw/zynqmp_pmufw_bsp/system.mss|system_0||

TRACE::2026-07-31.15:23:43::SCWMssOS::Sw design exists and opened at  /home/sogang/ppe_fpga_ho/vitis_workspace/ppe_dma_platform_v2/zynqmp_fsbl/zynqmp_fsbl_bsp/system.mss
TRACE::2026-07-31.15:23:43::SCWPlatform::Trying to open the hw design at /home/sogang/ppe_fpga_ho/vitis_workspace/ppe_dma_platform_v2/hw/dma_passthrough.xsa
TRACE::2026-07-31.15:23:43::SCWPlatform::DSA given /home/sogang/ppe_fpga_ho/vitis_workspace/ppe_dma_platform_v2/hw/dma_passthrough.xsa
TRACE::2026-07-31.15:23:43::SCWPlatform::DSA absoulate path /home/sogang/ppe_fpga_ho/vitis_workspace/ppe_dma_platform_v2/hw/dma_passthrough.xsa
TRACE::2026-07-31.15:23:43::SCWPlatform::DSA directory /home/sogang/ppe_fpga_ho/vitis_workspace/ppe_dma_platform_v2/hw
TRACE::2026-07-31.15:23:43::SCWPlatform:: Platform Path /home/sogang/ppe_fpga_ho/vitis_workspace/ppe_dma_platform_v2/hw/dma_passthrough.xsa
TRACE::2026-07-31.15:23:43::SCWPlatform:: Unique name xilinx:kv260_som_som240_1_connector_kv260_carrier_som240_1_connector::0.0
TRACE::2026-07-31.15:23:43::SCWPlatform::Trying to set the existing hwdb with name dma_passthrough_wrapper_0
TRACE::2026-07-31.15:23:43::SCWPlatform::Opened existing hwdb dma_passthrough_wrapper_0
TRACE::2026-07-31.15:23:43::SCWPlatform::Found the Hw Db part of the input DSA
TRACE::2026-07-31.15:23:43::SCWMssOS::Checking the sw design at  /home/sogang/ppe_fpga_ho/vitis_workspace/ppe_dma_platform_v2/zynqmp_fsbl/zynqmp_fsbl_bsp/system.mss
TRACE::2026-07-31.15:23:43::SCWMssOS::DEBUG:  swdes dump  /home/sogang/ppe_fpga_ho/vitis_workspace/ppe_dma_platform_v2/psu_cortexa53_0/standalone_domain/bsp/system.mss|system_1||
/home/sogang/ppe_fpga_ho/vitis_workspace/ppe_dma_platform_v2/zynqmp_fsbl/zynqmp_fsbl_bsp/system.mss|system||
/home/sogang/ppe_fpga_ho/vitis_workspace/ppe_dma_platform_v2/zynqmp_pmufw/zynqmp_pmufw_bsp/system.mss|system_0||

TRACE::2026-07-31.15:23:43::SCWMssOS::Sw design exists and opened at  /home/sogang/ppe_fpga_ho/vitis_workspace/ppe_dma_platform_v2/zynqmp_fsbl/zynqmp_fsbl_bsp/system.mss
TRACE::2026-07-31.15:23:43::SCWPlatform::Trying to open the hw design at /home/sogang/ppe_fpga_ho/vitis_workspace/ppe_dma_platform_v2/hw/dma_passthrough.xsa
TRACE::2026-07-31.15:23:43::SCWPlatform::DSA given /home/sogang/ppe_fpga_ho/vitis_workspace/ppe_dma_platform_v2/hw/dma_passthrough.xsa
TRACE::2026-07-31.15:23:43::SCWPlatform::DSA absoulate path /home/sogang/ppe_fpga_ho/vitis_workspace/ppe_dma_platform_v2/hw/dma_passthrough.xsa
TRACE::2026-07-31.15:23:43::SCWPlatform::DSA directory /home/sogang/ppe_fpga_ho/vitis_workspace/ppe_dma_platform_v2/hw
TRACE::2026-07-31.15:23:43::SCWPlatform:: Platform Path /home/sogang/ppe_fpga_ho/vitis_workspace/ppe_dma_platform_v2/hw/dma_passthrough.xsa
TRACE::2026-07-31.15:23:43::SCWPlatform:: Unique name xilinx:kv260_som_som240_1_connector_kv260_carrier_som240_1_connector::0.0
TRACE::2026-07-31.15:23:43::SCWPlatform::Trying to set the existing hwdb with name dma_passthrough_wrapper_0
TRACE::2026-07-31.15:23:43::SCWPlatform::Opened existing hwdb dma_passthrough_wrapper_0
TRACE::2026-07-31.15:23:43::SCWPlatform::Found the Hw Db part of the input DSA
TRACE::2026-07-31.15:23:43::SCWMssOS::Checking the sw design at  /home/sogang/ppe_fpga_ho/vitis_workspace/ppe_dma_platform_v2/zynqmp_fsbl/zynqmp_fsbl_bsp/system.mss
TRACE::2026-07-31.15:23:43::SCWMssOS::DEBUG:  swdes dump  /home/sogang/ppe_fpga_ho/vitis_workspace/ppe_dma_platform_v2/psu_cortexa53_0/standalone_domain/bsp/system.mss|system_1||
/home/sogang/ppe_fpga_ho/vitis_workspace/ppe_dma_platform_v2/zynqmp_fsbl/zynqmp_fsbl_bsp/system.mss|system||
/home/sogang/ppe_fpga_ho/vitis_workspace/ppe_dma_platform_v2/zynqmp_pmufw/zynqmp_pmufw_bsp/system.mss|system_0||

TRACE::2026-07-31.15:23:43::SCWMssOS::Sw design exists and opened at  /home/sogang/ppe_fpga_ho/vitis_workspace/ppe_dma_platform_v2/zynqmp_fsbl/zynqmp_fsbl_bsp/system.mss
TRACE::2026-07-31.15:23:43::SCWPlatform::Trying to open the hw design at /home/sogang/ppe_fpga_ho/vitis_workspace/ppe_dma_platform_v2/hw/dma_passthrough.xsa
TRACE::2026-07-31.15:23:43::SCWPlatform::DSA given /home/sogang/ppe_fpga_ho/vitis_workspace/ppe_dma_platform_v2/hw/dma_passthrough.xsa
TRACE::2026-07-31.15:23:43::SCWPlatform::DSA absoulate path /home/sogang/ppe_fpga_ho/vitis_workspace/ppe_dma_platform_v2/hw/dma_passthrough.xsa
TRACE::2026-07-31.15:23:43::SCWPlatform::DSA directory /home/sogang/ppe_fpga_ho/vitis_workspace/ppe_dma_platform_v2/hw
TRACE::2026-07-31.15:23:43::SCWPlatform:: Platform Path /home/sogang/ppe_fpga_ho/vitis_workspace/ppe_dma_platform_v2/hw/dma_passthrough.xsa
TRACE::2026-07-31.15:23:43::SCWPlatform:: Unique name xilinx:kv260_som_som240_1_connector_kv260_carrier_som240_1_connector::0.0
TRACE::2026-07-31.15:23:43::SCWPlatform::Trying to set the existing hwdb with name dma_passthrough_wrapper_0
TRACE::2026-07-31.15:23:43::SCWPlatform::Opened existing hwdb dma_passthrough_wrapper_0
TRACE::2026-07-31.15:23:43::SCWPlatform::Found the Hw Db part of the input DSA
TRACE::2026-07-31.15:23:43::SCWMssOS::Checking the sw design at  /home/sogang/ppe_fpga_ho/vitis_workspace/ppe_dma_platform_v2/zynqmp_pmufw/zynqmp_pmufw_bsp/system.mss
TRACE::2026-07-31.15:23:43::SCWMssOS::DEBUG:  swdes dump  /home/sogang/ppe_fpga_ho/vitis_workspace/ppe_dma_platform_v2/psu_cortexa53_0/standalone_domain/bsp/system.mss|system_1||
/home/sogang/ppe_fpga_ho/vitis_workspace/ppe_dma_platform_v2/zynqmp_fsbl/zynqmp_fsbl_bsp/system.mss|system||
/home/sogang/ppe_fpga_ho/vitis_workspace/ppe_dma_platform_v2/zynqmp_pmufw/zynqmp_pmufw_bsp/system.mss|system_0||

TRACE::2026-07-31.15:23:43::SCWMssOS::Sw design exists and opened at  /home/sogang/ppe_fpga_ho/vitis_workspace/ppe_dma_platform_v2/zynqmp_pmufw/zynqmp_pmufw_bsp/system.mss
TRACE::2026-07-31.15:23:43::SCWPlatform::Trying to open the hw design at /home/sogang/ppe_fpga_ho/vitis_workspace/ppe_dma_platform_v2/hw/dma_passthrough.xsa
TRACE::2026-07-31.15:23:43::SCWPlatform::DSA given /home/sogang/ppe_fpga_ho/vitis_workspace/ppe_dma_platform_v2/hw/dma_passthrough.xsa
TRACE::2026-07-31.15:23:43::SCWPlatform::DSA absoulate path /home/sogang/ppe_fpga_ho/vitis_workspace/ppe_dma_platform_v2/hw/dma_passthrough.xsa
TRACE::2026-07-31.15:23:43::SCWPlatform::DSA directory /home/sogang/ppe_fpga_ho/vitis_workspace/ppe_dma_platform_v2/hw
TRACE::2026-07-31.15:23:43::SCWPlatform:: Platform Path /home/sogang/ppe_fpga_ho/vitis_workspace/ppe_dma_platform_v2/hw/dma_passthrough.xsa
TRACE::2026-07-31.15:23:43::SCWPlatform:: Unique name xilinx:kv260_som_som240_1_connector_kv260_carrier_som240_1_connector::0.0
TRACE::2026-07-31.15:23:43::SCWPlatform::Trying to set the existing hwdb with name dma_passthrough_wrapper_0
TRACE::2026-07-31.15:23:43::SCWPlatform::Opened existing hwdb dma_passthrough_wrapper_0
TRACE::2026-07-31.15:23:43::SCWPlatform::Found the Hw Db part of the input DSA
TRACE::2026-07-31.15:23:43::SCWMssOS::Checking the sw design at  /home/sogang/ppe_fpga_ho/vitis_workspace/ppe_dma_platform_v2/zynqmp_pmufw/zynqmp_pmufw_bsp/system.mss
TRACE::2026-07-31.15:23:43::SCWMssOS::DEBUG:  swdes dump  /home/sogang/ppe_fpga_ho/vitis_workspace/ppe_dma_platform_v2/psu_cortexa53_0/standalone_domain/bsp/system.mss|system_1||
/home/sogang/ppe_fpga_ho/vitis_workspace/ppe_dma_platform_v2/zynqmp_fsbl/zynqmp_fsbl_bsp/system.mss|system||
/home/sogang/ppe_fpga_ho/vitis_workspace/ppe_dma_platform_v2/zynqmp_pmufw/zynqmp_pmufw_bsp/system.mss|system_0||

TRACE::2026-07-31.15:23:43::SCWMssOS::Sw design exists and opened at  /home/sogang/ppe_fpga_ho/vitis_workspace/ppe_dma_platform_v2/zynqmp_pmufw/zynqmp_pmufw_bsp/system.mss
TRACE::2026-07-31.15:23:43::SCWPlatform::Trying to open the hw design at /home/sogang/ppe_fpga_ho/vitis_workspace/ppe_dma_platform_v2/hw/dma_passthrough.xsa
TRACE::2026-07-31.15:23:43::SCWPlatform::DSA given /home/sogang/ppe_fpga_ho/vitis_workspace/ppe_dma_platform_v2/hw/dma_passthrough.xsa
TRACE::2026-07-31.15:23:43::SCWPlatform::DSA absoulate path /home/sogang/ppe_fpga_ho/vitis_workspace/ppe_dma_platform_v2/hw/dma_passthrough.xsa
TRACE::2026-07-31.15:23:43::SCWPlatform::DSA directory /home/sogang/ppe_fpga_ho/vitis_workspace/ppe_dma_platform_v2/hw
TRACE::2026-07-31.15:23:43::SCWPlatform:: Platform Path /home/sogang/ppe_fpga_ho/vitis_workspace/ppe_dma_platform_v2/hw/dma_passthrough.xsa
TRACE::2026-07-31.15:23:43::SCWPlatform:: Unique name xilinx:kv260_som_som240_1_connector_kv260_carrier_som240_1_connector::0.0
TRACE::2026-07-31.15:23:43::SCWPlatform::Trying to set the existing hwdb with name dma_passthrough_wrapper_0
TRACE::2026-07-31.15:23:43::SCWPlatform::Opened existing hwdb dma_passthrough_wrapper_0
TRACE::2026-07-31.15:23:43::SCWPlatform::Found the Hw Db part of the input DSA
TRACE::2026-07-31.15:23:43::SCWMssOS::Checking the sw design at  /home/sogang/ppe_fpga_ho/vitis_workspace/ppe_dma_platform_v2/zynqmp_pmufw/zynqmp_pmufw_bsp/system.mss
TRACE::2026-07-31.15:23:43::SCWMssOS::DEBUG:  swdes dump  /home/sogang/ppe_fpga_ho/vitis_workspace/ppe_dma_platform_v2/psu_cortexa53_0/standalone_domain/bsp/system.mss|system_1||
/home/sogang/ppe_fpga_ho/vitis_workspace/ppe_dma_platform_v2/zynqmp_fsbl/zynqmp_fsbl_bsp/system.mss|system||
/home/sogang/ppe_fpga_ho/vitis_workspace/ppe_dma_platform_v2/zynqmp_pmufw/zynqmp_pmufw_bsp/system.mss|system_0||

TRACE::2026-07-31.15:23:43::SCWMssOS::Sw design exists and opened at  /home/sogang/ppe_fpga_ho/vitis_workspace/ppe_dma_platform_v2/zynqmp_pmufw/zynqmp_pmufw_bsp/system.mss
TRACE::2026-07-31.15:23:43::SCWPlatform::Trying to open the hw design at /home/sogang/ppe_fpga_ho/vitis_workspace/ppe_dma_platform_v2/hw/dma_passthrough.xsa
TRACE::2026-07-31.15:23:43::SCWPlatform::DSA given /home/sogang/ppe_fpga_ho/vitis_workspace/ppe_dma_platform_v2/hw/dma_passthrough.xsa
TRACE::2026-07-31.15:23:43::SCWPlatform::DSA absoulate path /home/sogang/ppe_fpga_ho/vitis_workspace/ppe_dma_platform_v2/hw/dma_passthrough.xsa
TRACE::2026-07-31.15:23:43::SCWPlatform::DSA directory /home/sogang/ppe_fpga_ho/vitis_workspace/ppe_dma_platform_v2/hw
TRACE::2026-07-31.15:23:43::SCWPlatform:: Platform Path /home/sogang/ppe_fpga_ho/vitis_workspace/ppe_dma_platform_v2/hw/dma_passthrough.xsa
TRACE::2026-07-31.15:23:43::SCWPlatform:: Unique name xilinx:kv260_som_som240_1_connector_kv260_carrier_som240_1_connector::0.0
TRACE::2026-07-31.15:23:43::SCWPlatform::Trying to set the existing hwdb with name dma_passthrough_wrapper_0
TRACE::2026-07-31.15:23:43::SCWPlatform::Opened existing hwdb dma_passthrough_wrapper_0
TRACE::2026-07-31.15:23:43::SCWPlatform::Found the Hw Db part of the input DSA
TRACE::2026-07-31.15:23:43::SCWMssOS::Checking the sw design at  /home/sogang/ppe_fpga_ho/vitis_workspace/ppe_dma_platform_v2/psu_cortexa53_0/standalone_domain/bsp/system.mss
TRACE::2026-07-31.15:23:43::SCWMssOS::DEBUG:  swdes dump  /home/sogang/ppe_fpga_ho/vitis_workspace/ppe_dma_platform_v2/psu_cortexa53_0/standalone_domain/bsp/system.mss|system_1||
/home/sogang/ppe_fpga_ho/vitis_workspace/ppe_dma_platform_v2/zynqmp_fsbl/zynqmp_fsbl_bsp/system.mss|system||
/home/sogang/ppe_fpga_ho/vitis_workspace/ppe_dma_platform_v2/zynqmp_pmufw/zynqmp_pmufw_bsp/system.mss|system_0||

TRACE::2026-07-31.15:23:43::SCWMssOS::Sw design exists and opened at  /home/sogang/ppe_fpga_ho/vitis_workspace/ppe_dma_platform_v2/psu_cortexa53_0/standalone_domain/bsp/system.mss
TRACE::2026-07-31.15:23:43::SCWPlatform::Trying to open the hw design at /home/sogang/ppe_fpga_ho/vitis_workspace/ppe_dma_platform_v2/hw/dma_passthrough.xsa
TRACE::2026-07-31.15:23:43::SCWPlatform::DSA given /home/sogang/ppe_fpga_ho/vitis_workspace/ppe_dma_platform_v2/hw/dma_passthrough.xsa
TRACE::2026-07-31.15:23:43::SCWPlatform::DSA absoulate path /home/sogang/ppe_fpga_ho/vitis_workspace/ppe_dma_platform_v2/hw/dma_passthrough.xsa
TRACE::2026-07-31.15:23:43::SCWPlatform::DSA directory /home/sogang/ppe_fpga_ho/vitis_workspace/ppe_dma_platform_v2/hw
TRACE::2026-07-31.15:23:43::SCWPlatform:: Platform Path /home/sogang/ppe_fpga_ho/vitis_workspace/ppe_dma_platform_v2/hw/dma_passthrough.xsa
TRACE::2026-07-31.15:23:43::SCWPlatform:: Unique name xilinx:kv260_som_som240_1_connector_kv260_carrier_som240_1_connector::0.0
TRACE::2026-07-31.15:23:43::SCWPlatform::Trying to set the existing hwdb with name dma_passthrough_wrapper_0
TRACE::2026-07-31.15:23:43::SCWPlatform::Opened existing hwdb dma_passthrough_wrapper_0
TRACE::2026-07-31.15:23:43::SCWPlatform::Found the Hw Db part of the input DSA
TRACE::2026-07-31.15:23:43::SCWMssOS::Checking the sw design at  /home/sogang/ppe_fpga_ho/vitis_workspace/ppe_dma_platform_v2/psu_cortexa53_0/standalone_domain/bsp/system.mss
TRACE::2026-07-31.15:23:43::SCWMssOS::DEBUG:  swdes dump  /home/sogang/ppe_fpga_ho/vitis_workspace/ppe_dma_platform_v2/psu_cortexa53_0/standalone_domain/bsp/system.mss|system_1||
/home/sogang/ppe_fpga_ho/vitis_workspace/ppe_dma_platform_v2/zynqmp_fsbl/zynqmp_fsbl_bsp/system.mss|system||
/home/sogang/ppe_fpga_ho/vitis_workspace/ppe_dma_platform_v2/zynqmp_pmufw/zynqmp_pmufw_bsp/system.mss|system_0||

TRACE::2026-07-31.15:23:43::SCWMssOS::Sw design exists and opened at  /home/sogang/ppe_fpga_ho/vitis_workspace/ppe_dma_platform_v2/psu_cortexa53_0/standalone_domain/bsp/system.mss
TRACE::2026-07-31.15:23:43::SCWPlatform::Trying to open the hw design at /home/sogang/ppe_fpga_ho/vitis_workspace/ppe_dma_platform_v2/hw/dma_passthrough.xsa
TRACE::2026-07-31.15:23:43::SCWPlatform::DSA given /home/sogang/ppe_fpga_ho/vitis_workspace/ppe_dma_platform_v2/hw/dma_passthrough.xsa
TRACE::2026-07-31.15:23:43::SCWPlatform::DSA absoulate path /home/sogang/ppe_fpga_ho/vitis_workspace/ppe_dma_platform_v2/hw/dma_passthrough.xsa
TRACE::2026-07-31.15:23:43::SCWPlatform::DSA directory /home/sogang/ppe_fpga_ho/vitis_workspace/ppe_dma_platform_v2/hw
TRACE::2026-07-31.15:23:43::SCWPlatform:: Platform Path /home/sogang/ppe_fpga_ho/vitis_workspace/ppe_dma_platform_v2/hw/dma_passthrough.xsa
TRACE::2026-07-31.15:23:43::SCWPlatform:: Unique name xilinx:kv260_som_som240_1_connector_kv260_carrier_som240_1_connector::0.0
TRACE::2026-07-31.15:23:43::SCWPlatform::Trying to set the existing hwdb with name dma_passthrough_wrapper_0
TRACE::2026-07-31.15:23:43::SCWPlatform::Opened existing hwdb dma_passthrough_wrapper_0
TRACE::2026-07-31.15:23:43::SCWPlatform::Found the Hw Db part of the input DSA
TRACE::2026-07-31.15:23:43::SCWMssOS::Checking the sw design at  /home/sogang/ppe_fpga_ho/vitis_workspace/ppe_dma_platform_v2/psu_cortexa53_0/standalone_domain/bsp/system.mss
TRACE::2026-07-31.15:23:43::SCWMssOS::DEBUG:  swdes dump  /home/sogang/ppe_fpga_ho/vitis_workspace/ppe_dma_platform_v2/psu_cortexa53_0/standalone_domain/bsp/system.mss|system_1||
/home/sogang/ppe_fpga_ho/vitis_workspace/ppe_dma_platform_v2/zynqmp_fsbl/zynqmp_fsbl_bsp/system.mss|system||
/home/sogang/ppe_fpga_ho/vitis_workspace/ppe_dma_platform_v2/zynqmp_pmufw/zynqmp_pmufw_bsp/system.mss|system_0||

TRACE::2026-07-31.15:23:43::SCWMssOS::Sw design exists and opened at  /home/sogang/ppe_fpga_ho/vitis_workspace/ppe_dma_platform_v2/psu_cortexa53_0/standalone_domain/bsp/system.mss
TRACE::2026-07-31.15:23:43::SCWWriter::formatted JSON is {
	"platformName":	"ppe_dma_platform_v2",
	"sprVersion":	"2.0",
	"mode":	"gui",
	"dsaType":	"Fixed",
	"platformDesc":	"ppe_dma_platform_v2",
	"platHandOff":	"/home/sogang/ppe_fpga_ho/ppe_dma_passthrough/dma_passthrough.xsa",
	"platIntHandOff":	"<platformDir>/hw/dma_passthrough.xsa",
	"deviceType":	"zynqMP",
	"platIsPrebuiltAutogen":	"false",
	"platIsNoBootBsp":	"false",
	"platFsblTarget":	"psu_cortexa53_0",
	"hasFsblMakeHasChanges":	"false",
	"hasPmufwMakeHasChanges":	"false",
	"fsblExtraCompilerFlags":	"-MMD -MP      -Wall -fmessage-length=0 -DARMA53_64 -Os -flto -ffat-lto-objects  ",
	"pmufwExtraCompilerFlags":	"-MMD -MP      -mlittle-endian -mxl-barrel-shift -mxl-pattern-compare -mcpu=v9.2 -mxl-soft-mul -Os -flto -ffat-lto-objects  ",
	"platPreBuiltFlag":	false,
	"platformSamplesDir":	"",
	"platActiveSys":	"ppe_dma_platform_v2",
	"systems":	[{
			"systemName":	"ppe_dma_platform_v2",
			"systemDesc":	"ppe_dma_platform_v2",
			"sysIsBootAutoGen":	"true",
			"systemDispName":	"ppe_dma_platform_v2",
			"sysActiveDom":	"standalone_domain",
			"sysDefaultDom":	"standalone_domain",
			"domains":	[{
					"domainName":	"zynqmp_fsbl",
					"domainDispName":	"zynqmp_fsbl",
					"domainDesc":	"FSBL Application BSP - Auto Generated.",
					"processors":	"psu_cortexa53_0",
					"os":	"standalone",
					"sdxOs":	"standalone",
					"debugEnable":	"",
					"domRuntimes":	["cpp"],
					"swRepo":	"",
					"mssOsVer":	"8.0",
					"mssFile":	"",
					"md5Digest":	"332ff52bd845638954df10536f91cfb4",
					"compatibleApp":	"zynqmp_fsbl",
					"domType":	"bootDomain",
					"arch":	"64-bit",
					"appSettings":	{
						"appCompilerFlags":	"",
						"appLinkerFlags":	""
					},
					"addedLibs":	["xilffs:4.8", "xilsecure:5.0", "xilpm:4.1"],
					"libOptions":	{
						"standalone":	{
							"zynqmp_fsbl_bsp":	"true",
							"libOptionNames":	["zynqmp_fsbl_bsp"]
						},
						"xilffs":	{
							"read_only":	"true",
							"use_mkfs":	"false",
							"libOptionNames":	["read_only", "use_mkfs"]
						},
						"xilsecure":	{
							"tpm_support":	"true",
							"libOptionNames":	["tpm_support"]
						},
						"libsContainingOptions":	["standalone", "xilffs", "xilsecure"]
					},
					"prebuiltLibs":	{
						"prebuiltIncPath":	[],
						"prebuiltLibPath":	[]
					},
					"isolation":	{
					}
				}, {
					"domainName":	"zynqmp_pmufw",
					"domainDispName":	"zynqmp_pmufw",
					"domainDesc":	"PMUFW Application BSP - Auto Generated.",
					"processors":	"psu_pmu_0",
					"os":	"standalone",
					"sdxOs":	"standalone",
					"debugEnable":	"",
					"domRuntimes":	["cpp"],
					"swRepo":	"",
					"mssOsVer":	"8.0",
					"mssFile":	"",
					"md5Digest":	"4326c1771525a0d091d1a33e303870d4",
					"compatibleApp":	"zynqmp_pmufw",
					"domType":	"bootDomain",
					"arch":	"32-bit",
					"appSettings":	{
						"appCompilerFlags":	"",
						"appLinkerFlags":	""
					},
					"addedLibs":	["xilfpga:6.3", "xilsecure:5.0", "xilskey:7.3"],
					"libOptions":	{
						"psu_pmu_0":	{
							"extra_compiler_flags":	"-g -ffunction-sections -fdata-sections -Wall -Wextra -fno-tree-loop-distribute-patterns  -Os -flto -ffat-lto-objects",
							"libOptionNames":	["extra_compiler_flags"]
						},
						"libsContainingOptions":	["psu_pmu_0"]
					},
					"prebuiltLibs":	{
						"prebuiltIncPath":	[],
						"prebuiltLibPath":	[]
					},
					"isolation":	{
					}
				}, {
					"domainName":	"standalone_domain",
					"domainDispName":	"standalone_domain",
					"domainDesc":	"standalone_domain",
					"processors":	"psu_cortexa53_0",
					"os":	"standalone",
					"sdxOs":	"standalone",
					"qemuArgs":	"<platformDir>/resources/ppe_dma_platform_v2/standalone_domain/qemu_args.txt",
					"qemuData":	"<platformDir>/resources/ppe_dma_platform_v2/standalone_domain/qemu",
					"pmuQemuArgs":	"<platformDir>/resources/ppe_dma_platform_v2/standalone_domain/pmu_args.txt",
					"debugEnable":	"False",
					"domRuntimes":	["cpp"],
					"swRepo":	"",
					"mssOsVer":	"8.0",
					"mssFile":	"",
					"md5Digest":	"ba89d83b0e45dc7a5bee76b0c58c9e68",
					"compatibleApp":	"",
					"domType":	"mssDomain",
					"arch":	"64-bit",
					"appSettings":	{
						"appCompilerFlags":	"",
						"appLinkerFlags":	""
					},
					"addedLibs":	[],
					"libOptions":	{
						"libsContainingOptions":	[]
					},
					"prebuiltLibs":	{
						"prebuiltIncPath":	[],
						"prebuiltLibPath":	[]
					},
					"isolation":	{
					}
				}]
		}]
}
LOG::2026-07-31.15:23:43::SCWPlatform::Started generating the artifacts platform ppe_dma_platform_v2
TRACE::2026-07-31.15:23:43::SCWPlatform::Sanity checking of platform is completed
LOG::2026-07-31.15:23:43::SCWPlatform::Started generating the artifacts for system configuration ppe_dma_platform_v2
LOG::2026-07-31.15:23:43::SCWSystem::Checking the domain zynqmp_fsbl
LOG::2026-07-31.15:23:43::SCWSystem::Doing application build for :  zynqmp_fsbl
TRACE::2026-07-31.15:23:43::SCWBDomain::Not a forced makefile updation, No changes are present. 
TRACE::2026-07-31.15:23:43::SCWDomain::Skipping the build for domain :  zynqmp_fsbl
LOG::2026-07-31.15:23:43::SCWSystem::Checking the domain zynqmp_pmufw
LOG::2026-07-31.15:23:43::SCWSystem::Doing application build for :  zynqmp_pmufw
TRACE::2026-07-31.15:23:43::SCWBDomain::Not a forced makefile updation, No changes are present. 
TRACE::2026-07-31.15:23:43::SCWDomain::Skipping the build for domain :  zynqmp_pmufw
LOG::2026-07-31.15:23:43::SCWSystem::Checking the domain standalone_domain
LOG::2026-07-31.15:23:43::SCWSystem::Not a boot domain 
LOG::2026-07-31.15:23:43::SCWSystem::Started Processing the domain standalone_domain
TRACE::2026-07-31.15:23:43::SCWDomain::Generating domain artifcats
TRACE::2026-07-31.15:23:43::SCWMssOS::Generating standalone artifcats
TRACE::2026-07-31.15:23:43::SCWMssOS::Copying the qemu file from  /home/sogang/ppe_fpga_ho/vitis_workspace/ppe_dma_platform_v2/resources/ppe_dma_platform_v2/standalone_domain/qemu_args.txt To /home/sogang/ppe_fpga_ho/vitis_workspace/ppe_dma_platform_v2/export/ppe_dma_platform_v2/sw/ppe_dma_platform_v2/qemu/
TRACE::2026-07-31.15:23:43::SCWMssOS::Copying the qemu file from  /home/sogang/ppe_fpga_ho/vitis_workspace/ppe_dma_platform_v2/resources/ppe_dma_platform_v2/standalone_domain/qemu_args.txt To /home/sogang/ppe_fpga_ho/vitis_workspace/ppe_dma_platform_v2/export/ppe_dma_platform_v2/sw/ppe_dma_platform_v2/qemu/
TRACE::2026-07-31.15:23:43::SCWMssOS::Copying the qemu file from  /home/sogang/ppe_fpga_ho/vitis_workspace/ppe_dma_platform_v2/resources/ppe_dma_platform_v2/standalone_domain/qemu_args.txt To /home/sogang/ppe_fpga_ho/vitis_workspace/ppe_dma_platform_v2/export/ppe_dma_platform_v2/sw/ppe_dma_platform_v2/standalone_domain/qemu/
TRACE::2026-07-31.15:23:43::SCWMssOS::Copying the qemu file from  /home/sogang/ppe_fpga_ho/vitis_workspace/ppe_dma_platform_v2/resources/ppe_dma_platform_v2/standalone_domain/qemu_args.txt To /home/sogang/ppe_fpga_ho/vitis_workspace/ppe_dma_platform_v2/export/ppe_dma_platform_v2/sw/ppe_dma_platform_v2/standalone_domain/qemu/
TRACE::2026-07-31.15:23:43::SCWMssOS:: Copying the user libraries. 
TRACE::2026-07-31.15:23:43::SCWPlatform::Trying to open the hw design at /home/sogang/ppe_fpga_ho/vitis_workspace/ppe_dma_platform_v2/hw/dma_passthrough.xsa
TRACE::2026-07-31.15:23:43::SCWPlatform::DSA given /home/sogang/ppe_fpga_ho/vitis_workspace/ppe_dma_platform_v2/hw/dma_passthrough.xsa
TRACE::2026-07-31.15:23:43::SCWPlatform::DSA absoulate path /home/sogang/ppe_fpga_ho/vitis_workspace/ppe_dma_platform_v2/hw/dma_passthrough.xsa
TRACE::2026-07-31.15:23:43::SCWPlatform::DSA directory /home/sogang/ppe_fpga_ho/vitis_workspace/ppe_dma_platform_v2/hw
TRACE::2026-07-31.15:23:43::SCWPlatform:: Platform Path /home/sogang/ppe_fpga_ho/vitis_workspace/ppe_dma_platform_v2/hw/dma_passthrough.xsa
TRACE::2026-07-31.15:23:43::SCWPlatform:: Unique name xilinx:kv260_som_som240_1_connector_kv260_carrier_som240_1_connector::0.0
TRACE::2026-07-31.15:23:43::SCWPlatform::Trying to set the existing hwdb with name dma_passthrough_wrapper_0
TRACE::2026-07-31.15:23:43::SCWPlatform::Opened existing hwdb dma_passthrough_wrapper_0
TRACE::2026-07-31.15:23:43::SCWPlatform::Found the Hw Db part of the input DSA
TRACE::2026-07-31.15:23:43::SCWMssOS::Checking the sw design at  /home/sogang/ppe_fpga_ho/vitis_workspace/ppe_dma_platform_v2/psu_cortexa53_0/standalone_domain/bsp/system.mss
TRACE::2026-07-31.15:23:43::SCWMssOS::DEBUG:  swdes dump  /home/sogang/ppe_fpga_ho/vitis_workspace/ppe_dma_platform_v2/psu_cortexa53_0/standalone_domain/bsp/system.mss|system_1||
/home/sogang/ppe_fpga_ho/vitis_workspace/ppe_dma_platform_v2/zynqmp_fsbl/zynqmp_fsbl_bsp/system.mss|system||
/home/sogang/ppe_fpga_ho/vitis_workspace/ppe_dma_platform_v2/zynqmp_pmufw/zynqmp_pmufw_bsp/system.mss|system_0||

TRACE::2026-07-31.15:23:43::SCWMssOS::Sw design exists and opened at  /home/sogang/ppe_fpga_ho/vitis_workspace/ppe_dma_platform_v2/psu_cortexa53_0/standalone_domain/bsp/system.mss
TRACE::2026-07-31.15:23:43::SCWMssOS::Completed writing the mss file at /home/sogang/ppe_fpga_ho/vitis_workspace/ppe_dma_platform_v2/psu_cortexa53_0/standalone_domain/bsp
TRACE::2026-07-31.15:23:43::SCWMssOS::Mss edits present, copying mssfile into export location /home/sogang/ppe_fpga_ho/vitis_workspace/ppe_dma_platform_v2/psu_cortexa53_0/standalone_domain/bsp/system.mss
TRACE::2026-07-31.15:23:43::SCWMssOS::bsp generated is upto date with the mss file. Skipping bsp generation.
TRACE::2026-07-31.15:23:43::SCWMssOS::BSP is already built. skipping the bsp build ... 
TRACE::2026-07-31.15:23:43::SCWDomain::Skipping the build for domain :  standalone_domain
TRACE::2026-07-31.15:23:43::SCWMssOS::skipping the bsp build ... 
TRACE::2026-07-31.15:23:43::SCWMssOS::Copying to export directory.
TRACE::2026-07-31.15:23:43::SCWMssOS:: Checking if to create the Supporting Applications
TRACE::2026-07-31.15:23:43::SCWMssOS:: No Linux domain exists, trying to generate FSBL 
TRACE::2026-07-31.15:23:43::SCWMssOS:: Completed Standalone Artifacts creation 
LOG::2026-07-31.15:23:43::SCWSystem::Completed Processing the domain standalone_domain
LOG::2026-07-31.15:23:43::SCWSystem::Completed Processing the sysconfig ppe_dma_platform_v2
LOG::2026-07-31.15:23:43::SCWPlatform::Completed generating the artifacts for system configuration ppe_dma_platform_v2
TRACE::2026-07-31.15:23:43::SCWPlatform::Started preparing the platform 
TRACE::2026-07-31.15:23:43::SCWSystem::Writing the bif file for system config ppe_dma_platform_v2
TRACE::2026-07-31.15:23:43::SCWSystem::dir created 
TRACE::2026-07-31.15:23:43::SCWSystem::Writing the bif 
TRACE::2026-07-31.15:23:43::SCWPlatform::Started writing the spfm file 
TRACE::2026-07-31.15:23:43::SCWPlatform::Started writing the xpfm file 
TRACE::2026-07-31.15:23:43::SCWPlatform::Completed generating the platform
TRACE::2026-07-31.15:23:43::SCWMssOS::Saving the mss changes /home/sogang/ppe_fpga_ho/vitis_workspace/ppe_dma_platform_v2/zynqmp_fsbl/zynqmp_fsbl_bsp/system.mss
TRACE::2026-07-31.15:23:43::SCWMssOS::Found a swdesign opened with the mssfile.
TRACE::2026-07-31.15:23:43::SCWMssOS::Completed writemss as part of save.
TRACE::2026-07-31.15:23:43::SCWMssOS::Commit changes completed.
TRACE::2026-07-31.15:23:43::SCWMssOS::Saving the mss changes /home/sogang/ppe_fpga_ho/vitis_workspace/ppe_dma_platform_v2/zynqmp_pmufw/zynqmp_pmufw_bsp/system.mss
TRACE::2026-07-31.15:23:43::SCWMssOS::Found a swdesign opened with the mssfile.
TRACE::2026-07-31.15:23:43::SCWMssOS::Completed writemss as part of save.
TRACE::2026-07-31.15:23:43::SCWMssOS::Commit changes completed.
TRACE::2026-07-31.15:23:43::SCWMssOS::Saving the mss changes /home/sogang/ppe_fpga_ho/vitis_workspace/ppe_dma_platform_v2/psu_cortexa53_0/standalone_domain/bsp/system.mss
TRACE::2026-07-31.15:23:43::SCWMssOS::Found a swdesign opened with the mssfile.
TRACE::2026-07-31.15:23:43::SCWMssOS::Completed writemss as part of save.
TRACE::2026-07-31.15:23:43::SCWMssOS::Commit changes completed.
TRACE::2026-07-31.15:23:43::SCWPlatform::Trying to open the hw design at /home/sogang/ppe_fpga_ho/vitis_workspace/ppe_dma_platform_v2/hw/dma_passthrough.xsa
TRACE::2026-07-31.15:23:43::SCWPlatform::DSA given /home/sogang/ppe_fpga_ho/vitis_workspace/ppe_dma_platform_v2/hw/dma_passthrough.xsa
TRACE::2026-07-31.15:23:43::SCWPlatform::DSA absoulate path /home/sogang/ppe_fpga_ho/vitis_workspace/ppe_dma_platform_v2/hw/dma_passthrough.xsa
TRACE::2026-07-31.15:23:43::SCWPlatform::DSA directory /home/sogang/ppe_fpga_ho/vitis_workspace/ppe_dma_platform_v2/hw
TRACE::2026-07-31.15:23:43::SCWPlatform:: Platform Path /home/sogang/ppe_fpga_ho/vitis_workspace/ppe_dma_platform_v2/hw/dma_passthrough.xsa
TRACE::2026-07-31.15:23:43::SCWPlatform:: Unique name xilinx:kv260_som_som240_1_connector_kv260_carrier_som240_1_connector::0.0
TRACE::2026-07-31.15:23:43::SCWPlatform::Trying to set the existing hwdb with name dma_passthrough_wrapper_0
TRACE::2026-07-31.15:23:43::SCWPlatform::Opened existing hwdb dma_passthrough_wrapper_0
TRACE::2026-07-31.15:23:43::SCWPlatform::Found the Hw Db part of the input DSA
TRACE::2026-07-31.15:23:43::SCWMssOS::Checking the sw design at  /home/sogang/ppe_fpga_ho/vitis_workspace/ppe_dma_platform_v2/zynqmp_fsbl/zynqmp_fsbl_bsp/system.mss
TRACE::2026-07-31.15:23:43::SCWMssOS::DEBUG:  swdes dump  /home/sogang/ppe_fpga_ho/vitis_workspace/ppe_dma_platform_v2/psu_cortexa53_0/standalone_domain/bsp/system.mss|system_1||
/home/sogang/ppe_fpga_ho/vitis_workspace/ppe_dma_platform_v2/zynqmp_fsbl/zynqmp_fsbl_bsp/system.mss|system||
/home/sogang/ppe_fpga_ho/vitis_workspace/ppe_dma_platform_v2/zynqmp_pmufw/zynqmp_pmufw_bsp/system.mss|system_0||

TRACE::2026-07-31.15:23:43::SCWMssOS::Sw design exists and opened at  /home/sogang/ppe_fpga_ho/vitis_workspace/ppe_dma_platform_v2/zynqmp_fsbl/zynqmp_fsbl_bsp/system.mss
TRACE::2026-07-31.15:23:43::SCWPlatform::Trying to open the hw design at /home/sogang/ppe_fpga_ho/vitis_workspace/ppe_dma_platform_v2/hw/dma_passthrough.xsa
TRACE::2026-07-31.15:23:43::SCWPlatform::DSA given /home/sogang/ppe_fpga_ho/vitis_workspace/ppe_dma_platform_v2/hw/dma_passthrough.xsa
TRACE::2026-07-31.15:23:43::SCWPlatform::DSA absoulate path /home/sogang/ppe_fpga_ho/vitis_workspace/ppe_dma_platform_v2/hw/dma_passthrough.xsa
TRACE::2026-07-31.15:23:43::SCWPlatform::DSA directory /home/sogang/ppe_fpga_ho/vitis_workspace/ppe_dma_platform_v2/hw
TRACE::2026-07-31.15:23:43::SCWPlatform:: Platform Path /home/sogang/ppe_fpga_ho/vitis_workspace/ppe_dma_platform_v2/hw/dma_passthrough.xsa
TRACE::2026-07-31.15:23:43::SCWPlatform:: Unique name xilinx:kv260_som_som240_1_connector_kv260_carrier_som240_1_connector::0.0
TRACE::2026-07-31.15:23:43::SCWPlatform::Trying to set the existing hwdb with name dma_passthrough_wrapper_0
TRACE::2026-07-31.15:23:43::SCWPlatform::Opened existing hwdb dma_passthrough_wrapper_0
TRACE::2026-07-31.15:23:43::SCWPlatform::Found the Hw Db part of the input DSA
TRACE::2026-07-31.15:23:43::SCWMssOS::Checking the sw design at  /home/sogang/ppe_fpga_ho/vitis_workspace/ppe_dma_platform_v2/zynqmp_fsbl/zynqmp_fsbl_bsp/system.mss
TRACE::2026-07-31.15:23:43::SCWMssOS::DEBUG:  swdes dump  /home/sogang/ppe_fpga_ho/vitis_workspace/ppe_dma_platform_v2/psu_cortexa53_0/standalone_domain/bsp/system.mss|system_1||
/home/sogang/ppe_fpga_ho/vitis_workspace/ppe_dma_platform_v2/zynqmp_fsbl/zynqmp_fsbl_bsp/system.mss|system||
/home/sogang/ppe_fpga_ho/vitis_workspace/ppe_dma_platform_v2/zynqmp_pmufw/zynqmp_pmufw_bsp/system.mss|system_0||

TRACE::2026-07-31.15:23:43::SCWMssOS::Sw design exists and opened at  /home/sogang/ppe_fpga_ho/vitis_workspace/ppe_dma_platform_v2/zynqmp_fsbl/zynqmp_fsbl_bsp/system.mss
TRACE::2026-07-31.15:23:43::SCWPlatform::Trying to open the hw design at /home/sogang/ppe_fpga_ho/vitis_workspace/ppe_dma_platform_v2/hw/dma_passthrough.xsa
TRACE::2026-07-31.15:23:43::SCWPlatform::DSA given /home/sogang/ppe_fpga_ho/vitis_workspace/ppe_dma_platform_v2/hw/dma_passthrough.xsa
TRACE::2026-07-31.15:23:43::SCWPlatform::DSA absoulate path /home/sogang/ppe_fpga_ho/vitis_workspace/ppe_dma_platform_v2/hw/dma_passthrough.xsa
TRACE::2026-07-31.15:23:43::SCWPlatform::DSA directory /home/sogang/ppe_fpga_ho/vitis_workspace/ppe_dma_platform_v2/hw
TRACE::2026-07-31.15:23:43::SCWPlatform:: Platform Path /home/sogang/ppe_fpga_ho/vitis_workspace/ppe_dma_platform_v2/hw/dma_passthrough.xsa
TRACE::2026-07-31.15:23:43::SCWPlatform:: Unique name xilinx:kv260_som_som240_1_connector_kv260_carrier_som240_1_connector::0.0
TRACE::2026-07-31.15:23:43::SCWPlatform::Trying to set the existing hwdb with name dma_passthrough_wrapper_0
TRACE::2026-07-31.15:23:43::SCWPlatform::Opened existing hwdb dma_passthrough_wrapper_0
TRACE::2026-07-31.15:23:43::SCWPlatform::Found the Hw Db part of the input DSA
TRACE::2026-07-31.15:23:43::SCWMssOS::Checking the sw design at  /home/sogang/ppe_fpga_ho/vitis_workspace/ppe_dma_platform_v2/zynqmp_fsbl/zynqmp_fsbl_bsp/system.mss
TRACE::2026-07-31.15:23:43::SCWMssOS::DEBUG:  swdes dump  /home/sogang/ppe_fpga_ho/vitis_workspace/ppe_dma_platform_v2/psu_cortexa53_0/standalone_domain/bsp/system.mss|system_1||
/home/sogang/ppe_fpga_ho/vitis_workspace/ppe_dma_platform_v2/zynqmp_fsbl/zynqmp_fsbl_bsp/system.mss|system||
/home/sogang/ppe_fpga_ho/vitis_workspace/ppe_dma_platform_v2/zynqmp_pmufw/zynqmp_pmufw_bsp/system.mss|system_0||

TRACE::2026-07-31.15:23:43::SCWMssOS::Sw design exists and opened at  /home/sogang/ppe_fpga_ho/vitis_workspace/ppe_dma_platform_v2/zynqmp_fsbl/zynqmp_fsbl_bsp/system.mss
TRACE::2026-07-31.15:23:43::SCWPlatform::Trying to open the hw design at /home/sogang/ppe_fpga_ho/vitis_workspace/ppe_dma_platform_v2/hw/dma_passthrough.xsa
TRACE::2026-07-31.15:23:43::SCWPlatform::DSA given /home/sogang/ppe_fpga_ho/vitis_workspace/ppe_dma_platform_v2/hw/dma_passthrough.xsa
TRACE::2026-07-31.15:23:43::SCWPlatform::DSA absoulate path /home/sogang/ppe_fpga_ho/vitis_workspace/ppe_dma_platform_v2/hw/dma_passthrough.xsa
TRACE::2026-07-31.15:23:43::SCWPlatform::DSA directory /home/sogang/ppe_fpga_ho/vitis_workspace/ppe_dma_platform_v2/hw
TRACE::2026-07-31.15:23:43::SCWPlatform:: Platform Path /home/sogang/ppe_fpga_ho/vitis_workspace/ppe_dma_platform_v2/hw/dma_passthrough.xsa
TRACE::2026-07-31.15:23:43::SCWPlatform:: Unique name xilinx:kv260_som_som240_1_connector_kv260_carrier_som240_1_connector::0.0
TRACE::2026-07-31.15:23:43::SCWPlatform::Trying to set the existing hwdb with name dma_passthrough_wrapper_0
TRACE::2026-07-31.15:23:43::SCWPlatform::Opened existing hwdb dma_passthrough_wrapper_0
TRACE::2026-07-31.15:23:43::SCWPlatform::Found the Hw Db part of the input DSA
TRACE::2026-07-31.15:23:43::SCWMssOS::Checking the sw design at  /home/sogang/ppe_fpga_ho/vitis_workspace/ppe_dma_platform_v2/zynqmp_pmufw/zynqmp_pmufw_bsp/system.mss
TRACE::2026-07-31.15:23:43::SCWMssOS::DEBUG:  swdes dump  /home/sogang/ppe_fpga_ho/vitis_workspace/ppe_dma_platform_v2/psu_cortexa53_0/standalone_domain/bsp/system.mss|system_1||
/home/sogang/ppe_fpga_ho/vitis_workspace/ppe_dma_platform_v2/zynqmp_fsbl/zynqmp_fsbl_bsp/system.mss|system||
/home/sogang/ppe_fpga_ho/vitis_workspace/ppe_dma_platform_v2/zynqmp_pmufw/zynqmp_pmufw_bsp/system.mss|system_0||

TRACE::2026-07-31.15:23:43::SCWMssOS::Sw design exists and opened at  /home/sogang/ppe_fpga_ho/vitis_workspace/ppe_dma_platform_v2/zynqmp_pmufw/zynqmp_pmufw_bsp/system.mss
TRACE::2026-07-31.15:23:43::SCWPlatform::Trying to open the hw design at /home/sogang/ppe_fpga_ho/vitis_workspace/ppe_dma_platform_v2/hw/dma_passthrough.xsa
TRACE::2026-07-31.15:23:43::SCWPlatform::DSA given /home/sogang/ppe_fpga_ho/vitis_workspace/ppe_dma_platform_v2/hw/dma_passthrough.xsa
TRACE::2026-07-31.15:23:43::SCWPlatform::DSA absoulate path /home/sogang/ppe_fpga_ho/vitis_workspace/ppe_dma_platform_v2/hw/dma_passthrough.xsa
TRACE::2026-07-31.15:23:43::SCWPlatform::DSA directory /home/sogang/ppe_fpga_ho/vitis_workspace/ppe_dma_platform_v2/hw
TRACE::2026-07-31.15:23:43::SCWPlatform:: Platform Path /home/sogang/ppe_fpga_ho/vitis_workspace/ppe_dma_platform_v2/hw/dma_passthrough.xsa
TRACE::2026-07-31.15:23:43::SCWPlatform:: Unique name xilinx:kv260_som_som240_1_connector_kv260_carrier_som240_1_connector::0.0
TRACE::2026-07-31.15:23:43::SCWPlatform::Trying to set the existing hwdb with name dma_passthrough_wrapper_0
TRACE::2026-07-31.15:23:43::SCWPlatform::Opened existing hwdb dma_passthrough_wrapper_0
TRACE::2026-07-31.15:23:43::SCWPlatform::Found the Hw Db part of the input DSA
TRACE::2026-07-31.15:23:43::SCWMssOS::Checking the sw design at  /home/sogang/ppe_fpga_ho/vitis_workspace/ppe_dma_platform_v2/zynqmp_pmufw/zynqmp_pmufw_bsp/system.mss
TRACE::2026-07-31.15:23:43::SCWMssOS::DEBUG:  swdes dump  /home/sogang/ppe_fpga_ho/vitis_workspace/ppe_dma_platform_v2/psu_cortexa53_0/standalone_domain/bsp/system.mss|system_1||
/home/sogang/ppe_fpga_ho/vitis_workspace/ppe_dma_platform_v2/zynqmp_fsbl/zynqmp_fsbl_bsp/system.mss|system||
/home/sogang/ppe_fpga_ho/vitis_workspace/ppe_dma_platform_v2/zynqmp_pmufw/zynqmp_pmufw_bsp/system.mss|system_0||

TRACE::2026-07-31.15:23:43::SCWMssOS::Sw design exists and opened at  /home/sogang/ppe_fpga_ho/vitis_workspace/ppe_dma_platform_v2/zynqmp_pmufw/zynqmp_pmufw_bsp/system.mss
TRACE::2026-07-31.15:23:43::SCWPlatform::Trying to open the hw design at /home/sogang/ppe_fpga_ho/vitis_workspace/ppe_dma_platform_v2/hw/dma_passthrough.xsa
TRACE::2026-07-31.15:23:43::SCWPlatform::DSA given /home/sogang/ppe_fpga_ho/vitis_workspace/ppe_dma_platform_v2/hw/dma_passthrough.xsa
TRACE::2026-07-31.15:23:43::SCWPlatform::DSA absoulate path /home/sogang/ppe_fpga_ho/vitis_workspace/ppe_dma_platform_v2/hw/dma_passthrough.xsa
TRACE::2026-07-31.15:23:43::SCWPlatform::DSA directory /home/sogang/ppe_fpga_ho/vitis_workspace/ppe_dma_platform_v2/hw
TRACE::2026-07-31.15:23:43::SCWPlatform:: Platform Path /home/sogang/ppe_fpga_ho/vitis_workspace/ppe_dma_platform_v2/hw/dma_passthrough.xsa
TRACE::2026-07-31.15:23:43::SCWPlatform:: Unique name xilinx:kv260_som_som240_1_connector_kv260_carrier_som240_1_connector::0.0
TRACE::2026-07-31.15:23:43::SCWPlatform::Trying to set the existing hwdb with name dma_passthrough_wrapper_0
TRACE::2026-07-31.15:23:43::SCWPlatform::Opened existing hwdb dma_passthrough_wrapper_0
TRACE::2026-07-31.15:23:43::SCWPlatform::Found the Hw Db part of the input DSA
TRACE::2026-07-31.15:23:43::SCWMssOS::Checking the sw design at  /home/sogang/ppe_fpga_ho/vitis_workspace/ppe_dma_platform_v2/zynqmp_pmufw/zynqmp_pmufw_bsp/system.mss
TRACE::2026-07-31.15:23:43::SCWMssOS::DEBUG:  swdes dump  /home/sogang/ppe_fpga_ho/vitis_workspace/ppe_dma_platform_v2/psu_cortexa53_0/standalone_domain/bsp/system.mss|system_1||
/home/sogang/ppe_fpga_ho/vitis_workspace/ppe_dma_platform_v2/zynqmp_fsbl/zynqmp_fsbl_bsp/system.mss|system||
/home/sogang/ppe_fpga_ho/vitis_workspace/ppe_dma_platform_v2/zynqmp_pmufw/zynqmp_pmufw_bsp/system.mss|system_0||

TRACE::2026-07-31.15:23:43::SCWMssOS::Sw design exists and opened at  /home/sogang/ppe_fpga_ho/vitis_workspace/ppe_dma_platform_v2/zynqmp_pmufw/zynqmp_pmufw_bsp/system.mss
TRACE::2026-07-31.15:23:43::SCWPlatform::Trying to open the hw design at /home/sogang/ppe_fpga_ho/vitis_workspace/ppe_dma_platform_v2/hw/dma_passthrough.xsa
TRACE::2026-07-31.15:23:43::SCWPlatform::DSA given /home/sogang/ppe_fpga_ho/vitis_workspace/ppe_dma_platform_v2/hw/dma_passthrough.xsa
TRACE::2026-07-31.15:23:43::SCWPlatform::DSA absoulate path /home/sogang/ppe_fpga_ho/vitis_workspace/ppe_dma_platform_v2/hw/dma_passthrough.xsa
TRACE::2026-07-31.15:23:43::SCWPlatform::DSA directory /home/sogang/ppe_fpga_ho/vitis_workspace/ppe_dma_platform_v2/hw
TRACE::2026-07-31.15:23:43::SCWPlatform:: Platform Path /home/sogang/ppe_fpga_ho/vitis_workspace/ppe_dma_platform_v2/hw/dma_passthrough.xsa
TRACE::2026-07-31.15:23:43::SCWPlatform:: Unique name xilinx:kv260_som_som240_1_connector_kv260_carrier_som240_1_connector::0.0
TRACE::2026-07-31.15:23:43::SCWPlatform::Trying to set the existing hwdb with name dma_passthrough_wrapper_0
TRACE::2026-07-31.15:23:43::SCWPlatform::Opened existing hwdb dma_passthrough_wrapper_0
TRACE::2026-07-31.15:23:43::SCWPlatform::Found the Hw Db part of the input DSA
TRACE::2026-07-31.15:23:43::SCWMssOS::Checking the sw design at  /home/sogang/ppe_fpga_ho/vitis_workspace/ppe_dma_platform_v2/psu_cortexa53_0/standalone_domain/bsp/system.mss
TRACE::2026-07-31.15:23:43::SCWMssOS::DEBUG:  swdes dump  /home/sogang/ppe_fpga_ho/vitis_workspace/ppe_dma_platform_v2/psu_cortexa53_0/standalone_domain/bsp/system.mss|system_1||
/home/sogang/ppe_fpga_ho/vitis_workspace/ppe_dma_platform_v2/zynqmp_fsbl/zynqmp_fsbl_bsp/system.mss|system||
/home/sogang/ppe_fpga_ho/vitis_workspace/ppe_dma_platform_v2/zynqmp_pmufw/zynqmp_pmufw_bsp/system.mss|system_0||

TRACE::2026-07-31.15:23:43::SCWMssOS::Sw design exists and opened at  /home/sogang/ppe_fpga_ho/vitis_workspace/ppe_dma_platform_v2/psu_cortexa53_0/standalone_domain/bsp/system.mss
TRACE::2026-07-31.15:23:43::SCWPlatform::Trying to open the hw design at /home/sogang/ppe_fpga_ho/vitis_workspace/ppe_dma_platform_v2/hw/dma_passthrough.xsa
TRACE::2026-07-31.15:23:43::SCWPlatform::DSA given /home/sogang/ppe_fpga_ho/vitis_workspace/ppe_dma_platform_v2/hw/dma_passthrough.xsa
TRACE::2026-07-31.15:23:43::SCWPlatform::DSA absoulate path /home/sogang/ppe_fpga_ho/vitis_workspace/ppe_dma_platform_v2/hw/dma_passthrough.xsa
TRACE::2026-07-31.15:23:43::SCWPlatform::DSA directory /home/sogang/ppe_fpga_ho/vitis_workspace/ppe_dma_platform_v2/hw
TRACE::2026-07-31.15:23:43::SCWPlatform:: Platform Path /home/sogang/ppe_fpga_ho/vitis_workspace/ppe_dma_platform_v2/hw/dma_passthrough.xsa
TRACE::2026-07-31.15:23:43::SCWPlatform:: Unique name xilinx:kv260_som_som240_1_connector_kv260_carrier_som240_1_connector::0.0
TRACE::2026-07-31.15:23:43::SCWPlatform::Trying to set the existing hwdb with name dma_passthrough_wrapper_0
TRACE::2026-07-31.15:23:43::SCWPlatform::Opened existing hwdb dma_passthrough_wrapper_0
TRACE::2026-07-31.15:23:43::SCWPlatform::Found the Hw Db part of the input DSA
TRACE::2026-07-31.15:23:43::SCWMssOS::Checking the sw design at  /home/sogang/ppe_fpga_ho/vitis_workspace/ppe_dma_platform_v2/psu_cortexa53_0/standalone_domain/bsp/system.mss
TRACE::2026-07-31.15:23:43::SCWMssOS::DEBUG:  swdes dump  /home/sogang/ppe_fpga_ho/vitis_workspace/ppe_dma_platform_v2/psu_cortexa53_0/standalone_domain/bsp/system.mss|system_1||
/home/sogang/ppe_fpga_ho/vitis_workspace/ppe_dma_platform_v2/zynqmp_fsbl/zynqmp_fsbl_bsp/system.mss|system||
/home/sogang/ppe_fpga_ho/vitis_workspace/ppe_dma_platform_v2/zynqmp_pmufw/zynqmp_pmufw_bsp/system.mss|system_0||

TRACE::2026-07-31.15:23:43::SCWMssOS::Sw design exists and opened at  /home/sogang/ppe_fpga_ho/vitis_workspace/ppe_dma_platform_v2/psu_cortexa53_0/standalone_domain/bsp/system.mss
TRACE::2026-07-31.15:23:43::SCWPlatform::Trying to open the hw design at /home/sogang/ppe_fpga_ho/vitis_workspace/ppe_dma_platform_v2/hw/dma_passthrough.xsa
TRACE::2026-07-31.15:23:43::SCWPlatform::DSA given /home/sogang/ppe_fpga_ho/vitis_workspace/ppe_dma_platform_v2/hw/dma_passthrough.xsa
TRACE::2026-07-31.15:23:43::SCWPlatform::DSA absoulate path /home/sogang/ppe_fpga_ho/vitis_workspace/ppe_dma_platform_v2/hw/dma_passthrough.xsa
TRACE::2026-07-31.15:23:43::SCWPlatform::DSA directory /home/sogang/ppe_fpga_ho/vitis_workspace/ppe_dma_platform_v2/hw
TRACE::2026-07-31.15:23:43::SCWPlatform:: Platform Path /home/sogang/ppe_fpga_ho/vitis_workspace/ppe_dma_platform_v2/hw/dma_passthrough.xsa
TRACE::2026-07-31.15:23:43::SCWPlatform:: Unique name xilinx:kv260_som_som240_1_connector_kv260_carrier_som240_1_connector::0.0
TRACE::2026-07-31.15:23:43::SCWPlatform::Trying to set the existing hwdb with name dma_passthrough_wrapper_0
TRACE::2026-07-31.15:23:43::SCWPlatform::Opened existing hwdb dma_passthrough_wrapper_0
TRACE::2026-07-31.15:23:43::SCWPlatform::Found the Hw Db part of the input DSA
TRACE::2026-07-31.15:23:43::SCWMssOS::Checking the sw design at  /home/sogang/ppe_fpga_ho/vitis_workspace/ppe_dma_platform_v2/psu_cortexa53_0/standalone_domain/bsp/system.mss
TRACE::2026-07-31.15:23:43::SCWMssOS::DEBUG:  swdes dump  /home/sogang/ppe_fpga_ho/vitis_workspace/ppe_dma_platform_v2/psu_cortexa53_0/standalone_domain/bsp/system.mss|system_1||
/home/sogang/ppe_fpga_ho/vitis_workspace/ppe_dma_platform_v2/zynqmp_fsbl/zynqmp_fsbl_bsp/system.mss|system||
/home/sogang/ppe_fpga_ho/vitis_workspace/ppe_dma_platform_v2/zynqmp_pmufw/zynqmp_pmufw_bsp/system.mss|system_0||

TRACE::2026-07-31.15:23:43::SCWMssOS::Sw design exists and opened at  /home/sogang/ppe_fpga_ho/vitis_workspace/ppe_dma_platform_v2/psu_cortexa53_0/standalone_domain/bsp/system.mss
TRACE::2026-07-31.15:23:43::SCWWriter::formatted JSON is {
	"platformName":	"ppe_dma_platform_v2",
	"sprVersion":	"2.0",
	"mode":	"gui",
	"dsaType":	"Fixed",
	"platformDesc":	"ppe_dma_platform_v2",
	"platHandOff":	"/home/sogang/ppe_fpga_ho/ppe_dma_passthrough/dma_passthrough.xsa",
	"platIntHandOff":	"<platformDir>/hw/dma_passthrough.xsa",
	"deviceType":	"zynqMP",
	"platIsPrebuiltAutogen":	"false",
	"platIsNoBootBsp":	"false",
	"platFsblTarget":	"psu_cortexa53_0",
	"hasFsblMakeHasChanges":	"false",
	"hasPmufwMakeHasChanges":	"false",
	"fsblExtraCompilerFlags":	"-MMD -MP      -Wall -fmessage-length=0 -DARMA53_64 -Os -flto -ffat-lto-objects  ",
	"pmufwExtraCompilerFlags":	"-MMD -MP      -mlittle-endian -mxl-barrel-shift -mxl-pattern-compare -mcpu=v9.2 -mxl-soft-mul -Os -flto -ffat-lto-objects  ",
	"platPreBuiltFlag":	false,
	"platformSamplesDir":	"",
	"platActiveSys":	"ppe_dma_platform_v2",
	"systems":	[{
			"systemName":	"ppe_dma_platform_v2",
			"systemDesc":	"ppe_dma_platform_v2",
			"sysIsBootAutoGen":	"true",
			"systemDispName":	"ppe_dma_platform_v2",
			"sysActiveDom":	"standalone_domain",
			"sysDefaultDom":	"standalone_domain",
			"domains":	[{
					"domainName":	"zynqmp_fsbl",
					"domainDispName":	"zynqmp_fsbl",
					"domainDesc":	"FSBL Application BSP - Auto Generated.",
					"processors":	"psu_cortexa53_0",
					"os":	"standalone",
					"sdxOs":	"standalone",
					"debugEnable":	"",
					"domRuntimes":	["cpp"],
					"swRepo":	"",
					"mssOsVer":	"8.0",
					"mssFile":	"",
					"md5Digest":	"332ff52bd845638954df10536f91cfb4",
					"compatibleApp":	"zynqmp_fsbl",
					"domType":	"bootDomain",
					"arch":	"64-bit",
					"appSettings":	{
						"appCompilerFlags":	"",
						"appLinkerFlags":	""
					},
					"addedLibs":	["xilffs:4.8", "xilsecure:5.0", "xilpm:4.1"],
					"libOptions":	{
						"standalone":	{
							"zynqmp_fsbl_bsp":	"true",
							"libOptionNames":	["zynqmp_fsbl_bsp"]
						},
						"xilffs":	{
							"read_only":	"true",
							"use_mkfs":	"false",
							"libOptionNames":	["read_only", "use_mkfs"]
						},
						"xilsecure":	{
							"tpm_support":	"true",
							"libOptionNames":	["tpm_support"]
						},
						"libsContainingOptions":	["standalone", "xilffs", "xilsecure"]
					},
					"prebuiltLibs":	{
						"prebuiltIncPath":	[],
						"prebuiltLibPath":	[]
					},
					"isolation":	{
					}
				}, {
					"domainName":	"zynqmp_pmufw",
					"domainDispName":	"zynqmp_pmufw",
					"domainDesc":	"PMUFW Application BSP - Auto Generated.",
					"processors":	"psu_pmu_0",
					"os":	"standalone",
					"sdxOs":	"standalone",
					"debugEnable":	"",
					"domRuntimes":	["cpp"],
					"swRepo":	"",
					"mssOsVer":	"8.0",
					"mssFile":	"",
					"md5Digest":	"4326c1771525a0d091d1a33e303870d4",
					"compatibleApp":	"zynqmp_pmufw",
					"domType":	"bootDomain",
					"arch":	"32-bit",
					"appSettings":	{
						"appCompilerFlags":	"",
						"appLinkerFlags":	""
					},
					"addedLibs":	["xilfpga:6.3", "xilsecure:5.0", "xilskey:7.3"],
					"libOptions":	{
						"psu_pmu_0":	{
							"extra_compiler_flags":	"-g -ffunction-sections -fdata-sections -Wall -Wextra -fno-tree-loop-distribute-patterns  -Os -flto -ffat-lto-objects",
							"libOptionNames":	["extra_compiler_flags"]
						},
						"libsContainingOptions":	["psu_pmu_0"]
					},
					"prebuiltLibs":	{
						"prebuiltIncPath":	[],
						"prebuiltLibPath":	[]
					},
					"isolation":	{
					}
				}, {
					"domainName":	"standalone_domain",
					"domainDispName":	"standalone_domain",
					"domainDesc":	"standalone_domain",
					"processors":	"psu_cortexa53_0",
					"os":	"standalone",
					"sdxOs":	"standalone",
					"qemuArgs":	"<platformDir>/resources/ppe_dma_platform_v2/standalone_domain/qemu_args.txt",
					"qemuData":	"<platformDir>/resources/ppe_dma_platform_v2/standalone_domain/qemu",
					"pmuQemuArgs":	"<platformDir>/resources/ppe_dma_platform_v2/standalone_domain/pmu_args.txt",
					"debugEnable":	"False",
					"domRuntimes":	["cpp"],
					"swRepo":	"",
					"mssOsVer":	"8.0",
					"mssFile":	"",
					"md5Digest":	"ba89d83b0e45dc7a5bee76b0c58c9e68",
					"compatibleApp":	"",
					"domType":	"mssDomain",
					"arch":	"64-bit",
					"appSettings":	{
						"appCompilerFlags":	"",
						"appLinkerFlags":	""
					},
					"addedLibs":	[],
					"libOptions":	{
						"libsContainingOptions":	[]
					},
					"prebuiltLibs":	{
						"prebuiltIncPath":	[],
						"prebuiltLibPath":	[]
					},
					"isolation":	{
					}
				}]
		}]
}
KEYINFO::2026-07-31.15:23:43::SCWPlatform::updated the xpfm file.
TRACE::2026-07-31.15:23:43::SCWPlatform::Trying to open the hw design at /home/sogang/ppe_fpga_ho/vitis_workspace/ppe_dma_platform_v2/hw/dma_passthrough.xsa
TRACE::2026-07-31.15:23:43::SCWPlatform::DSA given /home/sogang/ppe_fpga_ho/vitis_workspace/ppe_dma_platform_v2/hw/dma_passthrough.xsa
TRACE::2026-07-31.15:23:43::SCWPlatform::DSA absoulate path /home/sogang/ppe_fpga_ho/vitis_workspace/ppe_dma_platform_v2/hw/dma_passthrough.xsa
TRACE::2026-07-31.15:23:43::SCWPlatform::DSA directory /home/sogang/ppe_fpga_ho/vitis_workspace/ppe_dma_platform_v2/hw
TRACE::2026-07-31.15:23:43::SCWPlatform:: Platform Path /home/sogang/ppe_fpga_ho/vitis_workspace/ppe_dma_platform_v2/hw/dma_passthrough.xsa
TRACE::2026-07-31.15:23:43::SCWPlatform:: Unique name xilinx:kv260_som_som240_1_connector_kv260_carrier_som240_1_connector::0.0
TRACE::2026-07-31.15:23:43::SCWPlatform::Trying to set the existing hwdb with name dma_passthrough_wrapper_0
TRACE::2026-07-31.15:23:43::SCWPlatform::Opened existing hwdb dma_passthrough_wrapper_0
TRACE::2026-07-31.15:23:43::SCWPlatform::Found the Hw Db part of the input DSA
TRACE::2026-07-31.15:23:43::SCWMssOS::Checking the sw design at  /home/sogang/ppe_fpga_ho/vitis_workspace/ppe_dma_platform_v2/psu_cortexa53_0/standalone_domain/bsp/system.mss
TRACE::2026-07-31.15:23:43::SCWMssOS::DEBUG:  swdes dump  /home/sogang/ppe_fpga_ho/vitis_workspace/ppe_dma_platform_v2/psu_cortexa53_0/standalone_domain/bsp/system.mss|system_1||
/home/sogang/ppe_fpga_ho/vitis_workspace/ppe_dma_platform_v2/zynqmp_fsbl/zynqmp_fsbl_bsp/system.mss|system||
/home/sogang/ppe_fpga_ho/vitis_workspace/ppe_dma_platform_v2/zynqmp_pmufw/zynqmp_pmufw_bsp/system.mss|system_0||

TRACE::2026-07-31.15:23:43::SCWMssOS::Sw design exists and opened at  /home/sogang/ppe_fpga_ho/vitis_workspace/ppe_dma_platform_v2/psu_cortexa53_0/standalone_domain/bsp/system.mss
TRACE::2026-07-31.15:23:43::SCWMssOS::Saving the mss changes /home/sogang/ppe_fpga_ho/vitis_workspace/ppe_dma_platform_v2/zynqmp_fsbl/zynqmp_fsbl_bsp/system.mss
TRACE::2026-07-31.15:23:43::SCWMssOS::Found a swdesign opened with the mssfile.
TRACE::2026-07-31.15:23:43::SCWMssOS::Completed writemss as part of save.
TRACE::2026-07-31.15:23:43::SCWMssOS::Commit changes completed.
TRACE::2026-07-31.15:23:43::SCWMssOS::Saving the mss changes /home/sogang/ppe_fpga_ho/vitis_workspace/ppe_dma_platform_v2/zynqmp_pmufw/zynqmp_pmufw_bsp/system.mss
TRACE::2026-07-31.15:23:43::SCWMssOS::Found a swdesign opened with the mssfile.
TRACE::2026-07-31.15:23:43::SCWMssOS::Completed writemss as part of save.
TRACE::2026-07-31.15:23:43::SCWMssOS::Commit changes completed.
TRACE::2026-07-31.15:23:43::SCWMssOS::Saving the mss changes /home/sogang/ppe_fpga_ho/vitis_workspace/ppe_dma_platform_v2/psu_cortexa53_0/standalone_domain/bsp/system.mss
TRACE::2026-07-31.15:23:43::SCWMssOS::Found a swdesign opened with the mssfile.
TRACE::2026-07-31.15:23:43::SCWMssOS::Completed writemss as part of save.
TRACE::2026-07-31.15:23:43::SCWMssOS::Commit changes completed.
TRACE::2026-07-31.15:23:43::SCWPlatform::Trying to open the hw design at /home/sogang/ppe_fpga_ho/vitis_workspace/ppe_dma_platform_v2/hw/dma_passthrough.xsa
TRACE::2026-07-31.15:23:43::SCWPlatform::DSA given /home/sogang/ppe_fpga_ho/vitis_workspace/ppe_dma_platform_v2/hw/dma_passthrough.xsa
TRACE::2026-07-31.15:23:43::SCWPlatform::DSA absoulate path /home/sogang/ppe_fpga_ho/vitis_workspace/ppe_dma_platform_v2/hw/dma_passthrough.xsa
TRACE::2026-07-31.15:23:43::SCWPlatform::DSA directory /home/sogang/ppe_fpga_ho/vitis_workspace/ppe_dma_platform_v2/hw
TRACE::2026-07-31.15:23:43::SCWPlatform:: Platform Path /home/sogang/ppe_fpga_ho/vitis_workspace/ppe_dma_platform_v2/hw/dma_passthrough.xsa
TRACE::2026-07-31.15:23:43::SCWPlatform:: Unique name xilinx:kv260_som_som240_1_connector_kv260_carrier_som240_1_connector::0.0
TRACE::2026-07-31.15:23:43::SCWPlatform::Trying to set the existing hwdb with name dma_passthrough_wrapper_0
TRACE::2026-07-31.15:23:43::SCWPlatform::Opened existing hwdb dma_passthrough_wrapper_0
TRACE::2026-07-31.15:23:43::SCWPlatform::Found the Hw Db part of the input DSA
TRACE::2026-07-31.15:23:43::SCWMssOS::Checking the sw design at  /home/sogang/ppe_fpga_ho/vitis_workspace/ppe_dma_platform_v2/zynqmp_fsbl/zynqmp_fsbl_bsp/system.mss
TRACE::2026-07-31.15:23:43::SCWMssOS::DEBUG:  swdes dump  /home/sogang/ppe_fpga_ho/vitis_workspace/ppe_dma_platform_v2/psu_cortexa53_0/standalone_domain/bsp/system.mss|system_1||
/home/sogang/ppe_fpga_ho/vitis_workspace/ppe_dma_platform_v2/zynqmp_fsbl/zynqmp_fsbl_bsp/system.mss|system||
/home/sogang/ppe_fpga_ho/vitis_workspace/ppe_dma_platform_v2/zynqmp_pmufw/zynqmp_pmufw_bsp/system.mss|system_0||

TRACE::2026-07-31.15:23:43::SCWMssOS::Sw design exists and opened at  /home/sogang/ppe_fpga_ho/vitis_workspace/ppe_dma_platform_v2/zynqmp_fsbl/zynqmp_fsbl_bsp/system.mss
TRACE::2026-07-31.15:23:43::SCWPlatform::Trying to open the hw design at /home/sogang/ppe_fpga_ho/vitis_workspace/ppe_dma_platform_v2/hw/dma_passthrough.xsa
TRACE::2026-07-31.15:23:43::SCWPlatform::DSA given /home/sogang/ppe_fpga_ho/vitis_workspace/ppe_dma_platform_v2/hw/dma_passthrough.xsa
TRACE::2026-07-31.15:23:43::SCWPlatform::DSA absoulate path /home/sogang/ppe_fpga_ho/vitis_workspace/ppe_dma_platform_v2/hw/dma_passthrough.xsa
TRACE::2026-07-31.15:23:43::SCWPlatform::DSA directory /home/sogang/ppe_fpga_ho/vitis_workspace/ppe_dma_platform_v2/hw
TRACE::2026-07-31.15:23:43::SCWPlatform:: Platform Path /home/sogang/ppe_fpga_ho/vitis_workspace/ppe_dma_platform_v2/hw/dma_passthrough.xsa
TRACE::2026-07-31.15:23:43::SCWPlatform:: Unique name xilinx:kv260_som_som240_1_connector_kv260_carrier_som240_1_connector::0.0
TRACE::2026-07-31.15:23:43::SCWPlatform::Trying to set the existing hwdb with name dma_passthrough_wrapper_0
TRACE::2026-07-31.15:23:43::SCWPlatform::Opened existing hwdb dma_passthrough_wrapper_0
TRACE::2026-07-31.15:23:43::SCWPlatform::Found the Hw Db part of the input DSA
TRACE::2026-07-31.15:23:43::SCWMssOS::Checking the sw design at  /home/sogang/ppe_fpga_ho/vitis_workspace/ppe_dma_platform_v2/zynqmp_fsbl/zynqmp_fsbl_bsp/system.mss
TRACE::2026-07-31.15:23:43::SCWMssOS::DEBUG:  swdes dump  /home/sogang/ppe_fpga_ho/vitis_workspace/ppe_dma_platform_v2/psu_cortexa53_0/standalone_domain/bsp/system.mss|system_1||
/home/sogang/ppe_fpga_ho/vitis_workspace/ppe_dma_platform_v2/zynqmp_fsbl/zynqmp_fsbl_bsp/system.mss|system||
/home/sogang/ppe_fpga_ho/vitis_workspace/ppe_dma_platform_v2/zynqmp_pmufw/zynqmp_pmufw_bsp/system.mss|system_0||

TRACE::2026-07-31.15:23:43::SCWMssOS::Sw design exists and opened at  /home/sogang/ppe_fpga_ho/vitis_workspace/ppe_dma_platform_v2/zynqmp_fsbl/zynqmp_fsbl_bsp/system.mss
TRACE::2026-07-31.15:23:43::SCWPlatform::Trying to open the hw design at /home/sogang/ppe_fpga_ho/vitis_workspace/ppe_dma_platform_v2/hw/dma_passthrough.xsa
TRACE::2026-07-31.15:23:43::SCWPlatform::DSA given /home/sogang/ppe_fpga_ho/vitis_workspace/ppe_dma_platform_v2/hw/dma_passthrough.xsa
TRACE::2026-07-31.15:23:43::SCWPlatform::DSA absoulate path /home/sogang/ppe_fpga_ho/vitis_workspace/ppe_dma_platform_v2/hw/dma_passthrough.xsa
TRACE::2026-07-31.15:23:43::SCWPlatform::DSA directory /home/sogang/ppe_fpga_ho/vitis_workspace/ppe_dma_platform_v2/hw
TRACE::2026-07-31.15:23:43::SCWPlatform:: Platform Path /home/sogang/ppe_fpga_ho/vitis_workspace/ppe_dma_platform_v2/hw/dma_passthrough.xsa
TRACE::2026-07-31.15:23:43::SCWPlatform:: Unique name xilinx:kv260_som_som240_1_connector_kv260_carrier_som240_1_connector::0.0
TRACE::2026-07-31.15:23:43::SCWPlatform::Trying to set the existing hwdb with name dma_passthrough_wrapper_0
TRACE::2026-07-31.15:23:43::SCWPlatform::Opened existing hwdb dma_passthrough_wrapper_0
TRACE::2026-07-31.15:23:43::SCWPlatform::Found the Hw Db part of the input DSA
TRACE::2026-07-31.15:23:43::SCWMssOS::Checking the sw design at  /home/sogang/ppe_fpga_ho/vitis_workspace/ppe_dma_platform_v2/zynqmp_fsbl/zynqmp_fsbl_bsp/system.mss
TRACE::2026-07-31.15:23:43::SCWMssOS::DEBUG:  swdes dump  /home/sogang/ppe_fpga_ho/vitis_workspace/ppe_dma_platform_v2/psu_cortexa53_0/standalone_domain/bsp/system.mss|system_1||
/home/sogang/ppe_fpga_ho/vitis_workspace/ppe_dma_platform_v2/zynqmp_fsbl/zynqmp_fsbl_bsp/system.mss|system||
/home/sogang/ppe_fpga_ho/vitis_workspace/ppe_dma_platform_v2/zynqmp_pmufw/zynqmp_pmufw_bsp/system.mss|system_0||

TRACE::2026-07-31.15:23:43::SCWMssOS::Sw design exists and opened at  /home/sogang/ppe_fpga_ho/vitis_workspace/ppe_dma_platform_v2/zynqmp_fsbl/zynqmp_fsbl_bsp/system.mss
TRACE::2026-07-31.15:23:43::SCWPlatform::Trying to open the hw design at /home/sogang/ppe_fpga_ho/vitis_workspace/ppe_dma_platform_v2/hw/dma_passthrough.xsa
TRACE::2026-07-31.15:23:43::SCWPlatform::DSA given /home/sogang/ppe_fpga_ho/vitis_workspace/ppe_dma_platform_v2/hw/dma_passthrough.xsa
TRACE::2026-07-31.15:23:43::SCWPlatform::DSA absoulate path /home/sogang/ppe_fpga_ho/vitis_workspace/ppe_dma_platform_v2/hw/dma_passthrough.xsa
TRACE::2026-07-31.15:23:43::SCWPlatform::DSA directory /home/sogang/ppe_fpga_ho/vitis_workspace/ppe_dma_platform_v2/hw
TRACE::2026-07-31.15:23:43::SCWPlatform:: Platform Path /home/sogang/ppe_fpga_ho/vitis_workspace/ppe_dma_platform_v2/hw/dma_passthrough.xsa
TRACE::2026-07-31.15:23:43::SCWPlatform:: Unique name xilinx:kv260_som_som240_1_connector_kv260_carrier_som240_1_connector::0.0
TRACE::2026-07-31.15:23:43::SCWPlatform::Trying to set the existing hwdb with name dma_passthrough_wrapper_0
TRACE::2026-07-31.15:23:43::SCWPlatform::Opened existing hwdb dma_passthrough_wrapper_0
TRACE::2026-07-31.15:23:43::SCWPlatform::Found the Hw Db part of the input DSA
TRACE::2026-07-31.15:23:43::SCWMssOS::Checking the sw design at  /home/sogang/ppe_fpga_ho/vitis_workspace/ppe_dma_platform_v2/zynqmp_pmufw/zynqmp_pmufw_bsp/system.mss
TRACE::2026-07-31.15:23:43::SCWMssOS::DEBUG:  swdes dump  /home/sogang/ppe_fpga_ho/vitis_workspace/ppe_dma_platform_v2/psu_cortexa53_0/standalone_domain/bsp/system.mss|system_1||
/home/sogang/ppe_fpga_ho/vitis_workspace/ppe_dma_platform_v2/zynqmp_fsbl/zynqmp_fsbl_bsp/system.mss|system||
/home/sogang/ppe_fpga_ho/vitis_workspace/ppe_dma_platform_v2/zynqmp_pmufw/zynqmp_pmufw_bsp/system.mss|system_0||

TRACE::2026-07-31.15:23:43::SCWMssOS::Sw design exists and opened at  /home/sogang/ppe_fpga_ho/vitis_workspace/ppe_dma_platform_v2/zynqmp_pmufw/zynqmp_pmufw_bsp/system.mss
TRACE::2026-07-31.15:23:43::SCWPlatform::Trying to open the hw design at /home/sogang/ppe_fpga_ho/vitis_workspace/ppe_dma_platform_v2/hw/dma_passthrough.xsa
TRACE::2026-07-31.15:23:43::SCWPlatform::DSA given /home/sogang/ppe_fpga_ho/vitis_workspace/ppe_dma_platform_v2/hw/dma_passthrough.xsa
TRACE::2026-07-31.15:23:43::SCWPlatform::DSA absoulate path /home/sogang/ppe_fpga_ho/vitis_workspace/ppe_dma_platform_v2/hw/dma_passthrough.xsa
TRACE::2026-07-31.15:23:43::SCWPlatform::DSA directory /home/sogang/ppe_fpga_ho/vitis_workspace/ppe_dma_platform_v2/hw
TRACE::2026-07-31.15:23:43::SCWPlatform:: Platform Path /home/sogang/ppe_fpga_ho/vitis_workspace/ppe_dma_platform_v2/hw/dma_passthrough.xsa
TRACE::2026-07-31.15:23:43::SCWPlatform:: Unique name xilinx:kv260_som_som240_1_connector_kv260_carrier_som240_1_connector::0.0
TRACE::2026-07-31.15:23:43::SCWPlatform::Trying to set the existing hwdb with name dma_passthrough_wrapper_0
TRACE::2026-07-31.15:23:43::SCWPlatform::Opened existing hwdb dma_passthrough_wrapper_0
TRACE::2026-07-31.15:23:43::SCWPlatform::Found the Hw Db part of the input DSA
TRACE::2026-07-31.15:23:43::SCWMssOS::Checking the sw design at  /home/sogang/ppe_fpga_ho/vitis_workspace/ppe_dma_platform_v2/zynqmp_pmufw/zynqmp_pmufw_bsp/system.mss
TRACE::2026-07-31.15:23:43::SCWMssOS::DEBUG:  swdes dump  /home/sogang/ppe_fpga_ho/vitis_workspace/ppe_dma_platform_v2/psu_cortexa53_0/standalone_domain/bsp/system.mss|system_1||
/home/sogang/ppe_fpga_ho/vitis_workspace/ppe_dma_platform_v2/zynqmp_fsbl/zynqmp_fsbl_bsp/system.mss|system||
/home/sogang/ppe_fpga_ho/vitis_workspace/ppe_dma_platform_v2/zynqmp_pmufw/zynqmp_pmufw_bsp/system.mss|system_0||

TRACE::2026-07-31.15:23:43::SCWMssOS::Sw design exists and opened at  /home/sogang/ppe_fpga_ho/vitis_workspace/ppe_dma_platform_v2/zynqmp_pmufw/zynqmp_pmufw_bsp/system.mss
TRACE::2026-07-31.15:23:43::SCWPlatform::Trying to open the hw design at /home/sogang/ppe_fpga_ho/vitis_workspace/ppe_dma_platform_v2/hw/dma_passthrough.xsa
TRACE::2026-07-31.15:23:43::SCWPlatform::DSA given /home/sogang/ppe_fpga_ho/vitis_workspace/ppe_dma_platform_v2/hw/dma_passthrough.xsa
TRACE::2026-07-31.15:23:43::SCWPlatform::DSA absoulate path /home/sogang/ppe_fpga_ho/vitis_workspace/ppe_dma_platform_v2/hw/dma_passthrough.xsa
TRACE::2026-07-31.15:23:43::SCWPlatform::DSA directory /home/sogang/ppe_fpga_ho/vitis_workspace/ppe_dma_platform_v2/hw
TRACE::2026-07-31.15:23:43::SCWPlatform:: Platform Path /home/sogang/ppe_fpga_ho/vitis_workspace/ppe_dma_platform_v2/hw/dma_passthrough.xsa
TRACE::2026-07-31.15:23:43::SCWPlatform:: Unique name xilinx:kv260_som_som240_1_connector_kv260_carrier_som240_1_connector::0.0
TRACE::2026-07-31.15:23:43::SCWPlatform::Trying to set the existing hwdb with name dma_passthrough_wrapper_0
TRACE::2026-07-31.15:23:43::SCWPlatform::Opened existing hwdb dma_passthrough_wrapper_0
TRACE::2026-07-31.15:23:43::SCWPlatform::Found the Hw Db part of the input DSA
TRACE::2026-07-31.15:23:43::SCWMssOS::Checking the sw design at  /home/sogang/ppe_fpga_ho/vitis_workspace/ppe_dma_platform_v2/zynqmp_pmufw/zynqmp_pmufw_bsp/system.mss
TRACE::2026-07-31.15:23:43::SCWMssOS::DEBUG:  swdes dump  /home/sogang/ppe_fpga_ho/vitis_workspace/ppe_dma_platform_v2/psu_cortexa53_0/standalone_domain/bsp/system.mss|system_1||
/home/sogang/ppe_fpga_ho/vitis_workspace/ppe_dma_platform_v2/zynqmp_fsbl/zynqmp_fsbl_bsp/system.mss|system||
/home/sogang/ppe_fpga_ho/vitis_workspace/ppe_dma_platform_v2/zynqmp_pmufw/zynqmp_pmufw_bsp/system.mss|system_0||

TRACE::2026-07-31.15:23:43::SCWMssOS::Sw design exists and opened at  /home/sogang/ppe_fpga_ho/vitis_workspace/ppe_dma_platform_v2/zynqmp_pmufw/zynqmp_pmufw_bsp/system.mss
TRACE::2026-07-31.15:23:43::SCWPlatform::Trying to open the hw design at /home/sogang/ppe_fpga_ho/vitis_workspace/ppe_dma_platform_v2/hw/dma_passthrough.xsa
TRACE::2026-07-31.15:23:43::SCWPlatform::DSA given /home/sogang/ppe_fpga_ho/vitis_workspace/ppe_dma_platform_v2/hw/dma_passthrough.xsa
TRACE::2026-07-31.15:23:43::SCWPlatform::DSA absoulate path /home/sogang/ppe_fpga_ho/vitis_workspace/ppe_dma_platform_v2/hw/dma_passthrough.xsa
TRACE::2026-07-31.15:23:43::SCWPlatform::DSA directory /home/sogang/ppe_fpga_ho/vitis_workspace/ppe_dma_platform_v2/hw
TRACE::2026-07-31.15:23:43::SCWPlatform:: Platform Path /home/sogang/ppe_fpga_ho/vitis_workspace/ppe_dma_platform_v2/hw/dma_passthrough.xsa
TRACE::2026-07-31.15:23:43::SCWPlatform:: Unique name xilinx:kv260_som_som240_1_connector_kv260_carrier_som240_1_connector::0.0
TRACE::2026-07-31.15:23:43::SCWPlatform::Trying to set the existing hwdb with name dma_passthrough_wrapper_0
TRACE::2026-07-31.15:23:43::SCWPlatform::Opened existing hwdb dma_passthrough_wrapper_0
TRACE::2026-07-31.15:23:43::SCWPlatform::Found the Hw Db part of the input DSA
TRACE::2026-07-31.15:23:43::SCWMssOS::Checking the sw design at  /home/sogang/ppe_fpga_ho/vitis_workspace/ppe_dma_platform_v2/psu_cortexa53_0/standalone_domain/bsp/system.mss
TRACE::2026-07-31.15:23:43::SCWMssOS::DEBUG:  swdes dump  /home/sogang/ppe_fpga_ho/vitis_workspace/ppe_dma_platform_v2/psu_cortexa53_0/standalone_domain/bsp/system.mss|system_1||
/home/sogang/ppe_fpga_ho/vitis_workspace/ppe_dma_platform_v2/zynqmp_fsbl/zynqmp_fsbl_bsp/system.mss|system||
/home/sogang/ppe_fpga_ho/vitis_workspace/ppe_dma_platform_v2/zynqmp_pmufw/zynqmp_pmufw_bsp/system.mss|system_0||

TRACE::2026-07-31.15:23:43::SCWMssOS::Sw design exists and opened at  /home/sogang/ppe_fpga_ho/vitis_workspace/ppe_dma_platform_v2/psu_cortexa53_0/standalone_domain/bsp/system.mss
TRACE::2026-07-31.15:23:43::SCWPlatform::Trying to open the hw design at /home/sogang/ppe_fpga_ho/vitis_workspace/ppe_dma_platform_v2/hw/dma_passthrough.xsa
TRACE::2026-07-31.15:23:43::SCWPlatform::DSA given /home/sogang/ppe_fpga_ho/vitis_workspace/ppe_dma_platform_v2/hw/dma_passthrough.xsa
TRACE::2026-07-31.15:23:43::SCWPlatform::DSA absoulate path /home/sogang/ppe_fpga_ho/vitis_workspace/ppe_dma_platform_v2/hw/dma_passthrough.xsa
TRACE::2026-07-31.15:23:43::SCWPlatform::DSA directory /home/sogang/ppe_fpga_ho/vitis_workspace/ppe_dma_platform_v2/hw
TRACE::2026-07-31.15:23:43::SCWPlatform:: Platform Path /home/sogang/ppe_fpga_ho/vitis_workspace/ppe_dma_platform_v2/hw/dma_passthrough.xsa
TRACE::2026-07-31.15:23:43::SCWPlatform:: Unique name xilinx:kv260_som_som240_1_connector_kv260_carrier_som240_1_connector::0.0
TRACE::2026-07-31.15:23:43::SCWPlatform::Trying to set the existing hwdb with name dma_passthrough_wrapper_0
TRACE::2026-07-31.15:23:43::SCWPlatform::Opened existing hwdb dma_passthrough_wrapper_0
TRACE::2026-07-31.15:23:43::SCWPlatform::Found the Hw Db part of the input DSA
TRACE::2026-07-31.15:23:43::SCWMssOS::Checking the sw design at  /home/sogang/ppe_fpga_ho/vitis_workspace/ppe_dma_platform_v2/psu_cortexa53_0/standalone_domain/bsp/system.mss
TRACE::2026-07-31.15:23:43::SCWMssOS::DEBUG:  swdes dump  /home/sogang/ppe_fpga_ho/vitis_workspace/ppe_dma_platform_v2/psu_cortexa53_0/standalone_domain/bsp/system.mss|system_1||
/home/sogang/ppe_fpga_ho/vitis_workspace/ppe_dma_platform_v2/zynqmp_fsbl/zynqmp_fsbl_bsp/system.mss|system||
/home/sogang/ppe_fpga_ho/vitis_workspace/ppe_dma_platform_v2/zynqmp_pmufw/zynqmp_pmufw_bsp/system.mss|system_0||

TRACE::2026-07-31.15:23:43::SCWMssOS::Sw design exists and opened at  /home/sogang/ppe_fpga_ho/vitis_workspace/ppe_dma_platform_v2/psu_cortexa53_0/standalone_domain/bsp/system.mss
TRACE::2026-07-31.15:23:43::SCWPlatform::Trying to open the hw design at /home/sogang/ppe_fpga_ho/vitis_workspace/ppe_dma_platform_v2/hw/dma_passthrough.xsa
TRACE::2026-07-31.15:23:43::SCWPlatform::DSA given /home/sogang/ppe_fpga_ho/vitis_workspace/ppe_dma_platform_v2/hw/dma_passthrough.xsa
TRACE::2026-07-31.15:23:43::SCWPlatform::DSA absoulate path /home/sogang/ppe_fpga_ho/vitis_workspace/ppe_dma_platform_v2/hw/dma_passthrough.xsa
TRACE::2026-07-31.15:23:43::SCWPlatform::DSA directory /home/sogang/ppe_fpga_ho/vitis_workspace/ppe_dma_platform_v2/hw
TRACE::2026-07-31.15:23:43::SCWPlatform:: Platform Path /home/sogang/ppe_fpga_ho/vitis_workspace/ppe_dma_platform_v2/hw/dma_passthrough.xsa
TRACE::2026-07-31.15:23:43::SCWPlatform:: Unique name xilinx:kv260_som_som240_1_connector_kv260_carrier_som240_1_connector::0.0
TRACE::2026-07-31.15:23:43::SCWPlatform::Trying to set the existing hwdb with name dma_passthrough_wrapper_0
TRACE::2026-07-31.15:23:43::SCWPlatform::Opened existing hwdb dma_passthrough_wrapper_0
TRACE::2026-07-31.15:23:43::SCWPlatform::Found the Hw Db part of the input DSA
TRACE::2026-07-31.15:23:43::SCWMssOS::Checking the sw design at  /home/sogang/ppe_fpga_ho/vitis_workspace/ppe_dma_platform_v2/psu_cortexa53_0/standalone_domain/bsp/system.mss
TRACE::2026-07-31.15:23:43::SCWMssOS::DEBUG:  swdes dump  /home/sogang/ppe_fpga_ho/vitis_workspace/ppe_dma_platform_v2/psu_cortexa53_0/standalone_domain/bsp/system.mss|system_1||
/home/sogang/ppe_fpga_ho/vitis_workspace/ppe_dma_platform_v2/zynqmp_fsbl/zynqmp_fsbl_bsp/system.mss|system||
/home/sogang/ppe_fpga_ho/vitis_workspace/ppe_dma_platform_v2/zynqmp_pmufw/zynqmp_pmufw_bsp/system.mss|system_0||

TRACE::2026-07-31.15:23:43::SCWMssOS::Sw design exists and opened at  /home/sogang/ppe_fpga_ho/vitis_workspace/ppe_dma_platform_v2/psu_cortexa53_0/standalone_domain/bsp/system.mss
TRACE::2026-07-31.15:23:43::SCWWriter::formatted JSON is {
	"platformName":	"ppe_dma_platform_v2",
	"sprVersion":	"2.0",
	"mode":	"gui",
	"dsaType":	"Fixed",
	"platformDesc":	"ppe_dma_platform_v2",
	"platHandOff":	"/home/sogang/ppe_fpga_ho/ppe_dma_passthrough/dma_passthrough.xsa",
	"platIntHandOff":	"<platformDir>/hw/dma_passthrough.xsa",
	"deviceType":	"zynqMP",
	"platIsPrebuiltAutogen":	"false",
	"platIsNoBootBsp":	"false",
	"platFsblTarget":	"psu_cortexa53_0",
	"hasFsblMakeHasChanges":	"false",
	"hasPmufwMakeHasChanges":	"false",
	"fsblExtraCompilerFlags":	"-MMD -MP      -Wall -fmessage-length=0 -DARMA53_64 -Os -flto -ffat-lto-objects  ",
	"pmufwExtraCompilerFlags":	"-MMD -MP      -mlittle-endian -mxl-barrel-shift -mxl-pattern-compare -mcpu=v9.2 -mxl-soft-mul -Os -flto -ffat-lto-objects  ",
	"platPreBuiltFlag":	false,
	"platformSamplesDir":	"",
	"platActiveSys":	"ppe_dma_platform_v2",
	"systems":	[{
			"systemName":	"ppe_dma_platform_v2",
			"systemDesc":	"ppe_dma_platform_v2",
			"sysIsBootAutoGen":	"true",
			"systemDispName":	"ppe_dma_platform_v2",
			"sysActiveDom":	"standalone_domain",
			"sysDefaultDom":	"standalone_domain",
			"domains":	[{
					"domainName":	"zynqmp_fsbl",
					"domainDispName":	"zynqmp_fsbl",
					"domainDesc":	"FSBL Application BSP - Auto Generated.",
					"processors":	"psu_cortexa53_0",
					"os":	"standalone",
					"sdxOs":	"standalone",
					"debugEnable":	"",
					"domRuntimes":	["cpp"],
					"swRepo":	"",
					"mssOsVer":	"8.0",
					"mssFile":	"",
					"md5Digest":	"332ff52bd845638954df10536f91cfb4",
					"compatibleApp":	"zynqmp_fsbl",
					"domType":	"bootDomain",
					"arch":	"64-bit",
					"appSettings":	{
						"appCompilerFlags":	"",
						"appLinkerFlags":	""
					},
					"addedLibs":	["xilffs:4.8", "xilsecure:5.0", "xilpm:4.1"],
					"libOptions":	{
						"standalone":	{
							"zynqmp_fsbl_bsp":	"true",
							"libOptionNames":	["zynqmp_fsbl_bsp"]
						},
						"xilffs":	{
							"read_only":	"true",
							"use_mkfs":	"false",
							"libOptionNames":	["read_only", "use_mkfs"]
						},
						"xilsecure":	{
							"tpm_support":	"true",
							"libOptionNames":	["tpm_support"]
						},
						"libsContainingOptions":	["standalone", "xilffs", "xilsecure"]
					},
					"prebuiltLibs":	{
						"prebuiltIncPath":	[],
						"prebuiltLibPath":	[]
					},
					"isolation":	{
					}
				}, {
					"domainName":	"zynqmp_pmufw",
					"domainDispName":	"zynqmp_pmufw",
					"domainDesc":	"PMUFW Application BSP - Auto Generated.",
					"processors":	"psu_pmu_0",
					"os":	"standalone",
					"sdxOs":	"standalone",
					"debugEnable":	"",
					"domRuntimes":	["cpp"],
					"swRepo":	"",
					"mssOsVer":	"8.0",
					"mssFile":	"",
					"md5Digest":	"4326c1771525a0d091d1a33e303870d4",
					"compatibleApp":	"zynqmp_pmufw",
					"domType":	"bootDomain",
					"arch":	"32-bit",
					"appSettings":	{
						"appCompilerFlags":	"",
						"appLinkerFlags":	""
					},
					"addedLibs":	["xilfpga:6.3", "xilsecure:5.0", "xilskey:7.3"],
					"libOptions":	{
						"psu_pmu_0":	{
							"extra_compiler_flags":	"-g -ffunction-sections -fdata-sections -Wall -Wextra -fno-tree-loop-distribute-patterns  -Os -flto -ffat-lto-objects",
							"libOptionNames":	["extra_compiler_flags"]
						},
						"libsContainingOptions":	["psu_pmu_0"]
					},
					"prebuiltLibs":	{
						"prebuiltIncPath":	[],
						"prebuiltLibPath":	[]
					},
					"isolation":	{
					}
				}, {
					"domainName":	"standalone_domain",
					"domainDispName":	"standalone_domain",
					"domainDesc":	"standalone_domain",
					"processors":	"psu_cortexa53_0",
					"os":	"standalone",
					"sdxOs":	"standalone",
					"qemuArgs":	"<platformDir>/resources/ppe_dma_platform_v2/standalone_domain/qemu_args.txt",
					"qemuData":	"<platformDir>/resources/ppe_dma_platform_v2/standalone_domain/qemu",
					"pmuQemuArgs":	"<platformDir>/resources/ppe_dma_platform_v2/standalone_domain/pmu_args.txt",
					"debugEnable":	"False",
					"domRuntimes":	["cpp"],
					"swRepo":	"",
					"mssOsVer":	"8.0",
					"mssFile":	"",
					"md5Digest":	"ba89d83b0e45dc7a5bee76b0c58c9e68",
					"compatibleApp":	"",
					"domType":	"mssDomain",
					"arch":	"64-bit",
					"appSettings":	{
						"appCompilerFlags":	"",
						"appLinkerFlags":	""
					},
					"addedLibs":	[],
					"libOptions":	{
						"libsContainingOptions":	[]
					},
					"prebuiltLibs":	{
						"prebuiltIncPath":	[],
						"prebuiltLibPath":	[]
					},
					"isolation":	{
					}
				}]
		}]
}
TRACE::2026-07-31.15:23:43::SCWPlatform::Trying to open the hw design at /home/sogang/ppe_fpga_ho/vitis_workspace/ppe_dma_platform_v2/hw/dma_passthrough.xsa
TRACE::2026-07-31.15:23:43::SCWPlatform::DSA given /home/sogang/ppe_fpga_ho/vitis_workspace/ppe_dma_platform_v2/hw/dma_passthrough.xsa
TRACE::2026-07-31.15:23:43::SCWPlatform::DSA absoulate path /home/sogang/ppe_fpga_ho/vitis_workspace/ppe_dma_platform_v2/hw/dma_passthrough.xsa
TRACE::2026-07-31.15:23:43::SCWPlatform::DSA directory /home/sogang/ppe_fpga_ho/vitis_workspace/ppe_dma_platform_v2/hw
TRACE::2026-07-31.15:23:43::SCWPlatform:: Platform Path /home/sogang/ppe_fpga_ho/vitis_workspace/ppe_dma_platform_v2/hw/dma_passthrough.xsa
TRACE::2026-07-31.15:23:43::SCWPlatform:: Unique name xilinx:kv260_som_som240_1_connector_kv260_carrier_som240_1_connector::0.0
TRACE::2026-07-31.15:23:43::SCWPlatform::Trying to set the existing hwdb with name dma_passthrough_wrapper_0
TRACE::2026-07-31.15:23:43::SCWPlatform::Opened existing hwdb dma_passthrough_wrapper_0
TRACE::2026-07-31.15:23:43::SCWPlatform::Found the Hw Db part of the input DSA
TRACE::2026-07-31.15:23:43::SCWMssOS::Checking the sw design at  /home/sogang/ppe_fpga_ho/vitis_workspace/ppe_dma_platform_v2/psu_cortexa53_0/standalone_domain/bsp/system.mss
TRACE::2026-07-31.15:23:43::SCWMssOS::DEBUG:  swdes dump  /home/sogang/ppe_fpga_ho/vitis_workspace/ppe_dma_platform_v2/psu_cortexa53_0/standalone_domain/bsp/system.mss|system_1||
/home/sogang/ppe_fpga_ho/vitis_workspace/ppe_dma_platform_v2/zynqmp_fsbl/zynqmp_fsbl_bsp/system.mss|system||
/home/sogang/ppe_fpga_ho/vitis_workspace/ppe_dma_platform_v2/zynqmp_pmufw/zynqmp_pmufw_bsp/system.mss|system_0||

TRACE::2026-07-31.15:23:43::SCWMssOS::Sw design exists and opened at  /home/sogang/ppe_fpga_ho/vitis_workspace/ppe_dma_platform_v2/psu_cortexa53_0/standalone_domain/bsp/system.mss
TRACE::2026-07-31.15:23:43::SCWPlatform::Trying to open the hw design at /home/sogang/ppe_fpga_ho/vitis_workspace/ppe_dma_platform_v2/hw/dma_passthrough.xsa
TRACE::2026-07-31.15:23:43::SCWPlatform::DSA given /home/sogang/ppe_fpga_ho/vitis_workspace/ppe_dma_platform_v2/hw/dma_passthrough.xsa
TRACE::2026-07-31.15:23:43::SCWPlatform::DSA absoulate path /home/sogang/ppe_fpga_ho/vitis_workspace/ppe_dma_platform_v2/hw/dma_passthrough.xsa
TRACE::2026-07-31.15:23:43::SCWPlatform::DSA directory /home/sogang/ppe_fpga_ho/vitis_workspace/ppe_dma_platform_v2/hw
TRACE::2026-07-31.15:23:43::SCWPlatform:: Platform Path /home/sogang/ppe_fpga_ho/vitis_workspace/ppe_dma_platform_v2/hw/dma_passthrough.xsa
TRACE::2026-07-31.15:23:43::SCWPlatform:: Unique name xilinx:kv260_som_som240_1_connector_kv260_carrier_som240_1_connector::0.0
TRACE::2026-07-31.15:23:43::SCWPlatform::Trying to set the existing hwdb with name dma_passthrough_wrapper_0
TRACE::2026-07-31.15:23:43::SCWPlatform::Opened existing hwdb dma_passthrough_wrapper_0
TRACE::2026-07-31.15:23:43::SCWPlatform::Found the Hw Db part of the input DSA
TRACE::2026-07-31.15:23:43::SCWMssOS::Checking the sw design at  /home/sogang/ppe_fpga_ho/vitis_workspace/ppe_dma_platform_v2/psu_cortexa53_0/standalone_domain/bsp/system.mss
TRACE::2026-07-31.15:23:43::SCWMssOS::DEBUG:  swdes dump  /home/sogang/ppe_fpga_ho/vitis_workspace/ppe_dma_platform_v2/psu_cortexa53_0/standalone_domain/bsp/system.mss|system_1||
/home/sogang/ppe_fpga_ho/vitis_workspace/ppe_dma_platform_v2/zynqmp_fsbl/zynqmp_fsbl_bsp/system.mss|system||
/home/sogang/ppe_fpga_ho/vitis_workspace/ppe_dma_platform_v2/zynqmp_pmufw/zynqmp_pmufw_bsp/system.mss|system_0||

TRACE::2026-07-31.15:23:43::SCWMssOS::Sw design exists and opened at  /home/sogang/ppe_fpga_ho/vitis_workspace/ppe_dma_platform_v2/psu_cortexa53_0/standalone_domain/bsp/system.mss
TRACE::2026-07-31.15:23:43::SCWPlatform::Trying to open the hw design at /home/sogang/ppe_fpga_ho/vitis_workspace/ppe_dma_platform_v2/hw/dma_passthrough.xsa
TRACE::2026-07-31.15:23:43::SCWPlatform::DSA given /home/sogang/ppe_fpga_ho/vitis_workspace/ppe_dma_platform_v2/hw/dma_passthrough.xsa
TRACE::2026-07-31.15:23:43::SCWPlatform::DSA absoulate path /home/sogang/ppe_fpga_ho/vitis_workspace/ppe_dma_platform_v2/hw/dma_passthrough.xsa
TRACE::2026-07-31.15:23:43::SCWPlatform::DSA directory /home/sogang/ppe_fpga_ho/vitis_workspace/ppe_dma_platform_v2/hw
TRACE::2026-07-31.15:23:43::SCWPlatform:: Platform Path /home/sogang/ppe_fpga_ho/vitis_workspace/ppe_dma_platform_v2/hw/dma_passthrough.xsa
TRACE::2026-07-31.15:23:43::SCWPlatform:: Unique name xilinx:kv260_som_som240_1_connector_kv260_carrier_som240_1_connector::0.0
TRACE::2026-07-31.15:23:43::SCWPlatform::Trying to set the existing hwdb with name dma_passthrough_wrapper_0
TRACE::2026-07-31.15:23:43::SCWPlatform::Opened existing hwdb dma_passthrough_wrapper_0
TRACE::2026-07-31.15:23:43::SCWPlatform::Found the Hw Db part of the input DSA
TRACE::2026-07-31.15:23:43::SCWMssOS::Checking the sw design at  /home/sogang/ppe_fpga_ho/vitis_workspace/ppe_dma_platform_v2/psu_cortexa53_0/standalone_domain/bsp/system.mss
TRACE::2026-07-31.15:23:43::SCWMssOS::DEBUG:  swdes dump  /home/sogang/ppe_fpga_ho/vitis_workspace/ppe_dma_platform_v2/psu_cortexa53_0/standalone_domain/bsp/system.mss|system_1||
/home/sogang/ppe_fpga_ho/vitis_workspace/ppe_dma_platform_v2/zynqmp_fsbl/zynqmp_fsbl_bsp/system.mss|system||
/home/sogang/ppe_fpga_ho/vitis_workspace/ppe_dma_platform_v2/zynqmp_pmufw/zynqmp_pmufw_bsp/system.mss|system_0||

TRACE::2026-07-31.15:23:43::SCWMssOS::Sw design exists and opened at  /home/sogang/ppe_fpga_ho/vitis_workspace/ppe_dma_platform_v2/psu_cortexa53_0/standalone_domain/bsp/system.mss
TRACE::2026-07-31.15:23:43::SCWMssOS::Saving the mss changes /home/sogang/ppe_fpga_ho/vitis_workspace/ppe_dma_platform_v2/zynqmp_fsbl/zynqmp_fsbl_bsp/system.mss
TRACE::2026-07-31.15:23:43::SCWMssOS::Found a swdesign opened with the mssfile.
TRACE::2026-07-31.15:23:43::SCWMssOS::Completed writemss as part of save.
TRACE::2026-07-31.15:23:43::SCWMssOS::Commit changes completed.
TRACE::2026-07-31.15:23:43::SCWMssOS::Saving the mss changes /home/sogang/ppe_fpga_ho/vitis_workspace/ppe_dma_platform_v2/zynqmp_pmufw/zynqmp_pmufw_bsp/system.mss
TRACE::2026-07-31.15:23:43::SCWMssOS::Found a swdesign opened with the mssfile.
TRACE::2026-07-31.15:23:43::SCWMssOS::Completed writemss as part of save.
TRACE::2026-07-31.15:23:43::SCWMssOS::Commit changes completed.
TRACE::2026-07-31.15:23:43::SCWMssOS::Saving the mss changes /home/sogang/ppe_fpga_ho/vitis_workspace/ppe_dma_platform_v2/psu_cortexa53_0/standalone_domain/bsp/system.mss
TRACE::2026-07-31.15:23:43::SCWMssOS::Found a swdesign opened with the mssfile.
TRACE::2026-07-31.15:23:43::SCWMssOS::Completed writemss as part of save.
TRACE::2026-07-31.15:23:43::SCWMssOS::Commit changes completed.
TRACE::2026-07-31.15:23:43::SCWPlatform::Trying to open the hw design at /home/sogang/ppe_fpga_ho/vitis_workspace/ppe_dma_platform_v2/hw/dma_passthrough.xsa
TRACE::2026-07-31.15:23:43::SCWPlatform::DSA given /home/sogang/ppe_fpga_ho/vitis_workspace/ppe_dma_platform_v2/hw/dma_passthrough.xsa
TRACE::2026-07-31.15:23:43::SCWPlatform::DSA absoulate path /home/sogang/ppe_fpga_ho/vitis_workspace/ppe_dma_platform_v2/hw/dma_passthrough.xsa
TRACE::2026-07-31.15:23:43::SCWPlatform::DSA directory /home/sogang/ppe_fpga_ho/vitis_workspace/ppe_dma_platform_v2/hw
TRACE::2026-07-31.15:23:43::SCWPlatform:: Platform Path /home/sogang/ppe_fpga_ho/vitis_workspace/ppe_dma_platform_v2/hw/dma_passthrough.xsa
TRACE::2026-07-31.15:23:43::SCWPlatform:: Unique name xilinx:kv260_som_som240_1_connector_kv260_carrier_som240_1_connector::0.0
TRACE::2026-07-31.15:23:43::SCWPlatform::Trying to set the existing hwdb with name dma_passthrough_wrapper_0
TRACE::2026-07-31.15:23:43::SCWPlatform::Opened existing hwdb dma_passthrough_wrapper_0
TRACE::2026-07-31.15:23:43::SCWPlatform::Found the Hw Db part of the input DSA
TRACE::2026-07-31.15:23:43::SCWMssOS::Checking the sw design at  /home/sogang/ppe_fpga_ho/vitis_workspace/ppe_dma_platform_v2/zynqmp_fsbl/zynqmp_fsbl_bsp/system.mss
TRACE::2026-07-31.15:23:43::SCWMssOS::DEBUG:  swdes dump  /home/sogang/ppe_fpga_ho/vitis_workspace/ppe_dma_platform_v2/psu_cortexa53_0/standalone_domain/bsp/system.mss|system_1||
/home/sogang/ppe_fpga_ho/vitis_workspace/ppe_dma_platform_v2/zynqmp_fsbl/zynqmp_fsbl_bsp/system.mss|system||
/home/sogang/ppe_fpga_ho/vitis_workspace/ppe_dma_platform_v2/zynqmp_pmufw/zynqmp_pmufw_bsp/system.mss|system_0||

TRACE::2026-07-31.15:23:43::SCWMssOS::Sw design exists and opened at  /home/sogang/ppe_fpga_ho/vitis_workspace/ppe_dma_platform_v2/zynqmp_fsbl/zynqmp_fsbl_bsp/system.mss
TRACE::2026-07-31.15:23:43::SCWPlatform::Trying to open the hw design at /home/sogang/ppe_fpga_ho/vitis_workspace/ppe_dma_platform_v2/hw/dma_passthrough.xsa
TRACE::2026-07-31.15:23:43::SCWPlatform::DSA given /home/sogang/ppe_fpga_ho/vitis_workspace/ppe_dma_platform_v2/hw/dma_passthrough.xsa
TRACE::2026-07-31.15:23:43::SCWPlatform::DSA absoulate path /home/sogang/ppe_fpga_ho/vitis_workspace/ppe_dma_platform_v2/hw/dma_passthrough.xsa
TRACE::2026-07-31.15:23:43::SCWPlatform::DSA directory /home/sogang/ppe_fpga_ho/vitis_workspace/ppe_dma_platform_v2/hw
TRACE::2026-07-31.15:23:43::SCWPlatform:: Platform Path /home/sogang/ppe_fpga_ho/vitis_workspace/ppe_dma_platform_v2/hw/dma_passthrough.xsa
TRACE::2026-07-31.15:23:43::SCWPlatform:: Unique name xilinx:kv260_som_som240_1_connector_kv260_carrier_som240_1_connector::0.0
TRACE::2026-07-31.15:23:43::SCWPlatform::Trying to set the existing hwdb with name dma_passthrough_wrapper_0
TRACE::2026-07-31.15:23:43::SCWPlatform::Opened existing hwdb dma_passthrough_wrapper_0
TRACE::2026-07-31.15:23:43::SCWPlatform::Found the Hw Db part of the input DSA
TRACE::2026-07-31.15:23:43::SCWMssOS::Checking the sw design at  /home/sogang/ppe_fpga_ho/vitis_workspace/ppe_dma_platform_v2/zynqmp_fsbl/zynqmp_fsbl_bsp/system.mss
TRACE::2026-07-31.15:23:43::SCWMssOS::DEBUG:  swdes dump  /home/sogang/ppe_fpga_ho/vitis_workspace/ppe_dma_platform_v2/psu_cortexa53_0/standalone_domain/bsp/system.mss|system_1||
/home/sogang/ppe_fpga_ho/vitis_workspace/ppe_dma_platform_v2/zynqmp_fsbl/zynqmp_fsbl_bsp/system.mss|system||
/home/sogang/ppe_fpga_ho/vitis_workspace/ppe_dma_platform_v2/zynqmp_pmufw/zynqmp_pmufw_bsp/system.mss|system_0||

TRACE::2026-07-31.15:23:43::SCWMssOS::Sw design exists and opened at  /home/sogang/ppe_fpga_ho/vitis_workspace/ppe_dma_platform_v2/zynqmp_fsbl/zynqmp_fsbl_bsp/system.mss
TRACE::2026-07-31.15:23:43::SCWPlatform::Trying to open the hw design at /home/sogang/ppe_fpga_ho/vitis_workspace/ppe_dma_platform_v2/hw/dma_passthrough.xsa
TRACE::2026-07-31.15:23:43::SCWPlatform::DSA given /home/sogang/ppe_fpga_ho/vitis_workspace/ppe_dma_platform_v2/hw/dma_passthrough.xsa
TRACE::2026-07-31.15:23:43::SCWPlatform::DSA absoulate path /home/sogang/ppe_fpga_ho/vitis_workspace/ppe_dma_platform_v2/hw/dma_passthrough.xsa
TRACE::2026-07-31.15:23:43::SCWPlatform::DSA directory /home/sogang/ppe_fpga_ho/vitis_workspace/ppe_dma_platform_v2/hw
TRACE::2026-07-31.15:23:43::SCWPlatform:: Platform Path /home/sogang/ppe_fpga_ho/vitis_workspace/ppe_dma_platform_v2/hw/dma_passthrough.xsa
TRACE::2026-07-31.15:23:43::SCWPlatform:: Unique name xilinx:kv260_som_som240_1_connector_kv260_carrier_som240_1_connector::0.0
TRACE::2026-07-31.15:23:43::SCWPlatform::Trying to set the existing hwdb with name dma_passthrough_wrapper_0
TRACE::2026-07-31.15:23:43::SCWPlatform::Opened existing hwdb dma_passthrough_wrapper_0
TRACE::2026-07-31.15:23:43::SCWPlatform::Found the Hw Db part of the input DSA
TRACE::2026-07-31.15:23:43::SCWMssOS::Checking the sw design at  /home/sogang/ppe_fpga_ho/vitis_workspace/ppe_dma_platform_v2/zynqmp_fsbl/zynqmp_fsbl_bsp/system.mss
TRACE::2026-07-31.15:23:43::SCWMssOS::DEBUG:  swdes dump  /home/sogang/ppe_fpga_ho/vitis_workspace/ppe_dma_platform_v2/psu_cortexa53_0/standalone_domain/bsp/system.mss|system_1||
/home/sogang/ppe_fpga_ho/vitis_workspace/ppe_dma_platform_v2/zynqmp_fsbl/zynqmp_fsbl_bsp/system.mss|system||
/home/sogang/ppe_fpga_ho/vitis_workspace/ppe_dma_platform_v2/zynqmp_pmufw/zynqmp_pmufw_bsp/system.mss|system_0||

TRACE::2026-07-31.15:23:43::SCWMssOS::Sw design exists and opened at  /home/sogang/ppe_fpga_ho/vitis_workspace/ppe_dma_platform_v2/zynqmp_fsbl/zynqmp_fsbl_bsp/system.mss
TRACE::2026-07-31.15:23:43::SCWPlatform::Trying to open the hw design at /home/sogang/ppe_fpga_ho/vitis_workspace/ppe_dma_platform_v2/hw/dma_passthrough.xsa
TRACE::2026-07-31.15:23:43::SCWPlatform::DSA given /home/sogang/ppe_fpga_ho/vitis_workspace/ppe_dma_platform_v2/hw/dma_passthrough.xsa
TRACE::2026-07-31.15:23:43::SCWPlatform::DSA absoulate path /home/sogang/ppe_fpga_ho/vitis_workspace/ppe_dma_platform_v2/hw/dma_passthrough.xsa
TRACE::2026-07-31.15:23:43::SCWPlatform::DSA directory /home/sogang/ppe_fpga_ho/vitis_workspace/ppe_dma_platform_v2/hw
TRACE::2026-07-31.15:23:43::SCWPlatform:: Platform Path /home/sogang/ppe_fpga_ho/vitis_workspace/ppe_dma_platform_v2/hw/dma_passthrough.xsa
TRACE::2026-07-31.15:23:43::SCWPlatform:: Unique name xilinx:kv260_som_som240_1_connector_kv260_carrier_som240_1_connector::0.0
TRACE::2026-07-31.15:23:43::SCWPlatform::Trying to set the existing hwdb with name dma_passthrough_wrapper_0
TRACE::2026-07-31.15:23:43::SCWPlatform::Opened existing hwdb dma_passthrough_wrapper_0
TRACE::2026-07-31.15:23:43::SCWPlatform::Found the Hw Db part of the input DSA
TRACE::2026-07-31.15:23:43::SCWMssOS::Checking the sw design at  /home/sogang/ppe_fpga_ho/vitis_workspace/ppe_dma_platform_v2/zynqmp_pmufw/zynqmp_pmufw_bsp/system.mss
TRACE::2026-07-31.15:23:43::SCWMssOS::DEBUG:  swdes dump  /home/sogang/ppe_fpga_ho/vitis_workspace/ppe_dma_platform_v2/psu_cortexa53_0/standalone_domain/bsp/system.mss|system_1||
/home/sogang/ppe_fpga_ho/vitis_workspace/ppe_dma_platform_v2/zynqmp_fsbl/zynqmp_fsbl_bsp/system.mss|system||
/home/sogang/ppe_fpga_ho/vitis_workspace/ppe_dma_platform_v2/zynqmp_pmufw/zynqmp_pmufw_bsp/system.mss|system_0||

TRACE::2026-07-31.15:23:43::SCWMssOS::Sw design exists and opened at  /home/sogang/ppe_fpga_ho/vitis_workspace/ppe_dma_platform_v2/zynqmp_pmufw/zynqmp_pmufw_bsp/system.mss
TRACE::2026-07-31.15:23:43::SCWPlatform::Trying to open the hw design at /home/sogang/ppe_fpga_ho/vitis_workspace/ppe_dma_platform_v2/hw/dma_passthrough.xsa
TRACE::2026-07-31.15:23:43::SCWPlatform::DSA given /home/sogang/ppe_fpga_ho/vitis_workspace/ppe_dma_platform_v2/hw/dma_passthrough.xsa
TRACE::2026-07-31.15:23:43::SCWPlatform::DSA absoulate path /home/sogang/ppe_fpga_ho/vitis_workspace/ppe_dma_platform_v2/hw/dma_passthrough.xsa
TRACE::2026-07-31.15:23:43::SCWPlatform::DSA directory /home/sogang/ppe_fpga_ho/vitis_workspace/ppe_dma_platform_v2/hw
TRACE::2026-07-31.15:23:43::SCWPlatform:: Platform Path /home/sogang/ppe_fpga_ho/vitis_workspace/ppe_dma_platform_v2/hw/dma_passthrough.xsa
TRACE::2026-07-31.15:23:43::SCWPlatform:: Unique name xilinx:kv260_som_som240_1_connector_kv260_carrier_som240_1_connector::0.0
TRACE::2026-07-31.15:23:43::SCWPlatform::Trying to set the existing hwdb with name dma_passthrough_wrapper_0
TRACE::2026-07-31.15:23:43::SCWPlatform::Opened existing hwdb dma_passthrough_wrapper_0
TRACE::2026-07-31.15:23:43::SCWPlatform::Found the Hw Db part of the input DSA
TRACE::2026-07-31.15:23:43::SCWMssOS::Checking the sw design at  /home/sogang/ppe_fpga_ho/vitis_workspace/ppe_dma_platform_v2/zynqmp_pmufw/zynqmp_pmufw_bsp/system.mss
TRACE::2026-07-31.15:23:43::SCWMssOS::DEBUG:  swdes dump  /home/sogang/ppe_fpga_ho/vitis_workspace/ppe_dma_platform_v2/psu_cortexa53_0/standalone_domain/bsp/system.mss|system_1||
/home/sogang/ppe_fpga_ho/vitis_workspace/ppe_dma_platform_v2/zynqmp_fsbl/zynqmp_fsbl_bsp/system.mss|system||
/home/sogang/ppe_fpga_ho/vitis_workspace/ppe_dma_platform_v2/zynqmp_pmufw/zynqmp_pmufw_bsp/system.mss|system_0||

TRACE::2026-07-31.15:23:43::SCWMssOS::Sw design exists and opened at  /home/sogang/ppe_fpga_ho/vitis_workspace/ppe_dma_platform_v2/zynqmp_pmufw/zynqmp_pmufw_bsp/system.mss
TRACE::2026-07-31.15:23:43::SCWPlatform::Trying to open the hw design at /home/sogang/ppe_fpga_ho/vitis_workspace/ppe_dma_platform_v2/hw/dma_passthrough.xsa
TRACE::2026-07-31.15:23:43::SCWPlatform::DSA given /home/sogang/ppe_fpga_ho/vitis_workspace/ppe_dma_platform_v2/hw/dma_passthrough.xsa
TRACE::2026-07-31.15:23:43::SCWPlatform::DSA absoulate path /home/sogang/ppe_fpga_ho/vitis_workspace/ppe_dma_platform_v2/hw/dma_passthrough.xsa
TRACE::2026-07-31.15:23:43::SCWPlatform::DSA directory /home/sogang/ppe_fpga_ho/vitis_workspace/ppe_dma_platform_v2/hw
TRACE::2026-07-31.15:23:43::SCWPlatform:: Platform Path /home/sogang/ppe_fpga_ho/vitis_workspace/ppe_dma_platform_v2/hw/dma_passthrough.xsa
TRACE::2026-07-31.15:23:43::SCWPlatform:: Unique name xilinx:kv260_som_som240_1_connector_kv260_carrier_som240_1_connector::0.0
TRACE::2026-07-31.15:23:43::SCWPlatform::Trying to set the existing hwdb with name dma_passthrough_wrapper_0
TRACE::2026-07-31.15:23:43::SCWPlatform::Opened existing hwdb dma_passthrough_wrapper_0
TRACE::2026-07-31.15:23:43::SCWPlatform::Found the Hw Db part of the input DSA
TRACE::2026-07-31.15:23:43::SCWMssOS::Checking the sw design at  /home/sogang/ppe_fpga_ho/vitis_workspace/ppe_dma_platform_v2/zynqmp_pmufw/zynqmp_pmufw_bsp/system.mss
TRACE::2026-07-31.15:23:43::SCWMssOS::DEBUG:  swdes dump  /home/sogang/ppe_fpga_ho/vitis_workspace/ppe_dma_platform_v2/psu_cortexa53_0/standalone_domain/bsp/system.mss|system_1||
/home/sogang/ppe_fpga_ho/vitis_workspace/ppe_dma_platform_v2/zynqmp_fsbl/zynqmp_fsbl_bsp/system.mss|system||
/home/sogang/ppe_fpga_ho/vitis_workspace/ppe_dma_platform_v2/zynqmp_pmufw/zynqmp_pmufw_bsp/system.mss|system_0||

TRACE::2026-07-31.15:23:43::SCWMssOS::Sw design exists and opened at  /home/sogang/ppe_fpga_ho/vitis_workspace/ppe_dma_platform_v2/zynqmp_pmufw/zynqmp_pmufw_bsp/system.mss
TRACE::2026-07-31.15:23:43::SCWPlatform::Trying to open the hw design at /home/sogang/ppe_fpga_ho/vitis_workspace/ppe_dma_platform_v2/hw/dma_passthrough.xsa
TRACE::2026-07-31.15:23:43::SCWPlatform::DSA given /home/sogang/ppe_fpga_ho/vitis_workspace/ppe_dma_platform_v2/hw/dma_passthrough.xsa
TRACE::2026-07-31.15:23:43::SCWPlatform::DSA absoulate path /home/sogang/ppe_fpga_ho/vitis_workspace/ppe_dma_platform_v2/hw/dma_passthrough.xsa
TRACE::2026-07-31.15:23:43::SCWPlatform::DSA directory /home/sogang/ppe_fpga_ho/vitis_workspace/ppe_dma_platform_v2/hw
TRACE::2026-07-31.15:23:43::SCWPlatform:: Platform Path /home/sogang/ppe_fpga_ho/vitis_workspace/ppe_dma_platform_v2/hw/dma_passthrough.xsa
TRACE::2026-07-31.15:23:43::SCWPlatform:: Unique name xilinx:kv260_som_som240_1_connector_kv260_carrier_som240_1_connector::0.0
TRACE::2026-07-31.15:23:43::SCWPlatform::Trying to set the existing hwdb with name dma_passthrough_wrapper_0
TRACE::2026-07-31.15:23:43::SCWPlatform::Opened existing hwdb dma_passthrough_wrapper_0
TRACE::2026-07-31.15:23:43::SCWPlatform::Found the Hw Db part of the input DSA
TRACE::2026-07-31.15:23:43::SCWMssOS::Checking the sw design at  /home/sogang/ppe_fpga_ho/vitis_workspace/ppe_dma_platform_v2/psu_cortexa53_0/standalone_domain/bsp/system.mss
TRACE::2026-07-31.15:23:43::SCWMssOS::DEBUG:  swdes dump  /home/sogang/ppe_fpga_ho/vitis_workspace/ppe_dma_platform_v2/psu_cortexa53_0/standalone_domain/bsp/system.mss|system_1||
/home/sogang/ppe_fpga_ho/vitis_workspace/ppe_dma_platform_v2/zynqmp_fsbl/zynqmp_fsbl_bsp/system.mss|system||
/home/sogang/ppe_fpga_ho/vitis_workspace/ppe_dma_platform_v2/zynqmp_pmufw/zynqmp_pmufw_bsp/system.mss|system_0||

TRACE::2026-07-31.15:23:43::SCWMssOS::Sw design exists and opened at  /home/sogang/ppe_fpga_ho/vitis_workspace/ppe_dma_platform_v2/psu_cortexa53_0/standalone_domain/bsp/system.mss
TRACE::2026-07-31.15:23:43::SCWPlatform::Trying to open the hw design at /home/sogang/ppe_fpga_ho/vitis_workspace/ppe_dma_platform_v2/hw/dma_passthrough.xsa
TRACE::2026-07-31.15:23:43::SCWPlatform::DSA given /home/sogang/ppe_fpga_ho/vitis_workspace/ppe_dma_platform_v2/hw/dma_passthrough.xsa
TRACE::2026-07-31.15:23:43::SCWPlatform::DSA absoulate path /home/sogang/ppe_fpga_ho/vitis_workspace/ppe_dma_platform_v2/hw/dma_passthrough.xsa
TRACE::2026-07-31.15:23:43::SCWPlatform::DSA directory /home/sogang/ppe_fpga_ho/vitis_workspace/ppe_dma_platform_v2/hw
TRACE::2026-07-31.15:23:43::SCWPlatform:: Platform Path /home/sogang/ppe_fpga_ho/vitis_workspace/ppe_dma_platform_v2/hw/dma_passthrough.xsa
TRACE::2026-07-31.15:23:43::SCWPlatform:: Unique name xilinx:kv260_som_som240_1_connector_kv260_carrier_som240_1_connector::0.0
TRACE::2026-07-31.15:23:43::SCWPlatform::Trying to set the existing hwdb with name dma_passthrough_wrapper_0
TRACE::2026-07-31.15:23:43::SCWPlatform::Opened existing hwdb dma_passthrough_wrapper_0
TRACE::2026-07-31.15:23:43::SCWPlatform::Found the Hw Db part of the input DSA
TRACE::2026-07-31.15:23:43::SCWMssOS::Checking the sw design at  /home/sogang/ppe_fpga_ho/vitis_workspace/ppe_dma_platform_v2/psu_cortexa53_0/standalone_domain/bsp/system.mss
TRACE::2026-07-31.15:23:43::SCWMssOS::DEBUG:  swdes dump  /home/sogang/ppe_fpga_ho/vitis_workspace/ppe_dma_platform_v2/psu_cortexa53_0/standalone_domain/bsp/system.mss|system_1||
/home/sogang/ppe_fpga_ho/vitis_workspace/ppe_dma_platform_v2/zynqmp_fsbl/zynqmp_fsbl_bsp/system.mss|system||
/home/sogang/ppe_fpga_ho/vitis_workspace/ppe_dma_platform_v2/zynqmp_pmufw/zynqmp_pmufw_bsp/system.mss|system_0||

TRACE::2026-07-31.15:23:43::SCWMssOS::Sw design exists and opened at  /home/sogang/ppe_fpga_ho/vitis_workspace/ppe_dma_platform_v2/psu_cortexa53_0/standalone_domain/bsp/system.mss
TRACE::2026-07-31.15:23:43::SCWPlatform::Trying to open the hw design at /home/sogang/ppe_fpga_ho/vitis_workspace/ppe_dma_platform_v2/hw/dma_passthrough.xsa
TRACE::2026-07-31.15:23:43::SCWPlatform::DSA given /home/sogang/ppe_fpga_ho/vitis_workspace/ppe_dma_platform_v2/hw/dma_passthrough.xsa
TRACE::2026-07-31.15:23:43::SCWPlatform::DSA absoulate path /home/sogang/ppe_fpga_ho/vitis_workspace/ppe_dma_platform_v2/hw/dma_passthrough.xsa
TRACE::2026-07-31.15:23:43::SCWPlatform::DSA directory /home/sogang/ppe_fpga_ho/vitis_workspace/ppe_dma_platform_v2/hw
TRACE::2026-07-31.15:23:43::SCWPlatform:: Platform Path /home/sogang/ppe_fpga_ho/vitis_workspace/ppe_dma_platform_v2/hw/dma_passthrough.xsa
TRACE::2026-07-31.15:23:43::SCWPlatform:: Unique name xilinx:kv260_som_som240_1_connector_kv260_carrier_som240_1_connector::0.0
TRACE::2026-07-31.15:23:43::SCWPlatform::Trying to set the existing hwdb with name dma_passthrough_wrapper_0
TRACE::2026-07-31.15:23:43::SCWPlatform::Opened existing hwdb dma_passthrough_wrapper_0
TRACE::2026-07-31.15:23:43::SCWPlatform::Found the Hw Db part of the input DSA
TRACE::2026-07-31.15:23:43::SCWMssOS::Checking the sw design at  /home/sogang/ppe_fpga_ho/vitis_workspace/ppe_dma_platform_v2/psu_cortexa53_0/standalone_domain/bsp/system.mss
TRACE::2026-07-31.15:23:43::SCWMssOS::DEBUG:  swdes dump  /home/sogang/ppe_fpga_ho/vitis_workspace/ppe_dma_platform_v2/psu_cortexa53_0/standalone_domain/bsp/system.mss|system_1||
/home/sogang/ppe_fpga_ho/vitis_workspace/ppe_dma_platform_v2/zynqmp_fsbl/zynqmp_fsbl_bsp/system.mss|system||
/home/sogang/ppe_fpga_ho/vitis_workspace/ppe_dma_platform_v2/zynqmp_pmufw/zynqmp_pmufw_bsp/system.mss|system_0||

TRACE::2026-07-31.15:23:43::SCWMssOS::Sw design exists and opened at  /home/sogang/ppe_fpga_ho/vitis_workspace/ppe_dma_platform_v2/psu_cortexa53_0/standalone_domain/bsp/system.mss
TRACE::2026-07-31.15:23:43::SCWWriter::formatted JSON is {
	"platformName":	"ppe_dma_platform_v2",
	"sprVersion":	"2.0",
	"mode":	"gui",
	"dsaType":	"Fixed",
	"platformDesc":	"ppe_dma_platform_v2",
	"platHandOff":	"/home/sogang/ppe_fpga_ho/ppe_dma_passthrough/dma_passthrough.xsa",
	"platIntHandOff":	"<platformDir>/hw/dma_passthrough.xsa",
	"deviceType":	"zynqMP",
	"platIsPrebuiltAutogen":	"false",
	"platIsNoBootBsp":	"false",
	"platFsblTarget":	"psu_cortexa53_0",
	"hasFsblMakeHasChanges":	"false",
	"hasPmufwMakeHasChanges":	"false",
	"fsblExtraCompilerFlags":	"-MMD -MP      -Wall -fmessage-length=0 -DARMA53_64 -Os -flto -ffat-lto-objects  ",
	"pmufwExtraCompilerFlags":	"-MMD -MP      -mlittle-endian -mxl-barrel-shift -mxl-pattern-compare -mcpu=v9.2 -mxl-soft-mul -Os -flto -ffat-lto-objects  ",
	"platPreBuiltFlag":	false,
	"platformSamplesDir":	"",
	"platActiveSys":	"ppe_dma_platform_v2",
	"systems":	[{
			"systemName":	"ppe_dma_platform_v2",
			"systemDesc":	"ppe_dma_platform_v2",
			"sysIsBootAutoGen":	"true",
			"systemDispName":	"ppe_dma_platform_v2",
			"sysActiveDom":	"standalone_domain",
			"sysDefaultDom":	"standalone_domain",
			"domains":	[{
					"domainName":	"zynqmp_fsbl",
					"domainDispName":	"zynqmp_fsbl",
					"domainDesc":	"FSBL Application BSP - Auto Generated.",
					"processors":	"psu_cortexa53_0",
					"os":	"standalone",
					"sdxOs":	"standalone",
					"debugEnable":	"",
					"domRuntimes":	["cpp"],
					"swRepo":	"",
					"mssOsVer":	"8.0",
					"mssFile":	"",
					"md5Digest":	"332ff52bd845638954df10536f91cfb4",
					"compatibleApp":	"zynqmp_fsbl",
					"domType":	"bootDomain",
					"arch":	"64-bit",
					"appSettings":	{
						"appCompilerFlags":	"",
						"appLinkerFlags":	""
					},
					"addedLibs":	["xilffs:4.8", "xilsecure:5.0", "xilpm:4.1"],
					"libOptions":	{
						"standalone":	{
							"zynqmp_fsbl_bsp":	"true",
							"libOptionNames":	["zynqmp_fsbl_bsp"]
						},
						"xilffs":	{
							"read_only":	"true",
							"use_mkfs":	"false",
							"libOptionNames":	["read_only", "use_mkfs"]
						},
						"xilsecure":	{
							"tpm_support":	"true",
							"libOptionNames":	["tpm_support"]
						},
						"libsContainingOptions":	["standalone", "xilffs", "xilsecure"]
					},
					"prebuiltLibs":	{
						"prebuiltIncPath":	[],
						"prebuiltLibPath":	[]
					},
					"isolation":	{
					}
				}, {
					"domainName":	"zynqmp_pmufw",
					"domainDispName":	"zynqmp_pmufw",
					"domainDesc":	"PMUFW Application BSP - Auto Generated.",
					"processors":	"psu_pmu_0",
					"os":	"standalone",
					"sdxOs":	"standalone",
					"debugEnable":	"",
					"domRuntimes":	["cpp"],
					"swRepo":	"",
					"mssOsVer":	"8.0",
					"mssFile":	"",
					"md5Digest":	"4326c1771525a0d091d1a33e303870d4",
					"compatibleApp":	"zynqmp_pmufw",
					"domType":	"bootDomain",
					"arch":	"32-bit",
					"appSettings":	{
						"appCompilerFlags":	"",
						"appLinkerFlags":	""
					},
					"addedLibs":	["xilfpga:6.3", "xilsecure:5.0", "xilskey:7.3"],
					"libOptions":	{
						"psu_pmu_0":	{
							"extra_compiler_flags":	"-g -ffunction-sections -fdata-sections -Wall -Wextra -fno-tree-loop-distribute-patterns  -Os -flto -ffat-lto-objects",
							"libOptionNames":	["extra_compiler_flags"]
						},
						"libsContainingOptions":	["psu_pmu_0"]
					},
					"prebuiltLibs":	{
						"prebuiltIncPath":	[],
						"prebuiltLibPath":	[]
					},
					"isolation":	{
					}
				}, {
					"domainName":	"standalone_domain",
					"domainDispName":	"standalone on psu_cortexa53_0",
					"domainDesc":	"standalone_domain",
					"processors":	"psu_cortexa53_0",
					"os":	"standalone",
					"sdxOs":	"standalone",
					"qemuArgs":	"<platformDir>/resources/ppe_dma_platform_v2/standalone_domain/qemu_args.txt",
					"qemuData":	"<platformDir>/resources/ppe_dma_platform_v2/standalone_domain/qemu",
					"pmuQemuArgs":	"<platformDir>/resources/ppe_dma_platform_v2/standalone_domain/pmu_args.txt",
					"debugEnable":	"False",
					"domRuntimes":	["cpp"],
					"swRepo":	"",
					"mssOsVer":	"8.0",
					"mssFile":	"",
					"md5Digest":	"ba89d83b0e45dc7a5bee76b0c58c9e68",
					"compatibleApp":	"",
					"domType":	"mssDomain",
					"arch":	"64-bit",
					"appSettings":	{
						"appCompilerFlags":	"",
						"appLinkerFlags":	""
					},
					"addedLibs":	[],
					"libOptions":	{
						"libsContainingOptions":	[]
					},
					"prebuiltLibs":	{
						"prebuiltIncPath":	[],
						"prebuiltLibPath":	[]
					},
					"isolation":	{
					}
				}]
		}]
}
TRACE::2026-07-31.15:23:43::SCWMssOS::Saving the mss changes /home/sogang/ppe_fpga_ho/vitis_workspace/ppe_dma_platform_v2/zynqmp_fsbl/zynqmp_fsbl_bsp/system.mss
TRACE::2026-07-31.15:23:43::SCWMssOS::Found a swdesign opened with the mssfile.
TRACE::2026-07-31.15:23:43::SCWMssOS::Completed writemss as part of save.
TRACE::2026-07-31.15:23:43::SCWMssOS::Commit changes completed.
TRACE::2026-07-31.15:23:43::SCWMssOS::Saving the mss changes /home/sogang/ppe_fpga_ho/vitis_workspace/ppe_dma_platform_v2/zynqmp_pmufw/zynqmp_pmufw_bsp/system.mss
TRACE::2026-07-31.15:23:43::SCWMssOS::Found a swdesign opened with the mssfile.
TRACE::2026-07-31.15:23:43::SCWMssOS::Completed writemss as part of save.
TRACE::2026-07-31.15:23:43::SCWMssOS::Commit changes completed.
TRACE::2026-07-31.15:23:43::SCWMssOS::Saving the mss changes /home/sogang/ppe_fpga_ho/vitis_workspace/ppe_dma_platform_v2/psu_cortexa53_0/standalone_domain/bsp/system.mss
TRACE::2026-07-31.15:23:43::SCWMssOS::Found a swdesign opened with the mssfile.
TRACE::2026-07-31.15:23:43::SCWMssOS::Completed writemss as part of save.
TRACE::2026-07-31.15:23:43::SCWMssOS::Commit changes completed.
TRACE::2026-07-31.15:23:43::SCWPlatform::Trying to open the hw design at /home/sogang/ppe_fpga_ho/vitis_workspace/ppe_dma_platform_v2/hw/dma_passthrough.xsa
TRACE::2026-07-31.15:23:43::SCWPlatform::DSA given /home/sogang/ppe_fpga_ho/vitis_workspace/ppe_dma_platform_v2/hw/dma_passthrough.xsa
TRACE::2026-07-31.15:23:43::SCWPlatform::DSA absoulate path /home/sogang/ppe_fpga_ho/vitis_workspace/ppe_dma_platform_v2/hw/dma_passthrough.xsa
TRACE::2026-07-31.15:23:43::SCWPlatform::DSA directory /home/sogang/ppe_fpga_ho/vitis_workspace/ppe_dma_platform_v2/hw
TRACE::2026-07-31.15:23:43::SCWPlatform:: Platform Path /home/sogang/ppe_fpga_ho/vitis_workspace/ppe_dma_platform_v2/hw/dma_passthrough.xsa
TRACE::2026-07-31.15:23:43::SCWPlatform:: Unique name xilinx:kv260_som_som240_1_connector_kv260_carrier_som240_1_connector::0.0
TRACE::2026-07-31.15:23:43::SCWPlatform::Trying to set the existing hwdb with name dma_passthrough_wrapper_0
TRACE::2026-07-31.15:23:43::SCWPlatform::Opened existing hwdb dma_passthrough_wrapper_0
TRACE::2026-07-31.15:23:43::SCWPlatform::Found the Hw Db part of the input DSA
TRACE::2026-07-31.15:23:43::SCWMssOS::Checking the sw design at  /home/sogang/ppe_fpga_ho/vitis_workspace/ppe_dma_platform_v2/zynqmp_fsbl/zynqmp_fsbl_bsp/system.mss
TRACE::2026-07-31.15:23:43::SCWMssOS::DEBUG:  swdes dump  /home/sogang/ppe_fpga_ho/vitis_workspace/ppe_dma_platform_v2/psu_cortexa53_0/standalone_domain/bsp/system.mss|system_1||
/home/sogang/ppe_fpga_ho/vitis_workspace/ppe_dma_platform_v2/zynqmp_fsbl/zynqmp_fsbl_bsp/system.mss|system||
/home/sogang/ppe_fpga_ho/vitis_workspace/ppe_dma_platform_v2/zynqmp_pmufw/zynqmp_pmufw_bsp/system.mss|system_0||

TRACE::2026-07-31.15:23:43::SCWMssOS::Sw design exists and opened at  /home/sogang/ppe_fpga_ho/vitis_workspace/ppe_dma_platform_v2/zynqmp_fsbl/zynqmp_fsbl_bsp/system.mss
TRACE::2026-07-31.15:23:43::SCWPlatform::Trying to open the hw design at /home/sogang/ppe_fpga_ho/vitis_workspace/ppe_dma_platform_v2/hw/dma_passthrough.xsa
TRACE::2026-07-31.15:23:43::SCWPlatform::DSA given /home/sogang/ppe_fpga_ho/vitis_workspace/ppe_dma_platform_v2/hw/dma_passthrough.xsa
TRACE::2026-07-31.15:23:43::SCWPlatform::DSA absoulate path /home/sogang/ppe_fpga_ho/vitis_workspace/ppe_dma_platform_v2/hw/dma_passthrough.xsa
TRACE::2026-07-31.15:23:43::SCWPlatform::DSA directory /home/sogang/ppe_fpga_ho/vitis_workspace/ppe_dma_platform_v2/hw
TRACE::2026-07-31.15:23:43::SCWPlatform:: Platform Path /home/sogang/ppe_fpga_ho/vitis_workspace/ppe_dma_platform_v2/hw/dma_passthrough.xsa
TRACE::2026-07-31.15:23:43::SCWPlatform:: Unique name xilinx:kv260_som_som240_1_connector_kv260_carrier_som240_1_connector::0.0
TRACE::2026-07-31.15:23:43::SCWPlatform::Trying to set the existing hwdb with name dma_passthrough_wrapper_0
TRACE::2026-07-31.15:23:43::SCWPlatform::Opened existing hwdb dma_passthrough_wrapper_0
TRACE::2026-07-31.15:23:43::SCWPlatform::Found the Hw Db part of the input DSA
TRACE::2026-07-31.15:23:43::SCWMssOS::Checking the sw design at  /home/sogang/ppe_fpga_ho/vitis_workspace/ppe_dma_platform_v2/zynqmp_fsbl/zynqmp_fsbl_bsp/system.mss
TRACE::2026-07-31.15:23:43::SCWMssOS::DEBUG:  swdes dump  /home/sogang/ppe_fpga_ho/vitis_workspace/ppe_dma_platform_v2/psu_cortexa53_0/standalone_domain/bsp/system.mss|system_1||
/home/sogang/ppe_fpga_ho/vitis_workspace/ppe_dma_platform_v2/zynqmp_fsbl/zynqmp_fsbl_bsp/system.mss|system||
/home/sogang/ppe_fpga_ho/vitis_workspace/ppe_dma_platform_v2/zynqmp_pmufw/zynqmp_pmufw_bsp/system.mss|system_0||

TRACE::2026-07-31.15:23:43::SCWMssOS::Sw design exists and opened at  /home/sogang/ppe_fpga_ho/vitis_workspace/ppe_dma_platform_v2/zynqmp_fsbl/zynqmp_fsbl_bsp/system.mss
TRACE::2026-07-31.15:23:43::SCWPlatform::Trying to open the hw design at /home/sogang/ppe_fpga_ho/vitis_workspace/ppe_dma_platform_v2/hw/dma_passthrough.xsa
TRACE::2026-07-31.15:23:43::SCWPlatform::DSA given /home/sogang/ppe_fpga_ho/vitis_workspace/ppe_dma_platform_v2/hw/dma_passthrough.xsa
TRACE::2026-07-31.15:23:43::SCWPlatform::DSA absoulate path /home/sogang/ppe_fpga_ho/vitis_workspace/ppe_dma_platform_v2/hw/dma_passthrough.xsa
TRACE::2026-07-31.15:23:43::SCWPlatform::DSA directory /home/sogang/ppe_fpga_ho/vitis_workspace/ppe_dma_platform_v2/hw
TRACE::2026-07-31.15:23:43::SCWPlatform:: Platform Path /home/sogang/ppe_fpga_ho/vitis_workspace/ppe_dma_platform_v2/hw/dma_passthrough.xsa
TRACE::2026-07-31.15:23:43::SCWPlatform:: Unique name xilinx:kv260_som_som240_1_connector_kv260_carrier_som240_1_connector::0.0
TRACE::2026-07-31.15:23:43::SCWPlatform::Trying to set the existing hwdb with name dma_passthrough_wrapper_0
TRACE::2026-07-31.15:23:43::SCWPlatform::Opened existing hwdb dma_passthrough_wrapper_0
TRACE::2026-07-31.15:23:43::SCWPlatform::Found the Hw Db part of the input DSA
TRACE::2026-07-31.15:23:43::SCWMssOS::Checking the sw design at  /home/sogang/ppe_fpga_ho/vitis_workspace/ppe_dma_platform_v2/zynqmp_fsbl/zynqmp_fsbl_bsp/system.mss
TRACE::2026-07-31.15:23:43::SCWMssOS::DEBUG:  swdes dump  /home/sogang/ppe_fpga_ho/vitis_workspace/ppe_dma_platform_v2/psu_cortexa53_0/standalone_domain/bsp/system.mss|system_1||
/home/sogang/ppe_fpga_ho/vitis_workspace/ppe_dma_platform_v2/zynqmp_fsbl/zynqmp_fsbl_bsp/system.mss|system||
/home/sogang/ppe_fpga_ho/vitis_workspace/ppe_dma_platform_v2/zynqmp_pmufw/zynqmp_pmufw_bsp/system.mss|system_0||

TRACE::2026-07-31.15:23:43::SCWMssOS::Sw design exists and opened at  /home/sogang/ppe_fpga_ho/vitis_workspace/ppe_dma_platform_v2/zynqmp_fsbl/zynqmp_fsbl_bsp/system.mss
TRACE::2026-07-31.15:23:43::SCWPlatform::Trying to open the hw design at /home/sogang/ppe_fpga_ho/vitis_workspace/ppe_dma_platform_v2/hw/dma_passthrough.xsa
TRACE::2026-07-31.15:23:43::SCWPlatform::DSA given /home/sogang/ppe_fpga_ho/vitis_workspace/ppe_dma_platform_v2/hw/dma_passthrough.xsa
TRACE::2026-07-31.15:23:43::SCWPlatform::DSA absoulate path /home/sogang/ppe_fpga_ho/vitis_workspace/ppe_dma_platform_v2/hw/dma_passthrough.xsa
TRACE::2026-07-31.15:23:43::SCWPlatform::DSA directory /home/sogang/ppe_fpga_ho/vitis_workspace/ppe_dma_platform_v2/hw
TRACE::2026-07-31.15:23:43::SCWPlatform:: Platform Path /home/sogang/ppe_fpga_ho/vitis_workspace/ppe_dma_platform_v2/hw/dma_passthrough.xsa
TRACE::2026-07-31.15:23:43::SCWPlatform:: Unique name xilinx:kv260_som_som240_1_connector_kv260_carrier_som240_1_connector::0.0
TRACE::2026-07-31.15:23:43::SCWPlatform::Trying to set the existing hwdb with name dma_passthrough_wrapper_0
TRACE::2026-07-31.15:23:43::SCWPlatform::Opened existing hwdb dma_passthrough_wrapper_0
TRACE::2026-07-31.15:23:43::SCWPlatform::Found the Hw Db part of the input DSA
TRACE::2026-07-31.15:23:43::SCWMssOS::Checking the sw design at  /home/sogang/ppe_fpga_ho/vitis_workspace/ppe_dma_platform_v2/zynqmp_pmufw/zynqmp_pmufw_bsp/system.mss
TRACE::2026-07-31.15:23:43::SCWMssOS::DEBUG:  swdes dump  /home/sogang/ppe_fpga_ho/vitis_workspace/ppe_dma_platform_v2/psu_cortexa53_0/standalone_domain/bsp/system.mss|system_1||
/home/sogang/ppe_fpga_ho/vitis_workspace/ppe_dma_platform_v2/zynqmp_fsbl/zynqmp_fsbl_bsp/system.mss|system||
/home/sogang/ppe_fpga_ho/vitis_workspace/ppe_dma_platform_v2/zynqmp_pmufw/zynqmp_pmufw_bsp/system.mss|system_0||

TRACE::2026-07-31.15:23:43::SCWMssOS::Sw design exists and opened at  /home/sogang/ppe_fpga_ho/vitis_workspace/ppe_dma_platform_v2/zynqmp_pmufw/zynqmp_pmufw_bsp/system.mss
TRACE::2026-07-31.15:23:43::SCWPlatform::Trying to open the hw design at /home/sogang/ppe_fpga_ho/vitis_workspace/ppe_dma_platform_v2/hw/dma_passthrough.xsa
TRACE::2026-07-31.15:23:43::SCWPlatform::DSA given /home/sogang/ppe_fpga_ho/vitis_workspace/ppe_dma_platform_v2/hw/dma_passthrough.xsa
TRACE::2026-07-31.15:23:43::SCWPlatform::DSA absoulate path /home/sogang/ppe_fpga_ho/vitis_workspace/ppe_dma_platform_v2/hw/dma_passthrough.xsa
TRACE::2026-07-31.15:23:43::SCWPlatform::DSA directory /home/sogang/ppe_fpga_ho/vitis_workspace/ppe_dma_platform_v2/hw
TRACE::2026-07-31.15:23:43::SCWPlatform:: Platform Path /home/sogang/ppe_fpga_ho/vitis_workspace/ppe_dma_platform_v2/hw/dma_passthrough.xsa
TRACE::2026-07-31.15:23:43::SCWPlatform:: Unique name xilinx:kv260_som_som240_1_connector_kv260_carrier_som240_1_connector::0.0
TRACE::2026-07-31.15:23:43::SCWPlatform::Trying to set the existing hwdb with name dma_passthrough_wrapper_0
TRACE::2026-07-31.15:23:43::SCWPlatform::Opened existing hwdb dma_passthrough_wrapper_0
TRACE::2026-07-31.15:23:43::SCWPlatform::Found the Hw Db part of the input DSA
TRACE::2026-07-31.15:23:43::SCWMssOS::Checking the sw design at  /home/sogang/ppe_fpga_ho/vitis_workspace/ppe_dma_platform_v2/zynqmp_pmufw/zynqmp_pmufw_bsp/system.mss
TRACE::2026-07-31.15:23:43::SCWMssOS::DEBUG:  swdes dump  /home/sogang/ppe_fpga_ho/vitis_workspace/ppe_dma_platform_v2/psu_cortexa53_0/standalone_domain/bsp/system.mss|system_1||
/home/sogang/ppe_fpga_ho/vitis_workspace/ppe_dma_platform_v2/zynqmp_fsbl/zynqmp_fsbl_bsp/system.mss|system||
/home/sogang/ppe_fpga_ho/vitis_workspace/ppe_dma_platform_v2/zynqmp_pmufw/zynqmp_pmufw_bsp/system.mss|system_0||

TRACE::2026-07-31.15:23:43::SCWMssOS::Sw design exists and opened at  /home/sogang/ppe_fpga_ho/vitis_workspace/ppe_dma_platform_v2/zynqmp_pmufw/zynqmp_pmufw_bsp/system.mss
TRACE::2026-07-31.15:23:43::SCWPlatform::Trying to open the hw design at /home/sogang/ppe_fpga_ho/vitis_workspace/ppe_dma_platform_v2/hw/dma_passthrough.xsa
TRACE::2026-07-31.15:23:43::SCWPlatform::DSA given /home/sogang/ppe_fpga_ho/vitis_workspace/ppe_dma_platform_v2/hw/dma_passthrough.xsa
TRACE::2026-07-31.15:23:43::SCWPlatform::DSA absoulate path /home/sogang/ppe_fpga_ho/vitis_workspace/ppe_dma_platform_v2/hw/dma_passthrough.xsa
TRACE::2026-07-31.15:23:43::SCWPlatform::DSA directory /home/sogang/ppe_fpga_ho/vitis_workspace/ppe_dma_platform_v2/hw
TRACE::2026-07-31.15:23:43::SCWPlatform:: Platform Path /home/sogang/ppe_fpga_ho/vitis_workspace/ppe_dma_platform_v2/hw/dma_passthrough.xsa
TRACE::2026-07-31.15:23:43::SCWPlatform:: Unique name xilinx:kv260_som_som240_1_connector_kv260_carrier_som240_1_connector::0.0
TRACE::2026-07-31.15:23:43::SCWPlatform::Trying to set the existing hwdb with name dma_passthrough_wrapper_0
TRACE::2026-07-31.15:23:43::SCWPlatform::Opened existing hwdb dma_passthrough_wrapper_0
TRACE::2026-07-31.15:23:43::SCWPlatform::Found the Hw Db part of the input DSA
TRACE::2026-07-31.15:23:43::SCWMssOS::Checking the sw design at  /home/sogang/ppe_fpga_ho/vitis_workspace/ppe_dma_platform_v2/zynqmp_pmufw/zynqmp_pmufw_bsp/system.mss
TRACE::2026-07-31.15:23:43::SCWMssOS::DEBUG:  swdes dump  /home/sogang/ppe_fpga_ho/vitis_workspace/ppe_dma_platform_v2/psu_cortexa53_0/standalone_domain/bsp/system.mss|system_1||
/home/sogang/ppe_fpga_ho/vitis_workspace/ppe_dma_platform_v2/zynqmp_fsbl/zynqmp_fsbl_bsp/system.mss|system||
/home/sogang/ppe_fpga_ho/vitis_workspace/ppe_dma_platform_v2/zynqmp_pmufw/zynqmp_pmufw_bsp/system.mss|system_0||

TRACE::2026-07-31.15:23:43::SCWMssOS::Sw design exists and opened at  /home/sogang/ppe_fpga_ho/vitis_workspace/ppe_dma_platform_v2/zynqmp_pmufw/zynqmp_pmufw_bsp/system.mss
TRACE::2026-07-31.15:23:43::SCWPlatform::Trying to open the hw design at /home/sogang/ppe_fpga_ho/vitis_workspace/ppe_dma_platform_v2/hw/dma_passthrough.xsa
TRACE::2026-07-31.15:23:43::SCWPlatform::DSA given /home/sogang/ppe_fpga_ho/vitis_workspace/ppe_dma_platform_v2/hw/dma_passthrough.xsa
TRACE::2026-07-31.15:23:43::SCWPlatform::DSA absoulate path /home/sogang/ppe_fpga_ho/vitis_workspace/ppe_dma_platform_v2/hw/dma_passthrough.xsa
TRACE::2026-07-31.15:23:43::SCWPlatform::DSA directory /home/sogang/ppe_fpga_ho/vitis_workspace/ppe_dma_platform_v2/hw
TRACE::2026-07-31.15:23:43::SCWPlatform:: Platform Path /home/sogang/ppe_fpga_ho/vitis_workspace/ppe_dma_platform_v2/hw/dma_passthrough.xsa
TRACE::2026-07-31.15:23:43::SCWPlatform:: Unique name xilinx:kv260_som_som240_1_connector_kv260_carrier_som240_1_connector::0.0
TRACE::2026-07-31.15:23:43::SCWPlatform::Trying to set the existing hwdb with name dma_passthrough_wrapper_0
TRACE::2026-07-31.15:23:43::SCWPlatform::Opened existing hwdb dma_passthrough_wrapper_0
TRACE::2026-07-31.15:23:43::SCWPlatform::Found the Hw Db part of the input DSA
TRACE::2026-07-31.15:23:43::SCWMssOS::Checking the sw design at  /home/sogang/ppe_fpga_ho/vitis_workspace/ppe_dma_platform_v2/psu_cortexa53_0/standalone_domain/bsp/system.mss
TRACE::2026-07-31.15:23:43::SCWMssOS::DEBUG:  swdes dump  /home/sogang/ppe_fpga_ho/vitis_workspace/ppe_dma_platform_v2/psu_cortexa53_0/standalone_domain/bsp/system.mss|system_1||
/home/sogang/ppe_fpga_ho/vitis_workspace/ppe_dma_platform_v2/zynqmp_fsbl/zynqmp_fsbl_bsp/system.mss|system||
/home/sogang/ppe_fpga_ho/vitis_workspace/ppe_dma_platform_v2/zynqmp_pmufw/zynqmp_pmufw_bsp/system.mss|system_0||

TRACE::2026-07-31.15:23:43::SCWMssOS::Sw design exists and opened at  /home/sogang/ppe_fpga_ho/vitis_workspace/ppe_dma_platform_v2/psu_cortexa53_0/standalone_domain/bsp/system.mss
TRACE::2026-07-31.15:23:43::SCWPlatform::Trying to open the hw design at /home/sogang/ppe_fpga_ho/vitis_workspace/ppe_dma_platform_v2/hw/dma_passthrough.xsa
TRACE::2026-07-31.15:23:43::SCWPlatform::DSA given /home/sogang/ppe_fpga_ho/vitis_workspace/ppe_dma_platform_v2/hw/dma_passthrough.xsa
TRACE::2026-07-31.15:23:43::SCWPlatform::DSA absoulate path /home/sogang/ppe_fpga_ho/vitis_workspace/ppe_dma_platform_v2/hw/dma_passthrough.xsa
TRACE::2026-07-31.15:23:43::SCWPlatform::DSA directory /home/sogang/ppe_fpga_ho/vitis_workspace/ppe_dma_platform_v2/hw
TRACE::2026-07-31.15:23:43::SCWPlatform:: Platform Path /home/sogang/ppe_fpga_ho/vitis_workspace/ppe_dma_platform_v2/hw/dma_passthrough.xsa
TRACE::2026-07-31.15:23:43::SCWPlatform:: Unique name xilinx:kv260_som_som240_1_connector_kv260_carrier_som240_1_connector::0.0
TRACE::2026-07-31.15:23:43::SCWPlatform::Trying to set the existing hwdb with name dma_passthrough_wrapper_0
TRACE::2026-07-31.15:23:43::SCWPlatform::Opened existing hwdb dma_passthrough_wrapper_0
TRACE::2026-07-31.15:23:43::SCWPlatform::Found the Hw Db part of the input DSA
TRACE::2026-07-31.15:23:43::SCWMssOS::Checking the sw design at  /home/sogang/ppe_fpga_ho/vitis_workspace/ppe_dma_platform_v2/psu_cortexa53_0/standalone_domain/bsp/system.mss
TRACE::2026-07-31.15:23:43::SCWMssOS::DEBUG:  swdes dump  /home/sogang/ppe_fpga_ho/vitis_workspace/ppe_dma_platform_v2/psu_cortexa53_0/standalone_domain/bsp/system.mss|system_1||
/home/sogang/ppe_fpga_ho/vitis_workspace/ppe_dma_platform_v2/zynqmp_fsbl/zynqmp_fsbl_bsp/system.mss|system||
/home/sogang/ppe_fpga_ho/vitis_workspace/ppe_dma_platform_v2/zynqmp_pmufw/zynqmp_pmufw_bsp/system.mss|system_0||

TRACE::2026-07-31.15:23:43::SCWMssOS::Sw design exists and opened at  /home/sogang/ppe_fpga_ho/vitis_workspace/ppe_dma_platform_v2/psu_cortexa53_0/standalone_domain/bsp/system.mss
TRACE::2026-07-31.15:23:43::SCWPlatform::Trying to open the hw design at /home/sogang/ppe_fpga_ho/vitis_workspace/ppe_dma_platform_v2/hw/dma_passthrough.xsa
TRACE::2026-07-31.15:23:43::SCWPlatform::DSA given /home/sogang/ppe_fpga_ho/vitis_workspace/ppe_dma_platform_v2/hw/dma_passthrough.xsa
TRACE::2026-07-31.15:23:43::SCWPlatform::DSA absoulate path /home/sogang/ppe_fpga_ho/vitis_workspace/ppe_dma_platform_v2/hw/dma_passthrough.xsa
TRACE::2026-07-31.15:23:43::SCWPlatform::DSA directory /home/sogang/ppe_fpga_ho/vitis_workspace/ppe_dma_platform_v2/hw
TRACE::2026-07-31.15:23:43::SCWPlatform:: Platform Path /home/sogang/ppe_fpga_ho/vitis_workspace/ppe_dma_platform_v2/hw/dma_passthrough.xsa
TRACE::2026-07-31.15:23:43::SCWPlatform:: Unique name xilinx:kv260_som_som240_1_connector_kv260_carrier_som240_1_connector::0.0
TRACE::2026-07-31.15:23:43::SCWPlatform::Trying to set the existing hwdb with name dma_passthrough_wrapper_0
TRACE::2026-07-31.15:23:43::SCWPlatform::Opened existing hwdb dma_passthrough_wrapper_0
TRACE::2026-07-31.15:23:43::SCWPlatform::Found the Hw Db part of the input DSA
TRACE::2026-07-31.15:23:43::SCWMssOS::Checking the sw design at  /home/sogang/ppe_fpga_ho/vitis_workspace/ppe_dma_platform_v2/psu_cortexa53_0/standalone_domain/bsp/system.mss
TRACE::2026-07-31.15:23:43::SCWMssOS::DEBUG:  swdes dump  /home/sogang/ppe_fpga_ho/vitis_workspace/ppe_dma_platform_v2/psu_cortexa53_0/standalone_domain/bsp/system.mss|system_1||
/home/sogang/ppe_fpga_ho/vitis_workspace/ppe_dma_platform_v2/zynqmp_fsbl/zynqmp_fsbl_bsp/system.mss|system||
/home/sogang/ppe_fpga_ho/vitis_workspace/ppe_dma_platform_v2/zynqmp_pmufw/zynqmp_pmufw_bsp/system.mss|system_0||

TRACE::2026-07-31.15:23:43::SCWMssOS::Sw design exists and opened at  /home/sogang/ppe_fpga_ho/vitis_workspace/ppe_dma_platform_v2/psu_cortexa53_0/standalone_domain/bsp/system.mss
TRACE::2026-07-31.15:23:43::SCWWriter::formatted JSON is {
	"platformName":	"ppe_dma_platform_v2",
	"sprVersion":	"2.0",
	"mode":	"gui",
	"dsaType":	"Fixed",
	"platformDesc":	"ppe_dma_platform_v2",
	"platHandOff":	"/home/sogang/ppe_fpga_ho/ppe_dma_passthrough/dma_passthrough.xsa",
	"platIntHandOff":	"<platformDir>/hw/dma_passthrough.xsa",
	"deviceType":	"zynqMP",
	"platIsPrebuiltAutogen":	"false",
	"platIsNoBootBsp":	"false",
	"platFsblTarget":	"psu_cortexa53_0",
	"hasFsblMakeHasChanges":	"false",
	"hasPmufwMakeHasChanges":	"false",
	"fsblExtraCompilerFlags":	"-MMD -MP      -Wall -fmessage-length=0 -DARMA53_64 -Os -flto -ffat-lto-objects  ",
	"pmufwExtraCompilerFlags":	"-MMD -MP      -mlittle-endian -mxl-barrel-shift -mxl-pattern-compare -mcpu=v9.2 -mxl-soft-mul -Os -flto -ffat-lto-objects  ",
	"platPreBuiltFlag":	false,
	"platformSamplesDir":	"",
	"platActiveSys":	"ppe_dma_platform_v2",
	"systems":	[{
			"systemName":	"ppe_dma_platform_v2",
			"systemDesc":	"ppe_dma_platform_v2",
			"sysIsBootAutoGen":	"true",
			"systemDispName":	"ppe_dma_platform_v2",
			"sysActiveDom":	"standalone_domain",
			"sysDefaultDom":	"standalone_domain",
			"domains":	[{
					"domainName":	"zynqmp_fsbl",
					"domainDispName":	"zynqmp_fsbl",
					"domainDesc":	"FSBL Application BSP - Auto Generated.",
					"processors":	"psu_cortexa53_0",
					"os":	"standalone",
					"sdxOs":	"standalone",
					"debugEnable":	"",
					"domRuntimes":	["cpp"],
					"swRepo":	"",
					"mssOsVer":	"8.0",
					"mssFile":	"",
					"md5Digest":	"332ff52bd845638954df10536f91cfb4",
					"compatibleApp":	"zynqmp_fsbl",
					"domType":	"bootDomain",
					"arch":	"64-bit",
					"appSettings":	{
						"appCompilerFlags":	"",
						"appLinkerFlags":	""
					},
					"addedLibs":	["xilffs:4.8", "xilsecure:5.0", "xilpm:4.1"],
					"libOptions":	{
						"standalone":	{
							"zynqmp_fsbl_bsp":	"true",
							"libOptionNames":	["zynqmp_fsbl_bsp"]
						},
						"xilffs":	{
							"read_only":	"true",
							"use_mkfs":	"false",
							"libOptionNames":	["read_only", "use_mkfs"]
						},
						"xilsecure":	{
							"tpm_support":	"true",
							"libOptionNames":	["tpm_support"]
						},
						"libsContainingOptions":	["standalone", "xilffs", "xilsecure"]
					},
					"prebuiltLibs":	{
						"prebuiltIncPath":	[],
						"prebuiltLibPath":	[]
					},
					"isolation":	{
					}
				}, {
					"domainName":	"zynqmp_pmufw",
					"domainDispName":	"zynqmp_pmufw",
					"domainDesc":	"PMUFW Application BSP - Auto Generated.",
					"processors":	"psu_pmu_0",
					"os":	"standalone",
					"sdxOs":	"standalone",
					"debugEnable":	"",
					"domRuntimes":	["cpp"],
					"swRepo":	"",
					"mssOsVer":	"8.0",
					"mssFile":	"",
					"md5Digest":	"4326c1771525a0d091d1a33e303870d4",
					"compatibleApp":	"zynqmp_pmufw",
					"domType":	"bootDomain",
					"arch":	"32-bit",
					"appSettings":	{
						"appCompilerFlags":	"",
						"appLinkerFlags":	""
					},
					"addedLibs":	["xilfpga:6.3", "xilsecure:5.0", "xilskey:7.3"],
					"libOptions":	{
						"psu_pmu_0":	{
							"extra_compiler_flags":	"-g -ffunction-sections -fdata-sections -Wall -Wextra -fno-tree-loop-distribute-patterns  -Os -flto -ffat-lto-objects",
							"libOptionNames":	["extra_compiler_flags"]
						},
						"libsContainingOptions":	["psu_pmu_0"]
					},
					"prebuiltLibs":	{
						"prebuiltIncPath":	[],
						"prebuiltLibPath":	[]
					},
					"isolation":	{
					}
				}, {
					"domainName":	"standalone_domain",
					"domainDispName":	"standalone on psu_cortexa53_0",
					"domainDesc":	"standalone_domain",
					"processors":	"psu_cortexa53_0",
					"os":	"standalone",
					"sdxOs":	"standalone",
					"qemuArgs":	"<platformDir>/resources/ppe_dma_platform_v2/standalone_domain/qemu_args.txt",
					"qemuData":	"<platformDir>/resources/ppe_dma_platform_v2/standalone_domain/qemu",
					"pmuQemuArgs":	"<platformDir>/resources/ppe_dma_platform_v2/standalone_domain/pmu_args.txt",
					"debugEnable":	"False",
					"domRuntimes":	["cpp"],
					"swRepo":	"",
					"mssOsVer":	"8.0",
					"mssFile":	"",
					"md5Digest":	"ba89d83b0e45dc7a5bee76b0c58c9e68",
					"compatibleApp":	"",
					"domType":	"mssDomain",
					"arch":	"64-bit",
					"appSettings":	{
						"appCompilerFlags":	"",
						"appLinkerFlags":	""
					},
					"addedLibs":	[],
					"libOptions":	{
						"libsContainingOptions":	[]
					},
					"prebuiltLibs":	{
						"prebuiltIncPath":	[],
						"prebuiltLibPath":	[]
					},
					"isolation":	{
					}
				}]
		}]
}
TRACE::2026-07-31.15:23:43::SCWPlatform::Clearing the existing platform
TRACE::2026-07-31.15:23:43::SCWSystem::Clearing the existing sysconfig
TRACE::2026-07-31.15:23:43::SCWBDomain::clearing the fsbl build
TRACE::2026-07-31.15:23:43::SCWMssOS::Removing the swdes entry for  /home/sogang/ppe_fpga_ho/vitis_workspace/ppe_dma_platform_v2/zynqmp_fsbl/zynqmp_fsbl_bsp/system.mss
TRACE::2026-07-31.15:23:43::SCWBDomain::clearing the pmufw build
TRACE::2026-07-31.15:23:43::SCWMssOS::Removing the swdes entry for  /home/sogang/ppe_fpga_ho/vitis_workspace/ppe_dma_platform_v2/zynqmp_pmufw/zynqmp_pmufw_bsp/system.mss
TRACE::2026-07-31.15:23:43::SCWMssOS::Removing the swdes entry for  /home/sogang/ppe_fpga_ho/vitis_workspace/ppe_dma_platform_v2/psu_cortexa53_0/standalone_domain/bsp/system.mss
TRACE::2026-07-31.15:23:43::SCWSystem::Clearing the domains completed.
TRACE::2026-07-31.15:23:43::SCWPlatform::Clearing the opened hw db.
TRACE::2026-07-31.15:23:43::SCWPlatform::DSA given /home/sogang/ppe_fpga_ho/vitis_workspace/ppe_dma_platform_v2/hw/dma_passthrough.xsa
TRACE::2026-07-31.15:23:43::SCWPlatform::DSA absoulate path /home/sogang/ppe_fpga_ho/vitis_workspace/ppe_dma_platform_v2/hw/dma_passthrough.xsa
TRACE::2026-07-31.15:23:43::SCWPlatform:: Platform location is /home/sogang/ppe_fpga_ho/vitis_workspace/ppe_dma_platform_v2/hw
TRACE::2026-07-31.15:23:43::SCWPlatform:: Platform Path /home/sogang/ppe_fpga_ho/vitis_workspace/ppe_dma_platform_v2/hw/dma_passthrough.xsa
TRACE::2026-07-31.15:23:43::SCWPlatform:: Unique name xilinx:kv260_som_som240_1_connector_kv260_carrier_som240_1_connector::0.0
TRACE::2026-07-31.15:23:43::SCWPlatform::Removing the HwDB with name /home/sogang/ppe_fpga_ho/vitis_workspace/ppe_dma_platform_v2/hw/dma_passthrough.xsa
TRACE::2026-07-31.15:23:43::SCWPlatform::Trying to open the hw design at /home/sogang/ppe_fpga_ho/vitis_workspace/ppe_dma_platform_v2/hw/dma_passthrough.xsa
TRACE::2026-07-31.15:23:43::SCWPlatform::DSA given /home/sogang/ppe_fpga_ho/vitis_workspace/ppe_dma_platform_v2/hw/dma_passthrough.xsa
TRACE::2026-07-31.15:23:43::SCWPlatform::DSA absoulate path /home/sogang/ppe_fpga_ho/vitis_workspace/ppe_dma_platform_v2/hw/dma_passthrough.xsa
TRACE::2026-07-31.15:23:43::SCWPlatform::DSA directory /home/sogang/ppe_fpga_ho/vitis_workspace/ppe_dma_platform_v2/hw
TRACE::2026-07-31.15:23:43::SCWPlatform:: Platform Path /home/sogang/ppe_fpga_ho/vitis_workspace/ppe_dma_platform_v2/hw/dma_passthrough.xsa
TRACE::2026-07-31.15:23:43::SCWPlatform:: Unique name xilinx:kv260_som_som240_1_connector_kv260_carrier_som240_1_connector::0.0
TRACE::2026-07-31.15:23:43::SCWPlatform::Do not have an existing db opened. 
TRACE::2026-07-31.15:23:47::SCWPlatform::Opened new HwDB with name dma_passthrough_wrapper_1
TRACE::2026-07-31.15:23:47::SCWReader::Active system found as  ppe_dma_platform_v2
TRACE::2026-07-31.15:23:47::SCWReader::Handling sysconfig ppe_dma_platform_v2
TRACE::2026-07-31.15:23:47::SCWDomain::checking for install qemu data   : 
TRACE::2026-07-31.15:23:47::SCWDomain:: Using the QEMU Data from install at  : /tools/Xilinx/Vitis/2022.2/data/emulation/platforms/zynqmp/sw/a53_standalone/qemu/
TRACE::2026-07-31.15:23:47::SCWDomain:: Using the QEMU args  from install at  : /tools/Xilinx/Vitis/2022.2/data/emulation/platforms/zynqmp/sw/a53_standalone/qemu/qemu_args.txt
TRACE::2026-07-31.15:23:47::SCWDomain:: Using the PMUQEMU args from install at  : /tools/Xilinx/Vitis/2022.2/data/emulation/platforms/zynqmp/sw/a53_standalone/qemu/pmu_args.txt
TRACE::2026-07-31.15:23:47::SCWPlatform::Trying to open the hw design at /home/sogang/ppe_fpga_ho/vitis_workspace/ppe_dma_platform_v2/hw/dma_passthrough.xsa
TRACE::2026-07-31.15:23:47::SCWPlatform::DSA given /home/sogang/ppe_fpga_ho/vitis_workspace/ppe_dma_platform_v2/hw/dma_passthrough.xsa
TRACE::2026-07-31.15:23:47::SCWPlatform::DSA absoulate path /home/sogang/ppe_fpga_ho/vitis_workspace/ppe_dma_platform_v2/hw/dma_passthrough.xsa
TRACE::2026-07-31.15:23:47::SCWPlatform::DSA directory /home/sogang/ppe_fpga_ho/vitis_workspace/ppe_dma_platform_v2/hw
TRACE::2026-07-31.15:23:47::SCWPlatform:: Platform Path /home/sogang/ppe_fpga_ho/vitis_workspace/ppe_dma_platform_v2/hw/dma_passthrough.xsa
TRACE::2026-07-31.15:23:47::SCWPlatform:: Unique name xilinx:kv260_som_som240_1_connector_kv260_carrier_som240_1_connector::0.0
TRACE::2026-07-31.15:23:47::SCWPlatform::Trying to set the existing hwdb with name dma_passthrough_wrapper_1
TRACE::2026-07-31.15:23:47::SCWPlatform::Opened existing hwdb dma_passthrough_wrapper_1
TRACE::2026-07-31.15:23:47::SCWPlatform::Found the Hw Db part of the input DSA
TRACE::2026-07-31.15:23:47::SCWPlatform::Trying to open the hw design at /home/sogang/ppe_fpga_ho/vitis_workspace/ppe_dma_platform_v2/hw/dma_passthrough.xsa
TRACE::2026-07-31.15:23:47::SCWPlatform::DSA given /home/sogang/ppe_fpga_ho/vitis_workspace/ppe_dma_platform_v2/hw/dma_passthrough.xsa
TRACE::2026-07-31.15:23:47::SCWPlatform::DSA absoulate path /home/sogang/ppe_fpga_ho/vitis_workspace/ppe_dma_platform_v2/hw/dma_passthrough.xsa
TRACE::2026-07-31.15:23:47::SCWPlatform::DSA directory /home/sogang/ppe_fpga_ho/vitis_workspace/ppe_dma_platform_v2/hw
TRACE::2026-07-31.15:23:47::SCWPlatform:: Platform Path /home/sogang/ppe_fpga_ho/vitis_workspace/ppe_dma_platform_v2/hw/dma_passthrough.xsa
TRACE::2026-07-31.15:23:47::SCWPlatform:: Unique name xilinx:kv260_som_som240_1_connector_kv260_carrier_som240_1_connector::0.0
TRACE::2026-07-31.15:23:47::SCWPlatform::Trying to set the existing hwdb with name dma_passthrough_wrapper_1
TRACE::2026-07-31.15:23:47::SCWPlatform::Opened existing hwdb dma_passthrough_wrapper_1
TRACE::2026-07-31.15:23:47::SCWPlatform::Found the Hw Db part of the input DSA
TRACE::2026-07-31.15:23:47::SCWPlatform::Trying to open the hw design at /home/sogang/ppe_fpga_ho/vitis_workspace/ppe_dma_platform_v2/hw/dma_passthrough.xsa
TRACE::2026-07-31.15:23:47::SCWPlatform::DSA given /home/sogang/ppe_fpga_ho/vitis_workspace/ppe_dma_platform_v2/hw/dma_passthrough.xsa
TRACE::2026-07-31.15:23:47::SCWPlatform::DSA absoulate path /home/sogang/ppe_fpga_ho/vitis_workspace/ppe_dma_platform_v2/hw/dma_passthrough.xsa
TRACE::2026-07-31.15:23:47::SCWPlatform::DSA directory /home/sogang/ppe_fpga_ho/vitis_workspace/ppe_dma_platform_v2/hw
TRACE::2026-07-31.15:23:47::SCWPlatform:: Platform Path /home/sogang/ppe_fpga_ho/vitis_workspace/ppe_dma_platform_v2/hw/dma_passthrough.xsa
TRACE::2026-07-31.15:23:47::SCWPlatform:: Unique name xilinx:kv260_som_som240_1_connector_kv260_carrier_som240_1_connector::0.0
TRACE::2026-07-31.15:23:47::SCWPlatform::Trying to set the existing hwdb with name dma_passthrough_wrapper_1
TRACE::2026-07-31.15:23:47::SCWPlatform::Opened existing hwdb dma_passthrough_wrapper_1
TRACE::2026-07-31.15:23:47::SCWPlatform::Found the Hw Db part of the input DSA
TRACE::2026-07-31.15:23:47::SCWReader::Boot application domain added for zynqmp_fsbl
TRACE::2026-07-31.15:23:47::SCWPlatform::Trying to open the hw design at /home/sogang/ppe_fpga_ho/vitis_workspace/ppe_dma_platform_v2/hw/dma_passthrough.xsa
TRACE::2026-07-31.15:23:47::SCWPlatform::DSA given /home/sogang/ppe_fpga_ho/vitis_workspace/ppe_dma_platform_v2/hw/dma_passthrough.xsa
TRACE::2026-07-31.15:23:47::SCWPlatform::DSA absoulate path /home/sogang/ppe_fpga_ho/vitis_workspace/ppe_dma_platform_v2/hw/dma_passthrough.xsa
TRACE::2026-07-31.15:23:47::SCWPlatform::DSA directory /home/sogang/ppe_fpga_ho/vitis_workspace/ppe_dma_platform_v2/hw
TRACE::2026-07-31.15:23:47::SCWPlatform:: Platform Path /home/sogang/ppe_fpga_ho/vitis_workspace/ppe_dma_platform_v2/hw/dma_passthrough.xsa
TRACE::2026-07-31.15:23:47::SCWPlatform:: Unique name xilinx:kv260_som_som240_1_connector_kv260_carrier_som240_1_connector::0.0
TRACE::2026-07-31.15:23:47::SCWPlatform::Trying to set the existing hwdb with name dma_passthrough_wrapper_1
TRACE::2026-07-31.15:23:47::SCWPlatform::Opened existing hwdb dma_passthrough_wrapper_1
TRACE::2026-07-31.15:23:47::SCWPlatform::Found the Hw Db part of the input DSA
TRACE::2026-07-31.15:23:47::SCWMssOS::Checking the sw design at  /home/sogang/ppe_fpga_ho/vitis_workspace/ppe_dma_platform_v2/zynqmp_fsbl/zynqmp_fsbl_bsp/system.mss
TRACE::2026-07-31.15:23:47::SCWMssOS::DEBUG:  swdes dump  
TRACE::2026-07-31.15:23:47::SCWMssOS::No sw design opened at  /home/sogang/ppe_fpga_ho/vitis_workspace/ppe_dma_platform_v2/zynqmp_fsbl/zynqmp_fsbl_bsp/system.mss
TRACE::2026-07-31.15:23:47::SCWMssOS::mss exists loading the mss file  /home/sogang/ppe_fpga_ho/vitis_workspace/ppe_dma_platform_v2/zynqmp_fsbl/zynqmp_fsbl_bsp/system.mss
TRACE::2026-07-31.15:23:47::SCWMssOS::Opened the sw design from mss  /home/sogang/ppe_fpga_ho/vitis_workspace/ppe_dma_platform_v2/zynqmp_fsbl/zynqmp_fsbl_bsp/system.mss
TRACE::2026-07-31.15:23:47::SCWMssOS::Adding the swdes entry /home/sogang/ppe_fpga_ho/vitis_workspace/ppe_dma_platform_v2/zynqmp_fsbl/zynqmp_fsbl_bsp/system.mss with des name system
TRACE::2026-07-31.15:23:47::SCWMssOS::updating the scw layer about changes
TRACE::2026-07-31.15:23:47::SCWMssOS::Opened the sw design.  /home/sogang/ppe_fpga_ho/vitis_workspace/ppe_dma_platform_v2/zynqmp_fsbl/zynqmp_fsbl_bsp/system.mss
TRACE::2026-07-31.15:23:47::SCWPlatform::Trying to open the hw design at /home/sogang/ppe_fpga_ho/vitis_workspace/ppe_dma_platform_v2/hw/dma_passthrough.xsa
TRACE::2026-07-31.15:23:47::SCWPlatform::DSA given /home/sogang/ppe_fpga_ho/vitis_workspace/ppe_dma_platform_v2/hw/dma_passthrough.xsa
TRACE::2026-07-31.15:23:47::SCWPlatform::DSA absoulate path /home/sogang/ppe_fpga_ho/vitis_workspace/ppe_dma_platform_v2/hw/dma_passthrough.xsa
TRACE::2026-07-31.15:23:47::SCWPlatform::DSA directory /home/sogang/ppe_fpga_ho/vitis_workspace/ppe_dma_platform_v2/hw
TRACE::2026-07-31.15:23:47::SCWPlatform:: Platform Path /home/sogang/ppe_fpga_ho/vitis_workspace/ppe_dma_platform_v2/hw/dma_passthrough.xsa
TRACE::2026-07-31.15:23:47::SCWPlatform:: Unique name xilinx:kv260_som_som240_1_connector_kv260_carrier_som240_1_connector::0.0
TRACE::2026-07-31.15:23:47::SCWPlatform::Trying to set the existing hwdb with name dma_passthrough_wrapper_1
TRACE::2026-07-31.15:23:47::SCWPlatform::Opened existing hwdb dma_passthrough_wrapper_1
TRACE::2026-07-31.15:23:47::SCWPlatform::Found the Hw Db part of the input DSA
TRACE::2026-07-31.15:23:47::SCWMssOS::Checking the sw design at  /home/sogang/ppe_fpga_ho/vitis_workspace/ppe_dma_platform_v2/zynqmp_fsbl/zynqmp_fsbl_bsp/system.mss
TRACE::2026-07-31.15:23:47::SCWMssOS::DEBUG:  swdes dump  /home/sogang/ppe_fpga_ho/vitis_workspace/ppe_dma_platform_v2/zynqmp_fsbl/zynqmp_fsbl_bsp/system.mss|system||

TRACE::2026-07-31.15:23:47::SCWMssOS::Sw design exists and opened at  /home/sogang/ppe_fpga_ho/vitis_workspace/ppe_dma_platform_v2/zynqmp_fsbl/zynqmp_fsbl_bsp/system.mss
TRACE::2026-07-31.15:23:47::SCWMssOS:: library already available in sw design:  xilffs:4.8
TRACE::2026-07-31.15:23:47::SCWPlatform::Trying to open the hw design at /home/sogang/ppe_fpga_ho/vitis_workspace/ppe_dma_platform_v2/hw/dma_passthrough.xsa
TRACE::2026-07-31.15:23:47::SCWPlatform::DSA given /home/sogang/ppe_fpga_ho/vitis_workspace/ppe_dma_platform_v2/hw/dma_passthrough.xsa
TRACE::2026-07-31.15:23:47::SCWPlatform::DSA absoulate path /home/sogang/ppe_fpga_ho/vitis_workspace/ppe_dma_platform_v2/hw/dma_passthrough.xsa
TRACE::2026-07-31.15:23:47::SCWPlatform::DSA directory /home/sogang/ppe_fpga_ho/vitis_workspace/ppe_dma_platform_v2/hw
TRACE::2026-07-31.15:23:47::SCWPlatform:: Platform Path /home/sogang/ppe_fpga_ho/vitis_workspace/ppe_dma_platform_v2/hw/dma_passthrough.xsa
TRACE::2026-07-31.15:23:47::SCWPlatform:: Unique name xilinx:kv260_som_som240_1_connector_kv260_carrier_som240_1_connector::0.0
TRACE::2026-07-31.15:23:47::SCWPlatform::Trying to set the existing hwdb with name dma_passthrough_wrapper_1
TRACE::2026-07-31.15:23:47::SCWPlatform::Opened existing hwdb dma_passthrough_wrapper_1
TRACE::2026-07-31.15:23:47::SCWPlatform::Found the Hw Db part of the input DSA
TRACE::2026-07-31.15:23:47::SCWMssOS::Checking the sw design at  /home/sogang/ppe_fpga_ho/vitis_workspace/ppe_dma_platform_v2/zynqmp_fsbl/zynqmp_fsbl_bsp/system.mss
TRACE::2026-07-31.15:23:47::SCWMssOS::DEBUG:  swdes dump  /home/sogang/ppe_fpga_ho/vitis_workspace/ppe_dma_platform_v2/zynqmp_fsbl/zynqmp_fsbl_bsp/system.mss|system||

TRACE::2026-07-31.15:23:47::SCWMssOS::Sw design exists and opened at  /home/sogang/ppe_fpga_ho/vitis_workspace/ppe_dma_platform_v2/zynqmp_fsbl/zynqmp_fsbl_bsp/system.mss
TRACE::2026-07-31.15:23:47::SCWMssOS:: library already available in sw design:  xilsecure:5.0
TRACE::2026-07-31.15:23:47::SCWPlatform::Trying to open the hw design at /home/sogang/ppe_fpga_ho/vitis_workspace/ppe_dma_platform_v2/hw/dma_passthrough.xsa
TRACE::2026-07-31.15:23:47::SCWPlatform::DSA given /home/sogang/ppe_fpga_ho/vitis_workspace/ppe_dma_platform_v2/hw/dma_passthrough.xsa
TRACE::2026-07-31.15:23:47::SCWPlatform::DSA absoulate path /home/sogang/ppe_fpga_ho/vitis_workspace/ppe_dma_platform_v2/hw/dma_passthrough.xsa
TRACE::2026-07-31.15:23:47::SCWPlatform::DSA directory /home/sogang/ppe_fpga_ho/vitis_workspace/ppe_dma_platform_v2/hw
TRACE::2026-07-31.15:23:47::SCWPlatform:: Platform Path /home/sogang/ppe_fpga_ho/vitis_workspace/ppe_dma_platform_v2/hw/dma_passthrough.xsa
TRACE::2026-07-31.15:23:47::SCWPlatform:: Unique name xilinx:kv260_som_som240_1_connector_kv260_carrier_som240_1_connector::0.0
TRACE::2026-07-31.15:23:47::SCWPlatform::Trying to set the existing hwdb with name dma_passthrough_wrapper_1
TRACE::2026-07-31.15:23:47::SCWPlatform::Opened existing hwdb dma_passthrough_wrapper_1
TRACE::2026-07-31.15:23:47::SCWPlatform::Found the Hw Db part of the input DSA
TRACE::2026-07-31.15:23:47::SCWMssOS::Checking the sw design at  /home/sogang/ppe_fpga_ho/vitis_workspace/ppe_dma_platform_v2/zynqmp_fsbl/zynqmp_fsbl_bsp/system.mss
TRACE::2026-07-31.15:23:47::SCWMssOS::DEBUG:  swdes dump  /home/sogang/ppe_fpga_ho/vitis_workspace/ppe_dma_platform_v2/zynqmp_fsbl/zynqmp_fsbl_bsp/system.mss|system||

TRACE::2026-07-31.15:23:47::SCWMssOS::Sw design exists and opened at  /home/sogang/ppe_fpga_ho/vitis_workspace/ppe_dma_platform_v2/zynqmp_fsbl/zynqmp_fsbl_bsp/system.mss
TRACE::2026-07-31.15:23:47::SCWMssOS:: library already available in sw design:  xilpm:4.1
TRACE::2026-07-31.15:23:47::SCWPlatform::Trying to open the hw design at /home/sogang/ppe_fpga_ho/vitis_workspace/ppe_dma_platform_v2/hw/dma_passthrough.xsa
TRACE::2026-07-31.15:23:47::SCWPlatform::DSA given /home/sogang/ppe_fpga_ho/vitis_workspace/ppe_dma_platform_v2/hw/dma_passthrough.xsa
TRACE::2026-07-31.15:23:47::SCWPlatform::DSA absoulate path /home/sogang/ppe_fpga_ho/vitis_workspace/ppe_dma_platform_v2/hw/dma_passthrough.xsa
TRACE::2026-07-31.15:23:47::SCWPlatform::DSA directory /home/sogang/ppe_fpga_ho/vitis_workspace/ppe_dma_platform_v2/hw
TRACE::2026-07-31.15:23:47::SCWPlatform:: Platform Path /home/sogang/ppe_fpga_ho/vitis_workspace/ppe_dma_platform_v2/hw/dma_passthrough.xsa
TRACE::2026-07-31.15:23:47::SCWPlatform:: Unique name xilinx:kv260_som_som240_1_connector_kv260_carrier_som240_1_connector::0.0
TRACE::2026-07-31.15:23:47::SCWPlatform::Trying to set the existing hwdb with name dma_passthrough_wrapper_1
TRACE::2026-07-31.15:23:47::SCWPlatform::Opened existing hwdb dma_passthrough_wrapper_1
TRACE::2026-07-31.15:23:47::SCWPlatform::Found the Hw Db part of the input DSA
TRACE::2026-07-31.15:23:47::SCWMssOS::Checking the sw design at  /home/sogang/ppe_fpga_ho/vitis_workspace/ppe_dma_platform_v2/zynqmp_fsbl/zynqmp_fsbl_bsp/system.mss
TRACE::2026-07-31.15:23:47::SCWMssOS::DEBUG:  swdes dump  /home/sogang/ppe_fpga_ho/vitis_workspace/ppe_dma_platform_v2/zynqmp_fsbl/zynqmp_fsbl_bsp/system.mss|system||

TRACE::2026-07-31.15:23:47::SCWMssOS::Sw design exists and opened at  /home/sogang/ppe_fpga_ho/vitis_workspace/ppe_dma_platform_v2/zynqmp_fsbl/zynqmp_fsbl_bsp/system.mss
TRACE::2026-07-31.15:23:47::SCWPlatform::Trying to open the hw design at /home/sogang/ppe_fpga_ho/vitis_workspace/ppe_dma_platform_v2/hw/dma_passthrough.xsa
TRACE::2026-07-31.15:23:47::SCWPlatform::DSA given /home/sogang/ppe_fpga_ho/vitis_workspace/ppe_dma_platform_v2/hw/dma_passthrough.xsa
TRACE::2026-07-31.15:23:47::SCWPlatform::DSA absoulate path /home/sogang/ppe_fpga_ho/vitis_workspace/ppe_dma_platform_v2/hw/dma_passthrough.xsa
TRACE::2026-07-31.15:23:47::SCWPlatform::DSA directory /home/sogang/ppe_fpga_ho/vitis_workspace/ppe_dma_platform_v2/hw
TRACE::2026-07-31.15:23:47::SCWPlatform:: Platform Path /home/sogang/ppe_fpga_ho/vitis_workspace/ppe_dma_platform_v2/hw/dma_passthrough.xsa
TRACE::2026-07-31.15:23:47::SCWPlatform:: Unique name xilinx:kv260_som_som240_1_connector_kv260_carrier_som240_1_connector::0.0
TRACE::2026-07-31.15:23:47::SCWPlatform::Trying to set the existing hwdb with name dma_passthrough_wrapper_1
TRACE::2026-07-31.15:23:47::SCWPlatform::Opened existing hwdb dma_passthrough_wrapper_1
TRACE::2026-07-31.15:23:47::SCWPlatform::Found the Hw Db part of the input DSA
TRACE::2026-07-31.15:23:47::SCWMssOS::Checking the sw design at  /home/sogang/ppe_fpga_ho/vitis_workspace/ppe_dma_platform_v2/zynqmp_fsbl/zynqmp_fsbl_bsp/system.mss
TRACE::2026-07-31.15:23:47::SCWMssOS::DEBUG:  swdes dump  /home/sogang/ppe_fpga_ho/vitis_workspace/ppe_dma_platform_v2/zynqmp_fsbl/zynqmp_fsbl_bsp/system.mss|system||

TRACE::2026-07-31.15:23:47::SCWMssOS::Sw design exists and opened at  /home/sogang/ppe_fpga_ho/vitis_workspace/ppe_dma_platform_v2/zynqmp_fsbl/zynqmp_fsbl_bsp/system.mss
TRACE::2026-07-31.15:23:47::SCWPlatform::Trying to open the hw design at /home/sogang/ppe_fpga_ho/vitis_workspace/ppe_dma_platform_v2/hw/dma_passthrough.xsa
TRACE::2026-07-31.15:23:47::SCWPlatform::DSA given /home/sogang/ppe_fpga_ho/vitis_workspace/ppe_dma_platform_v2/hw/dma_passthrough.xsa
TRACE::2026-07-31.15:23:47::SCWPlatform::DSA absoulate path /home/sogang/ppe_fpga_ho/vitis_workspace/ppe_dma_platform_v2/hw/dma_passthrough.xsa
TRACE::2026-07-31.15:23:47::SCWPlatform::DSA directory /home/sogang/ppe_fpga_ho/vitis_workspace/ppe_dma_platform_v2/hw
TRACE::2026-07-31.15:23:47::SCWPlatform:: Platform Path /home/sogang/ppe_fpga_ho/vitis_workspace/ppe_dma_platform_v2/hw/dma_passthrough.xsa
TRACE::2026-07-31.15:23:47::SCWPlatform:: Unique name xilinx:kv260_som_som240_1_connector_kv260_carrier_som240_1_connector::0.0
TRACE::2026-07-31.15:23:47::SCWPlatform::Trying to set the existing hwdb with name dma_passthrough_wrapper_1
TRACE::2026-07-31.15:23:47::SCWPlatform::Opened existing hwdb dma_passthrough_wrapper_1
TRACE::2026-07-31.15:23:47::SCWPlatform::Found the Hw Db part of the input DSA
TRACE::2026-07-31.15:23:47::SCWMssOS::Checking the sw design at  /home/sogang/ppe_fpga_ho/vitis_workspace/ppe_dma_platform_v2/zynqmp_fsbl/zynqmp_fsbl_bsp/system.mss
TRACE::2026-07-31.15:23:47::SCWMssOS::DEBUG:  swdes dump  /home/sogang/ppe_fpga_ho/vitis_workspace/ppe_dma_platform_v2/zynqmp_fsbl/zynqmp_fsbl_bsp/system.mss|system||

TRACE::2026-07-31.15:23:47::SCWMssOS::Sw design exists and opened at  /home/sogang/ppe_fpga_ho/vitis_workspace/ppe_dma_platform_v2/zynqmp_fsbl/zynqmp_fsbl_bsp/system.mss
TRACE::2026-07-31.15:23:47::SCWPlatform::Trying to open the hw design at /home/sogang/ppe_fpga_ho/vitis_workspace/ppe_dma_platform_v2/hw/dma_passthrough.xsa
TRACE::2026-07-31.15:23:47::SCWPlatform::DSA given /home/sogang/ppe_fpga_ho/vitis_workspace/ppe_dma_platform_v2/hw/dma_passthrough.xsa
TRACE::2026-07-31.15:23:47::SCWPlatform::DSA absoulate path /home/sogang/ppe_fpga_ho/vitis_workspace/ppe_dma_platform_v2/hw/dma_passthrough.xsa
TRACE::2026-07-31.15:23:47::SCWPlatform::DSA directory /home/sogang/ppe_fpga_ho/vitis_workspace/ppe_dma_platform_v2/hw
TRACE::2026-07-31.15:23:47::SCWPlatform:: Platform Path /home/sogang/ppe_fpga_ho/vitis_workspace/ppe_dma_platform_v2/hw/dma_passthrough.xsa
TRACE::2026-07-31.15:23:47::SCWPlatform:: Unique name xilinx:kv260_som_som240_1_connector_kv260_carrier_som240_1_connector::0.0
TRACE::2026-07-31.15:23:47::SCWPlatform::Trying to set the existing hwdb with name dma_passthrough_wrapper_1
TRACE::2026-07-31.15:23:47::SCWPlatform::Opened existing hwdb dma_passthrough_wrapper_1
TRACE::2026-07-31.15:23:47::SCWPlatform::Found the Hw Db part of the input DSA
TRACE::2026-07-31.15:23:47::SCWMssOS::Checking the sw design at  /home/sogang/ppe_fpga_ho/vitis_workspace/ppe_dma_platform_v2/zynqmp_fsbl/zynqmp_fsbl_bsp/system.mss
TRACE::2026-07-31.15:23:47::SCWMssOS::DEBUG:  swdes dump  /home/sogang/ppe_fpga_ho/vitis_workspace/ppe_dma_platform_v2/zynqmp_fsbl/zynqmp_fsbl_bsp/system.mss|system||

TRACE::2026-07-31.15:23:47::SCWMssOS::Sw design exists and opened at  /home/sogang/ppe_fpga_ho/vitis_workspace/ppe_dma_platform_v2/zynqmp_fsbl/zynqmp_fsbl_bsp/system.mss
TRACE::2026-07-31.15:23:47::SCWPlatform::Trying to open the hw design at /home/sogang/ppe_fpga_ho/vitis_workspace/ppe_dma_platform_v2/hw/dma_passthrough.xsa
TRACE::2026-07-31.15:23:47::SCWPlatform::DSA given /home/sogang/ppe_fpga_ho/vitis_workspace/ppe_dma_platform_v2/hw/dma_passthrough.xsa
TRACE::2026-07-31.15:23:47::SCWPlatform::DSA absoulate path /home/sogang/ppe_fpga_ho/vitis_workspace/ppe_dma_platform_v2/hw/dma_passthrough.xsa
TRACE::2026-07-31.15:23:47::SCWPlatform::DSA directory /home/sogang/ppe_fpga_ho/vitis_workspace/ppe_dma_platform_v2/hw
TRACE::2026-07-31.15:23:47::SCWPlatform:: Platform Path /home/sogang/ppe_fpga_ho/vitis_workspace/ppe_dma_platform_v2/hw/dma_passthrough.xsa
TRACE::2026-07-31.15:23:47::SCWPlatform:: Unique name xilinx:kv260_som_som240_1_connector_kv260_carrier_som240_1_connector::0.0
TRACE::2026-07-31.15:23:47::SCWPlatform::Trying to set the existing hwdb with name dma_passthrough_wrapper_1
TRACE::2026-07-31.15:23:47::SCWPlatform::Opened existing hwdb dma_passthrough_wrapper_1
TRACE::2026-07-31.15:23:47::SCWPlatform::Found the Hw Db part of the input DSA
TRACE::2026-07-31.15:23:47::SCWMssOS::Checking the sw design at  /home/sogang/ppe_fpga_ho/vitis_workspace/ppe_dma_platform_v2/zynqmp_fsbl/zynqmp_fsbl_bsp/system.mss
TRACE::2026-07-31.15:23:47::SCWMssOS::DEBUG:  swdes dump  /home/sogang/ppe_fpga_ho/vitis_workspace/ppe_dma_platform_v2/zynqmp_fsbl/zynqmp_fsbl_bsp/system.mss|system||

TRACE::2026-07-31.15:23:47::SCWMssOS::Sw design exists and opened at  /home/sogang/ppe_fpga_ho/vitis_workspace/ppe_dma_platform_v2/zynqmp_fsbl/zynqmp_fsbl_bsp/system.mss
TRACE::2026-07-31.15:23:47::SCWPlatform::Trying to open the hw design at /home/sogang/ppe_fpga_ho/vitis_workspace/ppe_dma_platform_v2/hw/dma_passthrough.xsa
TRACE::2026-07-31.15:23:47::SCWPlatform::DSA given /home/sogang/ppe_fpga_ho/vitis_workspace/ppe_dma_platform_v2/hw/dma_passthrough.xsa
TRACE::2026-07-31.15:23:47::SCWPlatform::DSA absoulate path /home/sogang/ppe_fpga_ho/vitis_workspace/ppe_dma_platform_v2/hw/dma_passthrough.xsa
TRACE::2026-07-31.15:23:47::SCWPlatform::DSA directory /home/sogang/ppe_fpga_ho/vitis_workspace/ppe_dma_platform_v2/hw
TRACE::2026-07-31.15:23:47::SCWPlatform:: Platform Path /home/sogang/ppe_fpga_ho/vitis_workspace/ppe_dma_platform_v2/hw/dma_passthrough.xsa
TRACE::2026-07-31.15:23:47::SCWPlatform:: Unique name xilinx:kv260_som_som240_1_connector_kv260_carrier_som240_1_connector::0.0
TRACE::2026-07-31.15:23:47::SCWPlatform::Trying to set the existing hwdb with name dma_passthrough_wrapper_1
TRACE::2026-07-31.15:23:47::SCWPlatform::Opened existing hwdb dma_passthrough_wrapper_1
TRACE::2026-07-31.15:23:47::SCWPlatform::Found the Hw Db part of the input DSA
TRACE::2026-07-31.15:23:47::SCWMssOS::Checking the sw design at  /home/sogang/ppe_fpga_ho/vitis_workspace/ppe_dma_platform_v2/zynqmp_fsbl/zynqmp_fsbl_bsp/system.mss
TRACE::2026-07-31.15:23:47::SCWMssOS::DEBUG:  swdes dump  /home/sogang/ppe_fpga_ho/vitis_workspace/ppe_dma_platform_v2/zynqmp_fsbl/zynqmp_fsbl_bsp/system.mss|system||

TRACE::2026-07-31.15:23:47::SCWMssOS::Sw design exists and opened at  /home/sogang/ppe_fpga_ho/vitis_workspace/ppe_dma_platform_v2/zynqmp_fsbl/zynqmp_fsbl_bsp/system.mss
TRACE::2026-07-31.15:23:47::SCWPlatform::Trying to open the hw design at /home/sogang/ppe_fpga_ho/vitis_workspace/ppe_dma_platform_v2/hw/dma_passthrough.xsa
TRACE::2026-07-31.15:23:47::SCWPlatform::DSA given /home/sogang/ppe_fpga_ho/vitis_workspace/ppe_dma_platform_v2/hw/dma_passthrough.xsa
TRACE::2026-07-31.15:23:47::SCWPlatform::DSA absoulate path /home/sogang/ppe_fpga_ho/vitis_workspace/ppe_dma_platform_v2/hw/dma_passthrough.xsa
TRACE::2026-07-31.15:23:47::SCWPlatform::DSA directory /home/sogang/ppe_fpga_ho/vitis_workspace/ppe_dma_platform_v2/hw
TRACE::2026-07-31.15:23:47::SCWPlatform:: Platform Path /home/sogang/ppe_fpga_ho/vitis_workspace/ppe_dma_platform_v2/hw/dma_passthrough.xsa
TRACE::2026-07-31.15:23:47::SCWPlatform:: Unique name xilinx:kv260_som_som240_1_connector_kv260_carrier_som240_1_connector::0.0
TRACE::2026-07-31.15:23:47::SCWPlatform::Trying to set the existing hwdb with name dma_passthrough_wrapper_1
TRACE::2026-07-31.15:23:47::SCWPlatform::Opened existing hwdb dma_passthrough_wrapper_1
TRACE::2026-07-31.15:23:47::SCWPlatform::Found the Hw Db part of the input DSA
TRACE::2026-07-31.15:23:47::SCWMssOS::Checking the sw design at  /home/sogang/ppe_fpga_ho/vitis_workspace/ppe_dma_platform_v2/zynqmp_fsbl/zynqmp_fsbl_bsp/system.mss
TRACE::2026-07-31.15:23:47::SCWMssOS::DEBUG:  swdes dump  /home/sogang/ppe_fpga_ho/vitis_workspace/ppe_dma_platform_v2/zynqmp_fsbl/zynqmp_fsbl_bsp/system.mss|system||

TRACE::2026-07-31.15:23:47::SCWMssOS::Sw design exists and opened at  /home/sogang/ppe_fpga_ho/vitis_workspace/ppe_dma_platform_v2/zynqmp_fsbl/zynqmp_fsbl_bsp/system.mss
TRACE::2026-07-31.15:23:47::SCWPlatform::Trying to open the hw design at /home/sogang/ppe_fpga_ho/vitis_workspace/ppe_dma_platform_v2/hw/dma_passthrough.xsa
TRACE::2026-07-31.15:23:47::SCWPlatform::DSA given /home/sogang/ppe_fpga_ho/vitis_workspace/ppe_dma_platform_v2/hw/dma_passthrough.xsa
TRACE::2026-07-31.15:23:47::SCWPlatform::DSA absoulate path /home/sogang/ppe_fpga_ho/vitis_workspace/ppe_dma_platform_v2/hw/dma_passthrough.xsa
TRACE::2026-07-31.15:23:47::SCWPlatform::DSA directory /home/sogang/ppe_fpga_ho/vitis_workspace/ppe_dma_platform_v2/hw
TRACE::2026-07-31.15:23:47::SCWPlatform:: Platform Path /home/sogang/ppe_fpga_ho/vitis_workspace/ppe_dma_platform_v2/hw/dma_passthrough.xsa
TRACE::2026-07-31.15:23:47::SCWPlatform:: Unique name xilinx:kv260_som_som240_1_connector_kv260_carrier_som240_1_connector::0.0
TRACE::2026-07-31.15:23:47::SCWPlatform::Trying to set the existing hwdb with name dma_passthrough_wrapper_1
TRACE::2026-07-31.15:23:47::SCWPlatform::Opened existing hwdb dma_passthrough_wrapper_1
TRACE::2026-07-31.15:23:47::SCWPlatform::Found the Hw Db part of the input DSA
TRACE::2026-07-31.15:23:47::SCWMssOS::Checking the sw design at  /home/sogang/ppe_fpga_ho/vitis_workspace/ppe_dma_platform_v2/zynqmp_fsbl/zynqmp_fsbl_bsp/system.mss
TRACE::2026-07-31.15:23:47::SCWMssOS::DEBUG:  swdes dump  /home/sogang/ppe_fpga_ho/vitis_workspace/ppe_dma_platform_v2/zynqmp_fsbl/zynqmp_fsbl_bsp/system.mss|system||

TRACE::2026-07-31.15:23:47::SCWMssOS::Sw design exists and opened at  /home/sogang/ppe_fpga_ho/vitis_workspace/ppe_dma_platform_v2/zynqmp_fsbl/zynqmp_fsbl_bsp/system.mss
TRACE::2026-07-31.15:23:47::SCWMssOS::Saving the mss changes /home/sogang/ppe_fpga_ho/vitis_workspace/ppe_dma_platform_v2/zynqmp_fsbl/zynqmp_fsbl_bsp/system.mss
TRACE::2026-07-31.15:23:47::SCWMssOS::Found a swdesign opened with the mssfile.
TRACE::2026-07-31.15:23:47::SCWMssOS::Completed writemss as part of save.
TRACE::2026-07-31.15:23:47::SCWMssOS::Commit changes completed.
TRACE::2026-07-31.15:23:47::SCWReader::Adding prebuilt librarypaths as   
TRACE::2026-07-31.15:23:47::SCWReader::Adding prebuilt incpaths  as   
TRACE::2026-07-31.15:23:47::SCWPlatform::Trying to open the hw design at /home/sogang/ppe_fpga_ho/vitis_workspace/ppe_dma_platform_v2/hw/dma_passthrough.xsa
TRACE::2026-07-31.15:23:47::SCWPlatform::DSA given /home/sogang/ppe_fpga_ho/vitis_workspace/ppe_dma_platform_v2/hw/dma_passthrough.xsa
TRACE::2026-07-31.15:23:47::SCWPlatform::DSA absoulate path /home/sogang/ppe_fpga_ho/vitis_workspace/ppe_dma_platform_v2/hw/dma_passthrough.xsa
TRACE::2026-07-31.15:23:47::SCWPlatform::DSA directory /home/sogang/ppe_fpga_ho/vitis_workspace/ppe_dma_platform_v2/hw
TRACE::2026-07-31.15:23:47::SCWPlatform:: Platform Path /home/sogang/ppe_fpga_ho/vitis_workspace/ppe_dma_platform_v2/hw/dma_passthrough.xsa
TRACE::2026-07-31.15:23:47::SCWPlatform:: Unique name xilinx:kv260_som_som240_1_connector_kv260_carrier_som240_1_connector::0.0
TRACE::2026-07-31.15:23:47::SCWPlatform::Trying to set the existing hwdb with name dma_passthrough_wrapper_1
TRACE::2026-07-31.15:23:47::SCWPlatform::Opened existing hwdb dma_passthrough_wrapper_1
TRACE::2026-07-31.15:23:47::SCWPlatform::Found the Hw Db part of the input DSA
TRACE::2026-07-31.15:23:47::SCWMssOS::Checking the sw design at  /home/sogang/ppe_fpga_ho/vitis_workspace/ppe_dma_platform_v2/zynqmp_fsbl/zynqmp_fsbl_bsp/system.mss
TRACE::2026-07-31.15:23:47::SCWMssOS::DEBUG:  swdes dump  /home/sogang/ppe_fpga_ho/vitis_workspace/ppe_dma_platform_v2/zynqmp_fsbl/zynqmp_fsbl_bsp/system.mss|system||

TRACE::2026-07-31.15:23:47::SCWMssOS::Sw design exists and opened at  /home/sogang/ppe_fpga_ho/vitis_workspace/ppe_dma_platform_v2/zynqmp_fsbl/zynqmp_fsbl_bsp/system.mss
TRACE::2026-07-31.15:23:47::SCWReader::No isolation master present  
TRACE::2026-07-31.15:23:47::SCWDomain::checking for install qemu data   : 
TRACE::2026-07-31.15:23:47::SCWDomain:: Using the QEMU Data from install at  : /tools/Xilinx/Vitis/2022.2/data/emulation/platforms/zynqmp/sw/a53_standalone/qemu/
TRACE::2026-07-31.15:23:47::SCWDomain:: Using the QEMU args  from install at  : /tools/Xilinx/Vitis/2022.2/data/emulation/platforms/zynqmp/sw/a53_standalone/qemu/qemu_args.txt
TRACE::2026-07-31.15:23:47::SCWDomain:: Using the PMUQEMU args from install at  : /tools/Xilinx/Vitis/2022.2/data/emulation/platforms/zynqmp/sw/a53_standalone/qemu/pmu_args.txt
TRACE::2026-07-31.15:23:47::SCWPlatform::Trying to open the hw design at /home/sogang/ppe_fpga_ho/vitis_workspace/ppe_dma_platform_v2/hw/dma_passthrough.xsa
TRACE::2026-07-31.15:23:47::SCWPlatform::DSA given /home/sogang/ppe_fpga_ho/vitis_workspace/ppe_dma_platform_v2/hw/dma_passthrough.xsa
TRACE::2026-07-31.15:23:47::SCWPlatform::DSA absoulate path /home/sogang/ppe_fpga_ho/vitis_workspace/ppe_dma_platform_v2/hw/dma_passthrough.xsa
TRACE::2026-07-31.15:23:47::SCWPlatform::DSA directory /home/sogang/ppe_fpga_ho/vitis_workspace/ppe_dma_platform_v2/hw
TRACE::2026-07-31.15:23:47::SCWPlatform:: Platform Path /home/sogang/ppe_fpga_ho/vitis_workspace/ppe_dma_platform_v2/hw/dma_passthrough.xsa
TRACE::2026-07-31.15:23:47::SCWPlatform:: Unique name xilinx:kv260_som_som240_1_connector_kv260_carrier_som240_1_connector::0.0
TRACE::2026-07-31.15:23:47::SCWPlatform::Trying to set the existing hwdb with name dma_passthrough_wrapper_1
TRACE::2026-07-31.15:23:47::SCWPlatform::Opened existing hwdb dma_passthrough_wrapper_1
TRACE::2026-07-31.15:23:47::SCWPlatform::Found the Hw Db part of the input DSA
TRACE::2026-07-31.15:23:47::SCWReader::Boot application domain added for zynqmp_pmufw
TRACE::2026-07-31.15:23:47::SCWPlatform::Trying to open the hw design at /home/sogang/ppe_fpga_ho/vitis_workspace/ppe_dma_platform_v2/hw/dma_passthrough.xsa
TRACE::2026-07-31.15:23:47::SCWPlatform::DSA given /home/sogang/ppe_fpga_ho/vitis_workspace/ppe_dma_platform_v2/hw/dma_passthrough.xsa
TRACE::2026-07-31.15:23:47::SCWPlatform::DSA absoulate path /home/sogang/ppe_fpga_ho/vitis_workspace/ppe_dma_platform_v2/hw/dma_passthrough.xsa
TRACE::2026-07-31.15:23:47::SCWPlatform::DSA directory /home/sogang/ppe_fpga_ho/vitis_workspace/ppe_dma_platform_v2/hw
TRACE::2026-07-31.15:23:47::SCWPlatform:: Platform Path /home/sogang/ppe_fpga_ho/vitis_workspace/ppe_dma_platform_v2/hw/dma_passthrough.xsa
TRACE::2026-07-31.15:23:47::SCWPlatform:: Unique name xilinx:kv260_som_som240_1_connector_kv260_carrier_som240_1_connector::0.0
TRACE::2026-07-31.15:23:47::SCWPlatform::Trying to set the existing hwdb with name dma_passthrough_wrapper_1
TRACE::2026-07-31.15:23:47::SCWPlatform::Opened existing hwdb dma_passthrough_wrapper_1
TRACE::2026-07-31.15:23:47::SCWPlatform::Found the Hw Db part of the input DSA
TRACE::2026-07-31.15:23:47::SCWMssOS::Checking the sw design at  /home/sogang/ppe_fpga_ho/vitis_workspace/ppe_dma_platform_v2/zynqmp_pmufw/zynqmp_pmufw_bsp/system.mss
TRACE::2026-07-31.15:23:47::SCWMssOS::DEBUG:  swdes dump  /home/sogang/ppe_fpga_ho/vitis_workspace/ppe_dma_platform_v2/zynqmp_fsbl/zynqmp_fsbl_bsp/system.mss|system||

TRACE::2026-07-31.15:23:47::SCWMssOS::No sw design opened at  /home/sogang/ppe_fpga_ho/vitis_workspace/ppe_dma_platform_v2/zynqmp_pmufw/zynqmp_pmufw_bsp/system.mss
TRACE::2026-07-31.15:23:47::SCWMssOS::mss exists loading the mss file  /home/sogang/ppe_fpga_ho/vitis_workspace/ppe_dma_platform_v2/zynqmp_pmufw/zynqmp_pmufw_bsp/system.mss
TRACE::2026-07-31.15:23:47::SCWMssOS::Opened the sw design from mss  /home/sogang/ppe_fpga_ho/vitis_workspace/ppe_dma_platform_v2/zynqmp_pmufw/zynqmp_pmufw_bsp/system.mss
TRACE::2026-07-31.15:23:47::SCWMssOS::Adding the swdes entry /home/sogang/ppe_fpga_ho/vitis_workspace/ppe_dma_platform_v2/zynqmp_pmufw/zynqmp_pmufw_bsp/system.mss with des name system_0
TRACE::2026-07-31.15:23:47::SCWMssOS::updating the scw layer about changes
TRACE::2026-07-31.15:23:48::SCWMssOS::Opened the sw design.  /home/sogang/ppe_fpga_ho/vitis_workspace/ppe_dma_platform_v2/zynqmp_pmufw/zynqmp_pmufw_bsp/system.mss
TRACE::2026-07-31.15:23:48::SCWPlatform::Trying to open the hw design at /home/sogang/ppe_fpga_ho/vitis_workspace/ppe_dma_platform_v2/hw/dma_passthrough.xsa
TRACE::2026-07-31.15:23:48::SCWPlatform::DSA given /home/sogang/ppe_fpga_ho/vitis_workspace/ppe_dma_platform_v2/hw/dma_passthrough.xsa
TRACE::2026-07-31.15:23:48::SCWPlatform::DSA absoulate path /home/sogang/ppe_fpga_ho/vitis_workspace/ppe_dma_platform_v2/hw/dma_passthrough.xsa
TRACE::2026-07-31.15:23:48::SCWPlatform::DSA directory /home/sogang/ppe_fpga_ho/vitis_workspace/ppe_dma_platform_v2/hw
TRACE::2026-07-31.15:23:48::SCWPlatform:: Platform Path /home/sogang/ppe_fpga_ho/vitis_workspace/ppe_dma_platform_v2/hw/dma_passthrough.xsa
TRACE::2026-07-31.15:23:48::SCWPlatform:: Unique name xilinx:kv260_som_som240_1_connector_kv260_carrier_som240_1_connector::0.0
TRACE::2026-07-31.15:23:48::SCWPlatform::Trying to set the existing hwdb with name dma_passthrough_wrapper_1
TRACE::2026-07-31.15:23:48::SCWPlatform::Opened existing hwdb dma_passthrough_wrapper_1
TRACE::2026-07-31.15:23:48::SCWPlatform::Found the Hw Db part of the input DSA
TRACE::2026-07-31.15:23:48::SCWMssOS::Checking the sw design at  /home/sogang/ppe_fpga_ho/vitis_workspace/ppe_dma_platform_v2/zynqmp_pmufw/zynqmp_pmufw_bsp/system.mss
TRACE::2026-07-31.15:23:48::SCWMssOS::DEBUG:  swdes dump  /home/sogang/ppe_fpga_ho/vitis_workspace/ppe_dma_platform_v2/zynqmp_fsbl/zynqmp_fsbl_bsp/system.mss|system||
/home/sogang/ppe_fpga_ho/vitis_workspace/ppe_dma_platform_v2/zynqmp_pmufw/zynqmp_pmufw_bsp/system.mss|system_0||

TRACE::2026-07-31.15:23:48::SCWMssOS::Sw design exists and opened at  /home/sogang/ppe_fpga_ho/vitis_workspace/ppe_dma_platform_v2/zynqmp_pmufw/zynqmp_pmufw_bsp/system.mss
TRACE::2026-07-31.15:23:48::SCWMssOS:: library already available in sw design:  xilfpga:6.3
TRACE::2026-07-31.15:23:48::SCWPlatform::Trying to open the hw design at /home/sogang/ppe_fpga_ho/vitis_workspace/ppe_dma_platform_v2/hw/dma_passthrough.xsa
TRACE::2026-07-31.15:23:48::SCWPlatform::DSA given /home/sogang/ppe_fpga_ho/vitis_workspace/ppe_dma_platform_v2/hw/dma_passthrough.xsa
TRACE::2026-07-31.15:23:48::SCWPlatform::DSA absoulate path /home/sogang/ppe_fpga_ho/vitis_workspace/ppe_dma_platform_v2/hw/dma_passthrough.xsa
TRACE::2026-07-31.15:23:48::SCWPlatform::DSA directory /home/sogang/ppe_fpga_ho/vitis_workspace/ppe_dma_platform_v2/hw
TRACE::2026-07-31.15:23:48::SCWPlatform:: Platform Path /home/sogang/ppe_fpga_ho/vitis_workspace/ppe_dma_platform_v2/hw/dma_passthrough.xsa
TRACE::2026-07-31.15:23:48::SCWPlatform:: Unique name xilinx:kv260_som_som240_1_connector_kv260_carrier_som240_1_connector::0.0
TRACE::2026-07-31.15:23:48::SCWPlatform::Trying to set the existing hwdb with name dma_passthrough_wrapper_1
TRACE::2026-07-31.15:23:48::SCWPlatform::Opened existing hwdb dma_passthrough_wrapper_1
TRACE::2026-07-31.15:23:48::SCWPlatform::Found the Hw Db part of the input DSA
TRACE::2026-07-31.15:23:48::SCWMssOS::Checking the sw design at  /home/sogang/ppe_fpga_ho/vitis_workspace/ppe_dma_platform_v2/zynqmp_pmufw/zynqmp_pmufw_bsp/system.mss
TRACE::2026-07-31.15:23:48::SCWMssOS::DEBUG:  swdes dump  /home/sogang/ppe_fpga_ho/vitis_workspace/ppe_dma_platform_v2/zynqmp_fsbl/zynqmp_fsbl_bsp/system.mss|system||
/home/sogang/ppe_fpga_ho/vitis_workspace/ppe_dma_platform_v2/zynqmp_pmufw/zynqmp_pmufw_bsp/system.mss|system_0||

TRACE::2026-07-31.15:23:48::SCWMssOS::Sw design exists and opened at  /home/sogang/ppe_fpga_ho/vitis_workspace/ppe_dma_platform_v2/zynqmp_pmufw/zynqmp_pmufw_bsp/system.mss
TRACE::2026-07-31.15:23:48::SCWMssOS:: library already available in sw design:  xilsecure:5.0
TRACE::2026-07-31.15:23:48::SCWPlatform::Trying to open the hw design at /home/sogang/ppe_fpga_ho/vitis_workspace/ppe_dma_platform_v2/hw/dma_passthrough.xsa
TRACE::2026-07-31.15:23:48::SCWPlatform::DSA given /home/sogang/ppe_fpga_ho/vitis_workspace/ppe_dma_platform_v2/hw/dma_passthrough.xsa
TRACE::2026-07-31.15:23:48::SCWPlatform::DSA absoulate path /home/sogang/ppe_fpga_ho/vitis_workspace/ppe_dma_platform_v2/hw/dma_passthrough.xsa
TRACE::2026-07-31.15:23:48::SCWPlatform::DSA directory /home/sogang/ppe_fpga_ho/vitis_workspace/ppe_dma_platform_v2/hw
TRACE::2026-07-31.15:23:48::SCWPlatform:: Platform Path /home/sogang/ppe_fpga_ho/vitis_workspace/ppe_dma_platform_v2/hw/dma_passthrough.xsa
TRACE::2026-07-31.15:23:48::SCWPlatform:: Unique name xilinx:kv260_som_som240_1_connector_kv260_carrier_som240_1_connector::0.0
TRACE::2026-07-31.15:23:48::SCWPlatform::Trying to set the existing hwdb with name dma_passthrough_wrapper_1
TRACE::2026-07-31.15:23:48::SCWPlatform::Opened existing hwdb dma_passthrough_wrapper_1
TRACE::2026-07-31.15:23:48::SCWPlatform::Found the Hw Db part of the input DSA
TRACE::2026-07-31.15:23:48::SCWMssOS::Checking the sw design at  /home/sogang/ppe_fpga_ho/vitis_workspace/ppe_dma_platform_v2/zynqmp_pmufw/zynqmp_pmufw_bsp/system.mss
TRACE::2026-07-31.15:23:48::SCWMssOS::DEBUG:  swdes dump  /home/sogang/ppe_fpga_ho/vitis_workspace/ppe_dma_platform_v2/zynqmp_fsbl/zynqmp_fsbl_bsp/system.mss|system||
/home/sogang/ppe_fpga_ho/vitis_workspace/ppe_dma_platform_v2/zynqmp_pmufw/zynqmp_pmufw_bsp/system.mss|system_0||

TRACE::2026-07-31.15:23:48::SCWMssOS::Sw design exists and opened at  /home/sogang/ppe_fpga_ho/vitis_workspace/ppe_dma_platform_v2/zynqmp_pmufw/zynqmp_pmufw_bsp/system.mss
TRACE::2026-07-31.15:23:48::SCWMssOS:: library already available in sw design:  xilskey:7.3
TRACE::2026-07-31.15:23:48::SCWPlatform::Trying to open the hw design at /home/sogang/ppe_fpga_ho/vitis_workspace/ppe_dma_platform_v2/hw/dma_passthrough.xsa
TRACE::2026-07-31.15:23:48::SCWPlatform::DSA given /home/sogang/ppe_fpga_ho/vitis_workspace/ppe_dma_platform_v2/hw/dma_passthrough.xsa
TRACE::2026-07-31.15:23:48::SCWPlatform::DSA absoulate path /home/sogang/ppe_fpga_ho/vitis_workspace/ppe_dma_platform_v2/hw/dma_passthrough.xsa
TRACE::2026-07-31.15:23:48::SCWPlatform::DSA directory /home/sogang/ppe_fpga_ho/vitis_workspace/ppe_dma_platform_v2/hw
TRACE::2026-07-31.15:23:48::SCWPlatform:: Platform Path /home/sogang/ppe_fpga_ho/vitis_workspace/ppe_dma_platform_v2/hw/dma_passthrough.xsa
TRACE::2026-07-31.15:23:48::SCWPlatform:: Unique name xilinx:kv260_som_som240_1_connector_kv260_carrier_som240_1_connector::0.0
TRACE::2026-07-31.15:23:48::SCWPlatform::Trying to set the existing hwdb with name dma_passthrough_wrapper_1
TRACE::2026-07-31.15:23:48::SCWPlatform::Opened existing hwdb dma_passthrough_wrapper_1
TRACE::2026-07-31.15:23:48::SCWPlatform::Found the Hw Db part of the input DSA
TRACE::2026-07-31.15:23:48::SCWMssOS::Checking the sw design at  /home/sogang/ppe_fpga_ho/vitis_workspace/ppe_dma_platform_v2/zynqmp_pmufw/zynqmp_pmufw_bsp/system.mss
TRACE::2026-07-31.15:23:48::SCWMssOS::DEBUG:  swdes dump  /home/sogang/ppe_fpga_ho/vitis_workspace/ppe_dma_platform_v2/zynqmp_fsbl/zynqmp_fsbl_bsp/system.mss|system||
/home/sogang/ppe_fpga_ho/vitis_workspace/ppe_dma_platform_v2/zynqmp_pmufw/zynqmp_pmufw_bsp/system.mss|system_0||

TRACE::2026-07-31.15:23:48::SCWMssOS::Sw design exists and opened at  /home/sogang/ppe_fpga_ho/vitis_workspace/ppe_dma_platform_v2/zynqmp_pmufw/zynqmp_pmufw_bsp/system.mss
TRACE::2026-07-31.15:23:48::SCWPlatform::Trying to open the hw design at /home/sogang/ppe_fpga_ho/vitis_workspace/ppe_dma_platform_v2/hw/dma_passthrough.xsa
TRACE::2026-07-31.15:23:48::SCWPlatform::DSA given /home/sogang/ppe_fpga_ho/vitis_workspace/ppe_dma_platform_v2/hw/dma_passthrough.xsa
TRACE::2026-07-31.15:23:48::SCWPlatform::DSA absoulate path /home/sogang/ppe_fpga_ho/vitis_workspace/ppe_dma_platform_v2/hw/dma_passthrough.xsa
TRACE::2026-07-31.15:23:48::SCWPlatform::DSA directory /home/sogang/ppe_fpga_ho/vitis_workspace/ppe_dma_platform_v2/hw
TRACE::2026-07-31.15:23:48::SCWPlatform:: Platform Path /home/sogang/ppe_fpga_ho/vitis_workspace/ppe_dma_platform_v2/hw/dma_passthrough.xsa
TRACE::2026-07-31.15:23:48::SCWPlatform:: Unique name xilinx:kv260_som_som240_1_connector_kv260_carrier_som240_1_connector::0.0
TRACE::2026-07-31.15:23:48::SCWPlatform::Trying to set the existing hwdb with name dma_passthrough_wrapper_1
TRACE::2026-07-31.15:23:48::SCWPlatform::Opened existing hwdb dma_passthrough_wrapper_1
TRACE::2026-07-31.15:23:48::SCWPlatform::Found the Hw Db part of the input DSA
TRACE::2026-07-31.15:23:48::SCWMssOS::Checking the sw design at  /home/sogang/ppe_fpga_ho/vitis_workspace/ppe_dma_platform_v2/zynqmp_pmufw/zynqmp_pmufw_bsp/system.mss
TRACE::2026-07-31.15:23:48::SCWMssOS::DEBUG:  swdes dump  /home/sogang/ppe_fpga_ho/vitis_workspace/ppe_dma_platform_v2/zynqmp_fsbl/zynqmp_fsbl_bsp/system.mss|system||
/home/sogang/ppe_fpga_ho/vitis_workspace/ppe_dma_platform_v2/zynqmp_pmufw/zynqmp_pmufw_bsp/system.mss|system_0||

TRACE::2026-07-31.15:23:48::SCWMssOS::Sw design exists and opened at  /home/sogang/ppe_fpga_ho/vitis_workspace/ppe_dma_platform_v2/zynqmp_pmufw/zynqmp_pmufw_bsp/system.mss
TRACE::2026-07-31.15:23:48::SCWMssOS::Saving the mss changes /home/sogang/ppe_fpga_ho/vitis_workspace/ppe_dma_platform_v2/zynqmp_pmufw/zynqmp_pmufw_bsp/system.mss
TRACE::2026-07-31.15:23:48::SCWMssOS::Found a swdesign opened with the mssfile.
TRACE::2026-07-31.15:23:48::SCWMssOS::Completed writemss as part of save.
TRACE::2026-07-31.15:23:48::SCWMssOS::Commit changes completed.
TRACE::2026-07-31.15:23:48::SCWReader::Adding prebuilt librarypaths as   
TRACE::2026-07-31.15:23:48::SCWReader::Adding prebuilt incpaths  as   
TRACE::2026-07-31.15:23:48::SCWPlatform::Trying to open the hw design at /home/sogang/ppe_fpga_ho/vitis_workspace/ppe_dma_platform_v2/hw/dma_passthrough.xsa
TRACE::2026-07-31.15:23:48::SCWPlatform::DSA given /home/sogang/ppe_fpga_ho/vitis_workspace/ppe_dma_platform_v2/hw/dma_passthrough.xsa
TRACE::2026-07-31.15:23:48::SCWPlatform::DSA absoulate path /home/sogang/ppe_fpga_ho/vitis_workspace/ppe_dma_platform_v2/hw/dma_passthrough.xsa
TRACE::2026-07-31.15:23:48::SCWPlatform::DSA directory /home/sogang/ppe_fpga_ho/vitis_workspace/ppe_dma_platform_v2/hw
TRACE::2026-07-31.15:23:48::SCWPlatform:: Platform Path /home/sogang/ppe_fpga_ho/vitis_workspace/ppe_dma_platform_v2/hw/dma_passthrough.xsa
TRACE::2026-07-31.15:23:48::SCWPlatform:: Unique name xilinx:kv260_som_som240_1_connector_kv260_carrier_som240_1_connector::0.0
TRACE::2026-07-31.15:23:48::SCWPlatform::Trying to set the existing hwdb with name dma_passthrough_wrapper_1
TRACE::2026-07-31.15:23:48::SCWPlatform::Opened existing hwdb dma_passthrough_wrapper_1
TRACE::2026-07-31.15:23:48::SCWPlatform::Found the Hw Db part of the input DSA
TRACE::2026-07-31.15:23:48::SCWMssOS::Checking the sw design at  /home/sogang/ppe_fpga_ho/vitis_workspace/ppe_dma_platform_v2/zynqmp_pmufw/zynqmp_pmufw_bsp/system.mss
TRACE::2026-07-31.15:23:48::SCWMssOS::DEBUG:  swdes dump  /home/sogang/ppe_fpga_ho/vitis_workspace/ppe_dma_platform_v2/zynqmp_fsbl/zynqmp_fsbl_bsp/system.mss|system||
/home/sogang/ppe_fpga_ho/vitis_workspace/ppe_dma_platform_v2/zynqmp_pmufw/zynqmp_pmufw_bsp/system.mss|system_0||

TRACE::2026-07-31.15:23:48::SCWMssOS::Sw design exists and opened at  /home/sogang/ppe_fpga_ho/vitis_workspace/ppe_dma_platform_v2/zynqmp_pmufw/zynqmp_pmufw_bsp/system.mss
TRACE::2026-07-31.15:23:48::SCWReader::No isolation master present  
TRACE::2026-07-31.15:23:48::SCWDomain::checking for install qemu data   : 
TRACE::2026-07-31.15:23:48::SCWDomain:: Using the QEMU Data from install at  : /tools/Xilinx/Vitis/2022.2/data/emulation/platforms/zynqmp/sw/a53_standalone/qemu/
TRACE::2026-07-31.15:23:48::SCWDomain:: Using the QEMU args  from install at  : /tools/Xilinx/Vitis/2022.2/data/emulation/platforms/zynqmp/sw/a53_standalone/qemu/qemu_args.txt
TRACE::2026-07-31.15:23:48::SCWDomain:: Using the PMUQEMU args from install at  : /tools/Xilinx/Vitis/2022.2/data/emulation/platforms/zynqmp/sw/a53_standalone/qemu/pmu_args.txt
TRACE::2026-07-31.15:23:48::SCWPlatform::Trying to open the hw design at /home/sogang/ppe_fpga_ho/vitis_workspace/ppe_dma_platform_v2/hw/dma_passthrough.xsa
TRACE::2026-07-31.15:23:48::SCWPlatform::DSA given /home/sogang/ppe_fpga_ho/vitis_workspace/ppe_dma_platform_v2/hw/dma_passthrough.xsa
TRACE::2026-07-31.15:23:48::SCWPlatform::DSA absoulate path /home/sogang/ppe_fpga_ho/vitis_workspace/ppe_dma_platform_v2/hw/dma_passthrough.xsa
TRACE::2026-07-31.15:23:48::SCWPlatform::DSA directory /home/sogang/ppe_fpga_ho/vitis_workspace/ppe_dma_platform_v2/hw
TRACE::2026-07-31.15:23:48::SCWPlatform:: Platform Path /home/sogang/ppe_fpga_ho/vitis_workspace/ppe_dma_platform_v2/hw/dma_passthrough.xsa
TRACE::2026-07-31.15:23:48::SCWPlatform:: Unique name xilinx:kv260_som_som240_1_connector_kv260_carrier_som240_1_connector::0.0
TRACE::2026-07-31.15:23:48::SCWPlatform::Trying to set the existing hwdb with name dma_passthrough_wrapper_1
TRACE::2026-07-31.15:23:48::SCWPlatform::Opened existing hwdb dma_passthrough_wrapper_1
TRACE::2026-07-31.15:23:48::SCWPlatform::Found the Hw Db part of the input DSA
TRACE::2026-07-31.15:23:48::SCWPlatform::Trying to open the hw design at /home/sogang/ppe_fpga_ho/vitis_workspace/ppe_dma_platform_v2/hw/dma_passthrough.xsa
TRACE::2026-07-31.15:23:48::SCWPlatform::DSA given /home/sogang/ppe_fpga_ho/vitis_workspace/ppe_dma_platform_v2/hw/dma_passthrough.xsa
TRACE::2026-07-31.15:23:48::SCWPlatform::DSA absoulate path /home/sogang/ppe_fpga_ho/vitis_workspace/ppe_dma_platform_v2/hw/dma_passthrough.xsa
TRACE::2026-07-31.15:23:48::SCWPlatform::DSA directory /home/sogang/ppe_fpga_ho/vitis_workspace/ppe_dma_platform_v2/hw
TRACE::2026-07-31.15:23:48::SCWPlatform:: Platform Path /home/sogang/ppe_fpga_ho/vitis_workspace/ppe_dma_platform_v2/hw/dma_passthrough.xsa
TRACE::2026-07-31.15:23:48::SCWPlatform:: Unique name xilinx:kv260_som_som240_1_connector_kv260_carrier_som240_1_connector::0.0
TRACE::2026-07-31.15:23:48::SCWPlatform::Trying to set the existing hwdb with name dma_passthrough_wrapper_1
TRACE::2026-07-31.15:23:48::SCWPlatform::Opened existing hwdb dma_passthrough_wrapper_1
TRACE::2026-07-31.15:23:48::SCWPlatform::Found the Hw Db part of the input DSA
TRACE::2026-07-31.15:23:48::SCWPlatform::Trying to open the hw design at /home/sogang/ppe_fpga_ho/vitis_workspace/ppe_dma_platform_v2/hw/dma_passthrough.xsa
TRACE::2026-07-31.15:23:48::SCWPlatform::DSA given /home/sogang/ppe_fpga_ho/vitis_workspace/ppe_dma_platform_v2/hw/dma_passthrough.xsa
TRACE::2026-07-31.15:23:48::SCWPlatform::DSA absoulate path /home/sogang/ppe_fpga_ho/vitis_workspace/ppe_dma_platform_v2/hw/dma_passthrough.xsa
TRACE::2026-07-31.15:23:48::SCWPlatform::DSA directory /home/sogang/ppe_fpga_ho/vitis_workspace/ppe_dma_platform_v2/hw
TRACE::2026-07-31.15:23:48::SCWPlatform:: Platform Path /home/sogang/ppe_fpga_ho/vitis_workspace/ppe_dma_platform_v2/hw/dma_passthrough.xsa
TRACE::2026-07-31.15:23:48::SCWPlatform:: Unique name xilinx:kv260_som_som240_1_connector_kv260_carrier_som240_1_connector::0.0
TRACE::2026-07-31.15:23:48::SCWPlatform::Trying to set the existing hwdb with name dma_passthrough_wrapper_1
TRACE::2026-07-31.15:23:48::SCWPlatform::Opened existing hwdb dma_passthrough_wrapper_1
TRACE::2026-07-31.15:23:48::SCWPlatform::Found the Hw Db part of the input DSA
TRACE::2026-07-31.15:23:48::SCWMssOS::Checking the sw design at  /home/sogang/ppe_fpga_ho/vitis_workspace/ppe_dma_platform_v2/psu_cortexa53_0/standalone_domain/bsp/system.mss
TRACE::2026-07-31.15:23:48::SCWMssOS::DEBUG:  swdes dump  /home/sogang/ppe_fpga_ho/vitis_workspace/ppe_dma_platform_v2/zynqmp_fsbl/zynqmp_fsbl_bsp/system.mss|system||
/home/sogang/ppe_fpga_ho/vitis_workspace/ppe_dma_platform_v2/zynqmp_pmufw/zynqmp_pmufw_bsp/system.mss|system_0||

TRACE::2026-07-31.15:23:48::SCWMssOS::No sw design opened at  /home/sogang/ppe_fpga_ho/vitis_workspace/ppe_dma_platform_v2/psu_cortexa53_0/standalone_domain/bsp/system.mss
TRACE::2026-07-31.15:23:48::SCWMssOS::mss exists loading the mss file  /home/sogang/ppe_fpga_ho/vitis_workspace/ppe_dma_platform_v2/psu_cortexa53_0/standalone_domain/bsp/system.mss
TRACE::2026-07-31.15:23:48::SCWMssOS::Opened the sw design from mss  /home/sogang/ppe_fpga_ho/vitis_workspace/ppe_dma_platform_v2/psu_cortexa53_0/standalone_domain/bsp/system.mss
TRACE::2026-07-31.15:23:48::SCWMssOS::Adding the swdes entry /home/sogang/ppe_fpga_ho/vitis_workspace/ppe_dma_platform_v2/psu_cortexa53_0/standalone_domain/bsp/system.mss with des name system_1
TRACE::2026-07-31.15:23:48::SCWMssOS::updating the scw layer about changes
TRACE::2026-07-31.15:23:48::SCWMssOS::Opened the sw design.  /home/sogang/ppe_fpga_ho/vitis_workspace/ppe_dma_platform_v2/psu_cortexa53_0/standalone_domain/bsp/system.mss
TRACE::2026-07-31.15:23:48::SCWMssOS::Saving the mss changes /home/sogang/ppe_fpga_ho/vitis_workspace/ppe_dma_platform_v2/psu_cortexa53_0/standalone_domain/bsp/system.mss
TRACE::2026-07-31.15:23:48::SCWMssOS::Found a swdesign opened with the mssfile.
TRACE::2026-07-31.15:23:48::SCWMssOS::Completed writemss as part of save.
TRACE::2026-07-31.15:23:48::SCWMssOS::Commit changes completed.
TRACE::2026-07-31.15:23:48::SCWReader::Adding prebuilt librarypaths as   
TRACE::2026-07-31.15:23:48::SCWReader::Adding prebuilt incpaths  as   
TRACE::2026-07-31.15:23:48::SCWPlatform::Trying to open the hw design at /home/sogang/ppe_fpga_ho/vitis_workspace/ppe_dma_platform_v2/hw/dma_passthrough.xsa
TRACE::2026-07-31.15:23:48::SCWPlatform::DSA given /home/sogang/ppe_fpga_ho/vitis_workspace/ppe_dma_platform_v2/hw/dma_passthrough.xsa
TRACE::2026-07-31.15:23:48::SCWPlatform::DSA absoulate path /home/sogang/ppe_fpga_ho/vitis_workspace/ppe_dma_platform_v2/hw/dma_passthrough.xsa
TRACE::2026-07-31.15:23:48::SCWPlatform::DSA directory /home/sogang/ppe_fpga_ho/vitis_workspace/ppe_dma_platform_v2/hw
TRACE::2026-07-31.15:23:48::SCWPlatform:: Platform Path /home/sogang/ppe_fpga_ho/vitis_workspace/ppe_dma_platform_v2/hw/dma_passthrough.xsa
TRACE::2026-07-31.15:23:48::SCWPlatform:: Unique name xilinx:kv260_som_som240_1_connector_kv260_carrier_som240_1_connector::0.0
TRACE::2026-07-31.15:23:48::SCWPlatform::Trying to set the existing hwdb with name dma_passthrough_wrapper_1
TRACE::2026-07-31.15:23:48::SCWPlatform::Opened existing hwdb dma_passthrough_wrapper_1
TRACE::2026-07-31.15:23:48::SCWPlatform::Found the Hw Db part of the input DSA
TRACE::2026-07-31.15:23:48::SCWMssOS::Checking the sw design at  /home/sogang/ppe_fpga_ho/vitis_workspace/ppe_dma_platform_v2/psu_cortexa53_0/standalone_domain/bsp/system.mss
TRACE::2026-07-31.15:23:48::SCWMssOS::DEBUG:  swdes dump  /home/sogang/ppe_fpga_ho/vitis_workspace/ppe_dma_platform_v2/psu_cortexa53_0/standalone_domain/bsp/system.mss|system_1||
/home/sogang/ppe_fpga_ho/vitis_workspace/ppe_dma_platform_v2/zynqmp_fsbl/zynqmp_fsbl_bsp/system.mss|system||
/home/sogang/ppe_fpga_ho/vitis_workspace/ppe_dma_platform_v2/zynqmp_pmufw/zynqmp_pmufw_bsp/system.mss|system_0||

TRACE::2026-07-31.15:23:48::SCWMssOS::Sw design exists and opened at  /home/sogang/ppe_fpga_ho/vitis_workspace/ppe_dma_platform_v2/psu_cortexa53_0/standalone_domain/bsp/system.mss
TRACE::2026-07-31.15:23:48::SCWReader::No isolation master present  
LOG::2026-07-31.15:24:21::SCWPlatform::Started generating the artifacts platform ppe_dma_platform_v2
TRACE::2026-07-31.15:24:21::SCWPlatform::Sanity checking of platform is completed
LOG::2026-07-31.15:24:21::SCWPlatform::Started generating the artifacts for system configuration ppe_dma_platform_v2
LOG::2026-07-31.15:24:21::SCWSystem::Checking the domain zynqmp_fsbl
LOG::2026-07-31.15:24:21::SCWSystem::Doing application build for :  zynqmp_fsbl
TRACE::2026-07-31.15:24:21::SCWBDomain::Not a forced makefile updation, No changes are present. 
TRACE::2026-07-31.15:24:21::SCWDomain::Building the domain as part of full build :  zynqmp_fsbl
TRACE::2026-07-31.15:24:21::SCWPlatform::Trying to open the hw design at /home/sogang/ppe_fpga_ho/vitis_workspace/ppe_dma_platform_v2/hw/dma_passthrough.xsa
TRACE::2026-07-31.15:24:21::SCWPlatform::DSA given /home/sogang/ppe_fpga_ho/vitis_workspace/ppe_dma_platform_v2/hw/dma_passthrough.xsa
TRACE::2026-07-31.15:24:21::SCWPlatform::DSA absoulate path /home/sogang/ppe_fpga_ho/vitis_workspace/ppe_dma_platform_v2/hw/dma_passthrough.xsa
TRACE::2026-07-31.15:24:21::SCWPlatform::DSA directory /home/sogang/ppe_fpga_ho/vitis_workspace/ppe_dma_platform_v2/hw
TRACE::2026-07-31.15:24:21::SCWPlatform:: Platform Path /home/sogang/ppe_fpga_ho/vitis_workspace/ppe_dma_platform_v2/hw/dma_passthrough.xsa
TRACE::2026-07-31.15:24:21::SCWPlatform:: Unique name xilinx:kv260_som_som240_1_connector_kv260_carrier_som240_1_connector::0.0
TRACE::2026-07-31.15:24:21::SCWPlatform::Trying to set the existing hwdb with name dma_passthrough_wrapper_1
TRACE::2026-07-31.15:24:21::SCWPlatform::Opened existing hwdb dma_passthrough_wrapper_1
TRACE::2026-07-31.15:24:21::SCWPlatform::Found the Hw Db part of the input DSA
TRACE::2026-07-31.15:24:21::SCWMssOS::Checking the sw design at  /home/sogang/ppe_fpga_ho/vitis_workspace/ppe_dma_platform_v2/zynqmp_fsbl/zynqmp_fsbl_bsp/system.mss
TRACE::2026-07-31.15:24:21::SCWMssOS::DEBUG:  swdes dump  /home/sogang/ppe_fpga_ho/vitis_workspace/ppe_dma_platform_v2/psu_cortexa53_0/standalone_domain/bsp/system.mss|system_1||
/home/sogang/ppe_fpga_ho/vitis_workspace/ppe_dma_platform_v2/zynqmp_fsbl/zynqmp_fsbl_bsp/system.mss|system||
/home/sogang/ppe_fpga_ho/vitis_workspace/ppe_dma_platform_v2/zynqmp_pmufw/zynqmp_pmufw_bsp/system.mss|system_0||

TRACE::2026-07-31.15:24:21::SCWMssOS::Sw design exists and opened at  /home/sogang/ppe_fpga_ho/vitis_workspace/ppe_dma_platform_v2/zynqmp_fsbl/zynqmp_fsbl_bsp/system.mss
TRACE::2026-07-31.15:24:21::SCWBDomain::Completed writing the mss file at /home/sogang/ppe_fpga_ho/vitis_workspace/ppe_dma_platform_v2/zynqmp_fsbl/zynqmp_fsbl_bsp
TRACE::2026-07-31.15:24:21::SCWBDomain::bsp generated is upto date with the mss file. Skipping bsp generation.
TRACE::2026-07-31.15:24:21::SCWBDomain::Not a forced makefile updation, No changes are present. 
TRACE::2026-07-31.15:24:21::SCWBDomain::System Command Ran  cd  /home/sogang/ppe_fpga_ho/vitis_workspace/ppe_dma_platform_v2/zynqmp_fsbl ; bash -c " make -C zynqmp_fsbl_bsp ; make  " 
TRACE::2026-07-31.15:24:21::SCWBDomain::make: Entering directory '/home/sogang/ppe_fpga_ho/vitis_workspace/ppe_dma_platform_v2/zynqmp_fsbl/zynqmp_fsbl_bsp'

TRACE::2026-07-31.15:24:21::SCWBDomain::make --no-print-directory seq_libs

TRACE::2026-07-31.15:24:21::SCWBDomain::Running Make include in psu_cortexa53_0/libsrc/avbuf_v2_5/src

TRACE::2026-07-31.15:24:21::SCWBDomain::make -C psu_cortexa53_0/libsrc/avbuf_v2_5/src -s include  "SHELL=/bin/sh" "COMPILER=aarch64-none-elf-gcc" "ASSEMBLER=aarch64-no
TRACE::2026-07-31.15:24:21::SCWBDomain::ne-elf-as" "ARCHIVER=aarch64-none-elf-ar" "COMPILER_FLAGS=  -c" "EXTRA_COMPILER_FLAGS=-g -Wall -Wextra -fno-tree-loop-distribut
TRACE::2026-07-31.15:24:21::SCWBDomain::e-patterns -Os -flto -ffat-lto-objects"

TRACE::2026-07-31.15:24:21::SCWBDomain::Running Make include in psu_cortexa53_0/libsrc/axidma_v9_15/src

TRACE::2026-07-31.15:24:21::SCWBDomain::make -C psu_cortexa53_0/libsrc/axidma_v9_15/src -s include  "SHELL=/bin/sh" "COMPILER=aarch64-none-elf-gcc" "ASSEMBLER=aarch64-
TRACE::2026-07-31.15:24:21::SCWBDomain::none-elf-as" "ARCHIVER=aarch64-none-elf-ar" "COMPILER_FLAGS=  -c" "EXTRA_COMPILER_FLAGS=-g -Wall -Wextra -fno-tree-loop-distrib
TRACE::2026-07-31.15:24:21::SCWBDomain::ute-patterns -Os -flto -ffat-lto-objects"

TRACE::2026-07-31.15:24:21::SCWBDomain::Running Make include in psu_cortexa53_0/libsrc/axipmon_v6_9/src

TRACE::2026-07-31.15:24:21::SCWBDomain::make -C psu_cortexa53_0/libsrc/axipmon_v6_9/src -s include  "SHELL=/bin/sh" "COMPILER=aarch64-none-elf-gcc" "ASSEMBLER=aarch64-
TRACE::2026-07-31.15:24:21::SCWBDomain::none-elf-as" "ARCHIVER=aarch64-none-elf-ar" "COMPILER_FLAGS=  -c" "EXTRA_COMPILER_FLAGS=-g -Wall -Wextra -fno-tree-loop-distrib
TRACE::2026-07-31.15:24:21::SCWBDomain::ute-patterns -Os -flto -ffat-lto-objects"

TRACE::2026-07-31.15:24:21::SCWBDomain::Running Make include in psu_cortexa53_0/libsrc/axis_passthrough_v1_0/src

TRACE::2026-07-31.15:24:21::SCWBDomain::make -C psu_cortexa53_0/libsrc/axis_passthrough_v1_0/src -s include  "SHELL=/bin/sh" "COMPILER=aarch64-none-elf-gcc" "ASSEMBLER
TRACE::2026-07-31.15:24:21::SCWBDomain::=aarch64-none-elf-as" "ARCHIVER=aarch64-none-elf-ar" "COMPILER_FLAGS=  -c" "EXTRA_COMPILER_FLAGS=-g -Wall -Wextra -fno-tree-loo
TRACE::2026-07-31.15:24:21::SCWBDomain::p-distribute-patterns -Os -flto -ffat-lto-objects"

TRACE::2026-07-31.15:24:21::SCWBDomain::Running Make include in psu_cortexa53_0/libsrc/clockps_v1_4/src

TRACE::2026-07-31.15:24:21::SCWBDomain::make -C psu_cortexa53_0/libsrc/clockps_v1_4/src -s include  "SHELL=/bin/sh" "COMPILER=aarch64-none-elf-gcc" "ASSEMBLER=aarch64-
TRACE::2026-07-31.15:24:21::SCWBDomain::none-elf-as" "ARCHIVER=aarch64-none-elf-ar" "COMPILER_FLAGS=  -c" "EXTRA_COMPILER_FLAGS=-g -Wall -Wextra -fno-tree-loop-distrib
TRACE::2026-07-31.15:24:21::SCWBDomain::ute-patterns -Os -flto -ffat-lto-objects"

TRACE::2026-07-31.15:24:21::SCWBDomain::Running Make include in psu_cortexa53_0/libsrc/coresightps_dcc_v1_8/src

TRACE::2026-07-31.15:24:21::SCWBDomain::make -C psu_cortexa53_0/libsrc/coresightps_dcc_v1_8/src -s include  "SHELL=/bin/sh" "COMPILER=aarch64-none-elf-gcc" "ASSEMBLER=
TRACE::2026-07-31.15:24:21::SCWBDomain::aarch64-none-elf-as" "ARCHIVER=aarch64-none-elf-ar" "COMPILER_FLAGS=  -c" "EXTRA_COMPILER_FLAGS=-g -Wall -Wextra -fno-tree-loop
TRACE::2026-07-31.15:24:21::SCWBDomain::-distribute-patterns -Os -flto -ffat-lto-objects"

TRACE::2026-07-31.15:24:21::SCWBDomain::Running Make include in psu_cortexa53_0/libsrc/cpu_cortexa53_v2_0/src

TRACE::2026-07-31.15:24:21::SCWBDomain::make -C psu_cortexa53_0/libsrc/cpu_cortexa53_v2_0/src -s include  "SHELL=/bin/sh" "COMPILER=aarch64-none-elf-gcc" "ASSEMBLER=aa
TRACE::2026-07-31.15:24:21::SCWBDomain::rch64-none-elf-as" "ARCHIVER=aarch64-none-elf-ar" "COMPILER_FLAGS=  -c" "EXTRA_COMPILER_FLAGS=-g -Wall -Wextra -fno-tree-loop-d
TRACE::2026-07-31.15:24:21::SCWBDomain::istribute-patterns -Os -flto -ffat-lto-objects"

TRACE::2026-07-31.15:24:21::SCWBDomain::Running Make include in psu_cortexa53_0/libsrc/csudma_v1_12/src

TRACE::2026-07-31.15:24:21::SCWBDomain::make -C psu_cortexa53_0/libsrc/csudma_v1_12/src -s include  "SHELL=/bin/sh" "COMPILER=aarch64-none-elf-gcc" "ASSEMBLER=aarch64-
TRACE::2026-07-31.15:24:21::SCWBDomain::none-elf-as" "ARCHIVER=aarch64-none-elf-ar" "COMPILER_FLAGS=  -c" "EXTRA_COMPILER_FLAGS=-g -Wall -Wextra -fno-tree-loop-distrib
TRACE::2026-07-31.15:24:21::SCWBDomain::ute-patterns -Os -flto -ffat-lto-objects"

TRACE::2026-07-31.15:24:21::SCWBDomain::Running Make include in psu_cortexa53_0/libsrc/ddrcpsu_v1_4/src

TRACE::2026-07-31.15:24:21::SCWBDomain::make -C psu_cortexa53_0/libsrc/ddrcpsu_v1_4/src -s include  "SHELL=/bin/sh" "COMPILER=aarch64-none-elf-gcc" "ASSEMBLER=aarch64-
TRACE::2026-07-31.15:24:21::SCWBDomain::none-elf-as" "ARCHIVER=aarch64-none-elf-ar" "COMPILER_FLAGS=  -c" "EXTRA_COMPILER_FLAGS=-g -Wall -Wextra -fno-tree-loop-distrib
TRACE::2026-07-31.15:24:21::SCWBDomain::ute-patterns -Os -flto -ffat-lto-objects"

TRACE::2026-07-31.15:24:21::SCWBDomain::Running Make include in psu_cortexa53_0/libsrc/dpdma_v1_4/src

TRACE::2026-07-31.15:24:21::SCWBDomain::make -C psu_cortexa53_0/libsrc/dpdma_v1_4/src -s include  "SHELL=/bin/sh" "COMPILER=aarch64-none-elf-gcc" "ASSEMBLER=aarch64-no
TRACE::2026-07-31.15:24:21::SCWBDomain::ne-elf-as" "ARCHIVER=aarch64-none-elf-ar" "COMPILER_FLAGS=  -c" "EXTRA_COMPILER_FLAGS=-g -Wall -Wextra -fno-tree-loop-distribut
TRACE::2026-07-31.15:24:21::SCWBDomain::e-patterns -Os -flto -ffat-lto-objects"

TRACE::2026-07-31.15:24:21::SCWBDomain::Running Make include in psu_cortexa53_0/libsrc/dppsu_v1_6/src

TRACE::2026-07-31.15:24:21::SCWBDomain::make -C psu_cortexa53_0/libsrc/dppsu_v1_6/src -s include  "SHELL=/bin/sh" "COMPILER=aarch64-none-elf-gcc" "ASSEMBLER=aarch64-no
TRACE::2026-07-31.15:24:21::SCWBDomain::ne-elf-as" "ARCHIVER=aarch64-none-elf-ar" "COMPILER_FLAGS=  -c" "EXTRA_COMPILER_FLAGS=-g -Wall -Wextra -fno-tree-loop-distribut
TRACE::2026-07-31.15:24:21::SCWBDomain::e-patterns -Os -flto -ffat-lto-objects"

TRACE::2026-07-31.15:24:21::SCWBDomain::Running Make include in psu_cortexa53_0/libsrc/emacps_v3_17/src

TRACE::2026-07-31.15:24:21::SCWBDomain::make -C psu_cortexa53_0/libsrc/emacps_v3_17/src -s include  "SHELL=/bin/sh" "COMPILER=aarch64-none-elf-gcc" "ASSEMBLER=aarch64-
TRACE::2026-07-31.15:24:21::SCWBDomain::none-elf-as" "ARCHIVER=aarch64-none-elf-ar" "COMPILER_FLAGS=  -c" "EXTRA_COMPILER_FLAGS=-g -Wall -Wextra -fno-tree-loop-distrib
TRACE::2026-07-31.15:24:21::SCWBDomain::ute-patterns -Os -flto -ffat-lto-objects"

TRACE::2026-07-31.15:24:21::SCWBDomain::Running Make include in psu_cortexa53_0/libsrc/gpiops_v3_10/src

TRACE::2026-07-31.15:24:21::SCWBDomain::make -C psu_cortexa53_0/libsrc/gpiops_v3_10/src -s include  "SHELL=/bin/sh" "COMPILER=aarch64-none-elf-gcc" "ASSEMBLER=aarch64-
TRACE::2026-07-31.15:24:21::SCWBDomain::none-elf-as" "ARCHIVER=aarch64-none-elf-ar" "COMPILER_FLAGS=  -c" "EXTRA_COMPILER_FLAGS=-g -Wall -Wextra -fno-tree-loop-distrib
TRACE::2026-07-31.15:24:21::SCWBDomain::ute-patterns -Os -flto -ffat-lto-objects"

TRACE::2026-07-31.15:24:21::SCWBDomain::Running Make include in psu_cortexa53_0/libsrc/iicps_v3_16/src

TRACE::2026-07-31.15:24:21::SCWBDomain::make -C psu_cortexa53_0/libsrc/iicps_v3_16/src -s include  "SHELL=/bin/sh" "COMPILER=aarch64-none-elf-gcc" "ASSEMBLER=aarch64-n
TRACE::2026-07-31.15:24:21::SCWBDomain::one-elf-as" "ARCHIVER=aarch64-none-elf-ar" "COMPILER_FLAGS=  -c" "EXTRA_COMPILER_FLAGS=-g -Wall -Wextra -fno-tree-loop-distribu
TRACE::2026-07-31.15:24:21::SCWBDomain::te-patterns -Os -flto -ffat-lto-objects"

TRACE::2026-07-31.15:24:21::SCWBDomain::Running Make include in psu_cortexa53_0/libsrc/ipipsu_v2_12/src

TRACE::2026-07-31.15:24:21::SCWBDomain::make -C psu_cortexa53_0/libsrc/ipipsu_v2_12/src -s include  "SHELL=/bin/sh" "COMPILER=aarch64-none-elf-gcc" "ASSEMBLER=aarch64-
TRACE::2026-07-31.15:24:21::SCWBDomain::none-elf-as" "ARCHIVER=aarch64-none-elf-ar" "COMPILER_FLAGS=  -c" "EXTRA_COMPILER_FLAGS=-g -Wall -Wextra -fno-tree-loop-distrib
TRACE::2026-07-31.15:24:21::SCWBDomain::ute-patterns -Os -flto -ffat-lto-objects"

TRACE::2026-07-31.15:24:21::SCWBDomain::Running Make include in psu_cortexa53_0/libsrc/qspipsu_v1_16/src

TRACE::2026-07-31.15:24:21::SCWBDomain::make -C psu_cortexa53_0/libsrc/qspipsu_v1_16/src -s include  "SHELL=/bin/sh" "COMPILER=aarch64-none-elf-gcc" "ASSEMBLER=aarch64
TRACE::2026-07-31.15:24:21::SCWBDomain::-none-elf-as" "ARCHIVER=aarch64-none-elf-ar" "COMPILER_FLAGS=  -c" "EXTRA_COMPILER_FLAGS=-g -Wall -Wextra -fno-tree-loop-distri
TRACE::2026-07-31.15:24:21::SCWBDomain::bute-patterns -Os -flto -ffat-lto-objects"

TRACE::2026-07-31.15:24:21::SCWBDomain::Running Make include in psu_cortexa53_0/libsrc/resetps_v1_5/src

TRACE::2026-07-31.15:24:21::SCWBDomain::make -C psu_cortexa53_0/libsrc/resetps_v1_5/src -s include  "SHELL=/bin/sh" "COMPILER=aarch64-none-elf-gcc" "ASSEMBLER=aarch64-
TRACE::2026-07-31.15:24:21::SCWBDomain::none-elf-as" "ARCHIVER=aarch64-none-elf-ar" "COMPILER_FLAGS=  -c" "EXTRA_COMPILER_FLAGS=-g -Wall -Wextra -fno-tree-loop-distrib
TRACE::2026-07-31.15:24:21::SCWBDomain::ute-patterns -Os -flto -ffat-lto-objects"

TRACE::2026-07-31.15:24:21::SCWBDomain::Running Make include in psu_cortexa53_0/libsrc/rtcpsu_v1_12/src

TRACE::2026-07-31.15:24:21::SCWBDomain::make -C psu_cortexa53_0/libsrc/rtcpsu_v1_12/src -s include  "SHELL=/bin/sh" "COMPILER=aarch64-none-elf-gcc" "ASSEMBLER=aarch64-
TRACE::2026-07-31.15:24:21::SCWBDomain::none-elf-as" "ARCHIVER=aarch64-none-elf-ar" "COMPILER_FLAGS=  -c" "EXTRA_COMPILER_FLAGS=-g -Wall -Wextra -fno-tree-loop-distrib
TRACE::2026-07-31.15:24:21::SCWBDomain::ute-patterns -Os -flto -ffat-lto-objects"

TRACE::2026-07-31.15:24:21::SCWBDomain::Running Make include in psu_cortexa53_0/libsrc/scugic_v5_0/src

TRACE::2026-07-31.15:24:21::SCWBDomain::make -C psu_cortexa53_0/libsrc/scugic_v5_0/src -s include  "SHELL=/bin/sh" "COMPILER=aarch64-none-elf-gcc" "ASSEMBLER=aarch64-n
TRACE::2026-07-31.15:24:21::SCWBDomain::one-elf-as" "ARCHIVER=aarch64-none-elf-ar" "COMPILER_FLAGS=  -c" "EXTRA_COMPILER_FLAGS=-g -Wall -Wextra -fno-tree-loop-distribu
TRACE::2026-07-31.15:24:21::SCWBDomain::te-patterns -Os -flto -ffat-lto-objects"

TRACE::2026-07-31.15:24:21::SCWBDomain::Running Make include in psu_cortexa53_0/libsrc/sdps_v4_0/src

TRACE::2026-07-31.15:24:21::SCWBDomain::make -C psu_cortexa53_0/libsrc/sdps_v4_0/src -s include  "SHELL=/bin/sh" "COMPILER=aarch64-none-elf-gcc" "ASSEMBLER=aarch64-non
TRACE::2026-07-31.15:24:21::SCWBDomain::e-elf-as" "ARCHIVER=aarch64-none-elf-ar" "COMPILER_FLAGS=  -c" "EXTRA_COMPILER_FLAGS=-g -Wall -Wextra -fno-tree-loop-distribute
TRACE::2026-07-31.15:24:21::SCWBDomain::-patterns -Os -flto -ffat-lto-objects"

TRACE::2026-07-31.15:24:21::SCWBDomain::Running Make include in psu_cortexa53_0/libsrc/spips_v3_8/src

TRACE::2026-07-31.15:24:21::SCWBDomain::make -C psu_cortexa53_0/libsrc/spips_v3_8/src -s include  "SHELL=/bin/sh" "COMPILER=aarch64-none-elf-gcc" "ASSEMBLER=aarch64-no
TRACE::2026-07-31.15:24:21::SCWBDomain::ne-elf-as" "ARCHIVER=aarch64-none-elf-ar" "COMPILER_FLAGS=  -c" "EXTRA_COMPILER_FLAGS=-g -Wall -Wextra -fno-tree-loop-distribut
TRACE::2026-07-31.15:24:21::SCWBDomain::e-patterns -Os -flto -ffat-lto-objects"

TRACE::2026-07-31.15:24:21::SCWBDomain::Running Make include in psu_cortexa53_0/libsrc/standalone_v8_0/src

TRACE::2026-07-31.15:24:21::SCWBDomain::make -C psu_cortexa53_0/libsrc/standalone_v8_0/src -s include  "SHELL=/bin/sh" "COMPILER=aarch64-none-elf-gcc" "ASSEMBLER=aarch
TRACE::2026-07-31.15:24:21::SCWBDomain::64-none-elf-as" "ARCHIVER=aarch64-none-elf-ar" "COMPILER_FLAGS=  -c" "EXTRA_COMPILER_FLAGS=-g -Wall -Wextra -fno-tree-loop-dist
TRACE::2026-07-31.15:24:21::SCWBDomain::ribute-patterns -Os -flto -ffat-lto-objects"

TRACE::2026-07-31.15:24:21::SCWBDomain::Running Make include in psu_cortexa53_0/libsrc/sysmonpsu_v2_8/src

TRACE::2026-07-31.15:24:21::SCWBDomain::make -C psu_cortexa53_0/libsrc/sysmonpsu_v2_8/src -s include  "SHELL=/bin/sh" "COMPILER=aarch64-none-elf-gcc" "ASSEMBLER=aarch6
TRACE::2026-07-31.15:24:21::SCWBDomain::4-none-elf-as" "ARCHIVER=aarch64-none-elf-ar" "COMPILER_FLAGS=  -c" "EXTRA_COMPILER_FLAGS=-g -Wall -Wextra -fno-tree-loop-distr
TRACE::2026-07-31.15:24:21::SCWBDomain::ibute-patterns -Os -flto -ffat-lto-objects"

TRACE::2026-07-31.15:24:21::SCWBDomain::Running Make include in psu_cortexa53_0/libsrc/ttcps_v3_16/src

TRACE::2026-07-31.15:24:21::SCWBDomain::make -C psu_cortexa53_0/libsrc/ttcps_v3_16/src -s include  "SHELL=/bin/sh" "COMPILER=aarch64-none-elf-gcc" "ASSEMBLER=aarch64-n
TRACE::2026-07-31.15:24:21::SCWBDomain::one-elf-as" "ARCHIVER=aarch64-none-elf-ar" "COMPILER_FLAGS=  -c" "EXTRA_COMPILER_FLAGS=-g -Wall -Wextra -fno-tree-loop-distribu
TRACE::2026-07-31.15:24:21::SCWBDomain::te-patterns -Os -flto -ffat-lto-objects"

TRACE::2026-07-31.15:24:21::SCWBDomain::Running Make include in psu_cortexa53_0/libsrc/uartps_v3_11/src

TRACE::2026-07-31.15:24:21::SCWBDomain::make -C psu_cortexa53_0/libsrc/uartps_v3_11/src -s include  "SHELL=/bin/sh" "COMPILER=aarch64-none-elf-gcc" "ASSEMBLER=aarch64-
TRACE::2026-07-31.15:24:21::SCWBDomain::none-elf-as" "ARCHIVER=aarch64-none-elf-ar" "COMPILER_FLAGS=  -c" "EXTRA_COMPILER_FLAGS=-g -Wall -Wextra -fno-tree-loop-distrib
TRACE::2026-07-31.15:24:21::SCWBDomain::ute-patterns -Os -flto -ffat-lto-objects"

TRACE::2026-07-31.15:24:21::SCWBDomain::Running Make include in psu_cortexa53_0/libsrc/usbpsu_v1_12/src

TRACE::2026-07-31.15:24:21::SCWBDomain::make -C psu_cortexa53_0/libsrc/usbpsu_v1_12/src -s include  "SHELL=/bin/sh" "COMPILER=aarch64-none-elf-gcc" "ASSEMBLER=aarch64-
TRACE::2026-07-31.15:24:21::SCWBDomain::none-elf-as" "ARCHIVER=aarch64-none-elf-ar" "COMPILER_FLAGS=  -c" "EXTRA_COMPILER_FLAGS=-g -Wall -Wextra -fno-tree-loop-distrib
TRACE::2026-07-31.15:24:21::SCWBDomain::ute-patterns -Os -flto -ffat-lto-objects"

TRACE::2026-07-31.15:24:21::SCWBDomain::Running Make include in psu_cortexa53_0/libsrc/video_common_v4_13/src

TRACE::2026-07-31.15:24:21::SCWBDomain::make -C psu_cortexa53_0/libsrc/video_common_v4_13/src -s include  "SHELL=/bin/sh" "COMPILER=aarch64-none-elf-gcc" "ASSEMBLER=aa
TRACE::2026-07-31.15:24:21::SCWBDomain::rch64-none-elf-as" "ARCHIVER=aarch64-none-elf-ar" "COMPILER_FLAGS=  -c" "EXTRA_COMPILER_FLAGS=-g -Wall -Wextra -fno-tree-loop-d
TRACE::2026-07-31.15:24:21::SCWBDomain::istribute-patterns -Os -flto -ffat-lto-objects"

TRACE::2026-07-31.15:24:21::SCWBDomain::Running Make include in psu_cortexa53_0/libsrc/wdtps_v3_5/src

TRACE::2026-07-31.15:24:21::SCWBDomain::make -C psu_cortexa53_0/libsrc/wdtps_v3_5/src -s include  "SHELL=/bin/sh" "COMPILER=aarch64-none-elf-gcc" "ASSEMBLER=aarch64-no
TRACE::2026-07-31.15:24:21::SCWBDomain::ne-elf-as" "ARCHIVER=aarch64-none-elf-ar" "COMPILER_FLAGS=  -c" "EXTRA_COMPILER_FLAGS=-g -Wall -Wextra -fno-tree-loop-distribut
TRACE::2026-07-31.15:24:21::SCWBDomain::e-patterns -Os -flto -ffat-lto-objects"

TRACE::2026-07-31.15:24:21::SCWBDomain::Running Make include in psu_cortexa53_0/libsrc/xilffs_v4_8/src

TRACE::2026-07-31.15:24:21::SCWBDomain::make -C psu_cortexa53_0/libsrc/xilffs_v4_8/src -s include  "SHELL=/bin/sh" "COMPILER=aarch64-none-elf-gcc" "ASSEMBLER=aarch64-n
TRACE::2026-07-31.15:24:21::SCWBDomain::one-elf-as" "ARCHIVER=aarch64-none-elf-ar" "COMPILER_FLAGS=  -c" "EXTRA_COMPILER_FLAGS=-g -Wall -Wextra -fno-tree-loop-distribu
TRACE::2026-07-31.15:24:21::SCWBDomain::te-patterns -Os -flto -ffat-lto-objects"

TRACE::2026-07-31.15:24:21::SCWBDomain::Running Make include in psu_cortexa53_0/libsrc/xilpm_v4_1/src

TRACE::2026-07-31.15:24:21::SCWBDomain::make -C psu_cortexa53_0/libsrc/xilpm_v4_1/src -s include  "SHELL=/bin/sh" "COMPILER=aarch64-none-elf-gcc" "ASSEMBLER=aarch64-no
TRACE::2026-07-31.15:24:21::SCWBDomain::ne-elf-as" "ARCHIVER=aarch64-none-elf-ar" "COMPILER_FLAGS=  -c" "EXTRA_COMPILER_FLAGS=-g -Wall -Wextra -fno-tree-loop-distribut
TRACE::2026-07-31.15:24:21::SCWBDomain::e-patterns -Os -flto -ffat-lto-objects"

TRACE::2026-07-31.15:24:21::SCWBDomain::Include files for this library have already been copied.

TRACE::2026-07-31.15:24:21::SCWBDomain::Running Make include in psu_cortexa53_0/libsrc/xilsecure_v5_0/src

TRACE::2026-07-31.15:24:21::SCWBDomain::make -C psu_cortexa53_0/libsrc/xilsecure_v5_0/src -s include  "SHELL=/bin/sh" "COMPILER=aarch64-none-elf-gcc" "ASSEMBLER=aarch6
TRACE::2026-07-31.15:24:21::SCWBDomain::4-none-elf-as" "ARCHIVER=aarch64-none-elf-ar" "COMPILER_FLAGS=  -c" "EXTRA_COMPILER_FLAGS=-g -Wall -Wextra -fno-tree-loop-distr
TRACE::2026-07-31.15:24:21::SCWBDomain::ibute-patterns -Os -flto -ffat-lto-objects"

TRACE::2026-07-31.15:24:21::SCWBDomain::Running Make include in psu_cortexa53_0/libsrc/zdma_v1_15/src

TRACE::2026-07-31.15:24:21::SCWBDomain::make -C psu_cortexa53_0/libsrc/zdma_v1_15/src -s include  "SHELL=/bin/sh" "COMPILER=aarch64-none-elf-gcc" "ASSEMBLER=aarch64-no
TRACE::2026-07-31.15:24:21::SCWBDomain::ne-elf-as" "ARCHIVER=aarch64-none-elf-ar" "COMPILER_FLAGS=  -c" "EXTRA_COMPILER_FLAGS=-g -Wall -Wextra -fno-tree-loop-distribut
TRACE::2026-07-31.15:24:21::SCWBDomain::e-patterns -Os -flto -ffat-lto-objects"

TRACE::2026-07-31.15:24:21::SCWBDomain::Running Make libs in psu_cortexa53_0/libsrc/xilpm_v4_1/src

TRACE::2026-07-31.15:24:21::SCWBDomain::make -C psu_cortexa53_0/libsrc/xilpm_v4_1/src -s libs  "SHELL=/bin/sh" "COMPILER=aarch64-none-elf-gcc" "ASSEMBLER=aarch64-none-
TRACE::2026-07-31.15:24:21::SCWBDomain::elf-as" "ARCHIVER=aarch64-none-elf-ar" "COMPILER_FLAGS=  -c" "EXTRA_COMPILER_FLAGS=-g -Wall -Wextra -fno-tree-loop-distribute-p
TRACE::2026-07-31.15:24:21::SCWBDomain::atterns -Os -flto -ffat-lto-objects"

TRACE::2026-07-31.15:24:21::SCWBDomain::Compiling xilpm library

TRACE::2026-07-31.15:24:22::SCWBDomain::Running Make libs in psu_cortexa53_0/libsrc/dppsu_v1_6/src

TRACE::2026-07-31.15:24:22::SCWBDomain::make -C psu_cortexa53_0/libsrc/dppsu_v1_6/src -s libs  "SHELL=/bin/sh" "COMPILER=aarch64-none-elf-gcc" "ASSEMBLER=aarch64-none-
TRACE::2026-07-31.15:24:22::SCWBDomain::elf-as" "ARCHIVER=aarch64-none-elf-ar" "COMPILER_FLAGS=  -c" "EXTRA_COMPILER_FLAGS=-g -Wall -Wextra -fno-tree-loop-distribute-p
TRACE::2026-07-31.15:24:22::SCWBDomain::atterns -Os -flto -ffat-lto-objects"

TRACE::2026-07-31.15:24:22::SCWBDomain::Compiling dppsu

TRACE::2026-07-31.15:24:23::SCWBDomain::Running Make libs in psu_cortexa53_0/libsrc/dpdma_v1_4/src

TRACE::2026-07-31.15:24:23::SCWBDomain::make -C psu_cortexa53_0/libsrc/dpdma_v1_4/src -s libs  "SHELL=/bin/sh" "COMPILER=aarch64-none-elf-gcc" "ASSEMBLER=aarch64-none-
TRACE::2026-07-31.15:24:23::SCWBDomain::elf-as" "ARCHIVER=aarch64-none-elf-ar" "COMPILER_FLAGS=  -c" "EXTRA_COMPILER_FLAGS=-g -Wall -Wextra -fno-tree-loop-distribute-p
TRACE::2026-07-31.15:24:23::SCWBDomain::atterns -Os -flto -ffat-lto-objects"

TRACE::2026-07-31.15:24:23::SCWBDomain::Compiling dpdma

TRACE::2026-07-31.15:24:23::SCWBDomain::Running Make libs in psu_cortexa53_0/libsrc/avbuf_v2_5/src

TRACE::2026-07-31.15:24:23::SCWBDomain::make -C psu_cortexa53_0/libsrc/avbuf_v2_5/src -s libs  "SHELL=/bin/sh" "COMPILER=aarch64-none-elf-gcc" "ASSEMBLER=aarch64-none-
TRACE::2026-07-31.15:24:23::SCWBDomain::elf-as" "ARCHIVER=aarch64-none-elf-ar" "COMPILER_FLAGS=  -c" "EXTRA_COMPILER_FLAGS=-g -Wall -Wextra -fno-tree-loop-distribute-p
TRACE::2026-07-31.15:24:23::SCWBDomain::atterns -Os -flto -ffat-lto-objects"

TRACE::2026-07-31.15:24:23::SCWBDomain::Compiling avbuf

TRACE::2026-07-31.15:24:24::SCWBDomain::Running Make libs in psu_cortexa53_0/libsrc/xilsecure_v5_0/src

TRACE::2026-07-31.15:24:24::SCWBDomain::make -C psu_cortexa53_0/libsrc/xilsecure_v5_0/src -s libs  "SHELL=/bin/sh" "COMPILER=aarch64-none-elf-gcc" "ASSEMBLER=aarch64-n
TRACE::2026-07-31.15:24:24::SCWBDomain::one-elf-as" "ARCHIVER=aarch64-none-elf-ar" "COMPILER_FLAGS=  -c" "EXTRA_COMPILER_FLAGS=-g -Wall -Wextra -fno-tree-loop-distribu
TRACE::2026-07-31.15:24:24::SCWBDomain::te-patterns -Os -flto -ffat-lto-objects"

TRACE::2026-07-31.15:24:24::SCWBDomain::Compiling XilSecure Library

TRACE::2026-07-31.15:24:25::SCWBDomain::Running Make libs in psu_cortexa53_0/libsrc/axis_passthrough_v1_0/src

TRACE::2026-07-31.15:24:25::SCWBDomain::make -C psu_cortexa53_0/libsrc/axis_passthrough_v1_0/src -s libs  "SHELL=/bin/sh" "COMPILER=aarch64-none-elf-gcc" "ASSEMBLER=aa
TRACE::2026-07-31.15:24:25::SCWBDomain::rch64-none-elf-as" "ARCHIVER=aarch64-none-elf-ar" "COMPILER_FLAGS=  -c" "EXTRA_COMPILER_FLAGS=-g -Wall -Wextra -fno-tree-loop-d
TRACE::2026-07-31.15:24:25::SCWBDomain::istribute-patterns -Os -flto -ffat-lto-objects"

TRACE::2026-07-31.15:24:25::SCWBDomain::Building axis_passthrough

TRACE::2026-07-31.15:24:25::SCWBDomain::Finished building libraries sequentially.

TRACE::2026-07-31.15:24:25::SCWBDomain::make -j 14 --no-print-directory par_libs

TRACE::2026-07-31.15:24:25::SCWBDomain::Running Make include in psu_cortexa53_0/libsrc/avbuf_v2_5/src

TRACE::2026-07-31.15:24:25::SCWBDomain::Running Make include in psu_cortexa53_0/libsrc/axidma_v9_15/src

TRACE::2026-07-31.15:24:25::SCWBDomain::make -C psu_cortexa53_0/libsrc/avbuf_v2_5/src -s include  "SHELL=/bin/sh" "COMPILER=aarch64-none-elf-gcc" "ASSEMBLER=aarch64-no
TRACE::2026-07-31.15:24:25::SCWBDomain::ne-elf-as" "ARCHIVER=aarch64-none-elf-ar" "COMPILER_FLAGS=  -c" "EXTRA_COMPILER_FLAGS=-g -Wall -Wextra -fno-tree-loop-distribut
TRACE::2026-07-31.15:24:25::SCWBDomain::e-patterns -Os -flto -ffat-lto-objects"

TRACE::2026-07-31.15:24:25::SCWBDomain::Running Make include in psu_cortexa53_0/libsrc/axipmon_v6_9/src

TRACE::2026-07-31.15:24:25::SCWBDomain::make -C psu_cortexa53_0/libsrc/axidma_v9_15/src -s include  "SHELL=/bin/sh" "COMPILER=aarch64-none-elf-gcc" "ASSEMBLER=aarch64-
TRACE::2026-07-31.15:24:25::SCWBDomain::none-elf-as" "ARCHIVER=aarch64-none-elf-ar" "COMPILER_FLAGS=  -c" "EXTRA_COMPILER_FLAGS=-g -Wall -Wextra -fno-tree-loop-distrib
TRACE::2026-07-31.15:24:25::SCWBDomain::ute-patterns -Os -flto -ffat-lto-objects"

TRACE::2026-07-31.15:24:25::SCWBDomain::Running Make include in psu_cortexa53_0/libsrc/axis_passthrough_v1_0/src

TRACE::2026-07-31.15:24:25::SCWBDomain::make -C psu_cortexa53_0/libsrc/axipmon_v6_9/src -s include  "SHELL=/bin/sh" "COMPILER=aarch64-none-elf-gcc" "ASSEMBLER=aarch64-
TRACE::2026-07-31.15:24:25::SCWBDomain::none-elf-as" "ARCHIVER=aarch64-none-elf-ar" "COMPILER_FLAGS=  -c" "EXTRA_COMPILER_FLAGS=-g -Wall -Wextra -fno-tree-loop-distrib
TRACE::2026-07-31.15:24:25::SCWBDomain::ute-patterns -Os -flto -ffat-lto-objects"

TRACE::2026-07-31.15:24:25::SCWBDomain::Running Make include in psu_cortexa53_0/libsrc/clockps_v1_4/src

TRACE::2026-07-31.15:24:25::SCWBDomain::make -C psu_cortexa53_0/libsrc/axis_passthrough_v1_0/src -s include  "SHELL=/bin/sh" "COMPILER=aarch64-none-elf-gcc" "ASSEMBLER
TRACE::2026-07-31.15:24:25::SCWBDomain::=aarch64-none-elf-as" "ARCHIVER=aarch64-none-elf-ar" "COMPILER_FLAGS=  -c" "EXTRA_COMPILER_FLAGS=-g -Wall -Wextra -fno-tree-loo
TRACE::2026-07-31.15:24:25::SCWBDomain::p-distribute-patterns -Os -flto -ffat-lto-objects"

TRACE::2026-07-31.15:24:25::SCWBDomain::make -C psu_cortexa53_0/libsrc/clockps_v1_4/src -s include  "SHELL=/bin/sh" "COMPILER=aarch64-none-elf-gcc" "ASSEMBLER=aarch64-
TRACE::2026-07-31.15:24:25::SCWBDomain::none-elf-as" "ARCHIVER=aarch64-none-elf-ar" "COMPILER_FLAGS=  -c" "EXTRA_COMPILER_FLAGS=-g -Wall -Wextra -fno-tree-loop-distrib
TRACE::2026-07-31.15:24:25::SCWBDomain::ute-patterns -Os -flto -ffat-lto-objects"

TRACE::2026-07-31.15:24:25::SCWBDomain::Running Make include in psu_cortexa53_0/libsrc/coresightps_dcc_v1_8/src

TRACE::2026-07-31.15:24:25::SCWBDomain::make -C psu_cortexa53_0/libsrc/coresightps_dcc_v1_8/src -s include  "SHELL=/bin/sh" "COMPILER=aarch64-none-elf-gcc" "ASSEMBLER=
TRACE::2026-07-31.15:24:25::SCWBDomain::aarch64-none-elf-as" "ARCHIVER=aarch64-none-elf-ar" "COMPILER_FLAGS=  -c" "EXTRA_COMPILER_FLAGS=-g -Wall -Wextra -fno-tree-loop
TRACE::2026-07-31.15:24:25::SCWBDomain::-distribute-patterns -Os -flto -ffat-lto-objects"

TRACE::2026-07-31.15:24:25::SCWBDomain::Running Make include in psu_cortexa53_0/libsrc/cpu_cortexa53_v2_0/src

TRACE::2026-07-31.15:24:25::SCWBDomain::make -C psu_cortexa53_0/libsrc/cpu_cortexa53_v2_0/src -s include  "SHELL=/bin/sh" "COMPILER=aarch64-none-elf-gcc" "ASSEMBLER=aa
TRACE::2026-07-31.15:24:25::SCWBDomain::rch64-none-elf-as" "ARCHIVER=aarch64-none-elf-ar" "COMPILER_FLAGS=  -c" "EXTRA_COMPILER_FLAGS=-g -Wall -Wextra -fno-tree-loop-d
TRACE::2026-07-31.15:24:25::SCWBDomain::istribute-patterns -Os -flto -ffat-lto-objects"

TRACE::2026-07-31.15:24:25::SCWBDomain::Running Make include in psu_cortexa53_0/libsrc/csudma_v1_12/src

TRACE::2026-07-31.15:24:25::SCWBDomain::Running Make include in psu_cortexa53_0/libsrc/ddrcpsu_v1_4/src

TRACE::2026-07-31.15:24:25::SCWBDomain::make -C psu_cortexa53_0/libsrc/csudma_v1_12/src -s include  "SHELL=/bin/sh" "COMPILER=aarch64-none-elf-gcc" "ASSEMBLER=aarch64-
TRACE::2026-07-31.15:24:25::SCWBDomain::none-elf-as" "ARCHIVER=aarch64-none-elf-ar" "COMPILER_FLAGS=  -c" "EXTRA_COMPILER_FLAGS=-g -Wall -Wextra -fno-tree-loop-distrib
TRACE::2026-07-31.15:24:25::SCWBDomain::ute-patterns -Os -flto -ffat-lto-objects"

TRACE::2026-07-31.15:24:25::SCWBDomain::make -C psu_cortexa53_0/libsrc/ddrcpsu_v1_4/src -s include  "SHELL=/bin/sh" "COMPILER=aarch64-none-elf-gcc" "ASSEMBLER=aarch64-
TRACE::2026-07-31.15:24:25::SCWBDomain::none-elf-as" "ARCHIVER=aarch64-none-elf-ar" "COMPILER_FLAGS=  -c" "EXTRA_COMPILER_FLAGS=-g -Wall -Wextra -fno-tree-loop-distrib
TRACE::2026-07-31.15:24:25::SCWBDomain::ute-patterns -Os -flto -ffat-lto-objects"

TRACE::2026-07-31.15:24:25::SCWBDomain::Running Make include in psu_cortexa53_0/libsrc/dpdma_v1_4/src

TRACE::2026-07-31.15:24:25::SCWBDomain::make -C psu_cortexa53_0/libsrc/dpdma_v1_4/src -s include  "SHELL=/bin/sh" "COMPILER=aarch64-none-elf-gcc" "ASSEMBLER=aarch64-no
TRACE::2026-07-31.15:24:25::SCWBDomain::ne-elf-as" "ARCHIVER=aarch64-none-elf-ar" "COMPILER_FLAGS=  -c" "EXTRA_COMPILER_FLAGS=-g -Wall -Wextra -fno-tree-loop-distribut
TRACE::2026-07-31.15:24:25::SCWBDomain::e-patterns -Os -flto -ffat-lto-objects"

TRACE::2026-07-31.15:24:25::SCWBDomain::Running Make include in psu_cortexa53_0/libsrc/dppsu_v1_6/src

TRACE::2026-07-31.15:24:25::SCWBDomain::make -C psu_cortexa53_0/libsrc/dppsu_v1_6/src -s include  "SHELL=/bin/sh" "COMPILER=aarch64-none-elf-gcc" "ASSEMBLER=aarch64-no
TRACE::2026-07-31.15:24:25::SCWBDomain::ne-elf-as" "ARCHIVER=aarch64-none-elf-ar" "COMPILER_FLAGS=  -c" "EXTRA_COMPILER_FLAGS=-g -Wall -Wextra -fno-tree-loop-distribut
TRACE::2026-07-31.15:24:25::SCWBDomain::e-patterns -Os -flto -ffat-lto-objects"

TRACE::2026-07-31.15:24:25::SCWBDomain::Running Make include in psu_cortexa53_0/libsrc/emacps_v3_17/src

TRACE::2026-07-31.15:24:25::SCWBDomain::make -C psu_cortexa53_0/libsrc/emacps_v3_17/src -s include  "SHELL=/bin/sh" "COMPILER=aarch64-none-elf-gcc" "ASSEMBLER=aarch64-
TRACE::2026-07-31.15:24:25::SCWBDomain::none-elf-as" "ARCHIVER=aarch64-none-elf-ar" "COMPILER_FLAGS=  -c" "EXTRA_COMPILER_FLAGS=-g -Wall -Wextra -fno-tree-loop-distrib
TRACE::2026-07-31.15:24:25::SCWBDomain::ute-patterns -Os -flto -ffat-lto-objects"

TRACE::2026-07-31.15:24:25::SCWBDomain::Running Make include in psu_cortexa53_0/libsrc/gpiops_v3_10/src

TRACE::2026-07-31.15:24:25::SCWBDomain::make -C psu_cortexa53_0/libsrc/gpiops_v3_10/src -s include  "SHELL=/bin/sh" "COMPILER=aarch64-none-elf-gcc" "ASSEMBLER=aarch64-
TRACE::2026-07-31.15:24:25::SCWBDomain::none-elf-as" "ARCHIVER=aarch64-none-elf-ar" "COMPILER_FLAGS=  -c" "EXTRA_COMPILER_FLAGS=-g -Wall -Wextra -fno-tree-loop-distrib
TRACE::2026-07-31.15:24:25::SCWBDomain::ute-patterns -Os -flto -ffat-lto-objects"

TRACE::2026-07-31.15:24:25::SCWBDomain::Running Make include in psu_cortexa53_0/libsrc/iicps_v3_16/src

TRACE::2026-07-31.15:24:25::SCWBDomain::make -C psu_cortexa53_0/libsrc/iicps_v3_16/src -s include  "SHELL=/bin/sh" "COMPILER=aarch64-none-elf-gcc" "ASSEMBLER=aarch64-n
TRACE::2026-07-31.15:24:25::SCWBDomain::one-elf-as" "ARCHIVER=aarch64-none-elf-ar" "COMPILER_FLAGS=  -c" "EXTRA_COMPILER_FLAGS=-g -Wall -Wextra -fno-tree-loop-distribu
TRACE::2026-07-31.15:24:25::SCWBDomain::te-patterns -Os -flto -ffat-lto-objects"

TRACE::2026-07-31.15:24:25::SCWBDomain::Running Make include in psu_cortexa53_0/libsrc/ipipsu_v2_12/src

TRACE::2026-07-31.15:24:25::SCWBDomain::make -C psu_cortexa53_0/libsrc/ipipsu_v2_12/src -s include  "SHELL=/bin/sh" "COMPILER=aarch64-none-elf-gcc" "ASSEMBLER=aarch64-
TRACE::2026-07-31.15:24:25::SCWBDomain::none-elf-as" "ARCHIVER=aarch64-none-elf-ar" "COMPILER_FLAGS=  -c" "EXTRA_COMPILER_FLAGS=-g -Wall -Wextra -fno-tree-loop-distrib
TRACE::2026-07-31.15:24:25::SCWBDomain::ute-patterns -Os -flto -ffat-lto-objects"

TRACE::2026-07-31.15:24:25::SCWBDomain::Running Make include in psu_cortexa53_0/libsrc/qspipsu_v1_16/src

TRACE::2026-07-31.15:24:25::SCWBDomain::make -C psu_cortexa53_0/libsrc/qspipsu_v1_16/src -s include  "SHELL=/bin/sh" "COMPILER=aarch64-none-elf-gcc" "ASSEMBLER=aarch64
TRACE::2026-07-31.15:24:25::SCWBDomain::-none-elf-as" "ARCHIVER=aarch64-none-elf-ar" "COMPILER_FLAGS=  -c" "EXTRA_COMPILER_FLAGS=-g -Wall -Wextra -fno-tree-loop-distri
TRACE::2026-07-31.15:24:25::SCWBDomain::bute-patterns -Os -flto -ffat-lto-objects"

TRACE::2026-07-31.15:24:25::SCWBDomain::Running Make include in psu_cortexa53_0/libsrc/resetps_v1_5/src

TRACE::2026-07-31.15:24:25::SCWBDomain::make -C psu_cortexa53_0/libsrc/resetps_v1_5/src -s include  "SHELL=/bin/sh" "COMPILER=aarch64-none-elf-gcc" "ASSEMBLER=aarch64-
TRACE::2026-07-31.15:24:25::SCWBDomain::none-elf-as" "ARCHIVER=aarch64-none-elf-ar" "COMPILER_FLAGS=  -c" "EXTRA_COMPILER_FLAGS=-g -Wall -Wextra -fno-tree-loop-distrib
TRACE::2026-07-31.15:24:25::SCWBDomain::ute-patterns -Os -flto -ffat-lto-objects"

TRACE::2026-07-31.15:24:25::SCWBDomain::Running Make include in psu_cortexa53_0/libsrc/rtcpsu_v1_12/src

TRACE::2026-07-31.15:24:25::SCWBDomain::make -C psu_cortexa53_0/libsrc/rtcpsu_v1_12/src -s include  "SHELL=/bin/sh" "COMPILER=aarch64-none-elf-gcc" "ASSEMBLER=aarch64-
TRACE::2026-07-31.15:24:25::SCWBDomain::none-elf-as" "ARCHIVER=aarch64-none-elf-ar" "COMPILER_FLAGS=  -c" "EXTRA_COMPILER_FLAGS=-g -Wall -Wextra -fno-tree-loop-distrib
TRACE::2026-07-31.15:24:25::SCWBDomain::ute-patterns -Os -flto -ffat-lto-objects"

TRACE::2026-07-31.15:24:25::SCWBDomain::Running Make include in psu_cortexa53_0/libsrc/scugic_v5_0/src

TRACE::2026-07-31.15:24:25::SCWBDomain::make -C psu_cortexa53_0/libsrc/scugic_v5_0/src -s include  "SHELL=/bin/sh" "COMPILER=aarch64-none-elf-gcc" "ASSEMBLER=aarch64-n
TRACE::2026-07-31.15:24:25::SCWBDomain::one-elf-as" "ARCHIVER=aarch64-none-elf-ar" "COMPILER_FLAGS=  -c" "EXTRA_COMPILER_FLAGS=-g -Wall -Wextra -fno-tree-loop-distribu
TRACE::2026-07-31.15:24:25::SCWBDomain::te-patterns -Os -flto -ffat-lto-objects"

TRACE::2026-07-31.15:24:25::SCWBDomain::Running Make include in psu_cortexa53_0/libsrc/sdps_v4_0/src

TRACE::2026-07-31.15:24:25::SCWBDomain::Running Make include in psu_cortexa53_0/libsrc/spips_v3_8/src

TRACE::2026-07-31.15:24:25::SCWBDomain::make -C psu_cortexa53_0/libsrc/sdps_v4_0/src -s include  "SHELL=/bin/sh" "COMPILER=aarch64-none-elf-gcc" "ASSEMBLER=aarch64-non
TRACE::2026-07-31.15:24:25::SCWBDomain::e-elf-as" "ARCHIVER=aarch64-none-elf-ar" "COMPILER_FLAGS=  -c" "EXTRA_COMPILER_FLAGS=-g -Wall -Wextra -fno-tree-loop-distribute
TRACE::2026-07-31.15:24:25::SCWBDomain::-patterns -Os -flto -ffat-lto-objects"

TRACE::2026-07-31.15:24:25::SCWBDomain::make -C psu_cortexa53_0/libsrc/spips_v3_8/src -s include  "SHELL=/bin/sh" "COMPILER=aarch64-none-elf-gcc" "ASSEMBLER=aarch64-no
TRACE::2026-07-31.15:24:25::SCWBDomain::ne-elf-as" "ARCHIVER=aarch64-none-elf-ar" "COMPILER_FLAGS=  -c" "EXTRA_COMPILER_FLAGS=-g -Wall -Wextra -fno-tree-loop-distribut
TRACE::2026-07-31.15:24:25::SCWBDomain::e-patterns -Os -flto -ffat-lto-objects"

TRACE::2026-07-31.15:24:25::SCWBDomain::Running Make include in psu_cortexa53_0/libsrc/standalone_v8_0/src

TRACE::2026-07-31.15:24:25::SCWBDomain::make -C psu_cortexa53_0/libsrc/standalone_v8_0/src -s include  "SHELL=/bin/sh" "COMPILER=aarch64-none-elf-gcc" "ASSEMBLER=aarch
TRACE::2026-07-31.15:24:25::SCWBDomain::64-none-elf-as" "ARCHIVER=aarch64-none-elf-ar" "COMPILER_FLAGS=  -c" "EXTRA_COMPILER_FLAGS=-g -Wall -Wextra -fno-tree-loop-dist
TRACE::2026-07-31.15:24:25::SCWBDomain::ribute-patterns -Os -flto -ffat-lto-objects"

TRACE::2026-07-31.15:24:25::SCWBDomain::Running Make include in psu_cortexa53_0/libsrc/sysmonpsu_v2_8/src

TRACE::2026-07-31.15:24:25::SCWBDomain::make -C psu_cortexa53_0/libsrc/sysmonpsu_v2_8/src -s include  "SHELL=/bin/sh" "COMPILER=aarch64-none-elf-gcc" "ASSEMBLER=aarch6
TRACE::2026-07-31.15:24:25::SCWBDomain::4-none-elf-as" "ARCHIVER=aarch64-none-elf-ar" "COMPILER_FLAGS=  -c" "EXTRA_COMPILER_FLAGS=-g -Wall -Wextra -fno-tree-loop-distr
TRACE::2026-07-31.15:24:25::SCWBDomain::ibute-patterns -Os -flto -ffat-lto-objects"

TRACE::2026-07-31.15:24:25::SCWBDomain::Running Make include in psu_cortexa53_0/libsrc/ttcps_v3_16/src

TRACE::2026-07-31.15:24:25::SCWBDomain::make -C psu_cortexa53_0/libsrc/ttcps_v3_16/src -s include  "SHELL=/bin/sh" "COMPILER=aarch64-none-elf-gcc" "ASSEMBLER=aarch64-n
TRACE::2026-07-31.15:24:25::SCWBDomain::one-elf-as" "ARCHIVER=aarch64-none-elf-ar" "COMPILER_FLAGS=  -c" "EXTRA_COMPILER_FLAGS=-g -Wall -Wextra -fno-tree-loop-distribu
TRACE::2026-07-31.15:24:25::SCWBDomain::te-patterns -Os -flto -ffat-lto-objects"

TRACE::2026-07-31.15:24:25::SCWBDomain::Running Make include in psu_cortexa53_0/libsrc/uartps_v3_11/src

TRACE::2026-07-31.15:24:25::SCWBDomain::make -C psu_cortexa53_0/libsrc/uartps_v3_11/src -s include  "SHELL=/bin/sh" "COMPILER=aarch64-none-elf-gcc" "ASSEMBLER=aarch64-
TRACE::2026-07-31.15:24:25::SCWBDomain::none-elf-as" "ARCHIVER=aarch64-none-elf-ar" "COMPILER_FLAGS=  -c" "EXTRA_COMPILER_FLAGS=-g -Wall -Wextra -fno-tree-loop-distrib
TRACE::2026-07-31.15:24:25::SCWBDomain::ute-patterns -Os -flto -ffat-lto-objects"

TRACE::2026-07-31.15:24:25::SCWBDomain::Running Make include in psu_cortexa53_0/libsrc/usbpsu_v1_12/src

TRACE::2026-07-31.15:24:25::SCWBDomain::make -C psu_cortexa53_0/libsrc/usbpsu_v1_12/src -s include  "SHELL=/bin/sh" "COMPILER=aarch64-none-elf-gcc" "ASSEMBLER=aarch64-
TRACE::2026-07-31.15:24:25::SCWBDomain::none-elf-as" "ARCHIVER=aarch64-none-elf-ar" "COMPILER_FLAGS=  -c" "EXTRA_COMPILER_FLAGS=-g -Wall -Wextra -fno-tree-loop-distrib
TRACE::2026-07-31.15:24:25::SCWBDomain::ute-patterns -Os -flto -ffat-lto-objects"

TRACE::2026-07-31.15:24:25::SCWBDomain::Running Make include in psu_cortexa53_0/libsrc/video_common_v4_13/src

TRACE::2026-07-31.15:24:25::SCWBDomain::make -C psu_cortexa53_0/libsrc/video_common_v4_13/src -s include  "SHELL=/bin/sh" "COMPILER=aarch64-none-elf-gcc" "ASSEMBLER=aa
TRACE::2026-07-31.15:24:25::SCWBDomain::rch64-none-elf-as" "ARCHIVER=aarch64-none-elf-ar" "COMPILER_FLAGS=  -c" "EXTRA_COMPILER_FLAGS=-g -Wall -Wextra -fno-tree-loop-d
TRACE::2026-07-31.15:24:25::SCWBDomain::istribute-patterns -Os -flto -ffat-lto-objects"

TRACE::2026-07-31.15:24:25::SCWBDomain::Running Make include in psu_cortexa53_0/libsrc/wdtps_v3_5/src

TRACE::2026-07-31.15:24:25::SCWBDomain::make -C psu_cortexa53_0/libsrc/wdtps_v3_5/src -s include  "SHELL=/bin/sh" "COMPILER=aarch64-none-elf-gcc" "ASSEMBLER=aarch64-no
TRACE::2026-07-31.15:24:25::SCWBDomain::ne-elf-as" "ARCHIVER=aarch64-none-elf-ar" "COMPILER_FLAGS=  -c" "EXTRA_COMPILER_FLAGS=-g -Wall -Wextra -fno-tree-loop-distribut
TRACE::2026-07-31.15:24:25::SCWBDomain::e-patterns -Os -flto -ffat-lto-objects"

TRACE::2026-07-31.15:24:25::SCWBDomain::Running Make include in psu_cortexa53_0/libsrc/xilffs_v4_8/src

TRACE::2026-07-31.15:24:25::SCWBDomain::Running Make include in psu_cortexa53_0/libsrc/xilpm_v4_1/src

TRACE::2026-07-31.15:24:25::SCWBDomain::make -C psu_cortexa53_0/libsrc/xilffs_v4_8/src -s include  "SHELL=/bin/sh" "COMPILER=aarch64-none-elf-gcc" "ASSEMBLER=aarch64-n
TRACE::2026-07-31.15:24:25::SCWBDomain::one-elf-as" "ARCHIVER=aarch64-none-elf-ar" "COMPILER_FLAGS=  -c" "EXTRA_COMPILER_FLAGS=-g -Wall -Wextra -fno-tree-loop-distribu
TRACE::2026-07-31.15:24:25::SCWBDomain::te-patterns -Os -flto -ffat-lto-objects"

TRACE::2026-07-31.15:24:25::SCWBDomain::make -C psu_cortexa53_0/libsrc/xilpm_v4_1/src -s include  "SHELL=/bin/sh" "COMPILER=aarch64-none-elf-gcc" "ASSEMBLER=aarch64-no
TRACE::2026-07-31.15:24:25::SCWBDomain::ne-elf-as" "ARCHIVER=aarch64-none-elf-ar" "COMPILER_FLAGS=  -c" "EXTRA_COMPILER_FLAGS=-g -Wall -Wextra -fno-tree-loop-distribut
TRACE::2026-07-31.15:24:25::SCWBDomain::e-patterns -Os -flto -ffat-lto-objects"

TRACE::2026-07-31.15:24:25::SCWBDomain::Running Make include in psu_cortexa53_0/libsrc/xilsecure_v5_0/src

TRACE::2026-07-31.15:24:25::SCWBDomain::make -C psu_cortexa53_0/libsrc/xilsecure_v5_0/src -s include  "SHELL=/bin/sh" "COMPILER=aarch64-none-elf-gcc" "ASSEMBLER=aarch6
TRACE::2026-07-31.15:24:25::SCWBDomain::4-none-elf-as" "ARCHIVER=aarch64-none-elf-ar" "COMPILER_FLAGS=  -c" "EXTRA_COMPILER_FLAGS=-g -Wall -Wextra -fno-tree-loop-distr
TRACE::2026-07-31.15:24:25::SCWBDomain::ibute-patterns -Os -flto -ffat-lto-objects"

TRACE::2026-07-31.15:24:25::SCWBDomain::Running Make include in psu_cortexa53_0/libsrc/zdma_v1_15/src

TRACE::2026-07-31.15:24:25::SCWBDomain::make -C psu_cortexa53_0/libsrc/zdma_v1_15/src -s include  "SHELL=/bin/sh" "COMPILER=aarch64-none-elf-gcc" "ASSEMBLER=aarch64-no
TRACE::2026-07-31.15:24:25::SCWBDomain::ne-elf-as" "ARCHIVER=aarch64-none-elf-ar" "COMPILER_FLAGS=  -c" "EXTRA_COMPILER_FLAGS=-g -Wall -Wextra -fno-tree-loop-distribut
TRACE::2026-07-31.15:24:25::SCWBDomain::e-patterns -Os -flto -ffat-lto-objects"

TRACE::2026-07-31.15:24:25::SCWBDomain::Include files for this library have already been copied.

TRACE::2026-07-31.15:24:25::SCWBDomain::Running Make libs in psu_cortexa53_0/libsrc/axipmon_v6_9/src

TRACE::2026-07-31.15:24:25::SCWBDomain::Running Make libs in psu_cortexa53_0/libsrc/axidma_v9_15/src

TRACE::2026-07-31.15:24:25::SCWBDomain::make -C psu_cortexa53_0/libsrc/axipmon_v6_9/src -s libs  "SHELL=/bin/sh" "COMPILER=aarch64-none-elf-gcc" "ASSEMBLER=aarch64-non
TRACE::2026-07-31.15:24:25::SCWBDomain::e-elf-as" "ARCHIVER=aarch64-none-elf-ar" "COMPILER_FLAGS=  -c" "EXTRA_COMPILER_FLAGS=-g -Wall -Wextra -fno-tree-loop-distribute
TRACE::2026-07-31.15:24:25::SCWBDomain::-patterns -Os -flto -ffat-lto-objects"

TRACE::2026-07-31.15:24:25::SCWBDomain::Running Make libs in psu_cortexa53_0/libsrc/clockps_v1_4/src

TRACE::2026-07-31.15:24:25::SCWBDomain::make -C psu_cortexa53_0/libsrc/axidma_v9_15/src -s libs  "SHELL=/bin/sh" "COMPILER=aarch64-none-elf-gcc" "ASSEMBLER=aarch64-non
TRACE::2026-07-31.15:24:25::SCWBDomain::e-elf-as" "ARCHIVER=aarch64-none-elf-ar" "COMPILER_FLAGS=  -c" "EXTRA_COMPILER_FLAGS=-g -Wall -Wextra -fno-tree-loop-distribute
TRACE::2026-07-31.15:24:25::SCWBDomain::-patterns -Os -flto -ffat-lto-objects"

TRACE::2026-07-31.15:24:25::SCWBDomain::Running Make libs in psu_cortexa53_0/libsrc/coresightps_dcc_v1_8/src

TRACE::2026-07-31.15:24:25::SCWBDomain::make -C psu_cortexa53_0/libsrc/clockps_v1_4/src -s libs  "SHELL=/bin/sh" "COMPILER=aarch64-none-elf-gcc" "ASSEMBLER=aarch64-non
TRACE::2026-07-31.15:24:25::SCWBDomain::e-elf-as" "ARCHIVER=aarch64-none-elf-ar" "COMPILER_FLAGS=  -c" "EXTRA_COMPILER_FLAGS=-g -Wall -Wextra -fno-tree-loop-distribute
TRACE::2026-07-31.15:24:25::SCWBDomain::-patterns -Os -flto -ffat-lto-objects"

TRACE::2026-07-31.15:24:25::SCWBDomain::Running Make libs in psu_cortexa53_0/libsrc/cpu_cortexa53_v2_0/src

TRACE::2026-07-31.15:24:25::SCWBDomain::make -C psu_cortexa53_0/libsrc/coresightps_dcc_v1_8/src -s libs  "SHELL=/bin/sh" "COMPILER=aarch64-none-elf-gcc" "ASSEMBLER=aar
TRACE::2026-07-31.15:24:25::SCWBDomain::ch64-none-elf-as" "ARCHIVER=aarch64-none-elf-ar" "COMPILER_FLAGS=  -c" "EXTRA_COMPILER_FLAGS=-g -Wall -Wextra -fno-tree-loop-di
TRACE::2026-07-31.15:24:25::SCWBDomain::stribute-patterns -Os -flto -ffat-lto-objects"

TRACE::2026-07-31.15:24:25::SCWBDomain::make -C psu_cortexa53_0/libsrc/cpu_cortexa53_v2_0/src -s libs  "SHELL=/bin/sh" "COMPILER=aarch64-none-elf-gcc" "ASSEMBLER=aarch
TRACE::2026-07-31.15:24:25::SCWBDomain::64-none-elf-as" "ARCHIVER=aarch64-none-elf-ar" "COMPILER_FLAGS=  -c" "EXTRA_COMPILER_FLAGS=-g -Wall -Wextra -fno-tree-loop-dist
TRACE::2026-07-31.15:24:25::SCWBDomain::ribute-patterns -Os -flto -ffat-lto-objects"

TRACE::2026-07-31.15:24:25::SCWBDomain::Running Make libs in psu_cortexa53_0/libsrc/csudma_v1_12/src

TRACE::2026-07-31.15:24:25::SCWBDomain::make -C psu_cortexa53_0/libsrc/csudma_v1_12/src -s libs  "SHELL=/bin/sh" "COMPILER=aarch64-none-elf-gcc" "ASSEMBLER=aarch64-non
TRACE::2026-07-31.15:24:25::SCWBDomain::e-elf-as" "ARCHIVER=aarch64-none-elf-ar" "COMPILER_FLAGS=  -c" "EXTRA_COMPILER_FLAGS=-g -Wall -Wextra -fno-tree-loop-distribute
TRACE::2026-07-31.15:24:25::SCWBDomain::-patterns -Os -flto -ffat-lto-objects"

TRACE::2026-07-31.15:24:25::SCWBDomain::Running Make libs in psu_cortexa53_0/libsrc/ddrcpsu_v1_4/src

TRACE::2026-07-31.15:24:25::SCWBDomain::make -C psu_cortexa53_0/libsrc/ddrcpsu_v1_4/src -s libs  "SHELL=/bin/sh" "COMPILER=aarch64-none-elf-gcc" "ASSEMBLER=aarch64-non
TRACE::2026-07-31.15:24:25::SCWBDomain::e-elf-as" "ARCHIVER=aarch64-none-elf-ar" "COMPILER_FLAGS=  -c" "EXTRA_COMPILER_FLAGS=-g -Wall -Wextra -fno-tree-loop-distribute
TRACE::2026-07-31.15:24:25::SCWBDomain::-patterns -Os -flto -ffat-lto-objects"

TRACE::2026-07-31.15:24:25::SCWBDomain::Running Make libs in psu_cortexa53_0/libsrc/emacps_v3_17/src

TRACE::2026-07-31.15:24:25::SCWBDomain::make -C psu_cortexa53_0/libsrc/emacps_v3_17/src -s libs  "SHELL=/bin/sh" "COMPILER=aarch64-none-elf-gcc" "ASSEMBLER=aarch64-non
TRACE::2026-07-31.15:24:25::SCWBDomain::e-elf-as" "ARCHIVER=aarch64-none-elf-ar" "COMPILER_FLAGS=  -c" "EXTRA_COMPILER_FLAGS=-g -Wall -Wextra -fno-tree-loop-distribute
TRACE::2026-07-31.15:24:25::SCWBDomain::-patterns -Os -flto -ffat-lto-objects"

TRACE::2026-07-31.15:24:25::SCWBDomain::Running Make libs in psu_cortexa53_0/libsrc/gpiops_v3_10/src

TRACE::2026-07-31.15:24:25::SCWBDomain::make -C psu_cortexa53_0/libsrc/gpiops_v3_10/src -s libs  "SHELL=/bin/sh" "COMPILER=aarch64-none-elf-gcc" "ASSEMBLER=aarch64-non
TRACE::2026-07-31.15:24:25::SCWBDomain::e-elf-as" "ARCHIVER=aarch64-none-elf-ar" "COMPILER_FLAGS=  -c" "EXTRA_COMPILER_FLAGS=-g -Wall -Wextra -fno-tree-loop-distribute
TRACE::2026-07-31.15:24:25::SCWBDomain::-patterns -Os -flto -ffat-lto-objects"

TRACE::2026-07-31.15:24:25::SCWBDomain::Running Make libs in psu_cortexa53_0/libsrc/iicps_v3_16/src

TRACE::2026-07-31.15:24:25::SCWBDomain::make -C psu_cortexa53_0/libsrc/iicps_v3_16/src -s libs  "SHELL=/bin/sh" "COMPILER=aarch64-none-elf-gcc" "ASSEMBLER=aarch64-none
TRACE::2026-07-31.15:24:25::SCWBDomain::-elf-as" "ARCHIVER=aarch64-none-elf-ar" "COMPILER_FLAGS=  -c" "EXTRA_COMPILER_FLAGS=-g -Wall -Wextra -fno-tree-loop-distribute-
TRACE::2026-07-31.15:24:25::SCWBDomain::patterns -Os -flto -ffat-lto-objects"

TRACE::2026-07-31.15:24:25::SCWBDomain::Running Make libs in psu_cortexa53_0/libsrc/ipipsu_v2_12/src

TRACE::2026-07-31.15:24:25::SCWBDomain::Running Make libs in psu_cortexa53_0/libsrc/qspipsu_v1_16/src

TRACE::2026-07-31.15:24:25::SCWBDomain::make -C psu_cortexa53_0/libsrc/ipipsu_v2_12/src -s libs  "SHELL=/bin/sh" "COMPILER=aarch64-none-elf-gcc" "ASSEMBLER=aarch64-non
TRACE::2026-07-31.15:24:25::SCWBDomain::e-elf-as" "ARCHIVER=aarch64-none-elf-ar" "COMPILER_FLAGS=  -c" "EXTRA_COMPILER_FLAGS=-g -Wall -Wextra -fno-tree-loop-distribute
TRACE::2026-07-31.15:24:25::SCWBDomain::-patterns -Os -flto -ffat-lto-objects"

TRACE::2026-07-31.15:24:25::SCWBDomain::make -C psu_cortexa53_0/libsrc/qspipsu_v1_16/src -s libs  "SHELL=/bin/sh" "COMPILER=aarch64-none-elf-gcc" "ASSEMBLER=aarch64-no
TRACE::2026-07-31.15:24:25::SCWBDomain::ne-elf-as" "ARCHIVER=aarch64-none-elf-ar" "COMPILER_FLAGS=  -c" "EXTRA_COMPILER_FLAGS=-g -Wall -Wextra -fno-tree-loop-distribut
TRACE::2026-07-31.15:24:25::SCWBDomain::e-patterns -Os -flto -ffat-lto-objects"

TRACE::2026-07-31.15:24:25::SCWBDomain::Running Make libs in psu_cortexa53_0/libsrc/resetps_v1_5/src

TRACE::2026-07-31.15:24:25::SCWBDomain::make -C psu_cortexa53_0/libsrc/resetps_v1_5/src -s libs  "SHELL=/bin/sh" "COMPILER=aarch64-none-elf-gcc" "ASSEMBLER=aarch64-non
TRACE::2026-07-31.15:24:25::SCWBDomain::e-elf-as" "ARCHIVER=aarch64-none-elf-ar" "COMPILER_FLAGS=  -c" "EXTRA_COMPILER_FLAGS=-g -Wall -Wextra -fno-tree-loop-distribute
TRACE::2026-07-31.15:24:25::SCWBDomain::-patterns -Os -flto -ffat-lto-objects"

TRACE::2026-07-31.15:24:25::SCWBDomain::Running Make libs in psu_cortexa53_0/libsrc/rtcpsu_v1_12/src

TRACE::2026-07-31.15:24:25::SCWBDomain::make -C psu_cortexa53_0/libsrc/rtcpsu_v1_12/src -s libs  "SHELL=/bin/sh" "COMPILER=aarch64-none-elf-gcc" "ASSEMBLER=aarch64-non
TRACE::2026-07-31.15:24:25::SCWBDomain::e-elf-as" "ARCHIVER=aarch64-none-elf-ar" "COMPILER_FLAGS=  -c" "EXTRA_COMPILER_FLAGS=-g -Wall -Wextra -fno-tree-loop-distribute
TRACE::2026-07-31.15:24:25::SCWBDomain::-patterns -Os -flto -ffat-lto-objects"

TRACE::2026-07-31.15:24:25::SCWBDomain::Running Make libs in psu_cortexa53_0/libsrc/scugic_v5_0/src

TRACE::2026-07-31.15:24:25::SCWBDomain::make -C psu_cortexa53_0/libsrc/scugic_v5_0/src -s libs  "SHELL=/bin/sh" "COMPILER=aarch64-none-elf-gcc" "ASSEMBLER=aarch64-none
TRACE::2026-07-31.15:24:25::SCWBDomain::-elf-as" "ARCHIVER=aarch64-none-elf-ar" "COMPILER_FLAGS=  -c" "EXTRA_COMPILER_FLAGS=-g -Wall -Wextra -fno-tree-loop-distribute-
TRACE::2026-07-31.15:24:25::SCWBDomain::patterns -Os -flto -ffat-lto-objects"

TRACE::2026-07-31.15:24:25::SCWBDomain::Running Make libs in psu_cortexa53_0/libsrc/sdps_v4_0/src

TRACE::2026-07-31.15:24:25::SCWBDomain::make -C psu_cortexa53_0/libsrc/sdps_v4_0/src -s libs  "SHELL=/bin/sh" "COMPILER=aarch64-none-elf-gcc" "ASSEMBLER=aarch64-none-e
TRACE::2026-07-31.15:24:25::SCWBDomain::lf-as" "ARCHIVER=aarch64-none-elf-ar" "COMPILER_FLAGS=  -c" "EXTRA_COMPILER_FLAGS=-g -Wall -Wextra -fno-tree-loop-distribute-pa
TRACE::2026-07-31.15:24:25::SCWBDomain::tterns -Os -flto -ffat-lto-objects"

TRACE::2026-07-31.15:24:25::SCWBDomain::Running Make libs in psu_cortexa53_0/libsrc/spips_v3_8/src

TRACE::2026-07-31.15:24:25::SCWBDomain::make -C psu_cortexa53_0/libsrc/spips_v3_8/src -s libs  "SHELL=/bin/sh" "COMPILER=aarch64-none-elf-gcc" "ASSEMBLER=aarch64-none-
TRACE::2026-07-31.15:24:25::SCWBDomain::elf-as" "ARCHIVER=aarch64-none-elf-ar" "COMPILER_FLAGS=  -c" "EXTRA_COMPILER_FLAGS=-g -Wall -Wextra -fno-tree-loop-distribute-p
TRACE::2026-07-31.15:24:25::SCWBDomain::atterns -Os -flto -ffat-lto-objects"

TRACE::2026-07-31.15:24:25::SCWBDomain::Running Make libs in psu_cortexa53_0/libsrc/standalone_v8_0/src

TRACE::2026-07-31.15:24:25::SCWBDomain::make -C psu_cortexa53_0/libsrc/standalone_v8_0/src -s libs  "SHELL=/bin/sh" "COMPILER=aarch64-none-elf-gcc" "ASSEMBLER=aarch64-
TRACE::2026-07-31.15:24:25::SCWBDomain::none-elf-as" "ARCHIVER=aarch64-none-elf-ar" "COMPILER_FLAGS=  -c" "EXTRA_COMPILER_FLAGS=-g -Wall -Wextra -fno-tree-loop-distrib
TRACE::2026-07-31.15:24:25::SCWBDomain::ute-patterns -Os -flto -ffat-lto-objects"

TRACE::2026-07-31.15:24:25::SCWBDomain::Running Make libs in psu_cortexa53_0/libsrc/sysmonpsu_v2_8/src

TRACE::2026-07-31.15:24:25::SCWBDomain::make -C psu_cortexa53_0/libsrc/sysmonpsu_v2_8/src -s libs  "SHELL=/bin/sh" "COMPILER=aarch64-none-elf-gcc" "ASSEMBLER=aarch64-n
TRACE::2026-07-31.15:24:25::SCWBDomain::one-elf-as" "ARCHIVER=aarch64-none-elf-ar" "COMPILER_FLAGS=  -c" "EXTRA_COMPILER_FLAGS=-g -Wall -Wextra -fno-tree-loop-distribu
TRACE::2026-07-31.15:24:25::SCWBDomain::te-patterns -Os -flto -ffat-lto-objects"

TRACE::2026-07-31.15:24:26::SCWBDomain::Running Make libs in psu_cortexa53_0/libsrc/ttcps_v3_16/src

TRACE::2026-07-31.15:24:26::SCWBDomain::make -C psu_cortexa53_0/libsrc/ttcps_v3_16/src -s libs  "SHELL=/bin/sh" "COMPILER=aarch64-none-elf-gcc" "ASSEMBLER=aarch64-none
TRACE::2026-07-31.15:24:26::SCWBDomain::-elf-as" "ARCHIVER=aarch64-none-elf-ar" "COMPILER_FLAGS=  -c" "EXTRA_COMPILER_FLAGS=-g -Wall -Wextra -fno-tree-loop-distribute-
TRACE::2026-07-31.15:24:26::SCWBDomain::patterns -Os -flto -ffat-lto-objects"

TRACE::2026-07-31.15:24:26::SCWBDomain::Running Make libs in psu_cortexa53_0/libsrc/uartps_v3_11/src

TRACE::2026-07-31.15:24:26::SCWBDomain::make -C psu_cortexa53_0/libsrc/uartps_v3_11/src -s libs  "SHELL=/bin/sh" "COMPILER=aarch64-none-elf-gcc" "ASSEMBLER=aarch64-non
TRACE::2026-07-31.15:24:26::SCWBDomain::e-elf-as" "ARCHIVER=aarch64-none-elf-ar" "COMPILER_FLAGS=  -c" "EXTRA_COMPILER_FLAGS=-g -Wall -Wextra -fno-tree-loop-distribute
TRACE::2026-07-31.15:24:26::SCWBDomain::-patterns -Os -flto -ffat-lto-objects"

TRACE::2026-07-31.15:24:26::SCWBDomain::Running Make libs in psu_cortexa53_0/libsrc/usbpsu_v1_12/src

TRACE::2026-07-31.15:24:26::SCWBDomain::make -C psu_cortexa53_0/libsrc/usbpsu_v1_12/src -s libs  "SHELL=/bin/sh" "COMPILER=aarch64-none-elf-gcc" "ASSEMBLER=aarch64-non
TRACE::2026-07-31.15:24:26::SCWBDomain::e-elf-as" "ARCHIVER=aarch64-none-elf-ar" "COMPILER_FLAGS=  -c" "EXTRA_COMPILER_FLAGS=-g -Wall -Wextra -fno-tree-loop-distribute
TRACE::2026-07-31.15:24:26::SCWBDomain::-patterns -Os -flto -ffat-lto-objects"

TRACE::2026-07-31.15:24:26::SCWBDomain::Running Make libs in psu_cortexa53_0/libsrc/video_common_v4_13/src

TRACE::2026-07-31.15:24:26::SCWBDomain::make -C psu_cortexa53_0/libsrc/video_common_v4_13/src -s libs  "SHELL=/bin/sh" "COMPILER=aarch64-none-elf-gcc" "ASSEMBLER=aarch
TRACE::2026-07-31.15:24:26::SCWBDomain::64-none-elf-as" "ARCHIVER=aarch64-none-elf-ar" "COMPILER_FLAGS=  -c" "EXTRA_COMPILER_FLAGS=-g -Wall -Wextra -fno-tree-loop-dist
TRACE::2026-07-31.15:24:26::SCWBDomain::ribute-patterns -Os -flto -ffat-lto-objects"

TRACE::2026-07-31.15:24:26::SCWBDomain::Running Make libs in psu_cortexa53_0/libsrc/wdtps_v3_5/src

TRACE::2026-07-31.15:24:26::SCWBDomain::make -C psu_cortexa53_0/libsrc/wdtps_v3_5/src -s libs  "SHELL=/bin/sh" "COMPILER=aarch64-none-elf-gcc" "ASSEMBLER=aarch64-none-
TRACE::2026-07-31.15:24:26::SCWBDomain::elf-as" "ARCHIVER=aarch64-none-elf-ar" "COMPILER_FLAGS=  -c" "EXTRA_COMPILER_FLAGS=-g -Wall -Wextra -fno-tree-loop-distribute-p
TRACE::2026-07-31.15:24:26::SCWBDomain::atterns -Os -flto -ffat-lto-objects"

TRACE::2026-07-31.15:24:26::SCWBDomain::Running Make libs in psu_cortexa53_0/libsrc/xilffs_v4_8/src

TRACE::2026-07-31.15:24:26::SCWBDomain::make -C psu_cortexa53_0/libsrc/xilffs_v4_8/src -s libs  "SHELL=/bin/sh" "COMPILER=aarch64-none-elf-gcc" "ASSEMBLER=aarch64-none
TRACE::2026-07-31.15:24:26::SCWBDomain::-elf-as" "ARCHIVER=aarch64-none-elf-ar" "COMPILER_FLAGS=  -c" "EXTRA_COMPILER_FLAGS=-g -Wall -Wextra -fno-tree-loop-distribute-
TRACE::2026-07-31.15:24:26::SCWBDomain::patterns -Os -flto -ffat-lto-objects"

TRACE::2026-07-31.15:24:26::SCWBDomain::Running Make libs in psu_cortexa53_0/libsrc/zdma_v1_15/src

TRACE::2026-07-31.15:24:26::SCWBDomain::make -C psu_cortexa53_0/libsrc/zdma_v1_15/src -s libs  "SHELL=/bin/sh" "COMPILER=aarch64-none-elf-gcc" "ASSEMBLER=aarch64-none-
TRACE::2026-07-31.15:24:26::SCWBDomain::elf-as" "ARCHIVER=aarch64-none-elf-ar" "COMPILER_FLAGS=  -c" "EXTRA_COMPILER_FLAGS=-g -Wall -Wextra -fno-tree-loop-distribute-p
TRACE::2026-07-31.15:24:26::SCWBDomain::atterns -Os -flto -ffat-lto-objects"

TRACE::2026-07-31.15:24:26::SCWBDomain::Finished building libraries parallelly.

TRACE::2026-07-31.15:24:26::SCWBDomain::make --no-print-directory archive

TRACE::2026-07-31.15:24:26::SCWBDomain::aarch64-none-elf-ar -r  psu_cortexa53_0/lib/libxil.a psu_cortexa53_0/lib/_exit.o psu_cortexa53_0/lib/_open.o psu_cortexa53_0/li
TRACE::2026-07-31.15:24:26::SCWBDomain::b/_sbrk.o psu_cortexa53_0/lib/abort.o psu_cortexa53_0/lib/asm_vectors.o psu_cortexa53_0/lib/boot.o psu_cortexa53_0/lib/close.o 
TRACE::2026-07-31.15:24:26::SCWBDomain::psu_cortexa53_0/lib/cpputest_time.o psu_cortexa53_0/lib/errno.o psu_cortexa53_0/lib/fcntl.o psu_cortexa53_0/lib/fstat.o psu_cor
TRACE::2026-07-31.15:24:26::SCWBDomain::texa53_0/lib/getpid.o psu_cortexa53_0/lib/inbyte.o psu_cortexa53_0/lib/initialise_monitor_handles.o psu_cortexa53_0/lib/isatty.
TRACE::2026-07-31.15:24:26::SCWBDomain::o psu_cortexa53_0/lib/kill.o psu_cortexa53_0/lib/lseek.o psu_cortexa53_0/lib/open.o psu_cortexa53_0/lib/outbyte.o psu_cortexa53
TRACE::2026-07-31.15:24:26::SCWBDomain::_0/lib/print.o psu_cortexa53_0/lib/putnum.o psu_cortexa53_0/lib/read.o psu_cortexa53_0/lib/sbrk.o psu_cortexa53_0/lib/sleep.o p
TRACE::2026-07-31.15:24:26::SCWBDomain::su_cortexa53_0/lib/time.o psu_cortexa53_0/lib/translation_table.o psu_cortexa53_0/lib/unlink.o psu_cortexa53_0/lib/vectors.o ps
TRACE::2026-07-31.15:24:26::SCWBDomain::u_cortexa53_0/lib/write.o psu_cortexa53_0/lib/xaxidma.o psu_cortexa53_0/lib/xaxidma_bd.o psu_cortexa53_0/lib/xaxidma_bdring.o p
TRACE::2026-07-31.15:24:26::SCWBDomain::su_cortexa53_0/lib/xaxidma_g.o psu_cortexa53_0/lib/xaxidma_selftest.o psu_cortexa53_0/lib/xaxidma_sinit.o psu_cortexa53_0/lib/x
TRACE::2026-07-31.15:24:26::SCWBDomain::axipmon.o psu_cortexa53_0/lib/xaxipmon_g.o psu_cortexa53_0/lib/xaxipmon_selftest.o psu_cortexa53_0/lib/xaxipmon_sinit.o psu_cor
TRACE::2026-07-31.15:24:26::SCWBDomain::texa53_0/lib/xaxis_passthrough.o psu_cortexa53_0/lib/xaxis_passthrough_g.o psu_cortexa53_0/lib/xaxis_passthrough_linux.o psu_co
TRACE::2026-07-31.15:24:26::SCWBDomain::rtexa53_0/lib/xaxis_passthrough_sinit.o psu_cortexa53_0/lib/xclockps.o psu_cortexa53_0/lib/xclockps_divider.o psu_cortexa53_0/l
TRACE::2026-07-31.15:24:26::SCWBDomain::ib/xclockps_fixedfactor.o psu_cortexa53_0/lib/xclockps_g.o psu_cortexa53_0/lib/xclockps_gate.o psu_cortexa53_0/lib/xclockps_mux
TRACE::2026-07-31.15:24:26::SCWBDomain::.o psu_cortexa53_0/lib/xclockps_pll.o psu_cortexa53_0/lib/xclockps_sinit.o psu_cortexa53_0/lib/xcoresightpsdcc.o psu_cortexa53_
TRACE::2026-07-31.15:24:26::SCWBDomain::0/lib/xcsudma.o psu_cortexa53_0/lib/xcsudma_g.o psu_cortexa53_0/lib/xcsudma_intr.o psu_cortexa53_0/lib/xcsudma_selftest.o psu_c
TRACE::2026-07-31.15:24:26::SCWBDomain::ortexa53_0/lib/xcsudma_sinit.o psu_cortexa53_0/lib/xemacps.o psu_cortexa53_0/lib/xemacps_bdring.o psu_cortexa53_0/lib/xemacps_c
TRACE::2026-07-31.15:24:26::SCWBDomain::ontrol.o psu_cortexa53_0/lib/xemacps_g.o psu_cortexa53_0/lib/xemacps_hw.o psu_cortexa53_0/lib/xemacps_intr.o psu_cortexa53_0/li
TRACE::2026-07-31.15:24:26::SCWBDomain::b/xemacps_sinit.o psu_cortexa53_0/lib/xgpiops.o psu_cortexa53_0/lib/xgpiops_g.o psu_cortexa53_0/lib/xgpiops_hw.o psu_cortexa53_
TRACE::2026-07-31.15:24:26::SCWBDomain::0/lib/xgpiops_intr.o psu_cortexa53_0/lib/xgpiops_selftest.o psu_cortexa53_0/lib/xgpiops_sinit.o psu_cortexa53_0/lib/xiicps.o ps
TRACE::2026-07-31.15:24:26::SCWBDomain::u_cortexa53_0/lib/xiicps_g.o psu_cortexa53_0/lib/xiicps_hw.o psu_cortexa53_0/lib/xiicps_intr.o psu_cortexa53_0/lib/xiicps_maste
TRACE::2026-07-31.15:24:26::SCWBDomain::r.o psu_cortexa53_0/lib/xiicps_options.o psu_cortexa53_0/lib/xiicps_selftest.o psu_cortexa53_0/lib/xiicps_sinit.o psu_cortexa53
TRACE::2026-07-31.15:24:26::SCWBDomain::_0/lib/xiicps_slave.o psu_cortexa53_0/lib/xiicps_xfer.o psu_cortexa53_0/lib/xil-crt0.o psu_cortexa53_0/lib/xil_assert.o psu_cor
TRACE::2026-07-31.15:24:26::SCWBDomain::texa53_0/lib/xil_cache.o psu_cortexa53_0/lib/xil_clocking.o psu_cortexa53_0/lib/xil_exception.o psu_cortexa53_0/lib/xil_mem.o p
TRACE::2026-07-31.15:24:26::SCWBDomain::su_cortexa53_0/lib/xil_mmu.o psu_cortexa53_0/lib/xil_printf.o psu_cortexa53_0/lib/xil_sleepcommon.o psu_cortexa53_0/lib/xil_sle
TRACE::2026-07-31.15:24:26::SCWBDomain::eptimer.o psu_cortexa53_0/lib/xil_smc.o psu_cortexa53_0/lib/xil_spinlock.o psu_cortexa53_0/lib/xil_testcache.o psu_cortexa53_0/
TRACE::2026-07-31.15:24:26::SCWBDomain::lib/xil_testio.o psu_cortexa53_0/lib/xil_testmem.o psu_cortexa53_0/lib/xil_util.o psu_cortexa53_0/lib/xinterrupt_wrap.o psu_cor
TRACE::2026-07-31.15:24:26::SCWBDomain::texa53_0/lib/xipipsu.o psu_cortexa53_0/lib/xipipsu_buf.o psu_cortexa53_0/lib/xipipsu_g.o psu_cortexa53_0/lib/xipipsu_sinit.o ps
TRACE::2026-07-31.15:24:26::SCWBDomain::u_cortexa53_0/lib/xplatform_info.o psu_cortexa53_0/lib/xpm_counter.o psu_cortexa53_0/lib/xqspipsu.o psu_cortexa53_0/lib/xqspips
TRACE::2026-07-31.15:24:26::SCWBDomain::u_control.o psu_cortexa53_0/lib/xqspipsu_g.o psu_cortexa53_0/lib/xqspipsu_hw.o psu_cortexa53_0/lib/xqspipsu_options.o psu_corte
TRACE::2026-07-31.15:24:26::SCWBDomain::xa53_0/lib/xqspipsu_sinit.o psu_cortexa53_0/lib/xresetps.o psu_cortexa53_0/lib/xresetps_g.o psu_cortexa53_0/lib/xresetps_sinit.
TRACE::2026-07-31.15:24:26::SCWBDomain::o psu_cortexa53_0/lib/xrtcpsu.o psu_cortexa53_0/lib/xrtcpsu_g.o psu_cortexa53_0/lib/xrtcpsu_intr.o psu_cortexa53_0/lib/xrtcpsu_
TRACE::2026-07-31.15:24:26::SCWBDomain::selftest.o psu_cortexa53_0/lib/xrtcpsu_sinit.o psu_cortexa53_0/lib/xscugic.o psu_cortexa53_0/lib/xscugic_g.o psu_cortexa53_0/li
TRACE::2026-07-31.15:24:26::SCWBDomain::b/xscugic_hw.o psu_cortexa53_0/lib/xscugic_intr.o psu_cortexa53_0/lib/xscugic_selftest.o psu_cortexa53_0/lib/xscugic_sinit.o ps
TRACE::2026-07-31.15:24:26::SCWBDomain::u_cortexa53_0/lib/xsdps.o psu_cortexa53_0/lib/xsdps_card.o psu_cortexa53_0/lib/xsdps_g.o psu_cortexa53_0/lib/xsdps_host.o psu_c
TRACE::2026-07-31.15:24:26::SCWBDomain::ortexa53_0/lib/xsdps_options.o psu_cortexa53_0/lib/xsdps_sinit.o psu_cortexa53_0/lib/xspips.o psu_cortexa53_0/lib/xspips_g.o ps
TRACE::2026-07-31.15:24:26::SCWBDomain::u_cortexa53_0/lib/xspips_hw.o psu_cortexa53_0/lib/xspips_options.o psu_cortexa53_0/lib/xspips_selftest.o psu_cortexa53_0/lib/xs
TRACE::2026-07-31.15:24:26::SCWBDomain::pips_sinit.o psu_cortexa53_0/lib/xsysmonpsu.o psu_cortexa53_0/lib/xsysmonpsu_g.o psu_cortexa53_0/lib/xsysmonpsu_intr.o psu_cort
TRACE::2026-07-31.15:24:26::SCWBDomain::exa53_0/lib/xsysmonpsu_selftest.o psu_cortexa53_0/lib/xsysmonpsu_sinit.o psu_cortexa53_0/lib/xtime_l.o psu_cortexa53_0/lib/xttc
TRACE::2026-07-31.15:24:26::SCWBDomain::ps.o psu_cortexa53_0/lib/xttcps_g.o psu_cortexa53_0/lib/xttcps_options.o psu_cortexa53_0/lib/xttcps_selftest.o psu_cortexa53_0/
TRACE::2026-07-31.15:24:26::SCWBDomain::lib/xttcps_sinit.o psu_cortexa53_0/lib/xuartps.o psu_cortexa53_0/lib/xuartps_g.o psu_cortexa53_0/lib/xuartps_hw.o psu_cortexa53
TRACE::2026-07-31.15:24:26::SCWBDomain::_0/lib/xuartps_intr.o psu_cortexa53_0/lib/xuartps_options.o psu_cortexa53_0/lib/xuartps_selftest.o psu_cortexa53_0/lib/xuartps_
TRACE::2026-07-31.15:24:26::SCWBDomain::sinit.o psu_cortexa53_0/lib/xusbpsu.o psu_cortexa53_0/lib/xusbpsu_command.o psu_cortexa53_0/lib/xusbpsu_controltransfers.o psu_
TRACE::2026-07-31.15:24:26::SCWBDomain::cortexa53_0/lib/xusbpsu_device.o psu_cortexa53_0/lib/xusbpsu_endpoint.o psu_cortexa53_0/lib/xusbpsu_ep0handler.o psu_cortexa53_
TRACE::2026-07-31.15:24:26::SCWBDomain::0/lib/xusbpsu_ephandler.o psu_cortexa53_0/lib/xusbpsu_event.o psu_cortexa53_0/lib/xusbpsu_g.o psu_cortexa53_0/lib/xusbpsu_hiber
TRACE::2026-07-31.15:24:26::SCWBDomain::nation.o psu_cortexa53_0/lib/xusbpsu_intr.o psu_cortexa53_0/lib/xusbpsu_sinit.o psu_cortexa53_0/lib/xvidc.o psu_cortexa53_0/lib
TRACE::2026-07-31.15:24:26::SCWBDomain::/xvidc_edid.o psu_cortexa53_0/lib/xvidc_edid_ext.o psu_cortexa53_0/lib/xvidc_parse_edid.o psu_cortexa53_0/lib/xvidc_timings_tab
TRACE::2026-07-31.15:24:26::SCWBDomain::le.o psu_cortexa53_0/lib/xwdtps.o psu_cortexa53_0/lib/xwdtps_g.o psu_cortexa53_0/lib/xwdtps_selftest.o psu_cortexa53_0/lib/xwdt
TRACE::2026-07-31.15:24:26::SCWBDomain::ps_sinit.o psu_cortexa53_0/lib/xzdma.o psu_cortexa53_0/lib/xzdma_g.o psu_cortexa53_0/lib/xzdma_intr.o psu_cortexa53_0/lib/xzdma
TRACE::2026-07-31.15:24:26::SCWBDomain::_selftest.o psu_cortexa53_0/lib/xzdma_sinit.o

TRACE::2026-07-31.15:24:26::SCWBDomain::Finished building libraries

TRACE::2026-07-31.15:24:26::SCWBDomain::make: Leaving directory '/home/sogang/ppe_fpga_ho/vitis_workspace/ppe_dma_platform_v2/zynqmp_fsbl/zynqmp_fsbl_bsp'

TRACE::2026-07-31.15:24:26::SCWBDomain::aarch64-none-elf-gcc  -c -MMD -MP      -Wall -fmessage-length=0 -DARMA53_64 -Os -flto -ffat-lto-objects   -c psu_init.c -o psu_
TRACE::2026-07-31.15:24:26::SCWBDomain::init.o -Izynqmp_fsbl_bsp/psu_cortexa53_0/include -I.

TRACE::2026-07-31.15:24:27::SCWBDomain::aarch64-none-elf-gcc  -c -MMD -MP      -Wall -fmessage-length=0 -DARMA53_64 -Os -flto -ffat-lto-objects   -c xfsbl_authenticati
TRACE::2026-07-31.15:24:27::SCWBDomain::on.c -o xfsbl_authentication.o -Izynqmp_fsbl_bsp/psu_cortexa53_0/include -I.

TRACE::2026-07-31.15:24:27::SCWBDomain::aarch64-none-elf-gcc  -c -MMD -MP      -Wall -fmessage-length=0 -DARMA53_64 -Os -flto -ffat-lto-objects   -c xfsbl_board.c -o x
TRACE::2026-07-31.15:24:27::SCWBDomain::fsbl_board.o -Izynqmp_fsbl_bsp/psu_cortexa53_0/include -I.

TRACE::2026-07-31.15:24:27::SCWBDomain::aarch64-none-elf-gcc  -c -MMD -MP      -Wall -fmessage-length=0 -DARMA53_64 -Os -flto -ffat-lto-objects   -c xfsbl_bs.c -o xfsb
TRACE::2026-07-31.15:24:27::SCWBDomain::l_bs.o -Izynqmp_fsbl_bsp/psu_cortexa53_0/include -I.

TRACE::2026-07-31.15:24:27::SCWBDomain::aarch64-none-elf-gcc  -c -MMD -MP      -Wall -fmessage-length=0 -DARMA53_64 -Os -flto -ffat-lto-objects   -c xfsbl_csu_dma.c -o
TRACE::2026-07-31.15:24:27::SCWBDomain:: xfsbl_csu_dma.o -Izynqmp_fsbl_bsp/psu_cortexa53_0/include -I.

TRACE::2026-07-31.15:24:27::SCWBDomain::aarch64-none-elf-gcc  -c -MMD -MP      -Wall -fmessage-length=0 -DARMA53_64 -Os -flto -ffat-lto-objects   -c xfsbl_ddr_init.c -
TRACE::2026-07-31.15:24:27::SCWBDomain::o xfsbl_ddr_init.o -Izynqmp_fsbl_bsp/psu_cortexa53_0/include -I.

TRACE::2026-07-31.15:24:27::SCWBDomain::aarch64-none-elf-gcc  -c -MMD -MP      -Wall -fmessage-length=0 -DARMA53_64 -Os -flto -ffat-lto-objects   -c xfsbl_dfu_util.c -
TRACE::2026-07-31.15:24:27::SCWBDomain::o xfsbl_dfu_util.o -Izynqmp_fsbl_bsp/psu_cortexa53_0/include -I.

TRACE::2026-07-31.15:24:27::SCWBDomain::aarch64-none-elf-gcc  -c -MMD -MP      -Wall -fmessage-length=0 -DARMA53_64 -Os -flto -ffat-lto-objects   -c xfsbl_handoff.c -o
TRACE::2026-07-31.15:24:27::SCWBDomain:: xfsbl_handoff.o -Izynqmp_fsbl_bsp/psu_cortexa53_0/include -I.

TRACE::2026-07-31.15:24:27::SCWBDomain::aarch64-none-elf-gcc  -c -MMD -MP      -Wall -fmessage-length=0 -DARMA53_64 -Os -flto -ffat-lto-objects   -c xfsbl_hooks.c -o x
TRACE::2026-07-31.15:24:27::SCWBDomain::fsbl_hooks.o -Izynqmp_fsbl_bsp/psu_cortexa53_0/include -I.

TRACE::2026-07-31.15:24:27::SCWBDomain::aarch64-none-elf-gcc  -c -MMD -MP      -Wall -fmessage-length=0 -DARMA53_64 -Os -flto -ffat-lto-objects   -c xfsbl_image_header
TRACE::2026-07-31.15:24:27::SCWBDomain::.c -o xfsbl_image_header.o -Izynqmp_fsbl_bsp/psu_cortexa53_0/include -I.

TRACE::2026-07-31.15:24:27::SCWBDomain::aarch64-none-elf-gcc  -c -MMD -MP      -Wall -fmessage-length=0 -DARMA53_64 -Os -flto -ffat-lto-objects   -c xfsbl_initializati
TRACE::2026-07-31.15:24:27::SCWBDomain::on.c -o xfsbl_initialization.o -Izynqmp_fsbl_bsp/psu_cortexa53_0/include -I.

TRACE::2026-07-31.15:24:27::SCWBDomain::aarch64-none-elf-gcc  -c -MMD -MP      -Wall -fmessage-length=0 -DARMA53_64 -Os -flto -ffat-lto-objects   -c xfsbl_main.c -o xf
TRACE::2026-07-31.15:24:27::SCWBDomain::sbl_main.o -Izynqmp_fsbl_bsp/psu_cortexa53_0/include -I.

TRACE::2026-07-31.15:24:27::SCWBDomain::aarch64-none-elf-gcc  -c -MMD -MP      -Wall -fmessage-length=0 -DARMA53_64 -Os -flto -ffat-lto-objects   -c xfsbl_misc.c -o xf
TRACE::2026-07-31.15:24:27::SCWBDomain::sbl_misc.o -Izynqmp_fsbl_bsp/psu_cortexa53_0/include -I.

TRACE::2026-07-31.15:24:27::SCWBDomain::aarch64-none-elf-gcc  -c -MMD -MP      -Wall -fmessage-length=0 -DARMA53_64 -Os -flto -ffat-lto-objects   -c xfsbl_misc_drivers
TRACE::2026-07-31.15:24:27::SCWBDomain::.c -o xfsbl_misc_drivers.o -Izynqmp_fsbl_bsp/psu_cortexa53_0/include -I.

TRACE::2026-07-31.15:24:28::SCWBDomain::aarch64-none-elf-gcc  -c -MMD -MP      -Wall -fmessage-length=0 -DARMA53_64 -Os -flto -ffat-lto-objects   -c xfsbl_nand.c -o xf
TRACE::2026-07-31.15:24:28::SCWBDomain::sbl_nand.o -Izynqmp_fsbl_bsp/psu_cortexa53_0/include -I.

TRACE::2026-07-31.15:24:28::SCWBDomain::aarch64-none-elf-gcc  -c -MMD -MP      -Wall -fmessage-length=0 -DARMA53_64 -Os -flto -ffat-lto-objects   -c xfsbl_partition_lo
TRACE::2026-07-31.15:24:28::SCWBDomain::ad.c -o xfsbl_partition_load.o -Izynqmp_fsbl_bsp/psu_cortexa53_0/include -I.

TRACE::2026-07-31.15:24:28::SCWBDomain::aarch64-none-elf-gcc  -c -MMD -MP      -Wall -fmessage-length=0 -DARMA53_64 -Os -flto -ffat-lto-objects   -c xfsbl_plpartition_
TRACE::2026-07-31.15:24:28::SCWBDomain::valid.c -o xfsbl_plpartition_valid.o -Izynqmp_fsbl_bsp/psu_cortexa53_0/include -I.

TRACE::2026-07-31.15:24:28::SCWBDomain::aarch64-none-elf-gcc  -c -MMD -MP      -Wall -fmessage-length=0 -DARMA53_64 -Os -flto -ffat-lto-objects   -c xfsbl_qspi.c -o xf
TRACE::2026-07-31.15:24:28::SCWBDomain::sbl_qspi.o -Izynqmp_fsbl_bsp/psu_cortexa53_0/include -I.

TRACE::2026-07-31.15:24:28::SCWBDomain::aarch64-none-elf-gcc  -c -MMD -MP      -Wall -fmessage-length=0 -DARMA53_64 -Os -flto -ffat-lto-objects   -c xfsbl_rsa_sha.c -o
TRACE::2026-07-31.15:24:28::SCWBDomain:: xfsbl_rsa_sha.o -Izynqmp_fsbl_bsp/psu_cortexa53_0/include -I.

TRACE::2026-07-31.15:24:28::SCWBDomain::aarch64-none-elf-gcc  -c -MMD -MP      -Wall -fmessage-length=0 -DARMA53_64 -Os -flto -ffat-lto-objects   -c xfsbl_sd.c -o xfsb
TRACE::2026-07-31.15:24:28::SCWBDomain::l_sd.o -Izynqmp_fsbl_bsp/psu_cortexa53_0/include -I.

TRACE::2026-07-31.15:24:28::SCWBDomain::aarch64-none-elf-gcc  -c -MMD -MP      -Wall -fmessage-length=0 -DARMA53_64 -Os -flto -ffat-lto-objects   -c xfsbl_tpm.c -o xfs
TRACE::2026-07-31.15:24:28::SCWBDomain::bl_tpm.o -Izynqmp_fsbl_bsp/psu_cortexa53_0/include -I.

TRACE::2026-07-31.15:24:28::SCWBDomain::aarch64-none-elf-gcc  -c -MMD -MP      -Wall -fmessage-length=0 -DARMA53_64 -Os -flto -ffat-lto-objects   -c xfsbl_tpm_util.c -
TRACE::2026-07-31.15:24:28::SCWBDomain::o xfsbl_tpm_util.o -Izynqmp_fsbl_bsp/psu_cortexa53_0/include -I.

TRACE::2026-07-31.15:24:28::SCWBDomain::aarch64-none-elf-gcc  -c -MMD -MP      -Wall -fmessage-length=0 -DARMA53_64 -Os -flto -ffat-lto-objects   -c xfsbl_usb.c -o xfs
TRACE::2026-07-31.15:24:28::SCWBDomain::bl_usb.o -Izynqmp_fsbl_bsp/psu_cortexa53_0/include -I.

TRACE::2026-07-31.15:24:28::SCWBDomain::aarch64-none-elf-gcc  -c -MMD -MP      -Wall -fmessage-length=0 -DARMA53_64 -Os -flto -ffat-lto-objects   -c xfsbl_exit.S -o xf
TRACE::2026-07-31.15:24:28::SCWBDomain::sbl_exit.o -Izynqmp_fsbl_bsp/psu_cortexa53_0/include -I.

TRACE::2026-07-31.15:24:28::SCWBDomain::aarch64-none-elf-gcc  -c -MMD -MP      -Wall -fmessage-length=0 -DARMA53_64 -Os -flto -ffat-lto-objects   -c xfsbl_translation_
TRACE::2026-07-31.15:24:28::SCWBDomain::table.S -o xfsbl_translation_table.o -Izynqmp_fsbl_bsp/psu_cortexa53_0/include -I.

TRACE::2026-07-31.15:24:28::SCWBDomain::aarch64-none-elf-gcc -o fsbl_a53.elf psu_init.o xfsbl_authentication.o xfsbl_board.o xfsbl_bs.o xfsbl_csu_dma.o xfsbl_ddr_init.
TRACE::2026-07-31.15:24:28::SCWBDomain::o xfsbl_dfu_util.o xfsbl_exit.o xfsbl_handoff.o xfsbl_hooks.o xfsbl_image_header.o xfsbl_initialization.o xfsbl_main.o xfsbl_mi
TRACE::2026-07-31.15:24:28::SCWBDomain::sc.o xfsbl_misc_drivers.o xfsbl_nand.o xfsbl_partition_load.o xfsbl_plpartition_valid.o xfsbl_qspi.o xfsbl_rsa_sha.o xfsbl_sd.o
TRACE::2026-07-31.15:24:28::SCWBDomain:: xfsbl_tpm.o xfsbl_tpm_util.o xfsbl_translation_table.o xfsbl_usb.o -MMD -MP      -Wall -fmessage-length=0 -DARMA53_64 -Os -flt
TRACE::2026-07-31.15:24:28::SCWBDomain::o -ffat-lto-objects    -Wl,--start-group,-lxil,-lgcc,-lc,--end-group -Wl,--start-group,-lxilffs,-lxil,-lgcc,-lc,--end-group -Wl
TRACE::2026-07-31.15:24:28::SCWBDomain::,--start-group,-lxilsecure,-lxil,-lgcc,-lc,--end-group -Wl,--start-group,-lxilpm,-lxil,-lgcc,-lc,--end-group                   
TRACE::2026-07-31.15:24:28::SCWBDomain::                                                                                      -n  -Wl,--gc-sections -Lzynqmp_fsbl_bsp/p
TRACE::2026-07-31.15:24:28::SCWBDomain::su_cortexa53_0/lib -Tlscript.ld

LOG::2026-07-31.15:24:30::SCWSystem::Checking the domain zynqmp_pmufw
LOG::2026-07-31.15:24:30::SCWSystem::Doing application build for :  zynqmp_pmufw
TRACE::2026-07-31.15:24:30::SCWBDomain::Not a forced makefile updation, No changes are present. 
TRACE::2026-07-31.15:24:30::SCWDomain::Building the domain as part of full build :  zynqmp_pmufw
TRACE::2026-07-31.15:24:30::SCWPlatform::Trying to open the hw design at /home/sogang/ppe_fpga_ho/vitis_workspace/ppe_dma_platform_v2/hw/dma_passthrough.xsa
TRACE::2026-07-31.15:24:30::SCWPlatform::DSA given /home/sogang/ppe_fpga_ho/vitis_workspace/ppe_dma_platform_v2/hw/dma_passthrough.xsa
TRACE::2026-07-31.15:24:30::SCWPlatform::DSA absoulate path /home/sogang/ppe_fpga_ho/vitis_workspace/ppe_dma_platform_v2/hw/dma_passthrough.xsa
TRACE::2026-07-31.15:24:30::SCWPlatform::DSA directory /home/sogang/ppe_fpga_ho/vitis_workspace/ppe_dma_platform_v2/hw
TRACE::2026-07-31.15:24:30::SCWPlatform:: Platform Path /home/sogang/ppe_fpga_ho/vitis_workspace/ppe_dma_platform_v2/hw/dma_passthrough.xsa
TRACE::2026-07-31.15:24:30::SCWPlatform:: Unique name xilinx:kv260_som_som240_1_connector_kv260_carrier_som240_1_connector::0.0
TRACE::2026-07-31.15:24:30::SCWPlatform::Trying to set the existing hwdb with name dma_passthrough_wrapper_1
TRACE::2026-07-31.15:24:30::SCWPlatform::Opened existing hwdb dma_passthrough_wrapper_1
TRACE::2026-07-31.15:24:30::SCWPlatform::Found the Hw Db part of the input DSA
TRACE::2026-07-31.15:24:30::SCWMssOS::Checking the sw design at  /home/sogang/ppe_fpga_ho/vitis_workspace/ppe_dma_platform_v2/zynqmp_pmufw/zynqmp_pmufw_bsp/system.mss
TRACE::2026-07-31.15:24:30::SCWMssOS::DEBUG:  swdes dump  /home/sogang/ppe_fpga_ho/vitis_workspace/ppe_dma_platform_v2/psu_cortexa53_0/standalone_domain/bsp/system.mss|system_1||
/home/sogang/ppe_fpga_ho/vitis_workspace/ppe_dma_platform_v2/zynqmp_fsbl/zynqmp_fsbl_bsp/system.mss|system||
/home/sogang/ppe_fpga_ho/vitis_workspace/ppe_dma_platform_v2/zynqmp_pmufw/zynqmp_pmufw_bsp/system.mss|system_0||

TRACE::2026-07-31.15:24:30::SCWMssOS::Sw design exists and opened at  /home/sogang/ppe_fpga_ho/vitis_workspace/ppe_dma_platform_v2/zynqmp_pmufw/zynqmp_pmufw_bsp/system.mss
TRACE::2026-07-31.15:24:30::SCWBDomain::Completed writing the mss file at /home/sogang/ppe_fpga_ho/vitis_workspace/ppe_dma_platform_v2/zynqmp_pmufw/zynqmp_pmufw_bsp
TRACE::2026-07-31.15:24:30::SCWBDomain::bsp generated is upto date with the mss file. Skipping bsp generation.
TRACE::2026-07-31.15:24:30::SCWBDomain::Not a forced makefile updation, No changes are present. 
TRACE::2026-07-31.15:24:30::SCWBDomain::System Command Ran  cd  /home/sogang/ppe_fpga_ho/vitis_workspace/ppe_dma_platform_v2/zynqmp_pmufw ; bash -c " make -C zynqmp_pmufw_bsp ; make  " 
TRACE::2026-07-31.15:24:30::SCWBDomain::make: Entering directory '/home/sogang/ppe_fpga_ho/vitis_workspace/ppe_dma_platform_v2/zynqmp_pmufw/zynqmp_pmufw_bsp'

TRACE::2026-07-31.15:24:30::SCWBDomain::make --no-print-directory seq_libs

TRACE::2026-07-31.15:24:30::SCWBDomain::Running Make include in psu_pmu_0/libsrc/avbuf_v2_5/src

TRACE::2026-07-31.15:24:30::SCWBDomain::make -C psu_pmu_0/libsrc/avbuf_v2_5/src -s include  "SHELL=/bin/sh" "COMPILER=mb-gcc" "ASSEMBLER=mb-as" "ARCHIVER=mb-ar" "COMPI
TRACE::2026-07-31.15:24:30::SCWBDomain::LER_FLAGS=  -O2 -c -mcpu=v9.2 -mlittle-endian -mxl-barrel-shift -mxl-pattern-compare -mxl-soft-mul" "EXTRA_COMPILER_FLAGS=-g -f
TRACE::2026-07-31.15:24:30::SCWBDomain::function-sections -fdata-sections -Wall -Wextra -fno-tree-loop-distribute-patterns  -Os -flto -ffat-lto-objects"

TRACE::2026-07-31.15:24:30::SCWBDomain::Running Make include in psu_pmu_0/libsrc/axidma_v9_15/src

TRACE::2026-07-31.15:24:30::SCWBDomain::make -C psu_pmu_0/libsrc/axidma_v9_15/src -s include  "SHELL=/bin/sh" "COMPILER=mb-gcc" "ASSEMBLER=mb-as" "ARCHIVER=mb-ar" "COM
TRACE::2026-07-31.15:24:30::SCWBDomain::PILER_FLAGS=  -O2 -c -mcpu=v9.2 -mlittle-endian -mxl-barrel-shift -mxl-pattern-compare -mxl-soft-mul" "EXTRA_COMPILER_FLAGS=-g 
TRACE::2026-07-31.15:24:30::SCWBDomain::-ffunction-sections -fdata-sections -Wall -Wextra -fno-tree-loop-distribute-patterns  -Os -flto -ffat-lto-objects"

TRACE::2026-07-31.15:24:30::SCWBDomain::Running Make include in psu_pmu_0/libsrc/axipmon_v6_9/src

TRACE::2026-07-31.15:24:30::SCWBDomain::make -C psu_pmu_0/libsrc/axipmon_v6_9/src -s include  "SHELL=/bin/sh" "COMPILER=mb-gcc" "ASSEMBLER=mb-as" "ARCHIVER=mb-ar" "COM
TRACE::2026-07-31.15:24:30::SCWBDomain::PILER_FLAGS=  -O2 -c -mcpu=v9.2 -mlittle-endian -mxl-barrel-shift -mxl-pattern-compare -mxl-soft-mul" "EXTRA_COMPILER_FLAGS=-g 
TRACE::2026-07-31.15:24:30::SCWBDomain::-ffunction-sections -fdata-sections -Wall -Wextra -fno-tree-loop-distribute-patterns  -Os -flto -ffat-lto-objects"

TRACE::2026-07-31.15:24:30::SCWBDomain::Running Make include in psu_pmu_0/libsrc/axis_passthrough_v1_0/src

TRACE::2026-07-31.15:24:30::SCWBDomain::make -C psu_pmu_0/libsrc/axis_passthrough_v1_0/src -s include  "SHELL=/bin/sh" "COMPILER=mb-gcc" "ASSEMBLER=mb-as" "ARCHIVER=mb
TRACE::2026-07-31.15:24:30::SCWBDomain::-ar" "COMPILER_FLAGS=  -O2 -c -mcpu=v9.2 -mlittle-endian -mxl-barrel-shift -mxl-pattern-compare -mxl-soft-mul" "EXTRA_COMPILER_
TRACE::2026-07-31.15:24:30::SCWBDomain::FLAGS=-g -ffunction-sections -fdata-sections -Wall -Wextra -fno-tree-loop-distribute-patterns  -Os -flto -ffat-lto-objects"

TRACE::2026-07-31.15:24:30::SCWBDomain::Running Make include in psu_pmu_0/libsrc/clockps_v1_4/src

TRACE::2026-07-31.15:24:30::SCWBDomain::make -C psu_pmu_0/libsrc/clockps_v1_4/src -s include  "SHELL=/bin/sh" "COMPILER=mb-gcc" "ASSEMBLER=mb-as" "ARCHIVER=mb-ar" "COM
TRACE::2026-07-31.15:24:30::SCWBDomain::PILER_FLAGS=  -O2 -c -mcpu=v9.2 -mlittle-endian -mxl-barrel-shift -mxl-pattern-compare -mxl-soft-mul" "EXTRA_COMPILER_FLAGS=-g 
TRACE::2026-07-31.15:24:30::SCWBDomain::-ffunction-sections -fdata-sections -Wall -Wextra -fno-tree-loop-distribute-patterns  -Os -flto -ffat-lto-objects"

TRACE::2026-07-31.15:24:30::SCWBDomain::Running Make include in psu_pmu_0/libsrc/cpu_v2_16/src

TRACE::2026-07-31.15:24:30::SCWBDomain::make -C psu_pmu_0/libsrc/cpu_v2_16/src -s include  "SHELL=/bin/sh" "COMPILER=mb-gcc" "ASSEMBLER=mb-as" "ARCHIVER=mb-ar" "COMPIL
TRACE::2026-07-31.15:24:30::SCWBDomain::ER_FLAGS=  -O2 -c -mcpu=v9.2 -mlittle-endian -mxl-barrel-shift -mxl-pattern-compare -mxl-soft-mul" "EXTRA_COMPILER_FLAGS=-g -ff
TRACE::2026-07-31.15:24:30::SCWBDomain::unction-sections -fdata-sections -Wall -Wextra -fno-tree-loop-distribute-patterns  -Os -flto -ffat-lto-objects"

TRACE::2026-07-31.15:24:30::SCWBDomain::Running Make include in psu_pmu_0/libsrc/csudma_v1_12/src

TRACE::2026-07-31.15:24:30::SCWBDomain::make -C psu_pmu_0/libsrc/csudma_v1_12/src -s include  "SHELL=/bin/sh" "COMPILER=mb-gcc" "ASSEMBLER=mb-as" "ARCHIVER=mb-ar" "COM
TRACE::2026-07-31.15:24:30::SCWBDomain::PILER_FLAGS=  -O2 -c -mcpu=v9.2 -mlittle-endian -mxl-barrel-shift -mxl-pattern-compare -mxl-soft-mul" "EXTRA_COMPILER_FLAGS=-g 
TRACE::2026-07-31.15:24:30::SCWBDomain::-ffunction-sections -fdata-sections -Wall -Wextra -fno-tree-loop-distribute-patterns  -Os -flto -ffat-lto-objects"

TRACE::2026-07-31.15:24:30::SCWBDomain::Running Make include in psu_pmu_0/libsrc/ddrcpsu_v1_4/src

TRACE::2026-07-31.15:24:30::SCWBDomain::make -C psu_pmu_0/libsrc/ddrcpsu_v1_4/src -s include  "SHELL=/bin/sh" "COMPILER=mb-gcc" "ASSEMBLER=mb-as" "ARCHIVER=mb-ar" "COM
TRACE::2026-07-31.15:24:30::SCWBDomain::PILER_FLAGS=  -O2 -c -mcpu=v9.2 -mlittle-endian -mxl-barrel-shift -mxl-pattern-compare -mxl-soft-mul" "EXTRA_COMPILER_FLAGS=-g 
TRACE::2026-07-31.15:24:30::SCWBDomain::-ffunction-sections -fdata-sections -Wall -Wextra -fno-tree-loop-distribute-patterns  -Os -flto -ffat-lto-objects"

TRACE::2026-07-31.15:24:30::SCWBDomain::Running Make include in psu_pmu_0/libsrc/dpdma_v1_4/src

TRACE::2026-07-31.15:24:30::SCWBDomain::make -C psu_pmu_0/libsrc/dpdma_v1_4/src -s include  "SHELL=/bin/sh" "COMPILER=mb-gcc" "ASSEMBLER=mb-as" "ARCHIVER=mb-ar" "COMPI
TRACE::2026-07-31.15:24:30::SCWBDomain::LER_FLAGS=  -O2 -c -mcpu=v9.2 -mlittle-endian -mxl-barrel-shift -mxl-pattern-compare -mxl-soft-mul" "EXTRA_COMPILER_FLAGS=-g -f
TRACE::2026-07-31.15:24:30::SCWBDomain::function-sections -fdata-sections -Wall -Wextra -fno-tree-loop-distribute-patterns  -Os -flto -ffat-lto-objects"

TRACE::2026-07-31.15:24:30::SCWBDomain::Running Make include in psu_pmu_0/libsrc/dppsu_v1_6/src

TRACE::2026-07-31.15:24:30::SCWBDomain::make -C psu_pmu_0/libsrc/dppsu_v1_6/src -s include  "SHELL=/bin/sh" "COMPILER=mb-gcc" "ASSEMBLER=mb-as" "ARCHIVER=mb-ar" "COMPI
TRACE::2026-07-31.15:24:30::SCWBDomain::LER_FLAGS=  -O2 -c -mcpu=v9.2 -mlittle-endian -mxl-barrel-shift -mxl-pattern-compare -mxl-soft-mul" "EXTRA_COMPILER_FLAGS=-g -f
TRACE::2026-07-31.15:24:30::SCWBDomain::function-sections -fdata-sections -Wall -Wextra -fno-tree-loop-distribute-patterns  -Os -flto -ffat-lto-objects"

TRACE::2026-07-31.15:24:30::SCWBDomain::Running Make include in psu_pmu_0/libsrc/emacps_v3_17/src

TRACE::2026-07-31.15:24:30::SCWBDomain::make -C psu_pmu_0/libsrc/emacps_v3_17/src -s include  "SHELL=/bin/sh" "COMPILER=mb-gcc" "ASSEMBLER=mb-as" "ARCHIVER=mb-ar" "COM
TRACE::2026-07-31.15:24:30::SCWBDomain::PILER_FLAGS=  -O2 -c -mcpu=v9.2 -mlittle-endian -mxl-barrel-shift -mxl-pattern-compare -mxl-soft-mul" "EXTRA_COMPILER_FLAGS=-g 
TRACE::2026-07-31.15:24:30::SCWBDomain::-ffunction-sections -fdata-sections -Wall -Wextra -fno-tree-loop-distribute-patterns  -Os -flto -ffat-lto-objects"

TRACE::2026-07-31.15:24:30::SCWBDomain::Running Make include in psu_pmu_0/libsrc/gpiops_v3_10/src

TRACE::2026-07-31.15:24:30::SCWBDomain::make -C psu_pmu_0/libsrc/gpiops_v3_10/src -s include  "SHELL=/bin/sh" "COMPILER=mb-gcc" "ASSEMBLER=mb-as" "ARCHIVER=mb-ar" "COM
TRACE::2026-07-31.15:24:30::SCWBDomain::PILER_FLAGS=  -O2 -c -mcpu=v9.2 -mlittle-endian -mxl-barrel-shift -mxl-pattern-compare -mxl-soft-mul" "EXTRA_COMPILER_FLAGS=-g 
TRACE::2026-07-31.15:24:30::SCWBDomain::-ffunction-sections -fdata-sections -Wall -Wextra -fno-tree-loop-distribute-patterns  -Os -flto -ffat-lto-objects"

TRACE::2026-07-31.15:24:30::SCWBDomain::Running Make include in psu_pmu_0/libsrc/iicps_v3_16/src

TRACE::2026-07-31.15:24:30::SCWBDomain::make -C psu_pmu_0/libsrc/iicps_v3_16/src -s include  "SHELL=/bin/sh" "COMPILER=mb-gcc" "ASSEMBLER=mb-as" "ARCHIVER=mb-ar" "COMP
TRACE::2026-07-31.15:24:30::SCWBDomain::ILER_FLAGS=  -O2 -c -mcpu=v9.2 -mlittle-endian -mxl-barrel-shift -mxl-pattern-compare -mxl-soft-mul" "EXTRA_COMPILER_FLAGS=-g -
TRACE::2026-07-31.15:24:30::SCWBDomain::ffunction-sections -fdata-sections -Wall -Wextra -fno-tree-loop-distribute-patterns  -Os -flto -ffat-lto-objects"

TRACE::2026-07-31.15:24:30::SCWBDomain::Running Make include in psu_pmu_0/libsrc/ipipsu_v2_12/src

TRACE::2026-07-31.15:24:30::SCWBDomain::make -C psu_pmu_0/libsrc/ipipsu_v2_12/src -s include  "SHELL=/bin/sh" "COMPILER=mb-gcc" "ASSEMBLER=mb-as" "ARCHIVER=mb-ar" "COM
TRACE::2026-07-31.15:24:30::SCWBDomain::PILER_FLAGS=  -O2 -c -mcpu=v9.2 -mlittle-endian -mxl-barrel-shift -mxl-pattern-compare -mxl-soft-mul" "EXTRA_COMPILER_FLAGS=-g 
TRACE::2026-07-31.15:24:30::SCWBDomain::-ffunction-sections -fdata-sections -Wall -Wextra -fno-tree-loop-distribute-patterns  -Os -flto -ffat-lto-objects"

TRACE::2026-07-31.15:24:30::SCWBDomain::Running Make include in psu_pmu_0/libsrc/qspipsu_v1_16/src

TRACE::2026-07-31.15:24:30::SCWBDomain::make -C psu_pmu_0/libsrc/qspipsu_v1_16/src -s include  "SHELL=/bin/sh" "COMPILER=mb-gcc" "ASSEMBLER=mb-as" "ARCHIVER=mb-ar" "CO
TRACE::2026-07-31.15:24:30::SCWBDomain::MPILER_FLAGS=  -O2 -c -mcpu=v9.2 -mlittle-endian -mxl-barrel-shift -mxl-pattern-compare -mxl-soft-mul" "EXTRA_COMPILER_FLAGS=-g
TRACE::2026-07-31.15:24:30::SCWBDomain:: -ffunction-sections -fdata-sections -Wall -Wextra -fno-tree-loop-distribute-patterns  -Os -flto -ffat-lto-objects"

TRACE::2026-07-31.15:24:30::SCWBDomain::Running Make include in psu_pmu_0/libsrc/resetps_v1_5/src

TRACE::2026-07-31.15:24:30::SCWBDomain::make -C psu_pmu_0/libsrc/resetps_v1_5/src -s include  "SHELL=/bin/sh" "COMPILER=mb-gcc" "ASSEMBLER=mb-as" "ARCHIVER=mb-ar" "COM
TRACE::2026-07-31.15:24:30::SCWBDomain::PILER_FLAGS=  -O2 -c -mcpu=v9.2 -mlittle-endian -mxl-barrel-shift -mxl-pattern-compare -mxl-soft-mul" "EXTRA_COMPILER_FLAGS=-g 
TRACE::2026-07-31.15:24:30::SCWBDomain::-ffunction-sections -fdata-sections -Wall -Wextra -fno-tree-loop-distribute-patterns  -Os -flto -ffat-lto-objects"

TRACE::2026-07-31.15:24:30::SCWBDomain::Running Make include in psu_pmu_0/libsrc/rtcpsu_v1_12/src

TRACE::2026-07-31.15:24:30::SCWBDomain::make -C psu_pmu_0/libsrc/rtcpsu_v1_12/src -s include  "SHELL=/bin/sh" "COMPILER=mb-gcc" "ASSEMBLER=mb-as" "ARCHIVER=mb-ar" "COM
TRACE::2026-07-31.15:24:30::SCWBDomain::PILER_FLAGS=  -O2 -c -mcpu=v9.2 -mlittle-endian -mxl-barrel-shift -mxl-pattern-compare -mxl-soft-mul" "EXTRA_COMPILER_FLAGS=-g 
TRACE::2026-07-31.15:24:30::SCWBDomain::-ffunction-sections -fdata-sections -Wall -Wextra -fno-tree-loop-distribute-patterns  -Os -flto -ffat-lto-objects"

TRACE::2026-07-31.15:24:30::SCWBDomain::Running Make include in psu_pmu_0/libsrc/sdps_v4_0/src

TRACE::2026-07-31.15:24:30::SCWBDomain::make -C psu_pmu_0/libsrc/sdps_v4_0/src -s include  "SHELL=/bin/sh" "COMPILER=mb-gcc" "ASSEMBLER=mb-as" "ARCHIVER=mb-ar" "COMPIL
TRACE::2026-07-31.15:24:30::SCWBDomain::ER_FLAGS=  -O2 -c -mcpu=v9.2 -mlittle-endian -mxl-barrel-shift -mxl-pattern-compare -mxl-soft-mul" "EXTRA_COMPILER_FLAGS=-g -ff
TRACE::2026-07-31.15:24:30::SCWBDomain::unction-sections -fdata-sections -Wall -Wextra -fno-tree-loop-distribute-patterns  -Os -flto -ffat-lto-objects"

TRACE::2026-07-31.15:24:30::SCWBDomain::Running Make include in psu_pmu_0/libsrc/spips_v3_8/src

TRACE::2026-07-31.15:24:30::SCWBDomain::make -C psu_pmu_0/libsrc/spips_v3_8/src -s include  "SHELL=/bin/sh" "COMPILER=mb-gcc" "ASSEMBLER=mb-as" "ARCHIVER=mb-ar" "COMPI
TRACE::2026-07-31.15:24:30::SCWBDomain::LER_FLAGS=  -O2 -c -mcpu=v9.2 -mlittle-endian -mxl-barrel-shift -mxl-pattern-compare -mxl-soft-mul" "EXTRA_COMPILER_FLAGS=-g -f
TRACE::2026-07-31.15:24:30::SCWBDomain::function-sections -fdata-sections -Wall -Wextra -fno-tree-loop-distribute-patterns  -Os -flto -ffat-lto-objects"

TRACE::2026-07-31.15:24:30::SCWBDomain::Running Make include in psu_pmu_0/libsrc/standalone_v8_0/src

TRACE::2026-07-31.15:24:30::SCWBDomain::make -C psu_pmu_0/libsrc/standalone_v8_0/src -s include  "SHELL=/bin/sh" "COMPILER=mb-gcc" "ASSEMBLER=mb-as" "ARCHIVER=mb-ar" "
TRACE::2026-07-31.15:24:30::SCWBDomain::COMPILER_FLAGS=  -O2 -c -mcpu=v9.2 -mlittle-endian -mxl-barrel-shift -mxl-pattern-compare -mxl-soft-mul" "EXTRA_COMPILER_FLAGS=
TRACE::2026-07-31.15:24:30::SCWBDomain::-g -ffunction-sections -fdata-sections -Wall -Wextra -fno-tree-loop-distribute-patterns  -Os -flto -ffat-lto-objects"

TRACE::2026-07-31.15:24:30::SCWBDomain::Running Make include in psu_pmu_0/libsrc/sysmonpsu_v2_8/src

TRACE::2026-07-31.15:24:30::SCWBDomain::make -C psu_pmu_0/libsrc/sysmonpsu_v2_8/src -s include  "SHELL=/bin/sh" "COMPILER=mb-gcc" "ASSEMBLER=mb-as" "ARCHIVER=mb-ar" "C
TRACE::2026-07-31.15:24:30::SCWBDomain::OMPILER_FLAGS=  -O2 -c -mcpu=v9.2 -mlittle-endian -mxl-barrel-shift -mxl-pattern-compare -mxl-soft-mul" "EXTRA_COMPILER_FLAGS=-
TRACE::2026-07-31.15:24:30::SCWBDomain::g -ffunction-sections -fdata-sections -Wall -Wextra -fno-tree-loop-distribute-patterns  -Os -flto -ffat-lto-objects"

TRACE::2026-07-31.15:24:30::SCWBDomain::Running Make include in psu_pmu_0/libsrc/ttcps_v3_16/src

TRACE::2026-07-31.15:24:30::SCWBDomain::make -C psu_pmu_0/libsrc/ttcps_v3_16/src -s include  "SHELL=/bin/sh" "COMPILER=mb-gcc" "ASSEMBLER=mb-as" "ARCHIVER=mb-ar" "COMP
TRACE::2026-07-31.15:24:30::SCWBDomain::ILER_FLAGS=  -O2 -c -mcpu=v9.2 -mlittle-endian -mxl-barrel-shift -mxl-pattern-compare -mxl-soft-mul" "EXTRA_COMPILER_FLAGS=-g -
TRACE::2026-07-31.15:24:30::SCWBDomain::ffunction-sections -fdata-sections -Wall -Wextra -fno-tree-loop-distribute-patterns  -Os -flto -ffat-lto-objects"

TRACE::2026-07-31.15:24:30::SCWBDomain::Running Make include in psu_pmu_0/libsrc/uartps_v3_11/src

TRACE::2026-07-31.15:24:30::SCWBDomain::make -C psu_pmu_0/libsrc/uartps_v3_11/src -s include  "SHELL=/bin/sh" "COMPILER=mb-gcc" "ASSEMBLER=mb-as" "ARCHIVER=mb-ar" "COM
TRACE::2026-07-31.15:24:30::SCWBDomain::PILER_FLAGS=  -O2 -c -mcpu=v9.2 -mlittle-endian -mxl-barrel-shift -mxl-pattern-compare -mxl-soft-mul" "EXTRA_COMPILER_FLAGS=-g 
TRACE::2026-07-31.15:24:30::SCWBDomain::-ffunction-sections -fdata-sections -Wall -Wextra -fno-tree-loop-distribute-patterns  -Os -flto -ffat-lto-objects"

TRACE::2026-07-31.15:24:30::SCWBDomain::Running Make include in psu_pmu_0/libsrc/usbpsu_v1_12/src

TRACE::2026-07-31.15:24:30::SCWBDomain::make -C psu_pmu_0/libsrc/usbpsu_v1_12/src -s include  "SHELL=/bin/sh" "COMPILER=mb-gcc" "ASSEMBLER=mb-as" "ARCHIVER=mb-ar" "COM
TRACE::2026-07-31.15:24:30::SCWBDomain::PILER_FLAGS=  -O2 -c -mcpu=v9.2 -mlittle-endian -mxl-barrel-shift -mxl-pattern-compare -mxl-soft-mul" "EXTRA_COMPILER_FLAGS=-g 
TRACE::2026-07-31.15:24:30::SCWBDomain::-ffunction-sections -fdata-sections -Wall -Wextra -fno-tree-loop-distribute-patterns  -Os -flto -ffat-lto-objects"

TRACE::2026-07-31.15:24:30::SCWBDomain::Running Make include in psu_pmu_0/libsrc/video_common_v4_13/src

TRACE::2026-07-31.15:24:30::SCWBDomain::make -C psu_pmu_0/libsrc/video_common_v4_13/src -s include  "SHELL=/bin/sh" "COMPILER=mb-gcc" "ASSEMBLER=mb-as" "ARCHIVER=mb-ar
TRACE::2026-07-31.15:24:30::SCWBDomain::" "COMPILER_FLAGS=  -O2 -c -mcpu=v9.2 -mlittle-endian -mxl-barrel-shift -mxl-pattern-compare -mxl-soft-mul" "EXTRA_COMPILER_FLA
TRACE::2026-07-31.15:24:30::SCWBDomain::GS=-g -ffunction-sections -fdata-sections -Wall -Wextra -fno-tree-loop-distribute-patterns  -Os -flto -ffat-lto-objects"

TRACE::2026-07-31.15:24:30::SCWBDomain::Running Make include in psu_pmu_0/libsrc/wdtps_v3_5/src

TRACE::2026-07-31.15:24:30::SCWBDomain::make -C psu_pmu_0/libsrc/wdtps_v3_5/src -s include  "SHELL=/bin/sh" "COMPILER=mb-gcc" "ASSEMBLER=mb-as" "ARCHIVER=mb-ar" "COMPI
TRACE::2026-07-31.15:24:30::SCWBDomain::LER_FLAGS=  -O2 -c -mcpu=v9.2 -mlittle-endian -mxl-barrel-shift -mxl-pattern-compare -mxl-soft-mul" "EXTRA_COMPILER_FLAGS=-g -f
TRACE::2026-07-31.15:24:30::SCWBDomain::function-sections -fdata-sections -Wall -Wextra -fno-tree-loop-distribute-patterns  -Os -flto -ffat-lto-objects"

TRACE::2026-07-31.15:24:30::SCWBDomain::Running Make include in psu_pmu_0/libsrc/xilfpga_v6_3/src

TRACE::2026-07-31.15:24:30::SCWBDomain::make -C psu_pmu_0/libsrc/xilfpga_v6_3/src -s include  "SHELL=/bin/sh" "COMPILER=mb-gcc" "ASSEMBLER=mb-as" "ARCHIVER=mb-ar" "COM
TRACE::2026-07-31.15:24:30::SCWBDomain::PILER_FLAGS=  -O2 -c -mcpu=v9.2 -mlittle-endian -mxl-barrel-shift -mxl-pattern-compare -mxl-soft-mul" "EXTRA_COMPILER_FLAGS=-g 
TRACE::2026-07-31.15:24:30::SCWBDomain::-ffunction-sections -fdata-sections -Wall -Wextra -fno-tree-loop-distribute-patterns  -Os -flto -ffat-lto-objects"

TRACE::2026-07-31.15:24:30::SCWBDomain::Running Make include in psu_pmu_0/libsrc/xilsecure_v5_0/src

TRACE::2026-07-31.15:24:30::SCWBDomain::make -C psu_pmu_0/libsrc/xilsecure_v5_0/src -s include  "SHELL=/bin/sh" "COMPILER=mb-gcc" "ASSEMBLER=mb-as" "ARCHIVER=mb-ar" "C
TRACE::2026-07-31.15:24:30::SCWBDomain::OMPILER_FLAGS=  -O2 -c -mcpu=v9.2 -mlittle-endian -mxl-barrel-shift -mxl-pattern-compare -mxl-soft-mul" "EXTRA_COMPILER_FLAGS=-
TRACE::2026-07-31.15:24:30::SCWBDomain::g -ffunction-sections -fdata-sections -Wall -Wextra -fno-tree-loop-distribute-patterns  -Os -flto -ffat-lto-objects"

TRACE::2026-07-31.15:24:30::SCWBDomain::Running Make include in psu_pmu_0/libsrc/xilskey_v7_3/src

TRACE::2026-07-31.15:24:30::SCWBDomain::make -C psu_pmu_0/libsrc/xilskey_v7_3/src -s include  "SHELL=/bin/sh" "COMPILER=mb-gcc" "ASSEMBLER=mb-as" "ARCHIVER=mb-ar" "COM
TRACE::2026-07-31.15:24:30::SCWBDomain::PILER_FLAGS=  -O2 -c -mcpu=v9.2 -mlittle-endian -mxl-barrel-shift -mxl-pattern-compare -mxl-soft-mul" "EXTRA_COMPILER_FLAGS=-g 
TRACE::2026-07-31.15:24:30::SCWBDomain::-ffunction-sections -fdata-sections -Wall -Wextra -fno-tree-loop-distribute-patterns  -Os -flto -ffat-lto-objects"

TRACE::2026-07-31.15:24:30::SCWBDomain::Running Make include in psu_pmu_0/libsrc/zdma_v1_15/src

TRACE::2026-07-31.15:24:30::SCWBDomain::make -C psu_pmu_0/libsrc/zdma_v1_15/src -s include  "SHELL=/bin/sh" "COMPILER=mb-gcc" "ASSEMBLER=mb-as" "ARCHIVER=mb-ar" "COMPI
TRACE::2026-07-31.15:24:30::SCWBDomain::LER_FLAGS=  -O2 -c -mcpu=v9.2 -mlittle-endian -mxl-barrel-shift -mxl-pattern-compare -mxl-soft-mul" "EXTRA_COMPILER_FLAGS=-g -f
TRACE::2026-07-31.15:24:30::SCWBDomain::function-sections -fdata-sections -Wall -Wextra -fno-tree-loop-distribute-patterns  -Os -flto -ffat-lto-objects"

TRACE::2026-07-31.15:24:30::SCWBDomain::Running Make libs in psu_pmu_0/libsrc/dppsu_v1_6/src

TRACE::2026-07-31.15:24:30::SCWBDomain::make -C psu_pmu_0/libsrc/dppsu_v1_6/src -s libs  "SHELL=/bin/sh" "COMPILER=mb-gcc" "ASSEMBLER=mb-as" "ARCHIVER=mb-ar" "COMPILER
TRACE::2026-07-31.15:24:30::SCWBDomain::_FLAGS=  -O2 -c -mcpu=v9.2 -mlittle-endian -mxl-barrel-shift -mxl-pattern-compare -mxl-soft-mul" "EXTRA_COMPILER_FLAGS=-g -ffun
TRACE::2026-07-31.15:24:30::SCWBDomain::ction-sections -fdata-sections -Wall -Wextra -fno-tree-loop-distribute-patterns  -Os -flto -ffat-lto-objects"

TRACE::2026-07-31.15:24:30::SCWBDomain::Compiling dppsu

TRACE::2026-07-31.15:24:31::SCWBDomain::Running Make libs in psu_pmu_0/libsrc/dpdma_v1_4/src

TRACE::2026-07-31.15:24:31::SCWBDomain::make -C psu_pmu_0/libsrc/dpdma_v1_4/src -s libs  "SHELL=/bin/sh" "COMPILER=mb-gcc" "ASSEMBLER=mb-as" "ARCHIVER=mb-ar" "COMPILER
TRACE::2026-07-31.15:24:31::SCWBDomain::_FLAGS=  -O2 -c -mcpu=v9.2 -mlittle-endian -mxl-barrel-shift -mxl-pattern-compare -mxl-soft-mul" "EXTRA_COMPILER_FLAGS=-g -ffun
TRACE::2026-07-31.15:24:31::SCWBDomain::ction-sections -fdata-sections -Wall -Wextra -fno-tree-loop-distribute-patterns  -Os -flto -ffat-lto-objects"

TRACE::2026-07-31.15:24:31::SCWBDomain::Compiling dpdma

TRACE::2026-07-31.15:24:31::SCWBDomain::Running Make libs in psu_pmu_0/libsrc/avbuf_v2_5/src

TRACE::2026-07-31.15:24:31::SCWBDomain::make -C psu_pmu_0/libsrc/avbuf_v2_5/src -s libs  "SHELL=/bin/sh" "COMPILER=mb-gcc" "ASSEMBLER=mb-as" "ARCHIVER=mb-ar" "COMPILER
TRACE::2026-07-31.15:24:31::SCWBDomain::_FLAGS=  -O2 -c -mcpu=v9.2 -mlittle-endian -mxl-barrel-shift -mxl-pattern-compare -mxl-soft-mul" "EXTRA_COMPILER_FLAGS=-g -ffun
TRACE::2026-07-31.15:24:31::SCWBDomain::ction-sections -fdata-sections -Wall -Wextra -fno-tree-loop-distribute-patterns  -Os -flto -ffat-lto-objects"

TRACE::2026-07-31.15:24:31::SCWBDomain::Compiling avbuf

TRACE::2026-07-31.15:24:31::SCWBDomain::Running Make libs in psu_pmu_0/libsrc/xilsecure_v5_0/src

TRACE::2026-07-31.15:24:31::SCWBDomain::make -C psu_pmu_0/libsrc/xilsecure_v5_0/src -s libs  "SHELL=/bin/sh" "COMPILER=mb-gcc" "ASSEMBLER=mb-as" "ARCHIVER=mb-ar" "COMP
TRACE::2026-07-31.15:24:31::SCWBDomain::ILER_FLAGS=  -O2 -c -mcpu=v9.2 -mlittle-endian -mxl-barrel-shift -mxl-pattern-compare -mxl-soft-mul" "EXTRA_COMPILER_FLAGS=-g -
TRACE::2026-07-31.15:24:31::SCWBDomain::ffunction-sections -fdata-sections -Wall -Wextra -fno-tree-loop-distribute-patterns  -Os -flto -ffat-lto-objects"

TRACE::2026-07-31.15:24:31::SCWBDomain::Compiling XilSecure Library

TRACE::2026-07-31.15:24:32::SCWBDomain::Running Make libs in psu_pmu_0/libsrc/xilskey_v7_3/src

TRACE::2026-07-31.15:24:32::SCWBDomain::make -C psu_pmu_0/libsrc/xilskey_v7_3/src -s libs  "SHELL=/bin/sh" "COMPILER=mb-gcc" "ASSEMBLER=mb-as" "ARCHIVER=mb-ar" "COMPIL
TRACE::2026-07-31.15:24:32::SCWBDomain::ER_FLAGS=  -O2 -c -mcpu=v9.2 -mlittle-endian -mxl-barrel-shift -mxl-pattern-compare -mxl-soft-mul" "EXTRA_COMPILER_FLAGS=-g -ff
TRACE::2026-07-31.15:24:32::SCWBDomain::unction-sections -fdata-sections -Wall -Wextra -fno-tree-loop-distribute-patterns  -Os -flto -ffat-lto-objects"

TRACE::2026-07-31.15:24:32::SCWBDomain::Compiling Xilskey Library

TRACE::2026-07-31.15:24:33::SCWBDomain::Running Make libs in psu_pmu_0/libsrc/axis_passthrough_v1_0/src

TRACE::2026-07-31.15:24:33::SCWBDomain::make -C psu_pmu_0/libsrc/axis_passthrough_v1_0/src -s libs  "SHELL=/bin/sh" "COMPILER=mb-gcc" "ASSEMBLER=mb-as" "ARCHIVER=mb-ar
TRACE::2026-07-31.15:24:33::SCWBDomain::" "COMPILER_FLAGS=  -O2 -c -mcpu=v9.2 -mlittle-endian -mxl-barrel-shift -mxl-pattern-compare -mxl-soft-mul" "EXTRA_COMPILER_FLA
TRACE::2026-07-31.15:24:33::SCWBDomain::GS=-g -ffunction-sections -fdata-sections -Wall -Wextra -fno-tree-loop-distribute-patterns  -Os -flto -ffat-lto-objects"

TRACE::2026-07-31.15:24:33::SCWBDomain::Building axis_passthrough

TRACE::2026-07-31.15:24:33::SCWBDomain::Finished building libraries sequentially.

TRACE::2026-07-31.15:24:33::SCWBDomain::make -j 14 --no-print-directory par_libs

TRACE::2026-07-31.15:24:33::SCWBDomain::Running Make include in psu_pmu_0/libsrc/avbuf_v2_5/src

TRACE::2026-07-31.15:24:33::SCWBDomain::make -C psu_pmu_0/libsrc/avbuf_v2_5/src -s include  "SHELL=/bin/sh" "COMPILER=mb-gcc" "ASSEMBLER=mb-as" "ARCHIVER=mb-ar" "COMPI
TRACE::2026-07-31.15:24:33::SCWBDomain::LER_FLAGS=  -O2 -c -mcpu=v9.2 -mlittle-endian -mxl-barrel-shift -mxl-pattern-compare -mxl-soft-mul" "EXTRA_COMPILER_FLAGS=-g -f
TRACE::2026-07-31.15:24:33::SCWBDomain::function-sections -fdata-sections -Wall -Wextra -fno-tree-loop-distribute-patterns  -Os -flto -ffat-lto-objects"

TRACE::2026-07-31.15:24:33::SCWBDomain::Running Make include in psu_pmu_0/libsrc/axidma_v9_15/src

TRACE::2026-07-31.15:24:33::SCWBDomain::Running Make include in psu_pmu_0/libsrc/axipmon_v6_9/src

TRACE::2026-07-31.15:24:33::SCWBDomain::Running Make include in psu_pmu_0/libsrc/axis_passthrough_v1_0/src

TRACE::2026-07-31.15:24:33::SCWBDomain::Running Make include in psu_pmu_0/libsrc/clockps_v1_4/src

TRACE::2026-07-31.15:24:33::SCWBDomain::make -C psu_pmu_0/libsrc/axidma_v9_15/src -s include  "SHELL=/bin/sh" "COMPILER=mb-gcc" "ASSEMBLER=mb-as" "ARCHIVER=mb-ar" "COM
TRACE::2026-07-31.15:24:33::SCWBDomain::PILER_FLAGS=  -O2 -c -mcpu=v9.2 -mlittle-endian -mxl-barrel-shift -mxl-pattern-compare -mxl-soft-mul" "EXTRA_COMPILER_FLAGS=-g 
TRACE::2026-07-31.15:24:33::SCWBDomain::-ffunction-sections -fdata-sections -Wall -Wextra -fno-tree-loop-distribute-patterns  -Os -flto -ffat-lto-objects"

TRACE::2026-07-31.15:24:33::SCWBDomain::Running Make include in psu_pmu_0/libsrc/cpu_v2_16/src

TRACE::2026-07-31.15:24:33::SCWBDomain::make -C psu_pmu_0/libsrc/axipmon_v6_9/src -s include  "SHELL=/bin/sh" "COMPILER=mb-gcc" "ASSEMBLER=mb-as" "ARCHIVER=mb-ar" "COM
TRACE::2026-07-31.15:24:33::SCWBDomain::PILER_FLAGS=  -O2 -c -mcpu=v9.2 -mlittle-endian -mxl-barrel-shift -mxl-pattern-compare -mxl-soft-mul" "EXTRA_COMPILER_FLAGS=-g 
TRACE::2026-07-31.15:24:33::SCWBDomain::-ffunction-sections -fdata-sections -Wall -Wextra -fno-tree-loop-distribute-patterns  -Os -flto -ffat-lto-objects"

TRACE::2026-07-31.15:24:33::SCWBDomain::make -C psu_pmu_0/libsrc/axis_passthrough_v1_0/src -s include  "SHELL=/bin/sh" "COMPILER=mb-gcc" "ASSEMBLER=mb-as" "ARCHIVER=mb
TRACE::2026-07-31.15:24:33::SCWBDomain::-ar" "COMPILER_FLAGS=  -O2 -c -mcpu=v9.2 -mlittle-endian -mxl-barrel-shift -mxl-pattern-compare -mxl-soft-mul" "EXTRA_COMPILER_
TRACE::2026-07-31.15:24:33::SCWBDomain::FLAGS=-g -ffunction-sections -fdata-sections -Wall -Wextra -fno-tree-loop-distribute-patterns  -Os -flto -ffat-lto-objects"

TRACE::2026-07-31.15:24:33::SCWBDomain::Running Make include in psu_pmu_0/libsrc/csudma_v1_12/src

TRACE::2026-07-31.15:24:33::SCWBDomain::make -C psu_pmu_0/libsrc/clockps_v1_4/src -s include  "SHELL=/bin/sh" "COMPILER=mb-gcc" "ASSEMBLER=mb-as" "ARCHIVER=mb-ar" "COM
TRACE::2026-07-31.15:24:33::SCWBDomain::PILER_FLAGS=  -O2 -c -mcpu=v9.2 -mlittle-endian -mxl-barrel-shift -mxl-pattern-compare -mxl-soft-mul" "EXTRA_COMPILER_FLAGS=-g 
TRACE::2026-07-31.15:24:33::SCWBDomain::-ffunction-sections -fdata-sections -Wall -Wextra -fno-tree-loop-distribute-patterns  -Os -flto -ffat-lto-objects"

TRACE::2026-07-31.15:24:33::SCWBDomain::make -C psu_pmu_0/libsrc/cpu_v2_16/src -s include  "SHELL=/bin/sh" "COMPILER=mb-gcc" "ASSEMBLER=mb-as" "ARCHIVER=mb-ar" "COMPIL
TRACE::2026-07-31.15:24:33::SCWBDomain::ER_FLAGS=  -O2 -c -mcpu=v9.2 -mlittle-endian -mxl-barrel-shift -mxl-pattern-compare -mxl-soft-mul" "EXTRA_COMPILER_FLAGS=-g -ff
TRACE::2026-07-31.15:24:33::SCWBDomain::unction-sections -fdata-sections -Wall -Wextra -fno-tree-loop-distribute-patterns  -Os -flto -ffat-lto-objects"

TRACE::2026-07-31.15:24:33::SCWBDomain::make -C psu_pmu_0/libsrc/csudma_v1_12/src -s include  "SHELL=/bin/sh" "COMPILER=mb-gcc" "ASSEMBLER=mb-as" "ARCHIVER=mb-ar" "COM
TRACE::2026-07-31.15:24:33::SCWBDomain::PILER_FLAGS=  -O2 -c -mcpu=v9.2 -mlittle-endian -mxl-barrel-shift -mxl-pattern-compare -mxl-soft-mul" "EXTRA_COMPILER_FLAGS=-g 
TRACE::2026-07-31.15:24:33::SCWBDomain::-ffunction-sections -fdata-sections -Wall -Wextra -fno-tree-loop-distribute-patterns  -Os -flto -ffat-lto-objects"

TRACE::2026-07-31.15:24:33::SCWBDomain::Running Make include in psu_pmu_0/libsrc/ddrcpsu_v1_4/src

TRACE::2026-07-31.15:24:33::SCWBDomain::make -C psu_pmu_0/libsrc/ddrcpsu_v1_4/src -s include  "SHELL=/bin/sh" "COMPILER=mb-gcc" "ASSEMBLER=mb-as" "ARCHIVER=mb-ar" "COM
TRACE::2026-07-31.15:24:33::SCWBDomain::PILER_FLAGS=  -O2 -c -mcpu=v9.2 -mlittle-endian -mxl-barrel-shift -mxl-pattern-compare -mxl-soft-mul" "EXTRA_COMPILER_FLAGS=-g 
TRACE::2026-07-31.15:24:33::SCWBDomain::-ffunction-sections -fdata-sections -Wall -Wextra -fno-tree-loop-distribute-patterns  -Os -flto -ffat-lto-objects"

TRACE::2026-07-31.15:24:33::SCWBDomain::Running Make include in psu_pmu_0/libsrc/dpdma_v1_4/src

TRACE::2026-07-31.15:24:33::SCWBDomain::Running Make include in psu_pmu_0/libsrc/dppsu_v1_6/src

TRACE::2026-07-31.15:24:33::SCWBDomain::make -C psu_pmu_0/libsrc/dpdma_v1_4/src -s include  "SHELL=/bin/sh" "COMPILER=mb-gcc" "ASSEMBLER=mb-as" "ARCHIVER=mb-ar" "COMPI
TRACE::2026-07-31.15:24:33::SCWBDomain::LER_FLAGS=  -O2 -c -mcpu=v9.2 -mlittle-endian -mxl-barrel-shift -mxl-pattern-compare -mxl-soft-mul" "EXTRA_COMPILER_FLAGS=-g -f
TRACE::2026-07-31.15:24:33::SCWBDomain::function-sections -fdata-sections -Wall -Wextra -fno-tree-loop-distribute-patterns  -Os -flto -ffat-lto-objects"

TRACE::2026-07-31.15:24:33::SCWBDomain::Running Make include in psu_pmu_0/libsrc/emacps_v3_17/src

TRACE::2026-07-31.15:24:33::SCWBDomain::make -C psu_pmu_0/libsrc/dppsu_v1_6/src -s include  "SHELL=/bin/sh" "COMPILER=mb-gcc" "ASSEMBLER=mb-as" "ARCHIVER=mb-ar" "COMPI
TRACE::2026-07-31.15:24:33::SCWBDomain::LER_FLAGS=  -O2 -c -mcpu=v9.2 -mlittle-endian -mxl-barrel-shift -mxl-pattern-compare -mxl-soft-mul" "EXTRA_COMPILER_FLAGS=-g -f
TRACE::2026-07-31.15:24:33::SCWBDomain::function-sections -fdata-sections -Wall -Wextra -fno-tree-loop-distribute-patterns  -Os -flto -ffat-lto-objects"

TRACE::2026-07-31.15:24:33::SCWBDomain::Running Make include in psu_pmu_0/libsrc/gpiops_v3_10/src

TRACE::2026-07-31.15:24:33::SCWBDomain::make -C psu_pmu_0/libsrc/emacps_v3_17/src -s include  "SHELL=/bin/sh" "COMPILER=mb-gcc" "ASSEMBLER=mb-as" "ARCHIVER=mb-ar" "COM
TRACE::2026-07-31.15:24:33::SCWBDomain::PILER_FLAGS=  -O2 -c -mcpu=v9.2 -mlittle-endian -mxl-barrel-shift -mxl-pattern-compare -mxl-soft-mul" "EXTRA_COMPILER_FLAGS=-g 
TRACE::2026-07-31.15:24:33::SCWBDomain::-ffunction-sections -fdata-sections -Wall -Wextra -fno-tree-loop-distribute-patterns  -Os -flto -ffat-lto-objects"

TRACE::2026-07-31.15:24:33::SCWBDomain::make -C psu_pmu_0/libsrc/gpiops_v3_10/src -s include  "SHELL=/bin/sh" "COMPILER=mb-gcc" "ASSEMBLER=mb-as" "ARCHIVER=mb-ar" "COM
TRACE::2026-07-31.15:24:33::SCWBDomain::PILER_FLAGS=  -O2 -c -mcpu=v9.2 -mlittle-endian -mxl-barrel-shift -mxl-pattern-compare -mxl-soft-mul" "EXTRA_COMPILER_FLAGS=-g 
TRACE::2026-07-31.15:24:33::SCWBDomain::-ffunction-sections -fdata-sections -Wall -Wextra -fno-tree-loop-distribute-patterns  -Os -flto -ffat-lto-objects"

TRACE::2026-07-31.15:24:33::SCWBDomain::Running Make include in psu_pmu_0/libsrc/iicps_v3_16/src

TRACE::2026-07-31.15:24:33::SCWBDomain::make -C psu_pmu_0/libsrc/iicps_v3_16/src -s include  "SHELL=/bin/sh" "COMPILER=mb-gcc" "ASSEMBLER=mb-as" "ARCHIVER=mb-ar" "COMP
TRACE::2026-07-31.15:24:33::SCWBDomain::ILER_FLAGS=  -O2 -c -mcpu=v9.2 -mlittle-endian -mxl-barrel-shift -mxl-pattern-compare -mxl-soft-mul" "EXTRA_COMPILER_FLAGS=-g -
TRACE::2026-07-31.15:24:33::SCWBDomain::ffunction-sections -fdata-sections -Wall -Wextra -fno-tree-loop-distribute-patterns  -Os -flto -ffat-lto-objects"

TRACE::2026-07-31.15:24:33::SCWBDomain::Running Make include in psu_pmu_0/libsrc/ipipsu_v2_12/src

TRACE::2026-07-31.15:24:33::SCWBDomain::make -C psu_pmu_0/libsrc/ipipsu_v2_12/src -s include  "SHELL=/bin/sh" "COMPILER=mb-gcc" "ASSEMBLER=mb-as" "ARCHIVER=mb-ar" "COM
TRACE::2026-07-31.15:24:33::SCWBDomain::PILER_FLAGS=  -O2 -c -mcpu=v9.2 -mlittle-endian -mxl-barrel-shift -mxl-pattern-compare -mxl-soft-mul" "EXTRA_COMPILER_FLAGS=-g 
TRACE::2026-07-31.15:24:33::SCWBDomain::-ffunction-sections -fdata-sections -Wall -Wextra -fno-tree-loop-distribute-patterns  -Os -flto -ffat-lto-objects"

TRACE::2026-07-31.15:24:33::SCWBDomain::Running Make include in psu_pmu_0/libsrc/qspipsu_v1_16/src

TRACE::2026-07-31.15:24:33::SCWBDomain::make -C psu_pmu_0/libsrc/qspipsu_v1_16/src -s include  "SHELL=/bin/sh" "COMPILER=mb-gcc" "ASSEMBLER=mb-as" "ARCHIVER=mb-ar" "CO
TRACE::2026-07-31.15:24:33::SCWBDomain::MPILER_FLAGS=  -O2 -c -mcpu=v9.2 -mlittle-endian -mxl-barrel-shift -mxl-pattern-compare -mxl-soft-mul" "EXTRA_COMPILER_FLAGS=-g
TRACE::2026-07-31.15:24:33::SCWBDomain:: -ffunction-sections -fdata-sections -Wall -Wextra -fno-tree-loop-distribute-patterns  -Os -flto -ffat-lto-objects"

TRACE::2026-07-31.15:24:33::SCWBDomain::Running Make include in psu_pmu_0/libsrc/resetps_v1_5/src

TRACE::2026-07-31.15:24:33::SCWBDomain::make -C psu_pmu_0/libsrc/resetps_v1_5/src -s include  "SHELL=/bin/sh" "COMPILER=mb-gcc" "ASSEMBLER=mb-as" "ARCHIVER=mb-ar" "COM
TRACE::2026-07-31.15:24:33::SCWBDomain::PILER_FLAGS=  -O2 -c -mcpu=v9.2 -mlittle-endian -mxl-barrel-shift -mxl-pattern-compare -mxl-soft-mul" "EXTRA_COMPILER_FLAGS=-g 
TRACE::2026-07-31.15:24:33::SCWBDomain::-ffunction-sections -fdata-sections -Wall -Wextra -fno-tree-loop-distribute-patterns  -Os -flto -ffat-lto-objects"

TRACE::2026-07-31.15:24:33::SCWBDomain::Running Make include in psu_pmu_0/libsrc/rtcpsu_v1_12/src

TRACE::2026-07-31.15:24:33::SCWBDomain::make -C psu_pmu_0/libsrc/rtcpsu_v1_12/src -s include  "SHELL=/bin/sh" "COMPILER=mb-gcc" "ASSEMBLER=mb-as" "ARCHIVER=mb-ar" "COM
TRACE::2026-07-31.15:24:33::SCWBDomain::PILER_FLAGS=  -O2 -c -mcpu=v9.2 -mlittle-endian -mxl-barrel-shift -mxl-pattern-compare -mxl-soft-mul" "EXTRA_COMPILER_FLAGS=-g 
TRACE::2026-07-31.15:24:33::SCWBDomain::-ffunction-sections -fdata-sections -Wall -Wextra -fno-tree-loop-distribute-patterns  -Os -flto -ffat-lto-objects"

TRACE::2026-07-31.15:24:33::SCWBDomain::Running Make include in psu_pmu_0/libsrc/sdps_v4_0/src

TRACE::2026-07-31.15:24:33::SCWBDomain::make -C psu_pmu_0/libsrc/sdps_v4_0/src -s include  "SHELL=/bin/sh" "COMPILER=mb-gcc" "ASSEMBLER=mb-as" "ARCHIVER=mb-ar" "COMPIL
TRACE::2026-07-31.15:24:33::SCWBDomain::ER_FLAGS=  -O2 -c -mcpu=v9.2 -mlittle-endian -mxl-barrel-shift -mxl-pattern-compare -mxl-soft-mul" "EXTRA_COMPILER_FLAGS=-g -ff
TRACE::2026-07-31.15:24:33::SCWBDomain::unction-sections -fdata-sections -Wall -Wextra -fno-tree-loop-distribute-patterns  -Os -flto -ffat-lto-objects"

TRACE::2026-07-31.15:24:33::SCWBDomain::Running Make include in psu_pmu_0/libsrc/spips_v3_8/src

TRACE::2026-07-31.15:24:33::SCWBDomain::make -C psu_pmu_0/libsrc/spips_v3_8/src -s include  "SHELL=/bin/sh" "COMPILER=mb-gcc" "ASSEMBLER=mb-as" "ARCHIVER=mb-ar" "COMPI
TRACE::2026-07-31.15:24:33::SCWBDomain::LER_FLAGS=  -O2 -c -mcpu=v9.2 -mlittle-endian -mxl-barrel-shift -mxl-pattern-compare -mxl-soft-mul" "EXTRA_COMPILER_FLAGS=-g -f
TRACE::2026-07-31.15:24:33::SCWBDomain::function-sections -fdata-sections -Wall -Wextra -fno-tree-loop-distribute-patterns  -Os -flto -ffat-lto-objects"

TRACE::2026-07-31.15:24:33::SCWBDomain::Running Make include in psu_pmu_0/libsrc/standalone_v8_0/src

TRACE::2026-07-31.15:24:33::SCWBDomain::make -C psu_pmu_0/libsrc/standalone_v8_0/src -s include  "SHELL=/bin/sh" "COMPILER=mb-gcc" "ASSEMBLER=mb-as" "ARCHIVER=mb-ar" "
TRACE::2026-07-31.15:24:33::SCWBDomain::COMPILER_FLAGS=  -O2 -c -mcpu=v9.2 -mlittle-endian -mxl-barrel-shift -mxl-pattern-compare -mxl-soft-mul" "EXTRA_COMPILER_FLAGS=
TRACE::2026-07-31.15:24:33::SCWBDomain::-g -ffunction-sections -fdata-sections -Wall -Wextra -fno-tree-loop-distribute-patterns  -Os -flto -ffat-lto-objects"

TRACE::2026-07-31.15:24:33::SCWBDomain::Running Make include in psu_pmu_0/libsrc/sysmonpsu_v2_8/src

TRACE::2026-07-31.15:24:33::SCWBDomain::make -C psu_pmu_0/libsrc/sysmonpsu_v2_8/src -s include  "SHELL=/bin/sh" "COMPILER=mb-gcc" "ASSEMBLER=mb-as" "ARCHIVER=mb-ar" "C
TRACE::2026-07-31.15:24:33::SCWBDomain::OMPILER_FLAGS=  -O2 -c -mcpu=v9.2 -mlittle-endian -mxl-barrel-shift -mxl-pattern-compare -mxl-soft-mul" "EXTRA_COMPILER_FLAGS=-
TRACE::2026-07-31.15:24:33::SCWBDomain::g -ffunction-sections -fdata-sections -Wall -Wextra -fno-tree-loop-distribute-patterns  -Os -flto -ffat-lto-objects"

TRACE::2026-07-31.15:24:33::SCWBDomain::Running Make include in psu_pmu_0/libsrc/ttcps_v3_16/src

TRACE::2026-07-31.15:24:33::SCWBDomain::make -C psu_pmu_0/libsrc/ttcps_v3_16/src -s include  "SHELL=/bin/sh" "COMPILER=mb-gcc" "ASSEMBLER=mb-as" "ARCHIVER=mb-ar" "COMP
TRACE::2026-07-31.15:24:33::SCWBDomain::ILER_FLAGS=  -O2 -c -mcpu=v9.2 -mlittle-endian -mxl-barrel-shift -mxl-pattern-compare -mxl-soft-mul" "EXTRA_COMPILER_FLAGS=-g -
TRACE::2026-07-31.15:24:33::SCWBDomain::ffunction-sections -fdata-sections -Wall -Wextra -fno-tree-loop-distribute-patterns  -Os -flto -ffat-lto-objects"

TRACE::2026-07-31.15:24:33::SCWBDomain::Running Make include in psu_pmu_0/libsrc/uartps_v3_11/src

TRACE::2026-07-31.15:24:33::SCWBDomain::make -C psu_pmu_0/libsrc/uartps_v3_11/src -s include  "SHELL=/bin/sh" "COMPILER=mb-gcc" "ASSEMBLER=mb-as" "ARCHIVER=mb-ar" "COM
TRACE::2026-07-31.15:24:33::SCWBDomain::PILER_FLAGS=  -O2 -c -mcpu=v9.2 -mlittle-endian -mxl-barrel-shift -mxl-pattern-compare -mxl-soft-mul" "EXTRA_COMPILER_FLAGS=-g 
TRACE::2026-07-31.15:24:33::SCWBDomain::-ffunction-sections -fdata-sections -Wall -Wextra -fno-tree-loop-distribute-patterns  -Os -flto -ffat-lto-objects"

TRACE::2026-07-31.15:24:33::SCWBDomain::Running Make include in psu_pmu_0/libsrc/usbpsu_v1_12/src

TRACE::2026-07-31.15:24:33::SCWBDomain::make -C psu_pmu_0/libsrc/usbpsu_v1_12/src -s include  "SHELL=/bin/sh" "COMPILER=mb-gcc" "ASSEMBLER=mb-as" "ARCHIVER=mb-ar" "COM
TRACE::2026-07-31.15:24:33::SCWBDomain::PILER_FLAGS=  -O2 -c -mcpu=v9.2 -mlittle-endian -mxl-barrel-shift -mxl-pattern-compare -mxl-soft-mul" "EXTRA_COMPILER_FLAGS=-g 
TRACE::2026-07-31.15:24:33::SCWBDomain::-ffunction-sections -fdata-sections -Wall -Wextra -fno-tree-loop-distribute-patterns  -Os -flto -ffat-lto-objects"

TRACE::2026-07-31.15:24:33::SCWBDomain::Running Make include in psu_pmu_0/libsrc/video_common_v4_13/src

TRACE::2026-07-31.15:24:33::SCWBDomain::make -C psu_pmu_0/libsrc/video_common_v4_13/src -s include  "SHELL=/bin/sh" "COMPILER=mb-gcc" "ASSEMBLER=mb-as" "ARCHIVER=mb-ar
TRACE::2026-07-31.15:24:33::SCWBDomain::" "COMPILER_FLAGS=  -O2 -c -mcpu=v9.2 -mlittle-endian -mxl-barrel-shift -mxl-pattern-compare -mxl-soft-mul" "EXTRA_COMPILER_FLA
TRACE::2026-07-31.15:24:33::SCWBDomain::GS=-g -ffunction-sections -fdata-sections -Wall -Wextra -fno-tree-loop-distribute-patterns  -Os -flto -ffat-lto-objects"

TRACE::2026-07-31.15:24:33::SCWBDomain::Running Make include in psu_pmu_0/libsrc/wdtps_v3_5/src

TRACE::2026-07-31.15:24:33::SCWBDomain::make -C psu_pmu_0/libsrc/wdtps_v3_5/src -s include  "SHELL=/bin/sh" "COMPILER=mb-gcc" "ASSEMBLER=mb-as" "ARCHIVER=mb-ar" "COMPI
TRACE::2026-07-31.15:24:33::SCWBDomain::LER_FLAGS=  -O2 -c -mcpu=v9.2 -mlittle-endian -mxl-barrel-shift -mxl-pattern-compare -mxl-soft-mul" "EXTRA_COMPILER_FLAGS=-g -f
TRACE::2026-07-31.15:24:33::SCWBDomain::function-sections -fdata-sections -Wall -Wextra -fno-tree-loop-distribute-patterns  -Os -flto -ffat-lto-objects"

TRACE::2026-07-31.15:24:33::SCWBDomain::Running Make include in psu_pmu_0/libsrc/xilfpga_v6_3/src

TRACE::2026-07-31.15:24:33::SCWBDomain::Running Make include in psu_pmu_0/libsrc/xilsecure_v5_0/src

TRACE::2026-07-31.15:24:33::SCWBDomain::make -C psu_pmu_0/libsrc/xilfpga_v6_3/src -s include  "SHELL=/bin/sh" "COMPILER=mb-gcc" "ASSEMBLER=mb-as" "ARCHIVER=mb-ar" "COM
TRACE::2026-07-31.15:24:33::SCWBDomain::PILER_FLAGS=  -O2 -c -mcpu=v9.2 -mlittle-endian -mxl-barrel-shift -mxl-pattern-compare -mxl-soft-mul" "EXTRA_COMPILER_FLAGS=-g 
TRACE::2026-07-31.15:24:33::SCWBDomain::-ffunction-sections -fdata-sections -Wall -Wextra -fno-tree-loop-distribute-patterns  -Os -flto -ffat-lto-objects"

TRACE::2026-07-31.15:24:33::SCWBDomain::make -C psu_pmu_0/libsrc/xilsecure_v5_0/src -s include  "SHELL=/bin/sh" "COMPILER=mb-gcc" "ASSEMBLER=mb-as" "ARCHIVER=mb-ar" "C
TRACE::2026-07-31.15:24:33::SCWBDomain::OMPILER_FLAGS=  -O2 -c -mcpu=v9.2 -mlittle-endian -mxl-barrel-shift -mxl-pattern-compare -mxl-soft-mul" "EXTRA_COMPILER_FLAGS=-
TRACE::2026-07-31.15:24:33::SCWBDomain::g -ffunction-sections -fdata-sections -Wall -Wextra -fno-tree-loop-distribute-patterns  -Os -flto -ffat-lto-objects"

TRACE::2026-07-31.15:24:33::SCWBDomain::Running Make include in psu_pmu_0/libsrc/xilskey_v7_3/src

TRACE::2026-07-31.15:24:33::SCWBDomain::make -C psu_pmu_0/libsrc/xilskey_v7_3/src -s include  "SHELL=/bin/sh" "COMPILER=mb-gcc" "ASSEMBLER=mb-as" "ARCHIVER=mb-ar" "COM
TRACE::2026-07-31.15:24:33::SCWBDomain::PILER_FLAGS=  -O2 -c -mcpu=v9.2 -mlittle-endian -mxl-barrel-shift -mxl-pattern-compare -mxl-soft-mul" "EXTRA_COMPILER_FLAGS=-g 
TRACE::2026-07-31.15:24:33::SCWBDomain::-ffunction-sections -fdata-sections -Wall -Wextra -fno-tree-loop-distribute-patterns  -Os -flto -ffat-lto-objects"

TRACE::2026-07-31.15:24:33::SCWBDomain::Running Make include in psu_pmu_0/libsrc/zdma_v1_15/src

TRACE::2026-07-31.15:24:33::SCWBDomain::make -C psu_pmu_0/libsrc/zdma_v1_15/src -s include  "SHELL=/bin/sh" "COMPILER=mb-gcc" "ASSEMBLER=mb-as" "ARCHIVER=mb-ar" "COMPI
TRACE::2026-07-31.15:24:33::SCWBDomain::LER_FLAGS=  -O2 -c -mcpu=v9.2 -mlittle-endian -mxl-barrel-shift -mxl-pattern-compare -mxl-soft-mul" "EXTRA_COMPILER_FLAGS=-g -f
TRACE::2026-07-31.15:24:33::SCWBDomain::function-sections -fdata-sections -Wall -Wextra -fno-tree-loop-distribute-patterns  -Os -flto -ffat-lto-objects"

TRACE::2026-07-31.15:24:33::SCWBDomain::Running Make libs in psu_pmu_0/libsrc/axidma_v9_15/src

TRACE::2026-07-31.15:24:33::SCWBDomain::make -C psu_pmu_0/libsrc/axidma_v9_15/src -s libs  "SHELL=/bin/sh" "COMPILER=mb-gcc" "ASSEMBLER=mb-as" "ARCHIVER=mb-ar" "COMPIL
TRACE::2026-07-31.15:24:33::SCWBDomain::ER_FLAGS=  -O2 -c -mcpu=v9.2 -mlittle-endian -mxl-barrel-shift -mxl-pattern-compare -mxl-soft-mul" "EXTRA_COMPILER_FLAGS=-g -ff
TRACE::2026-07-31.15:24:33::SCWBDomain::unction-sections -fdata-sections -Wall -Wextra -fno-tree-loop-distribute-patterns  -Os -flto -ffat-lto-objects"

TRACE::2026-07-31.15:24:33::SCWBDomain::Running Make libs in psu_pmu_0/libsrc/axipmon_v6_9/src

TRACE::2026-07-31.15:24:33::SCWBDomain::make -C psu_pmu_0/libsrc/axipmon_v6_9/src -s libs  "SHELL=/bin/sh" "COMPILER=mb-gcc" "ASSEMBLER=mb-as" "ARCHIVER=mb-ar" "COMPIL
TRACE::2026-07-31.15:24:33::SCWBDomain::ER_FLAGS=  -O2 -c -mcpu=v9.2 -mlittle-endian -mxl-barrel-shift -mxl-pattern-compare -mxl-soft-mul" "EXTRA_COMPILER_FLAGS=-g -ff
TRACE::2026-07-31.15:24:33::SCWBDomain::unction-sections -fdata-sections -Wall -Wextra -fno-tree-loop-distribute-patterns  -Os -flto -ffat-lto-objects"

TRACE::2026-07-31.15:24:33::SCWBDomain::Running Make libs in psu_pmu_0/libsrc/cpu_v2_16/src

TRACE::2026-07-31.15:24:33::SCWBDomain::Running Make libs in psu_pmu_0/libsrc/clockps_v1_4/src

TRACE::2026-07-31.15:24:33::SCWBDomain::make -C psu_pmu_0/libsrc/clockps_v1_4/src -s libs  "SHELL=/bin/sh" "COMPILER=mb-gcc" "ASSEMBLER=mb-as" "ARCHIVER=mb-ar" "COMPIL
TRACE::2026-07-31.15:24:33::SCWBDomain::ER_FLAGS=  -O2 -c -mcpu=v9.2 -mlittle-endian -mxl-barrel-shift -mxl-pattern-compare -mxl-soft-mul" "EXTRA_COMPILER_FLAGS=-g -ff
TRACE::2026-07-31.15:24:33::SCWBDomain::unction-sections -fdata-sections -Wall -Wextra -fno-tree-loop-distribute-patterns  -Os -flto -ffat-lto-objects"

TRACE::2026-07-31.15:24:33::SCWBDomain::make -C psu_pmu_0/libsrc/cpu_v2_16/src -s libs  "SHELL=/bin/sh" "COMPILER=mb-gcc" "ASSEMBLER=mb-as" "ARCHIVER=mb-ar" "COMPILER_
TRACE::2026-07-31.15:24:33::SCWBDomain::FLAGS=  -O2 -c -mcpu=v9.2 -mlittle-endian -mxl-barrel-shift -mxl-pattern-compare -mxl-soft-mul" "EXTRA_COMPILER_FLAGS=-g -ffunc
TRACE::2026-07-31.15:24:33::SCWBDomain::tion-sections -fdata-sections -Wall -Wextra -fno-tree-loop-distribute-patterns  -Os -flto -ffat-lto-objects"

TRACE::2026-07-31.15:24:33::SCWBDomain::Running Make libs in psu_pmu_0/libsrc/ddrcpsu_v1_4/src

TRACE::2026-07-31.15:24:33::SCWBDomain::Running Make libs in psu_pmu_0/libsrc/csudma_v1_12/src

TRACE::2026-07-31.15:24:33::SCWBDomain::make -C psu_pmu_0/libsrc/ddrcpsu_v1_4/src -s libs  "SHELL=/bin/sh" "COMPILER=mb-gcc" "ASSEMBLER=mb-as" "ARCHIVER=mb-ar" "COMPIL
TRACE::2026-07-31.15:24:33::SCWBDomain::ER_FLAGS=  -O2 -c -mcpu=v9.2 -mlittle-endian -mxl-barrel-shift -mxl-pattern-compare -mxl-soft-mul" "EXTRA_COMPILER_FLAGS=-g -ff
TRACE::2026-07-31.15:24:33::SCWBDomain::unction-sections -fdata-sections -Wall -Wextra -fno-tree-loop-distribute-patterns  -Os -flto -ffat-lto-objects"

TRACE::2026-07-31.15:24:33::SCWBDomain::Running Make libs in psu_pmu_0/libsrc/emacps_v3_17/src

TRACE::2026-07-31.15:24:33::SCWBDomain::make -C psu_pmu_0/libsrc/csudma_v1_12/src -s libs  "SHELL=/bin/sh" "COMPILER=mb-gcc" "ASSEMBLER=mb-as" "ARCHIVER=mb-ar" "COMPIL
TRACE::2026-07-31.15:24:33::SCWBDomain::ER_FLAGS=  -O2 -c -mcpu=v9.2 -mlittle-endian -mxl-barrel-shift -mxl-pattern-compare -mxl-soft-mul" "EXTRA_COMPILER_FLAGS=-g -ff
TRACE::2026-07-31.15:24:33::SCWBDomain::unction-sections -fdata-sections -Wall -Wextra -fno-tree-loop-distribute-patterns  -Os -flto -ffat-lto-objects"

TRACE::2026-07-31.15:24:33::SCWBDomain::make -C psu_pmu_0/libsrc/emacps_v3_17/src -s libs  "SHELL=/bin/sh" "COMPILER=mb-gcc" "ASSEMBLER=mb-as" "ARCHIVER=mb-ar" "COMPIL
TRACE::2026-07-31.15:24:33::SCWBDomain::ER_FLAGS=  -O2 -c -mcpu=v9.2 -mlittle-endian -mxl-barrel-shift -mxl-pattern-compare -mxl-soft-mul" "EXTRA_COMPILER_FLAGS=-g -ff
TRACE::2026-07-31.15:24:33::SCWBDomain::unction-sections -fdata-sections -Wall -Wextra -fno-tree-loop-distribute-patterns  -Os -flto -ffat-lto-objects"

TRACE::2026-07-31.15:24:33::SCWBDomain::Running Make libs in psu_pmu_0/libsrc/gpiops_v3_10/src

TRACE::2026-07-31.15:24:33::SCWBDomain::make -C psu_pmu_0/libsrc/gpiops_v3_10/src -s libs  "SHELL=/bin/sh" "COMPILER=mb-gcc" "ASSEMBLER=mb-as" "ARCHIVER=mb-ar" "COMPIL
TRACE::2026-07-31.15:24:33::SCWBDomain::ER_FLAGS=  -O2 -c -mcpu=v9.2 -mlittle-endian -mxl-barrel-shift -mxl-pattern-compare -mxl-soft-mul" "EXTRA_COMPILER_FLAGS=-g -ff
TRACE::2026-07-31.15:24:33::SCWBDomain::unction-sections -fdata-sections -Wall -Wextra -fno-tree-loop-distribute-patterns  -Os -flto -ffat-lto-objects"

TRACE::2026-07-31.15:24:33::SCWBDomain::Running Make libs in psu_pmu_0/libsrc/iicps_v3_16/src

TRACE::2026-07-31.15:24:33::SCWBDomain::Running Make libs in psu_pmu_0/libsrc/ipipsu_v2_12/src

TRACE::2026-07-31.15:24:33::SCWBDomain::Running Make libs in psu_pmu_0/libsrc/qspipsu_v1_16/src

TRACE::2026-07-31.15:24:33::SCWBDomain::make -C psu_pmu_0/libsrc/iicps_v3_16/src -s libs  "SHELL=/bin/sh" "COMPILER=mb-gcc" "ASSEMBLER=mb-as" "ARCHIVER=mb-ar" "COMPILE
TRACE::2026-07-31.15:24:33::SCWBDomain::R_FLAGS=  -O2 -c -mcpu=v9.2 -mlittle-endian -mxl-barrel-shift -mxl-pattern-compare -mxl-soft-mul" "EXTRA_COMPILER_FLAGS=-g -ffu
TRACE::2026-07-31.15:24:33::SCWBDomain::nction-sections -fdata-sections -Wall -Wextra -fno-tree-loop-distribute-patterns  -Os -flto -ffat-lto-objects"

TRACE::2026-07-31.15:24:33::SCWBDomain::Running Make libs in psu_pmu_0/libsrc/resetps_v1_5/src

TRACE::2026-07-31.15:24:33::SCWBDomain::make -C psu_pmu_0/libsrc/ipipsu_v2_12/src -s libs  "SHELL=/bin/sh" "COMPILER=mb-gcc" "ASSEMBLER=mb-as" "ARCHIVER=mb-ar" "COMPIL
TRACE::2026-07-31.15:24:33::SCWBDomain::ER_FLAGS=  -O2 -c -mcpu=v9.2 -mlittle-endian -mxl-barrel-shift -mxl-pattern-compare -mxl-soft-mul" "EXTRA_COMPILER_FLAGS=-g -ff
TRACE::2026-07-31.15:24:33::SCWBDomain::unction-sections -fdata-sections -Wall -Wextra -fno-tree-loop-distribute-patterns  -Os -flto -ffat-lto-objects"

TRACE::2026-07-31.15:24:33::SCWBDomain::make -C psu_pmu_0/libsrc/qspipsu_v1_16/src -s libs  "SHELL=/bin/sh" "COMPILER=mb-gcc" "ASSEMBLER=mb-as" "ARCHIVER=mb-ar" "COMPI
TRACE::2026-07-31.15:24:33::SCWBDomain::LER_FLAGS=  -O2 -c -mcpu=v9.2 -mlittle-endian -mxl-barrel-shift -mxl-pattern-compare -mxl-soft-mul" "EXTRA_COMPILER_FLAGS=-g -f
TRACE::2026-07-31.15:24:33::SCWBDomain::function-sections -fdata-sections -Wall -Wextra -fno-tree-loop-distribute-patterns  -Os -flto -ffat-lto-objects"

TRACE::2026-07-31.15:24:33::SCWBDomain::make -C psu_pmu_0/libsrc/resetps_v1_5/src -s libs  "SHELL=/bin/sh" "COMPILER=mb-gcc" "ASSEMBLER=mb-as" "ARCHIVER=mb-ar" "COMPIL
TRACE::2026-07-31.15:24:33::SCWBDomain::ER_FLAGS=  -O2 -c -mcpu=v9.2 -mlittle-endian -mxl-barrel-shift -mxl-pattern-compare -mxl-soft-mul" "EXTRA_COMPILER_FLAGS=-g -ff
TRACE::2026-07-31.15:24:33::SCWBDomain::unction-sections -fdata-sections -Wall -Wextra -fno-tree-loop-distribute-patterns  -Os -flto -ffat-lto-objects"

TRACE::2026-07-31.15:24:33::SCWBDomain::Running Make libs in psu_pmu_0/libsrc/rtcpsu_v1_12/src

TRACE::2026-07-31.15:24:33::SCWBDomain::make -C psu_pmu_0/libsrc/rtcpsu_v1_12/src -s libs  "SHELL=/bin/sh" "COMPILER=mb-gcc" "ASSEMBLER=mb-as" "ARCHIVER=mb-ar" "COMPIL
TRACE::2026-07-31.15:24:33::SCWBDomain::ER_FLAGS=  -O2 -c -mcpu=v9.2 -mlittle-endian -mxl-barrel-shift -mxl-pattern-compare -mxl-soft-mul" "EXTRA_COMPILER_FLAGS=-g -ff
TRACE::2026-07-31.15:24:33::SCWBDomain::unction-sections -fdata-sections -Wall -Wextra -fno-tree-loop-distribute-patterns  -Os -flto -ffat-lto-objects"

TRACE::2026-07-31.15:24:33::SCWBDomain::Running Make libs in psu_pmu_0/libsrc/sdps_v4_0/src

TRACE::2026-07-31.15:24:33::SCWBDomain::make -C psu_pmu_0/libsrc/sdps_v4_0/src -s libs  "SHELL=/bin/sh" "COMPILER=mb-gcc" "ASSEMBLER=mb-as" "ARCHIVER=mb-ar" "COMPILER_
TRACE::2026-07-31.15:24:33::SCWBDomain::FLAGS=  -O2 -c -mcpu=v9.2 -mlittle-endian -mxl-barrel-shift -mxl-pattern-compare -mxl-soft-mul" "EXTRA_COMPILER_FLAGS=-g -ffunc
TRACE::2026-07-31.15:24:33::SCWBDomain::tion-sections -fdata-sections -Wall -Wextra -fno-tree-loop-distribute-patterns  -Os -flto -ffat-lto-objects"

TRACE::2026-07-31.15:24:33::SCWBDomain::Running Make libs in psu_pmu_0/libsrc/spips_v3_8/src

TRACE::2026-07-31.15:24:33::SCWBDomain::make -C psu_pmu_0/libsrc/spips_v3_8/src -s libs  "SHELL=/bin/sh" "COMPILER=mb-gcc" "ASSEMBLER=mb-as" "ARCHIVER=mb-ar" "COMPILER
TRACE::2026-07-31.15:24:33::SCWBDomain::_FLAGS=  -O2 -c -mcpu=v9.2 -mlittle-endian -mxl-barrel-shift -mxl-pattern-compare -mxl-soft-mul" "EXTRA_COMPILER_FLAGS=-g -ffun
TRACE::2026-07-31.15:24:33::SCWBDomain::ction-sections -fdata-sections -Wall -Wextra -fno-tree-loop-distribute-patterns  -Os -flto -ffat-lto-objects"

TRACE::2026-07-31.15:24:33::SCWBDomain::Running Make libs in psu_pmu_0/libsrc/standalone_v8_0/src

TRACE::2026-07-31.15:24:33::SCWBDomain::make -C psu_pmu_0/libsrc/standalone_v8_0/src -s libs  "SHELL=/bin/sh" "COMPILER=mb-gcc" "ASSEMBLER=mb-as" "ARCHIVER=mb-ar" "COM
TRACE::2026-07-31.15:24:33::SCWBDomain::PILER_FLAGS=  -O2 -c -mcpu=v9.2 -mlittle-endian -mxl-barrel-shift -mxl-pattern-compare -mxl-soft-mul" "EXTRA_COMPILER_FLAGS=-g 
TRACE::2026-07-31.15:24:33::SCWBDomain::-ffunction-sections -fdata-sections -Wall -Wextra -fno-tree-loop-distribute-patterns  -Os -flto -ffat-lto-objects"

TRACE::2026-07-31.15:24:33::SCWBDomain::Running Make libs in psu_pmu_0/libsrc/sysmonpsu_v2_8/src

TRACE::2026-07-31.15:24:33::SCWBDomain::make -C psu_pmu_0/libsrc/sysmonpsu_v2_8/src -s libs  "SHELL=/bin/sh" "COMPILER=mb-gcc" "ASSEMBLER=mb-as" "ARCHIVER=mb-ar" "COMP
TRACE::2026-07-31.15:24:33::SCWBDomain::ILER_FLAGS=  -O2 -c -mcpu=v9.2 -mlittle-endian -mxl-barrel-shift -mxl-pattern-compare -mxl-soft-mul" "EXTRA_COMPILER_FLAGS=-g -
TRACE::2026-07-31.15:24:33::SCWBDomain::ffunction-sections -fdata-sections -Wall -Wextra -fno-tree-loop-distribute-patterns  -Os -flto -ffat-lto-objects"

TRACE::2026-07-31.15:24:33::SCWBDomain::Running Make libs in psu_pmu_0/libsrc/ttcps_v3_16/src

TRACE::2026-07-31.15:24:33::SCWBDomain::make -C psu_pmu_0/libsrc/ttcps_v3_16/src -s libs  "SHELL=/bin/sh" "COMPILER=mb-gcc" "ASSEMBLER=mb-as" "ARCHIVER=mb-ar" "COMPILE
TRACE::2026-07-31.15:24:33::SCWBDomain::R_FLAGS=  -O2 -c -mcpu=v9.2 -mlittle-endian -mxl-barrel-shift -mxl-pattern-compare -mxl-soft-mul" "EXTRA_COMPILER_FLAGS=-g -ffu
TRACE::2026-07-31.15:24:33::SCWBDomain::nction-sections -fdata-sections -Wall -Wextra -fno-tree-loop-distribute-patterns  -Os -flto -ffat-lto-objects"

TRACE::2026-07-31.15:24:33::SCWBDomain::Running Make libs in psu_pmu_0/libsrc/uartps_v3_11/src

TRACE::2026-07-31.15:24:33::SCWBDomain::make -C psu_pmu_0/libsrc/uartps_v3_11/src -s libs  "SHELL=/bin/sh" "COMPILER=mb-gcc" "ASSEMBLER=mb-as" "ARCHIVER=mb-ar" "COMPIL
TRACE::2026-07-31.15:24:33::SCWBDomain::ER_FLAGS=  -O2 -c -mcpu=v9.2 -mlittle-endian -mxl-barrel-shift -mxl-pattern-compare -mxl-soft-mul" "EXTRA_COMPILER_FLAGS=-g -ff
TRACE::2026-07-31.15:24:33::SCWBDomain::unction-sections -fdata-sections -Wall -Wextra -fno-tree-loop-distribute-patterns  -Os -flto -ffat-lto-objects"

TRACE::2026-07-31.15:24:34::SCWBDomain::Running Make libs in psu_pmu_0/libsrc/usbpsu_v1_12/src

TRACE::2026-07-31.15:24:34::SCWBDomain::make -C psu_pmu_0/libsrc/usbpsu_v1_12/src -s libs  "SHELL=/bin/sh" "COMPILER=mb-gcc" "ASSEMBLER=mb-as" "ARCHIVER=mb-ar" "COMPIL
TRACE::2026-07-31.15:24:34::SCWBDomain::ER_FLAGS=  -O2 -c -mcpu=v9.2 -mlittle-endian -mxl-barrel-shift -mxl-pattern-compare -mxl-soft-mul" "EXTRA_COMPILER_FLAGS=-g -ff
TRACE::2026-07-31.15:24:34::SCWBDomain::unction-sections -fdata-sections -Wall -Wextra -fno-tree-loop-distribute-patterns  -Os -flto -ffat-lto-objects"

TRACE::2026-07-31.15:24:34::SCWBDomain::Running Make libs in psu_pmu_0/libsrc/video_common_v4_13/src

TRACE::2026-07-31.15:24:34::SCWBDomain::make -C psu_pmu_0/libsrc/video_common_v4_13/src -s libs  "SHELL=/bin/sh" "COMPILER=mb-gcc" "ASSEMBLER=mb-as" "ARCHIVER=mb-ar" "
TRACE::2026-07-31.15:24:34::SCWBDomain::COMPILER_FLAGS=  -O2 -c -mcpu=v9.2 -mlittle-endian -mxl-barrel-shift -mxl-pattern-compare -mxl-soft-mul" "EXTRA_COMPILER_FLAGS=
TRACE::2026-07-31.15:24:34::SCWBDomain::-g -ffunction-sections -fdata-sections -Wall -Wextra -fno-tree-loop-distribute-patterns  -Os -flto -ffat-lto-objects"

TRACE::2026-07-31.15:24:34::SCWBDomain::Running Make libs in psu_pmu_0/libsrc/wdtps_v3_5/src

TRACE::2026-07-31.15:24:34::SCWBDomain::make -C psu_pmu_0/libsrc/wdtps_v3_5/src -s libs  "SHELL=/bin/sh" "COMPILER=mb-gcc" "ASSEMBLER=mb-as" "ARCHIVER=mb-ar" "COMPILER
TRACE::2026-07-31.15:24:34::SCWBDomain::_FLAGS=  -O2 -c -mcpu=v9.2 -mlittle-endian -mxl-barrel-shift -mxl-pattern-compare -mxl-soft-mul" "EXTRA_COMPILER_FLAGS=-g -ffun
TRACE::2026-07-31.15:24:34::SCWBDomain::ction-sections -fdata-sections -Wall -Wextra -fno-tree-loop-distribute-patterns  -Os -flto -ffat-lto-objects"

TRACE::2026-07-31.15:24:34::SCWBDomain::Running Make libs in psu_pmu_0/libsrc/xilfpga_v6_3/src

TRACE::2026-07-31.15:24:34::SCWBDomain::make -C psu_pmu_0/libsrc/xilfpga_v6_3/src -s libs  "SHELL=/bin/sh" "COMPILER=mb-gcc" "ASSEMBLER=mb-as" "ARCHIVER=mb-ar" "COMPIL
TRACE::2026-07-31.15:24:34::SCWBDomain::ER_FLAGS=  -O2 -c -mcpu=v9.2 -mlittle-endian -mxl-barrel-shift -mxl-pattern-compare -mxl-soft-mul" "EXTRA_COMPILER_FLAGS=-g -ff
TRACE::2026-07-31.15:24:34::SCWBDomain::unction-sections -fdata-sections -Wall -Wextra -fno-tree-loop-distribute-patterns  -Os -flto -ffat-lto-objects"

TRACE::2026-07-31.15:24:34::SCWBDomain::Running Make libs in psu_pmu_0/libsrc/zdma_v1_15/src

TRACE::2026-07-31.15:24:34::SCWBDomain::make -C psu_pmu_0/libsrc/zdma_v1_15/src -s libs  "SHELL=/bin/sh" "COMPILER=mb-gcc" "ASSEMBLER=mb-as" "ARCHIVER=mb-ar" "COMPILER
TRACE::2026-07-31.15:24:34::SCWBDomain::_FLAGS=  -O2 -c -mcpu=v9.2 -mlittle-endian -mxl-barrel-shift -mxl-pattern-compare -mxl-soft-mul" "EXTRA_COMPILER_FLAGS=-g -ffun
TRACE::2026-07-31.15:24:34::SCWBDomain::ction-sections -fdata-sections -Wall -Wextra -fno-tree-loop-distribute-patterns  -Os -flto -ffat-lto-objects"

TRACE::2026-07-31.15:24:34::SCWBDomain::DEBUG NON_LTO_OBJECTS is ../../../lib/microblaze_interrupt_handler.o

TRACE::2026-07-31.15:24:34::SCWBDomain::Finished building libraries parallelly.

TRACE::2026-07-31.15:24:34::SCWBDomain::make --no-print-directory archive

TRACE::2026-07-31.15:24:34::SCWBDomain::mb-ar -r  psu_pmu_0/lib/libxil.a psu_pmu_0/lib/_exit.o psu_pmu_0/lib/errno.o psu_pmu_0/lib/fcntl.o psu_pmu_0/lib/hw_exception_h
TRACE::2026-07-31.15:24:34::SCWBDomain::andler.o psu_pmu_0/lib/inbyte.o psu_pmu_0/lib/microblaze_disable_dcache.o psu_pmu_0/lib/microblaze_disable_exceptions.o psu_pmu
TRACE::2026-07-31.15:24:34::SCWBDomain::_0/lib/microblaze_disable_icache.o psu_pmu_0/lib/microblaze_disable_interrupts.o psu_pmu_0/lib/microblaze_enable_dcache.o psu_p
TRACE::2026-07-31.15:24:34::SCWBDomain::mu_0/lib/microblaze_enable_exceptions.o psu_pmu_0/lib/microblaze_enable_icache.o psu_pmu_0/lib/microblaze_enable_interrupts.o p
TRACE::2026-07-31.15:24:34::SCWBDomain::su_pmu_0/lib/microblaze_exception_handler.o psu_pmu_0/lib/microblaze_flush_cache_ext.o psu_pmu_0/lib/microblaze_flush_cache_ext
TRACE::2026-07-31.15:24:34::SCWBDomain::_range.o psu_pmu_0/lib/microblaze_flush_dcache.o psu_pmu_0/lib/microblaze_flush_dcache_range.o psu_pmu_0/lib/microblaze_init_dc
TRACE::2026-07-31.15:24:34::SCWBDomain::ache_range.o psu_pmu_0/lib/microblaze_init_icache_range.o psu_pmu_0/lib/microblaze_interrupt_handler.o psu_pmu_0/lib/microblaze
TRACE::2026-07-31.15:24:34::SCWBDomain::_interrupts_g.o psu_pmu_0/lib/microblaze_invalidate_cache_ext.o psu_pmu_0/lib/microblaze_invalidate_cache_ext_range.o psu_pmu_0
TRACE::2026-07-31.15:24:34::SCWBDomain::/lib/microblaze_invalidate_dcache.o psu_pmu_0/lib/microblaze_invalidate_dcache_range.o psu_pmu_0/lib/microblaze_invalidate_icac
TRACE::2026-07-31.15:24:34::SCWBDomain::he.o psu_pmu_0/lib/microblaze_invalidate_icache_range.o psu_pmu_0/lib/microblaze_scrub.o psu_pmu_0/lib/microblaze_selftest.o ps
TRACE::2026-07-31.15:24:34::SCWBDomain::u_pmu_0/lib/microblaze_sleep.o psu_pmu_0/lib/microblaze_update_dcache.o psu_pmu_0/lib/microblaze_update_icache.o psu_pmu_0/lib/
TRACE::2026-07-31.15:24:34::SCWBDomain::outbyte.o psu_pmu_0/lib/print.o psu_pmu_0/lib/pvr.o psu_pmu_0/lib/xaxidma.o psu_pmu_0/lib/xaxidma_bd.o psu_pmu_0/lib/xaxidma_bd
TRACE::2026-07-31.15:24:34::SCWBDomain::ring.o psu_pmu_0/lib/xaxidma_g.o psu_pmu_0/lib/xaxidma_selftest.o psu_pmu_0/lib/xaxidma_sinit.o psu_pmu_0/lib/xaxipmon.o psu_pm
TRACE::2026-07-31.15:24:34::SCWBDomain::u_0/lib/xaxipmon_g.o psu_pmu_0/lib/xaxipmon_selftest.o psu_pmu_0/lib/xaxipmon_sinit.o psu_pmu_0/lib/xaxis_passthrough.o psu_pmu
TRACE::2026-07-31.15:24:34::SCWBDomain::_0/lib/xaxis_passthrough_g.o psu_pmu_0/lib/xaxis_passthrough_linux.o psu_pmu_0/lib/xaxis_passthrough_sinit.o psu_pmu_0/lib/xclo
TRACE::2026-07-31.15:24:34::SCWBDomain::ckps.o psu_pmu_0/lib/xclockps_divider.o psu_pmu_0/lib/xclockps_fixedfactor.o psu_pmu_0/lib/xclockps_g.o psu_pmu_0/lib/xclockps_
TRACE::2026-07-31.15:24:34::SCWBDomain::gate.o psu_pmu_0/lib/xclockps_mux.o psu_pmu_0/lib/xclockps_pll.o psu_pmu_0/lib/xclockps_sinit.o psu_pmu_0/lib/xcsudma.o psu_pmu
TRACE::2026-07-31.15:24:34::SCWBDomain::_0/lib/xcsudma_g.o psu_pmu_0/lib/xcsudma_intr.o psu_pmu_0/lib/xcsudma_selftest.o psu_pmu_0/lib/xcsudma_sinit.o psu_pmu_0/lib/xe
TRACE::2026-07-31.15:24:34::SCWBDomain::macps.o psu_pmu_0/lib/xemacps_bdring.o psu_pmu_0/lib/xemacps_control.o psu_pmu_0/lib/xemacps_g.o psu_pmu_0/lib/xemacps_hw.o psu
TRACE::2026-07-31.15:24:34::SCWBDomain::_pmu_0/lib/xemacps_intr.o psu_pmu_0/lib/xemacps_sinit.o psu_pmu_0/lib/xgpiops.o psu_pmu_0/lib/xgpiops_g.o psu_pmu_0/lib/xgpiops
TRACE::2026-07-31.15:24:34::SCWBDomain::_hw.o psu_pmu_0/lib/xgpiops_intr.o psu_pmu_0/lib/xgpiops_selftest.o psu_pmu_0/lib/xgpiops_sinit.o psu_pmu_0/lib/xiicps.o psu_pm
TRACE::2026-07-31.15:24:34::SCWBDomain::u_0/lib/xiicps_g.o psu_pmu_0/lib/xiicps_hw.o psu_pmu_0/lib/xiicps_intr.o psu_pmu_0/lib/xiicps_master.o psu_pmu_0/lib/xiicps_opt
TRACE::2026-07-31.15:24:34::SCWBDomain::ions.o psu_pmu_0/lib/xiicps_selftest.o psu_pmu_0/lib/xiicps_sinit.o psu_pmu_0/lib/xiicps_slave.o psu_pmu_0/lib/xiicps_xfer.o ps
TRACE::2026-07-31.15:24:34::SCWBDomain::u_pmu_0/lib/xil_assert.o psu_pmu_0/lib/xil_cache.o psu_pmu_0/lib/xil_clocking.o psu_pmu_0/lib/xil_exception.o psu_pmu_0/lib/xil
TRACE::2026-07-31.15:24:34::SCWBDomain::_mem.o psu_pmu_0/lib/xil_misc_psreset_api.o psu_pmu_0/lib/xil_printf.o psu_pmu_0/lib/xil_sleepcommon.o psu_pmu_0/lib/xil_testca
TRACE::2026-07-31.15:24:34::SCWBDomain::che.o psu_pmu_0/lib/xil_testio.o psu_pmu_0/lib/xil_testmem.o psu_pmu_0/lib/xil_util.o psu_pmu_0/lib/xinterrupt_wrap.o psu_pmu_0
TRACE::2026-07-31.15:24:34::SCWBDomain::/lib/xio.o psu_pmu_0/lib/xipipsu.o psu_pmu_0/lib/xipipsu_buf.o psu_pmu_0/lib/xipipsu_g.o psu_pmu_0/lib/xipipsu_sinit.o psu_pmu_
TRACE::2026-07-31.15:24:34::SCWBDomain::0/lib/xplatform_info.o psu_pmu_0/lib/xqspipsu.o psu_pmu_0/lib/xqspipsu_control.o psu_pmu_0/lib/xqspipsu_g.o psu_pmu_0/lib/xqspi
TRACE::2026-07-31.15:24:34::SCWBDomain::psu_hw.o psu_pmu_0/lib/xqspipsu_options.o psu_pmu_0/lib/xqspipsu_sinit.o psu_pmu_0/lib/xresetps.o psu_pmu_0/lib/xresetps_g.o ps
TRACE::2026-07-31.15:24:34::SCWBDomain::u_pmu_0/lib/xresetps_sinit.o psu_pmu_0/lib/xrtcpsu.o psu_pmu_0/lib/xrtcpsu_g.o psu_pmu_0/lib/xrtcpsu_intr.o psu_pmu_0/lib/xrtcp
TRACE::2026-07-31.15:24:34::SCWBDomain::su_selftest.o psu_pmu_0/lib/xrtcpsu_sinit.o psu_pmu_0/lib/xsdps.o psu_pmu_0/lib/xsdps_card.o psu_pmu_0/lib/xsdps_g.o psu_pmu_0/
TRACE::2026-07-31.15:24:34::SCWBDomain::lib/xsdps_host.o psu_pmu_0/lib/xsdps_options.o psu_pmu_0/lib/xsdps_sinit.o psu_pmu_0/lib/xspips.o psu_pmu_0/lib/xspips_g.o psu_
TRACE::2026-07-31.15:24:34::SCWBDomain::pmu_0/lib/xspips_hw.o psu_pmu_0/lib/xspips_options.o psu_pmu_0/lib/xspips_selftest.o psu_pmu_0/lib/xspips_sinit.o psu_pmu_0/lib
TRACE::2026-07-31.15:24:34::SCWBDomain::/xsysmonpsu.o psu_pmu_0/lib/xsysmonpsu_g.o psu_pmu_0/lib/xsysmonpsu_intr.o psu_pmu_0/lib/xsysmonpsu_selftest.o psu_pmu_0/lib/xs
TRACE::2026-07-31.15:24:34::SCWBDomain::ysmonpsu_sinit.o psu_pmu_0/lib/xttcps.o psu_pmu_0/lib/xttcps_g.o psu_pmu_0/lib/xttcps_options.o psu_pmu_0/lib/xttcps_selftest.o
TRACE::2026-07-31.15:24:34::SCWBDomain:: psu_pmu_0/lib/xttcps_sinit.o psu_pmu_0/lib/xuartps.o psu_pmu_0/lib/xuartps_g.o psu_pmu_0/lib/xuartps_hw.o psu_pmu_0/lib/xuartp
TRACE::2026-07-31.15:24:34::SCWBDomain::s_intr.o psu_pmu_0/lib/xuartps_options.o psu_pmu_0/lib/xuartps_selftest.o psu_pmu_0/lib/xuartps_sinit.o psu_pmu_0/lib/xusbpsu.o
TRACE::2026-07-31.15:24:34::SCWBDomain:: psu_pmu_0/lib/xusbpsu_command.o psu_pmu_0/lib/xusbpsu_controltransfers.o psu_pmu_0/lib/xusbpsu_device.o psu_pmu_0/lib/xusbpsu_
TRACE::2026-07-31.15:24:34::SCWBDomain::endpoint.o psu_pmu_0/lib/xusbpsu_ep0handler.o psu_pmu_0/lib/xusbpsu_ephandler.o psu_pmu_0/lib/xusbpsu_event.o psu_pmu_0/lib/xus
TRACE::2026-07-31.15:24:34::SCWBDomain::bpsu_g.o psu_pmu_0/lib/xusbpsu_hibernation.o psu_pmu_0/lib/xusbpsu_intr.o psu_pmu_0/lib/xusbpsu_sinit.o psu_pmu_0/lib/xvidc.o p
TRACE::2026-07-31.15:24:34::SCWBDomain::su_pmu_0/lib/xvidc_edid.o psu_pmu_0/lib/xvidc_edid_ext.o psu_pmu_0/lib/xvidc_parse_edid.o psu_pmu_0/lib/xvidc_timings_table.o p
TRACE::2026-07-31.15:24:34::SCWBDomain::su_pmu_0/lib/xwdtps.o psu_pmu_0/lib/xwdtps_g.o psu_pmu_0/lib/xwdtps_selftest.o psu_pmu_0/lib/xwdtps_sinit.o psu_pmu_0/lib/xzdma
TRACE::2026-07-31.15:24:34::SCWBDomain::.o psu_pmu_0/lib/xzdma_g.o psu_pmu_0/lib/xzdma_intr.o psu_pmu_0/lib/xzdma_selftest.o psu_pmu_0/lib/xzdma_sinit.o

TRACE::2026-07-31.15:24:34::SCWBDomain::Finished building libraries

TRACE::2026-07-31.15:24:34::SCWBDomain::make: Leaving directory '/home/sogang/ppe_fpga_ho/vitis_workspace/ppe_dma_platform_v2/zynqmp_pmufw/zynqmp_pmufw_bsp'

TRACE::2026-07-31.15:24:34::SCWBDomain::mb-gcc  -mlittle-endian -mxl-barrel-shift -mxl-pattern-compare -mxl-soft-mul -mcpu=v9.2 -MMD -MP      -mlittle-endian -mxl-barr
TRACE::2026-07-31.15:24:34::SCWBDomain::el-shift -mxl-pattern-compare -mcpu=v9.2 -mxl-soft-mul -Os -flto -ffat-lto-objects   -c idle_hooks.c -o idle_hooks.o -Izynqmp_p
TRACE::2026-07-31.15:24:34::SCWBDomain::mufw_bsp/psu_pmu_0/include -I.

TRACE::2026-07-31.15:24:34::SCWBDomain::mb-gcc  -mlittle-endian -mxl-barrel-shift -mxl-pattern-compare -mxl-soft-mul -mcpu=v9.2 -MMD -MP      -mlittle-endian -mxl-barr
TRACE::2026-07-31.15:24:34::SCWBDomain::el-shift -mxl-pattern-compare -mcpu=v9.2 -mxl-soft-mul -Os -flto -ffat-lto-objects   -c pm_binding.c -o pm_binding.o -Izynqmp_p
TRACE::2026-07-31.15:24:34::SCWBDomain::mufw_bsp/psu_pmu_0/include -I.

TRACE::2026-07-31.15:24:34::SCWBDomain::mb-gcc  -mlittle-endian -mxl-barrel-shift -mxl-pattern-compare -mxl-soft-mul -mcpu=v9.2 -MMD -MP      -mlittle-endian -mxl-barr
TRACE::2026-07-31.15:24:34::SCWBDomain::el-shift -mxl-pattern-compare -mcpu=v9.2 -mxl-soft-mul -Os -flto -ffat-lto-objects   -c pm_callbacks.c -o pm_callbacks.o -Izynq
TRACE::2026-07-31.15:24:34::SCWBDomain::mp_pmufw_bsp/psu_pmu_0/include -I.

TRACE::2026-07-31.15:24:34::SCWBDomain::mb-gcc  -mlittle-endian -mxl-barrel-shift -mxl-pattern-compare -mxl-soft-mul -mcpu=v9.2 -MMD -MP      -mlittle-endian -mxl-barr
TRACE::2026-07-31.15:24:34::SCWBDomain::el-shift -mxl-pattern-compare -mcpu=v9.2 -mxl-soft-mul -Os -flto -ffat-lto-objects   -c pm_clock.c -o pm_clock.o -Izynqmp_pmufw
TRACE::2026-07-31.15:24:34::SCWBDomain::_bsp/psu_pmu_0/include -I.

TRACE::2026-07-31.15:24:34::SCWBDomain::mb-gcc  -mlittle-endian -mxl-barrel-shift -mxl-pattern-compare -mxl-soft-mul -mcpu=v9.2 -MMD -MP      -mlittle-endian -mxl-barr
TRACE::2026-07-31.15:24:34::SCWBDomain::el-shift -mxl-pattern-compare -mcpu=v9.2 -mxl-soft-mul -Os -flto -ffat-lto-objects   -c pm_config.c -o pm_config.o -Izynqmp_pmu
TRACE::2026-07-31.15:24:34::SCWBDomain::fw_bsp/psu_pmu_0/include -I.

TRACE::2026-07-31.15:24:34::SCWBDomain::mb-gcc  -mlittle-endian -mxl-barrel-shift -mxl-pattern-compare -mxl-soft-mul -mcpu=v9.2 -MMD -MP      -mlittle-endian -mxl-barr
TRACE::2026-07-31.15:24:34::SCWBDomain::el-shift -mxl-pattern-compare -mcpu=v9.2 -mxl-soft-mul -Os -flto -ffat-lto-objects   -c pm_core.c -o pm_core.o -Izynqmp_pmufw_b
TRACE::2026-07-31.15:24:34::SCWBDomain::sp/psu_pmu_0/include -I.

TRACE::2026-07-31.15:24:35::SCWBDomain::mb-gcc  -mlittle-endian -mxl-barrel-shift -mxl-pattern-compare -mxl-soft-mul -mcpu=v9.2 -MMD -MP      -mlittle-endian -mxl-barr
TRACE::2026-07-31.15:24:35::SCWBDomain::el-shift -mxl-pattern-compare -mcpu=v9.2 -mxl-soft-mul -Os -flto -ffat-lto-objects   -c pm_csudma.c -o pm_csudma.o -Izynqmp_pmu
TRACE::2026-07-31.15:24:35::SCWBDomain::fw_bsp/psu_pmu_0/include -I.

TRACE::2026-07-31.15:24:35::SCWBDomain::mb-gcc  -mlittle-endian -mxl-barrel-shift -mxl-pattern-compare -mxl-soft-mul -mcpu=v9.2 -MMD -MP      -mlittle-endian -mxl-barr
TRACE::2026-07-31.15:24:35::SCWBDomain::el-shift -mxl-pattern-compare -mcpu=v9.2 -mxl-soft-mul -Os -flto -ffat-lto-objects   -c pm_ddr.c -o pm_ddr.o -Izynqmp_pmufw_bsp
TRACE::2026-07-31.15:24:35::SCWBDomain::/psu_pmu_0/include -I.

TRACE::2026-07-31.15:24:35::SCWBDomain::mb-gcc  -mlittle-endian -mxl-barrel-shift -mxl-pattern-compare -mxl-soft-mul -mcpu=v9.2 -MMD -MP      -mlittle-endian -mxl-barr
TRACE::2026-07-31.15:24:35::SCWBDomain::el-shift -mxl-pattern-compare -mcpu=v9.2 -mxl-soft-mul -Os -flto -ffat-lto-objects   -c pm_extern.c -o pm_extern.o -Izynqmp_pmu
TRACE::2026-07-31.15:24:35::SCWBDomain::fw_bsp/psu_pmu_0/include -I.

TRACE::2026-07-31.15:24:35::SCWBDomain::mb-gcc  -mlittle-endian -mxl-barrel-shift -mxl-pattern-compare -mxl-soft-mul -mcpu=v9.2 -MMD -MP      -mlittle-endian -mxl-barr
TRACE::2026-07-31.15:24:35::SCWBDomain::el-shift -mxl-pattern-compare -mcpu=v9.2 -mxl-soft-mul -Os -flto -ffat-lto-objects   -c pm_gic_proxy.c -o pm_gic_proxy.o -Izynq
TRACE::2026-07-31.15:24:35::SCWBDomain::mp_pmufw_bsp/psu_pmu_0/include -I.

TRACE::2026-07-31.15:24:35::SCWBDomain::mb-gcc  -mlittle-endian -mxl-barrel-shift -mxl-pattern-compare -mxl-soft-mul -mcpu=v9.2 -MMD -MP      -mlittle-endian -mxl-barr
TRACE::2026-07-31.15:24:35::SCWBDomain::el-shift -mxl-pattern-compare -mcpu=v9.2 -mxl-soft-mul -Os -flto -ffat-lto-objects   -c pm_gpp.c -o pm_gpp.o -Izynqmp_pmufw_bsp
TRACE::2026-07-31.15:24:35::SCWBDomain::/psu_pmu_0/include -I.

TRACE::2026-07-31.15:24:35::SCWBDomain::mb-gcc  -mlittle-endian -mxl-barrel-shift -mxl-pattern-compare -mxl-soft-mul -mcpu=v9.2 -MMD -MP      -mlittle-endian -mxl-barr
TRACE::2026-07-31.15:24:35::SCWBDomain::el-shift -mxl-pattern-compare -mcpu=v9.2 -mxl-soft-mul -Os -flto -ffat-lto-objects   -c pm_hooks.c -o pm_hooks.o -Izynqmp_pmufw
TRACE::2026-07-31.15:24:35::SCWBDomain::_bsp/psu_pmu_0/include -I.

TRACE::2026-07-31.15:24:35::SCWBDomain::mb-gcc  -mlittle-endian -mxl-barrel-shift -mxl-pattern-compare -mxl-soft-mul -mcpu=v9.2 -MMD -MP      -mlittle-endian -mxl-barr
TRACE::2026-07-31.15:24:35::SCWBDomain::el-shift -mxl-pattern-compare -mcpu=v9.2 -mxl-soft-mul -Os -flto -ffat-lto-objects   -c pm_ioctl.c -o pm_ioctl.o -Izynqmp_pmufw
TRACE::2026-07-31.15:24:35::SCWBDomain::_bsp/psu_pmu_0/include -I.

TRACE::2026-07-31.15:24:35::SCWBDomain::mb-gcc  -mlittle-endian -mxl-barrel-shift -mxl-pattern-compare -mxl-soft-mul -mcpu=v9.2 -MMD -MP      -mlittle-endian -mxl-barr
TRACE::2026-07-31.15:24:35::SCWBDomain::el-shift -mxl-pattern-compare -mcpu=v9.2 -mxl-soft-mul -Os -flto -ffat-lto-objects   -c pm_master.c -o pm_master.o -Izynqmp_pmu
TRACE::2026-07-31.15:24:35::SCWBDomain::fw_bsp/psu_pmu_0/include -I.

TRACE::2026-07-31.15:24:35::SCWBDomain::mb-gcc  -mlittle-endian -mxl-barrel-shift -mxl-pattern-compare -mxl-soft-mul -mcpu=v9.2 -MMD -MP      -mlittle-endian -mxl-barr
TRACE::2026-07-31.15:24:35::SCWBDomain::el-shift -mxl-pattern-compare -mcpu=v9.2 -mxl-soft-mul -Os -flto -ffat-lto-objects   -c pm_mmio_access.c -o pm_mmio_access.o -I
TRACE::2026-07-31.15:24:35::SCWBDomain::zynqmp_pmufw_bsp/psu_pmu_0/include -I.

TRACE::2026-07-31.15:24:35::SCWBDomain::mb-gcc  -mlittle-endian -mxl-barrel-shift -mxl-pattern-compare -mxl-soft-mul -mcpu=v9.2 -MMD -MP      -mlittle-endian -mxl-barr
TRACE::2026-07-31.15:24:35::SCWBDomain::el-shift -mxl-pattern-compare -mcpu=v9.2 -mxl-soft-mul -Os -flto -ffat-lto-objects   -c pm_node.c -o pm_node.o -Izynqmp_pmufw_b
TRACE::2026-07-31.15:24:35::SCWBDomain::sp/psu_pmu_0/include -I.

TRACE::2026-07-31.15:24:35::SCWBDomain::mb-gcc  -mlittle-endian -mxl-barrel-shift -mxl-pattern-compare -mxl-soft-mul -mcpu=v9.2 -MMD -MP      -mlittle-endian -mxl-barr
TRACE::2026-07-31.15:24:35::SCWBDomain::el-shift -mxl-pattern-compare -mcpu=v9.2 -mxl-soft-mul -Os -flto -ffat-lto-objects   -c pm_node_reset.c -o pm_node_reset.o -Izy
TRACE::2026-07-31.15:24:35::SCWBDomain::nqmp_pmufw_bsp/psu_pmu_0/include -I.

TRACE::2026-07-31.15:24:35::SCWBDomain::mb-gcc  -mlittle-endian -mxl-barrel-shift -mxl-pattern-compare -mxl-soft-mul -mcpu=v9.2 -MMD -MP      -mlittle-endian -mxl-barr
TRACE::2026-07-31.15:24:35::SCWBDomain::el-shift -mxl-pattern-compare -mcpu=v9.2 -mxl-soft-mul -Os -flto -ffat-lto-objects   -c pm_notifier.c -o pm_notifier.o -Izynqmp
TRACE::2026-07-31.15:24:35::SCWBDomain::_pmufw_bsp/psu_pmu_0/include -I.

TRACE::2026-07-31.15:24:36::SCWBDomain::mb-gcc  -mlittle-endian -mxl-barrel-shift -mxl-pattern-compare -mxl-soft-mul -mcpu=v9.2 -MMD -MP      -mlittle-endian -mxl-barr
TRACE::2026-07-31.15:24:36::SCWBDomain::el-shift -mxl-pattern-compare -mcpu=v9.2 -mxl-soft-mul -Os -flto -ffat-lto-objects   -c pm_periph.c -o pm_periph.o -Izynqmp_pmu
TRACE::2026-07-31.15:24:36::SCWBDomain::fw_bsp/psu_pmu_0/include -I.

TRACE::2026-07-31.15:24:36::SCWBDomain::mb-gcc  -mlittle-endian -mxl-barrel-shift -mxl-pattern-compare -mxl-soft-mul -mcpu=v9.2 -MMD -MP      -mlittle-endian -mxl-barr
TRACE::2026-07-31.15:24:36::SCWBDomain::el-shift -mxl-pattern-compare -mcpu=v9.2 -mxl-soft-mul -Os -flto -ffat-lto-objects   -c pm_pinctrl.c -o pm_pinctrl.o -Izynqmp_p
TRACE::2026-07-31.15:24:36::SCWBDomain::mufw_bsp/psu_pmu_0/include -I.

TRACE::2026-07-31.15:24:36::SCWBDomain::mb-gcc  -mlittle-endian -mxl-barrel-shift -mxl-pattern-compare -mxl-soft-mul -mcpu=v9.2 -MMD -MP      -mlittle-endian -mxl-barr
TRACE::2026-07-31.15:24:36::SCWBDomain::el-shift -mxl-pattern-compare -mcpu=v9.2 -mxl-soft-mul -Os -flto -ffat-lto-objects   -c pm_pll.c -o pm_pll.o -Izynqmp_pmufw_bsp
TRACE::2026-07-31.15:24:36::SCWBDomain::/psu_pmu_0/include -I.

TRACE::2026-07-31.15:24:36::SCWBDomain::mb-gcc  -mlittle-endian -mxl-barrel-shift -mxl-pattern-compare -mxl-soft-mul -mcpu=v9.2 -MMD -MP      -mlittle-endian -mxl-barr
TRACE::2026-07-31.15:24:36::SCWBDomain::el-shift -mxl-pattern-compare -mcpu=v9.2 -mxl-soft-mul -Os -flto -ffat-lto-objects   -c pm_power.c -o pm_power.o -Izynqmp_pmufw
TRACE::2026-07-31.15:24:36::SCWBDomain::_bsp/psu_pmu_0/include -I.

TRACE::2026-07-31.15:24:36::SCWBDomain::mb-gcc  -mlittle-endian -mxl-barrel-shift -mxl-pattern-compare -mxl-soft-mul -mcpu=v9.2 -MMD -MP      -mlittle-endian -mxl-barr
TRACE::2026-07-31.15:24:36::SCWBDomain::el-shift -mxl-pattern-compare -mcpu=v9.2 -mxl-soft-mul -Os -flto -ffat-lto-objects   -c pm_proc.c -o pm_proc.o -Izynqmp_pmufw_b
TRACE::2026-07-31.15:24:36::SCWBDomain::sp/psu_pmu_0/include -I.

TRACE::2026-07-31.15:24:36::SCWBDomain::mb-gcc  -mlittle-endian -mxl-barrel-shift -mxl-pattern-compare -mxl-soft-mul -mcpu=v9.2 -MMD -MP      -mlittle-endian -mxl-barr
TRACE::2026-07-31.15:24:36::SCWBDomain::el-shift -mxl-pattern-compare -mcpu=v9.2 -mxl-soft-mul -Os -flto -ffat-lto-objects   -c pm_qspi.c -o pm_qspi.o -Izynqmp_pmufw_b
TRACE::2026-07-31.15:24:36::SCWBDomain::sp/psu_pmu_0/include -I.

TRACE::2026-07-31.15:24:36::SCWBDomain::mb-gcc  -mlittle-endian -mxl-barrel-shift -mxl-pattern-compare -mxl-soft-mul -mcpu=v9.2 -MMD -MP      -mlittle-endian -mxl-barr
TRACE::2026-07-31.15:24:36::SCWBDomain::el-shift -mxl-pattern-compare -mcpu=v9.2 -mxl-soft-mul -Os -flto -ffat-lto-objects   -c pm_requirement.c -o pm_requirement.o -I
TRACE::2026-07-31.15:24:36::SCWBDomain::zynqmp_pmufw_bsp/psu_pmu_0/include -I.

TRACE::2026-07-31.15:24:36::SCWBDomain::mb-gcc  -mlittle-endian -mxl-barrel-shift -mxl-pattern-compare -mxl-soft-mul -mcpu=v9.2 -MMD -MP      -mlittle-endian -mxl-barr
TRACE::2026-07-31.15:24:36::SCWBDomain::el-shift -mxl-pattern-compare -mcpu=v9.2 -mxl-soft-mul -Os -flto -ffat-lto-objects   -c pm_reset.c -o pm_reset.o -Izynqmp_pmufw
TRACE::2026-07-31.15:24:36::SCWBDomain::_bsp/psu_pmu_0/include -I.

TRACE::2026-07-31.15:24:36::SCWBDomain::mb-gcc  -mlittle-endian -mxl-barrel-shift -mxl-pattern-compare -mxl-soft-mul -mcpu=v9.2 -MMD -MP      -mlittle-endian -mxl-barr
TRACE::2026-07-31.15:24:36::SCWBDomain::el-shift -mxl-pattern-compare -mcpu=v9.2 -mxl-soft-mul -Os -flto -ffat-lto-objects   -c pm_slave.c -o pm_slave.o -Izynqmp_pmufw
TRACE::2026-07-31.15:24:36::SCWBDomain::_bsp/psu_pmu_0/include -I.

TRACE::2026-07-31.15:24:36::SCWBDomain::mb-gcc  -mlittle-endian -mxl-barrel-shift -mxl-pattern-compare -mxl-soft-mul -mcpu=v9.2 -MMD -MP      -mlittle-endian -mxl-barr
TRACE::2026-07-31.15:24:36::SCWBDomain::el-shift -mxl-pattern-compare -mcpu=v9.2 -mxl-soft-mul -Os -flto -ffat-lto-objects   -c pm_sram.c -o pm_sram.o -Izynqmp_pmufw_b
TRACE::2026-07-31.15:24:36::SCWBDomain::sp/psu_pmu_0/include -I.

TRACE::2026-07-31.15:24:36::SCWBDomain::mb-gcc  -mlittle-endian -mxl-barrel-shift -mxl-pattern-compare -mxl-soft-mul -mcpu=v9.2 -MMD -MP      -mlittle-endian -mxl-barr
TRACE::2026-07-31.15:24:36::SCWBDomain::el-shift -mxl-pattern-compare -mcpu=v9.2 -mxl-soft-mul -Os -flto -ffat-lto-objects   -c pm_system.c -o pm_system.o -Izynqmp_pmu
TRACE::2026-07-31.15:24:36::SCWBDomain::fw_bsp/psu_pmu_0/include -I.

TRACE::2026-07-31.15:24:37::SCWBDomain::mb-gcc  -mlittle-endian -mxl-barrel-shift -mxl-pattern-compare -mxl-soft-mul -mcpu=v9.2 -MMD -MP      -mlittle-endian -mxl-barr
TRACE::2026-07-31.15:24:37::SCWBDomain::el-shift -mxl-pattern-compare -mcpu=v9.2 -mxl-soft-mul -Os -flto -ffat-lto-objects   -c pm_usb.c -o pm_usb.o -Izynqmp_pmufw_bsp
TRACE::2026-07-31.15:24:37::SCWBDomain::/psu_pmu_0/include -I.

TRACE::2026-07-31.15:24:37::SCWBDomain::mb-gcc  -mlittle-endian -mxl-barrel-shift -mxl-pattern-compare -mxl-soft-mul -mcpu=v9.2 -MMD -MP      -mlittle-endian -mxl-barr
TRACE::2026-07-31.15:24:37::SCWBDomain::el-shift -mxl-pattern-compare -mcpu=v9.2 -mxl-soft-mul -Os -flto -ffat-lto-objects   -c xpfw_aib.c -o xpfw_aib.o -Izynqmp_pmufw
TRACE::2026-07-31.15:24:37::SCWBDomain::_bsp/psu_pmu_0/include -I.

TRACE::2026-07-31.15:24:37::SCWBDomain::mb-gcc  -mlittle-endian -mxl-barrel-shift -mxl-pattern-compare -mxl-soft-mul -mcpu=v9.2 -MMD -MP      -mlittle-endian -mxl-barr
TRACE::2026-07-31.15:24:37::SCWBDomain::el-shift -mxl-pattern-compare -mcpu=v9.2 -mxl-soft-mul -Os -flto -ffat-lto-objects   -c xpfw_core.c -o xpfw_core.o -Izynqmp_pmu
TRACE::2026-07-31.15:24:37::SCWBDomain::fw_bsp/psu_pmu_0/include -I.

TRACE::2026-07-31.15:24:37::SCWBDomain::mb-gcc  -mlittle-endian -mxl-barrel-shift -mxl-pattern-compare -mxl-soft-mul -mcpu=v9.2 -MMD -MP      -mlittle-endian -mxl-barr
TRACE::2026-07-31.15:24:37::SCWBDomain::el-shift -mxl-pattern-compare -mcpu=v9.2 -mxl-soft-mul -Os -flto -ffat-lto-objects   -c xpfw_error_manager.c -o xpfw_error_mana
TRACE::2026-07-31.15:24:37::SCWBDomain::ger.o -Izynqmp_pmufw_bsp/psu_pmu_0/include -I.

TRACE::2026-07-31.15:24:37::SCWBDomain::mb-gcc  -mlittle-endian -mxl-barrel-shift -mxl-pattern-compare -mxl-soft-mul -mcpu=v9.2 -MMD -MP      -mlittle-endian -mxl-barr
TRACE::2026-07-31.15:24:37::SCWBDomain::el-shift -mxl-pattern-compare -mcpu=v9.2 -mxl-soft-mul -Os -flto -ffat-lto-objects   -c xpfw_events.c -o xpfw_events.o -Izynqmp
TRACE::2026-07-31.15:24:37::SCWBDomain::_pmufw_bsp/psu_pmu_0/include -I.

TRACE::2026-07-31.15:24:37::SCWBDomain::mb-gcc  -mlittle-endian -mxl-barrel-shift -mxl-pattern-compare -mxl-soft-mul -mcpu=v9.2 -MMD -MP      -mlittle-endian -mxl-barr
TRACE::2026-07-31.15:24:37::SCWBDomain::el-shift -mxl-pattern-compare -mcpu=v9.2 -mxl-soft-mul -Os -flto -ffat-lto-objects   -c xpfw_interrupts.c -o xpfw_interrupts.o 
TRACE::2026-07-31.15:24:37::SCWBDomain::-Izynqmp_pmufw_bsp/psu_pmu_0/include -I.

TRACE::2026-07-31.15:24:37::SCWBDomain::mb-gcc  -mlittle-endian -mxl-barrel-shift -mxl-pattern-compare -mxl-soft-mul -mcpu=v9.2 -MMD -MP      -mlittle-endian -mxl-barr
TRACE::2026-07-31.15:24:37::SCWBDomain::el-shift -mxl-pattern-compare -mcpu=v9.2 -mxl-soft-mul -Os -flto -ffat-lto-objects   -c xpfw_ipi_manager.c -o xpfw_ipi_manager.
TRACE::2026-07-31.15:24:37::SCWBDomain::o -Izynqmp_pmufw_bsp/psu_pmu_0/include -I.

TRACE::2026-07-31.15:24:37::SCWBDomain::mb-gcc  -mlittle-endian -mxl-barrel-shift -mxl-pattern-compare -mxl-soft-mul -mcpu=v9.2 -MMD -MP      -mlittle-endian -mxl-barr
TRACE::2026-07-31.15:24:37::SCWBDomain::el-shift -mxl-pattern-compare -mcpu=v9.2 -mxl-soft-mul -Os -flto -ffat-lto-objects   -c xpfw_main.c -o xpfw_main.o -Izynqmp_pmu
TRACE::2026-07-31.15:24:37::SCWBDomain::fw_bsp/psu_pmu_0/include -I.

TRACE::2026-07-31.15:24:37::SCWBDomain::mb-gcc  -mlittle-endian -mxl-barrel-shift -mxl-pattern-compare -mxl-soft-mul -mcpu=v9.2 -MMD -MP      -mlittle-endian -mxl-barr
TRACE::2026-07-31.15:24:37::SCWBDomain::el-shift -mxl-pattern-compare -mcpu=v9.2 -mxl-soft-mul -Os -flto -ffat-lto-objects   -c xpfw_mod_common.c -o xpfw_mod_common.o 
TRACE::2026-07-31.15:24:37::SCWBDomain::-Izynqmp_pmufw_bsp/psu_pmu_0/include -I.

TRACE::2026-07-31.15:24:37::SCWBDomain::mb-gcc  -mlittle-endian -mxl-barrel-shift -mxl-pattern-compare -mxl-soft-mul -mcpu=v9.2 -MMD -MP      -mlittle-endian -mxl-barr
TRACE::2026-07-31.15:24:37::SCWBDomain::el-shift -mxl-pattern-compare -mcpu=v9.2 -mxl-soft-mul -Os -flto -ffat-lto-objects   -c xpfw_mod_dap.c -o xpfw_mod_dap.o -Izynq
TRACE::2026-07-31.15:24:37::SCWBDomain::mp_pmufw_bsp/psu_pmu_0/include -I.

TRACE::2026-07-31.15:24:37::SCWBDomain::mb-gcc  -mlittle-endian -mxl-barrel-shift -mxl-pattern-compare -mxl-soft-mul -mcpu=v9.2 -MMD -MP      -mlittle-endian -mxl-barr
TRACE::2026-07-31.15:24:37::SCWBDomain::el-shift -mxl-pattern-compare -mcpu=v9.2 -mxl-soft-mul -Os -flto -ffat-lto-objects   -c xpfw_mod_em.c -o xpfw_mod_em.o -Izynqmp
TRACE::2026-07-31.15:24:37::SCWBDomain::_pmufw_bsp/psu_pmu_0/include -I.

TRACE::2026-07-31.15:24:37::SCWBDomain::mb-gcc  -mlittle-endian -mxl-barrel-shift -mxl-pattern-compare -mxl-soft-mul -mcpu=v9.2 -MMD -MP      -mlittle-endian -mxl-barr
TRACE::2026-07-31.15:24:37::SCWBDomain::el-shift -mxl-pattern-compare -mcpu=v9.2 -mxl-soft-mul -Os -flto -ffat-lto-objects   -c xpfw_mod_extwdt.c -o xpfw_mod_extwdt.o 
TRACE::2026-07-31.15:24:37::SCWBDomain::-Izynqmp_pmufw_bsp/psu_pmu_0/include -I.

TRACE::2026-07-31.15:24:37::SCWBDomain::mb-gcc  -mlittle-endian -mxl-barrel-shift -mxl-pattern-compare -mxl-soft-mul -mcpu=v9.2 -MMD -MP      -mlittle-endian -mxl-barr
TRACE::2026-07-31.15:24:37::SCWBDomain::el-shift -mxl-pattern-compare -mcpu=v9.2 -mxl-soft-mul -Os -flto -ffat-lto-objects   -c xpfw_mod_legacy.c -o xpfw_mod_legacy.o 
TRACE::2026-07-31.15:24:37::SCWBDomain::-Izynqmp_pmufw_bsp/psu_pmu_0/include -I.

TRACE::2026-07-31.15:24:37::SCWBDomain::mb-gcc  -mlittle-endian -mxl-barrel-shift -mxl-pattern-compare -mxl-soft-mul -mcpu=v9.2 -MMD -MP      -mlittle-endian -mxl-barr
TRACE::2026-07-31.15:24:37::SCWBDomain::el-shift -mxl-pattern-compare -mcpu=v9.2 -mxl-soft-mul -Os -flto -ffat-lto-objects   -c xpfw_mod_overtemp.c -o xpfw_mod_overtem
TRACE::2026-07-31.15:24:37::SCWBDomain::p.o -Izynqmp_pmufw_bsp/psu_pmu_0/include -I.

TRACE::2026-07-31.15:24:37::SCWBDomain::mb-gcc  -mlittle-endian -mxl-barrel-shift -mxl-pattern-compare -mxl-soft-mul -mcpu=v9.2 -MMD -MP      -mlittle-endian -mxl-barr
TRACE::2026-07-31.15:24:37::SCWBDomain::el-shift -mxl-pattern-compare -mcpu=v9.2 -mxl-soft-mul -Os -flto -ffat-lto-objects   -c xpfw_mod_pm.c -o xpfw_mod_pm.o -Izynqmp
TRACE::2026-07-31.15:24:37::SCWBDomain::_pmufw_bsp/psu_pmu_0/include -I.

TRACE::2026-07-31.15:24:37::SCWBDomain::mb-gcc  -mlittle-endian -mxl-barrel-shift -mxl-pattern-compare -mxl-soft-mul -mcpu=v9.2 -MMD -MP      -mlittle-endian -mxl-barr
TRACE::2026-07-31.15:24:37::SCWBDomain::el-shift -mxl-pattern-compare -mcpu=v9.2 -mxl-soft-mul -Os -flto -ffat-lto-objects   -c xpfw_mod_rpu.c -o xpfw_mod_rpu.o -Izynq
TRACE::2026-07-31.15:24:37::SCWBDomain::mp_pmufw_bsp/psu_pmu_0/include -I.

TRACE::2026-07-31.15:24:38::SCWBDomain::mb-gcc  -mlittle-endian -mxl-barrel-shift -mxl-pattern-compare -mxl-soft-mul -mcpu=v9.2 -MMD -MP      -mlittle-endian -mxl-barr
TRACE::2026-07-31.15:24:38::SCWBDomain::el-shift -mxl-pattern-compare -mcpu=v9.2 -mxl-soft-mul -Os -flto -ffat-lto-objects   -c xpfw_mod_rtc.c -o xpfw_mod_rtc.o -Izynq
TRACE::2026-07-31.15:24:38::SCWBDomain::mp_pmufw_bsp/psu_pmu_0/include -I.

TRACE::2026-07-31.15:24:38::SCWBDomain::mb-gcc  -mlittle-endian -mxl-barrel-shift -mxl-pattern-compare -mxl-soft-mul -mcpu=v9.2 -MMD -MP      -mlittle-endian -mxl-barr
TRACE::2026-07-31.15:24:38::SCWBDomain::el-shift -mxl-pattern-compare -mcpu=v9.2 -mxl-soft-mul -Os -flto -ffat-lto-objects   -c xpfw_mod_sched.c -o xpfw_mod_sched.o -I
TRACE::2026-07-31.15:24:38::SCWBDomain::zynqmp_pmufw_bsp/psu_pmu_0/include -I.

TRACE::2026-07-31.15:24:38::SCWBDomain::mb-gcc  -mlittle-endian -mxl-barrel-shift -mxl-pattern-compare -mxl-soft-mul -mcpu=v9.2 -MMD -MP      -mlittle-endian -mxl-barr
TRACE::2026-07-31.15:24:38::SCWBDomain::el-shift -mxl-pattern-compare -mcpu=v9.2 -mxl-soft-mul -Os -flto -ffat-lto-objects   -c xpfw_mod_stl.c -o xpfw_mod_stl.o -Izynq
TRACE::2026-07-31.15:24:38::SCWBDomain::mp_pmufw_bsp/psu_pmu_0/include -I.

TRACE::2026-07-31.15:24:38::SCWBDomain::mb-gcc  -mlittle-endian -mxl-barrel-shift -mxl-pattern-compare -mxl-soft-mul -mcpu=v9.2 -MMD -MP      -mlittle-endian -mxl-barr
TRACE::2026-07-31.15:24:38::SCWBDomain::el-shift -mxl-pattern-compare -mcpu=v9.2 -mxl-soft-mul -Os -flto -ffat-lto-objects   -c xpfw_module.c -o xpfw_module.o -Izynqmp
TRACE::2026-07-31.15:24:38::SCWBDomain::_pmufw_bsp/psu_pmu_0/include -I.

TRACE::2026-07-31.15:24:38::SCWBDomain::mb-gcc  -mlittle-endian -mxl-barrel-shift -mxl-pattern-compare -mxl-soft-mul -mcpu=v9.2 -MMD -MP      -mlittle-endian -mxl-barr
TRACE::2026-07-31.15:24:38::SCWBDomain::el-shift -mxl-pattern-compare -mcpu=v9.2 -mxl-soft-mul -Os -flto -ffat-lto-objects   -c xpfw_mod_ultra96.c -o xpfw_mod_ultra96.
TRACE::2026-07-31.15:24:38::SCWBDomain::o -Izynqmp_pmufw_bsp/psu_pmu_0/include -I.

TRACE::2026-07-31.15:24:38::SCWBDomain::mb-gcc  -mlittle-endian -mxl-barrel-shift -mxl-pattern-compare -mxl-soft-mul -mcpu=v9.2 -MMD -MP      -mlittle-endian -mxl-barr
TRACE::2026-07-31.15:24:38::SCWBDomain::el-shift -mxl-pattern-compare -mcpu=v9.2 -mxl-soft-mul -Os -flto -ffat-lto-objects   -c xpfw_mod_wdt.c -o xpfw_mod_wdt.o -Izynq
TRACE::2026-07-31.15:24:38::SCWBDomain::mp_pmufw_bsp/psu_pmu_0/include -I.

TRACE::2026-07-31.15:24:38::SCWBDomain::mb-gcc  -mlittle-endian -mxl-barrel-shift -mxl-pattern-compare -mxl-soft-mul -mcpu=v9.2 -MMD -MP      -mlittle-endian -mxl-barr
TRACE::2026-07-31.15:24:38::SCWBDomain::el-shift -mxl-pattern-compare -mcpu=v9.2 -mxl-soft-mul -Os -flto -ffat-lto-objects   -c xpfw_platform.c -o xpfw_platform.o -Izy
TRACE::2026-07-31.15:24:38::SCWBDomain::nqmp_pmufw_bsp/psu_pmu_0/include -I.

TRACE::2026-07-31.15:24:38::SCWBDomain::mb-gcc  -mlittle-endian -mxl-barrel-shift -mxl-pattern-compare -mxl-soft-mul -mcpu=v9.2 -MMD -MP      -mlittle-endian -mxl-barr
TRACE::2026-07-31.15:24:38::SCWBDomain::el-shift -mxl-pattern-compare -mcpu=v9.2 -mxl-soft-mul -Os -flto -ffat-lto-objects   -c xpfw_resets.c -o xpfw_resets.o -Izynqmp
TRACE::2026-07-31.15:24:38::SCWBDomain::_pmufw_bsp/psu_pmu_0/include -I.

TRACE::2026-07-31.15:24:38::SCWBDomain::mb-gcc  -mlittle-endian -mxl-barrel-shift -mxl-pattern-compare -mxl-soft-mul -mcpu=v9.2 -MMD -MP      -mlittle-endian -mxl-barr
TRACE::2026-07-31.15:24:38::SCWBDomain::el-shift -mxl-pattern-compare -mcpu=v9.2 -mxl-soft-mul -Os -flto -ffat-lto-objects   -c xpfw_restart.c -o xpfw_restart.o -Izynq
TRACE::2026-07-31.15:24:38::SCWBDomain::mp_pmufw_bsp/psu_pmu_0/include -I.

TRACE::2026-07-31.15:24:38::SCWBDomain::mb-gcc  -mlittle-endian -mxl-barrel-shift -mxl-pattern-compare -mxl-soft-mul -mcpu=v9.2 -MMD -MP      -mlittle-endian -mxl-barr
TRACE::2026-07-31.15:24:38::SCWBDomain::el-shift -mxl-pattern-compare -mcpu=v9.2 -mxl-soft-mul -Os -flto -ffat-lto-objects   -c xpfw_rom_interface.c -o xpfw_rom_interf
TRACE::2026-07-31.15:24:38::SCWBDomain::ace.o -Izynqmp_pmufw_bsp/psu_pmu_0/include -I.

TRACE::2026-07-31.15:24:38::SCWBDomain::mb-gcc  -mlittle-endian -mxl-barrel-shift -mxl-pattern-compare -mxl-soft-mul -mcpu=v9.2 -MMD -MP      -mlittle-endian -mxl-barr
TRACE::2026-07-31.15:24:38::SCWBDomain::el-shift -mxl-pattern-compare -mcpu=v9.2 -mxl-soft-mul -Os -flto -ffat-lto-objects   -c xpfw_scheduler.c -o xpfw_scheduler.o -I
TRACE::2026-07-31.15:24:38::SCWBDomain::zynqmp_pmufw_bsp/psu_pmu_0/include -I.

TRACE::2026-07-31.15:24:38::SCWBDomain::mb-gcc  -mlittle-endian -mxl-barrel-shift -mxl-pattern-compare -mxl-soft-mul -mcpu=v9.2 -MMD -MP      -mlittle-endian -mxl-barr
TRACE::2026-07-31.15:24:38::SCWBDomain::el-shift -mxl-pattern-compare -mcpu=v9.2 -mxl-soft-mul -Os -flto -ffat-lto-objects   -c xpfw_user_startup.c -o xpfw_user_startu
TRACE::2026-07-31.15:24:38::SCWBDomain::p.o -Izynqmp_pmufw_bsp/psu_pmu_0/include -I.

TRACE::2026-07-31.15:24:38::SCWBDomain::mb-gcc  -mlittle-endian -mxl-barrel-shift -mxl-pattern-compare -mxl-soft-mul -mcpu=v9.2 -MMD -MP      -mlittle-endian -mxl-barr
TRACE::2026-07-31.15:24:38::SCWBDomain::el-shift -mxl-pattern-compare -mcpu=v9.2 -mxl-soft-mul -Os -flto -ffat-lto-objects   -c xpfw_util.c -o xpfw_util.o -Izynqmp_pmu
TRACE::2026-07-31.15:24:38::SCWBDomain::fw_bsp/psu_pmu_0/include -I.

TRACE::2026-07-31.15:24:38::SCWBDomain::mb-gcc  -mlittle-endian -mxl-barrel-shift -mxl-pattern-compare -mxl-soft-mul -mcpu=v9.2 -MMD -MP      -mlittle-endian -mxl-barr
TRACE::2026-07-31.15:24:38::SCWBDomain::el-shift -mxl-pattern-compare -mcpu=v9.2 -mxl-soft-mul -Os -flto -ffat-lto-objects   -c xpfw_xpu.c -o xpfw_xpu.o -Izynqmp_pmufw
TRACE::2026-07-31.15:24:38::SCWBDomain::_bsp/psu_pmu_0/include -I.

TRACE::2026-07-31.15:24:38::SCWBDomain::mb-gcc  -mlittle-endian -mxl-barrel-shift -mxl-pattern-compare -mxl-soft-mul -mcpu=v9.2 -MMD -MP      -mlittle-endian -mxl-barr
TRACE::2026-07-31.15:24:38::SCWBDomain::el-shift -mxl-pattern-compare -mcpu=v9.2 -mxl-soft-mul -Os -flto -ffat-lto-objects   -c xpfw_start.S -o xpfw_start.o -Izynqmp_p
TRACE::2026-07-31.15:24:38::SCWBDomain::mufw_bsp/psu_pmu_0/include -I.

TRACE::2026-07-31.15:24:38::SCWBDomain::mb-gcc -o pmufw.elf idle_hooks.o pm_binding.o pm_callbacks.o pm_clock.o pm_config.o pm_core.o pm_csudma.o pm_ddr.o pm_extern.o 
TRACE::2026-07-31.15:24:38::SCWBDomain::pm_gic_proxy.o pm_gpp.o pm_hooks.o pm_ioctl.o pm_master.o pm_mmio_access.o pm_node.o pm_node_reset.o pm_notifier.o pm_periph.o 
TRACE::2026-07-31.15:24:38::SCWBDomain::pm_pinctrl.o pm_pll.o pm_power.o pm_proc.o pm_qspi.o pm_requirement.o pm_reset.o pm_slave.o pm_sram.o pm_system.o pm_usb.o xpfw
TRACE::2026-07-31.15:24:38::SCWBDomain::_aib.o xpfw_core.o xpfw_error_manager.o xpfw_events.o xpfw_interrupts.o xpfw_ipi_manager.o xpfw_main.o xpfw_mod_common.o xpfw_m
TRACE::2026-07-31.15:24:38::SCWBDomain::od_dap.o xpfw_mod_em.o xpfw_mod_extwdt.o xpfw_mod_legacy.o xpfw_mod_overtemp.o xpfw_mod_pm.o xpfw_mod_rpu.o xpfw_mod_rtc.o xpfw
TRACE::2026-07-31.15:24:38::SCWBDomain::_mod_sched.o xpfw_mod_stl.o xpfw_mod_ultra96.o xpfw_mod_wdt.o xpfw_module.o xpfw_platform.o xpfw_resets.o xpfw_restart.o xpfw_r
TRACE::2026-07-31.15:24:38::SCWBDomain::om_interface.o xpfw_scheduler.o xpfw_start.o xpfw_user_startup.o xpfw_util.o xpfw_xpu.o -MMD -MP      -mlittle-endian -mxl-barr
TRACE::2026-07-31.15:24:38::SCWBDomain::el-shift -mxl-pattern-compare -mcpu=v9.2 -mxl-soft-mul -Os -flto -ffat-lto-objects    -Wl,--start-group,-lxil,-lgcc,-lc,--end-g
TRACE::2026-07-31.15:24:38::SCWBDomain::roup -Wl,--start-group,-lxilfpga,-lxil,-lgcc,-lc,--end-group -Wl,--start-group,-lxilsecure,-lxil,-lgcc,-lc,--end-group -Wl,--st
TRACE::2026-07-31.15:24:38::SCWBDomain::art-group,-lxilskey,-lxil,-lgcc,-lc,--end-group                                                                                
TRACE::2026-07-31.15:24:38::SCWBDomain::                            -nostartfiles -Wl,--no-relax -Wl,--gc-sections -Lzynqmp_pmufw_bsp/psu_pmu_0/lib -Tlscript.ld

LOG::2026-07-31.15:24:40::SCWSystem::Checking the domain standalone_domain
LOG::2026-07-31.15:24:40::SCWSystem::Not a boot domain 
LOG::2026-07-31.15:24:40::SCWSystem::Started Processing the domain standalone_domain
TRACE::2026-07-31.15:24:40::SCWDomain::Generating domain artifcats
TRACE::2026-07-31.15:24:40::SCWMssOS::Generating standalone artifcats
TRACE::2026-07-31.15:24:40::SCWMssOS::Copying the qemu file from  /home/sogang/ppe_fpga_ho/vitis_workspace/ppe_dma_platform_v2/resources/ppe_dma_platform_v2/standalone_domain/qemu_args.txt To /home/sogang/ppe_fpga_ho/vitis_workspace/ppe_dma_platform_v2/export/ppe_dma_platform_v2/sw/ppe_dma_platform_v2/qemu/
TRACE::2026-07-31.15:24:40::SCWMssOS::Copying the qemu file from  /home/sogang/ppe_fpga_ho/vitis_workspace/ppe_dma_platform_v2/resources/ppe_dma_platform_v2/standalone_domain/qemu_args.txt To /home/sogang/ppe_fpga_ho/vitis_workspace/ppe_dma_platform_v2/export/ppe_dma_platform_v2/sw/ppe_dma_platform_v2/qemu/
TRACE::2026-07-31.15:24:40::SCWMssOS::Copying the qemu file from  /home/sogang/ppe_fpga_ho/vitis_workspace/ppe_dma_platform_v2/resources/ppe_dma_platform_v2/standalone_domain/qemu_args.txt To /home/sogang/ppe_fpga_ho/vitis_workspace/ppe_dma_platform_v2/export/ppe_dma_platform_v2/sw/ppe_dma_platform_v2/standalone_domain/qemu/
TRACE::2026-07-31.15:24:40::SCWMssOS::Copying the qemu file from  /home/sogang/ppe_fpga_ho/vitis_workspace/ppe_dma_platform_v2/resources/ppe_dma_platform_v2/standalone_domain/qemu_args.txt To /home/sogang/ppe_fpga_ho/vitis_workspace/ppe_dma_platform_v2/export/ppe_dma_platform_v2/sw/ppe_dma_platform_v2/standalone_domain/qemu/
TRACE::2026-07-31.15:24:40::SCWMssOS:: Copying the user libraries. 
TRACE::2026-07-31.15:24:40::SCWPlatform::Trying to open the hw design at /home/sogang/ppe_fpga_ho/vitis_workspace/ppe_dma_platform_v2/hw/dma_passthrough.xsa
TRACE::2026-07-31.15:24:40::SCWPlatform::DSA given /home/sogang/ppe_fpga_ho/vitis_workspace/ppe_dma_platform_v2/hw/dma_passthrough.xsa
TRACE::2026-07-31.15:24:40::SCWPlatform::DSA absoulate path /home/sogang/ppe_fpga_ho/vitis_workspace/ppe_dma_platform_v2/hw/dma_passthrough.xsa
TRACE::2026-07-31.15:24:40::SCWPlatform::DSA directory /home/sogang/ppe_fpga_ho/vitis_workspace/ppe_dma_platform_v2/hw
TRACE::2026-07-31.15:24:40::SCWPlatform:: Platform Path /home/sogang/ppe_fpga_ho/vitis_workspace/ppe_dma_platform_v2/hw/dma_passthrough.xsa
TRACE::2026-07-31.15:24:40::SCWPlatform:: Unique name xilinx:kv260_som_som240_1_connector_kv260_carrier_som240_1_connector::0.0
TRACE::2026-07-31.15:24:40::SCWPlatform::Trying to set the existing hwdb with name dma_passthrough_wrapper_1
TRACE::2026-07-31.15:24:40::SCWPlatform::Opened existing hwdb dma_passthrough_wrapper_1
TRACE::2026-07-31.15:24:40::SCWPlatform::Found the Hw Db part of the input DSA
TRACE::2026-07-31.15:24:40::SCWMssOS::Checking the sw design at  /home/sogang/ppe_fpga_ho/vitis_workspace/ppe_dma_platform_v2/psu_cortexa53_0/standalone_domain/bsp/system.mss
TRACE::2026-07-31.15:24:40::SCWMssOS::DEBUG:  swdes dump  /home/sogang/ppe_fpga_ho/vitis_workspace/ppe_dma_platform_v2/psu_cortexa53_0/standalone_domain/bsp/system.mss|system_1||
/home/sogang/ppe_fpga_ho/vitis_workspace/ppe_dma_platform_v2/zynqmp_fsbl/zynqmp_fsbl_bsp/system.mss|system||
/home/sogang/ppe_fpga_ho/vitis_workspace/ppe_dma_platform_v2/zynqmp_pmufw/zynqmp_pmufw_bsp/system.mss|system_0||

TRACE::2026-07-31.15:24:40::SCWMssOS::Sw design exists and opened at  /home/sogang/ppe_fpga_ho/vitis_workspace/ppe_dma_platform_v2/psu_cortexa53_0/standalone_domain/bsp/system.mss
TRACE::2026-07-31.15:24:40::SCWMssOS::Completed writing the mss file at /home/sogang/ppe_fpga_ho/vitis_workspace/ppe_dma_platform_v2/psu_cortexa53_0/standalone_domain/bsp
TRACE::2026-07-31.15:24:40::SCWMssOS::Mss edits present, copying mssfile into export location /home/sogang/ppe_fpga_ho/vitis_workspace/ppe_dma_platform_v2/psu_cortexa53_0/standalone_domain/bsp/system.mss
TRACE::2026-07-31.15:24:40::SCWMssOS::bsp generated is upto date with the mss file. Skipping bsp generation.
TRACE::2026-07-31.15:24:40::SCWMssOS::BSP is already built. skipping the bsp build ... 
TRACE::2026-07-31.15:24:40::SCWDomain::Building the domain as part of full build :  standalone_domain
TRACE::2026-07-31.15:24:40::SCWMssOS::doing bsp build ... 
TRACE::2026-07-31.15:24:40::SCWMssOS::System Command Ran  cd  /home/sogang/ppe_fpga_ho/vitis_workspace/ppe_dma_platform_v2/psu_cortexa53_0/standalone_domain/bsp ; bash -c "make  " 
TRACE::2026-07-31.15:24:40::SCWMssOS::make --no-print-directory seq_libs

TRACE::2026-07-31.15:24:40::SCWMssOS::Running Make include in psu_cortexa53_0/libsrc/avbuf_v2_5/src

TRACE::2026-07-31.15:24:40::SCWMssOS::make -C psu_cortexa53_0/libsrc/avbuf_v2_5/src -s include  "SHELL=/bin/sh" "COMPILER=aarch64-none-elf-gcc" "ASSEMBLER=aarch64-no
TRACE::2026-07-31.15:24:40::SCWMssOS::ne-elf-as" "ARCHIVER=aarch64-none-elf-ar" "COMPILER_FLAGS=  -O2 -c" "EXTRA_COMPILER_FLAGS=-g -Wall -Wextra -fno-tree-loop-distr
TRACE::2026-07-31.15:24:40::SCWMssOS::ibute-patterns"

TRACE::2026-07-31.15:24:40::SCWMssOS::Running Make include in psu_cortexa53_0/libsrc/axidma_v9_15/src

TRACE::2026-07-31.15:24:40::SCWMssOS::make -C psu_cortexa53_0/libsrc/axidma_v9_15/src -s include  "SHELL=/bin/sh" "COMPILER=aarch64-none-elf-gcc" "ASSEMBLER=aarch64-
TRACE::2026-07-31.15:24:40::SCWMssOS::none-elf-as" "ARCHIVER=aarch64-none-elf-ar" "COMPILER_FLAGS=  -O2 -c" "EXTRA_COMPILER_FLAGS=-g -Wall -Wextra -fno-tree-loop-dis
TRACE::2026-07-31.15:24:40::SCWMssOS::tribute-patterns"

TRACE::2026-07-31.15:24:40::SCWMssOS::Running Make include in psu_cortexa53_0/libsrc/axipmon_v6_9/src

TRACE::2026-07-31.15:24:40::SCWMssOS::make -C psu_cortexa53_0/libsrc/axipmon_v6_9/src -s include  "SHELL=/bin/sh" "COMPILER=aarch64-none-elf-gcc" "ASSEMBLER=aarch64-
TRACE::2026-07-31.15:24:40::SCWMssOS::none-elf-as" "ARCHIVER=aarch64-none-elf-ar" "COMPILER_FLAGS=  -O2 -c" "EXTRA_COMPILER_FLAGS=-g -Wall -Wextra -fno-tree-loop-dis
TRACE::2026-07-31.15:24:40::SCWMssOS::tribute-patterns"

TRACE::2026-07-31.15:24:40::SCWMssOS::Running Make include in psu_cortexa53_0/libsrc/axis_passthrough_v1_0/src

TRACE::2026-07-31.15:24:40::SCWMssOS::make -C psu_cortexa53_0/libsrc/axis_passthrough_v1_0/src -s include  "SHELL=/bin/sh" "COMPILER=aarch64-none-elf-gcc" "ASSEMBLER
TRACE::2026-07-31.15:24:40::SCWMssOS::=aarch64-none-elf-as" "ARCHIVER=aarch64-none-elf-ar" "COMPILER_FLAGS=  -O2 -c" "EXTRA_COMPILER_FLAGS=-g -Wall -Wextra -fno-tree
TRACE::2026-07-31.15:24:40::SCWMssOS::-loop-distribute-patterns"

TRACE::2026-07-31.15:24:40::SCWMssOS::Running Make include in psu_cortexa53_0/libsrc/clockps_v1_4/src

TRACE::2026-07-31.15:24:40::SCWMssOS::make -C psu_cortexa53_0/libsrc/clockps_v1_4/src -s include  "SHELL=/bin/sh" "COMPILER=aarch64-none-elf-gcc" "ASSEMBLER=aarch64-
TRACE::2026-07-31.15:24:40::SCWMssOS::none-elf-as" "ARCHIVER=aarch64-none-elf-ar" "COMPILER_FLAGS=  -O2 -c" "EXTRA_COMPILER_FLAGS=-g -Wall -Wextra -fno-tree-loop-dis
TRACE::2026-07-31.15:24:40::SCWMssOS::tribute-patterns"

TRACE::2026-07-31.15:24:40::SCWMssOS::Running Make include in psu_cortexa53_0/libsrc/coresightps_dcc_v1_8/src

TRACE::2026-07-31.15:24:40::SCWMssOS::make -C psu_cortexa53_0/libsrc/coresightps_dcc_v1_8/src -s include  "SHELL=/bin/sh" "COMPILER=aarch64-none-elf-gcc" "ASSEMBLER=
TRACE::2026-07-31.15:24:40::SCWMssOS::aarch64-none-elf-as" "ARCHIVER=aarch64-none-elf-ar" "COMPILER_FLAGS=  -O2 -c" "EXTRA_COMPILER_FLAGS=-g -Wall -Wextra -fno-tree-
TRACE::2026-07-31.15:24:40::SCWMssOS::loop-distribute-patterns"

TRACE::2026-07-31.15:24:40::SCWMssOS::Running Make include in psu_cortexa53_0/libsrc/cpu_cortexa53_v2_0/src

TRACE::2026-07-31.15:24:40::SCWMssOS::make -C psu_cortexa53_0/libsrc/cpu_cortexa53_v2_0/src -s include  "SHELL=/bin/sh" "COMPILER=aarch64-none-elf-gcc" "ASSEMBLER=aa
TRACE::2026-07-31.15:24:40::SCWMssOS::rch64-none-elf-as" "ARCHIVER=aarch64-none-elf-ar" "COMPILER_FLAGS=  -O2 -c" "EXTRA_COMPILER_FLAGS=-g -Wall -Wextra -fno-tree-lo
TRACE::2026-07-31.15:24:40::SCWMssOS::op-distribute-patterns"

TRACE::2026-07-31.15:24:40::SCWMssOS::Running Make include in psu_cortexa53_0/libsrc/csudma_v1_12/src

TRACE::2026-07-31.15:24:40::SCWMssOS::make -C psu_cortexa53_0/libsrc/csudma_v1_12/src -s include  "SHELL=/bin/sh" "COMPILER=aarch64-none-elf-gcc" "ASSEMBLER=aarch64-
TRACE::2026-07-31.15:24:40::SCWMssOS::none-elf-as" "ARCHIVER=aarch64-none-elf-ar" "COMPILER_FLAGS=  -O2 -c" "EXTRA_COMPILER_FLAGS=-g -Wall -Wextra -fno-tree-loop-dis
TRACE::2026-07-31.15:24:40::SCWMssOS::tribute-patterns"

TRACE::2026-07-31.15:24:40::SCWMssOS::Running Make include in psu_cortexa53_0/libsrc/ddrcpsu_v1_4/src

TRACE::2026-07-31.15:24:40::SCWMssOS::make -C psu_cortexa53_0/libsrc/ddrcpsu_v1_4/src -s include  "SHELL=/bin/sh" "COMPILER=aarch64-none-elf-gcc" "ASSEMBLER=aarch64-
TRACE::2026-07-31.15:24:40::SCWMssOS::none-elf-as" "ARCHIVER=aarch64-none-elf-ar" "COMPILER_FLAGS=  -O2 -c" "EXTRA_COMPILER_FLAGS=-g -Wall -Wextra -fno-tree-loop-dis
TRACE::2026-07-31.15:24:40::SCWMssOS::tribute-patterns"

TRACE::2026-07-31.15:24:40::SCWMssOS::Running Make include in psu_cortexa53_0/libsrc/dpdma_v1_4/src

TRACE::2026-07-31.15:24:40::SCWMssOS::make -C psu_cortexa53_0/libsrc/dpdma_v1_4/src -s include  "SHELL=/bin/sh" "COMPILER=aarch64-none-elf-gcc" "ASSEMBLER=aarch64-no
TRACE::2026-07-31.15:24:40::SCWMssOS::ne-elf-as" "ARCHIVER=aarch64-none-elf-ar" "COMPILER_FLAGS=  -O2 -c" "EXTRA_COMPILER_FLAGS=-g -Wall -Wextra -fno-tree-loop-distr
TRACE::2026-07-31.15:24:40::SCWMssOS::ibute-patterns"

TRACE::2026-07-31.15:24:40::SCWMssOS::Running Make include in psu_cortexa53_0/libsrc/dppsu_v1_6/src

TRACE::2026-07-31.15:24:40::SCWMssOS::make -C psu_cortexa53_0/libsrc/dppsu_v1_6/src -s include  "SHELL=/bin/sh" "COMPILER=aarch64-none-elf-gcc" "ASSEMBLER=aarch64-no
TRACE::2026-07-31.15:24:40::SCWMssOS::ne-elf-as" "ARCHIVER=aarch64-none-elf-ar" "COMPILER_FLAGS=  -O2 -c" "EXTRA_COMPILER_FLAGS=-g -Wall -Wextra -fno-tree-loop-distr
TRACE::2026-07-31.15:24:40::SCWMssOS::ibute-patterns"

TRACE::2026-07-31.15:24:40::SCWMssOS::Running Make include in psu_cortexa53_0/libsrc/emacps_v3_17/src

TRACE::2026-07-31.15:24:40::SCWMssOS::make -C psu_cortexa53_0/libsrc/emacps_v3_17/src -s include  "SHELL=/bin/sh" "COMPILER=aarch64-none-elf-gcc" "ASSEMBLER=aarch64-
TRACE::2026-07-31.15:24:40::SCWMssOS::none-elf-as" "ARCHIVER=aarch64-none-elf-ar" "COMPILER_FLAGS=  -O2 -c" "EXTRA_COMPILER_FLAGS=-g -Wall -Wextra -fno-tree-loop-dis
TRACE::2026-07-31.15:24:40::SCWMssOS::tribute-patterns"

TRACE::2026-07-31.15:24:40::SCWMssOS::Running Make include in psu_cortexa53_0/libsrc/gpiops_v3_10/src

TRACE::2026-07-31.15:24:40::SCWMssOS::make -C psu_cortexa53_0/libsrc/gpiops_v3_10/src -s include  "SHELL=/bin/sh" "COMPILER=aarch64-none-elf-gcc" "ASSEMBLER=aarch64-
TRACE::2026-07-31.15:24:40::SCWMssOS::none-elf-as" "ARCHIVER=aarch64-none-elf-ar" "COMPILER_FLAGS=  -O2 -c" "EXTRA_COMPILER_FLAGS=-g -Wall -Wextra -fno-tree-loop-dis
TRACE::2026-07-31.15:24:40::SCWMssOS::tribute-patterns"

TRACE::2026-07-31.15:24:40::SCWMssOS::Running Make include in psu_cortexa53_0/libsrc/iicps_v3_16/src

TRACE::2026-07-31.15:24:40::SCWMssOS::make -C psu_cortexa53_0/libsrc/iicps_v3_16/src -s include  "SHELL=/bin/sh" "COMPILER=aarch64-none-elf-gcc" "ASSEMBLER=aarch64-n
TRACE::2026-07-31.15:24:40::SCWMssOS::one-elf-as" "ARCHIVER=aarch64-none-elf-ar" "COMPILER_FLAGS=  -O2 -c" "EXTRA_COMPILER_FLAGS=-g -Wall -Wextra -fno-tree-loop-dist
TRACE::2026-07-31.15:24:40::SCWMssOS::ribute-patterns"

TRACE::2026-07-31.15:24:40::SCWMssOS::Running Make include in psu_cortexa53_0/libsrc/ipipsu_v2_12/src

TRACE::2026-07-31.15:24:40::SCWMssOS::make -C psu_cortexa53_0/libsrc/ipipsu_v2_12/src -s include  "SHELL=/bin/sh" "COMPILER=aarch64-none-elf-gcc" "ASSEMBLER=aarch64-
TRACE::2026-07-31.15:24:40::SCWMssOS::none-elf-as" "ARCHIVER=aarch64-none-elf-ar" "COMPILER_FLAGS=  -O2 -c" "EXTRA_COMPILER_FLAGS=-g -Wall -Wextra -fno-tree-loop-dis
TRACE::2026-07-31.15:24:40::SCWMssOS::tribute-patterns"

TRACE::2026-07-31.15:24:40::SCWMssOS::Running Make include in psu_cortexa53_0/libsrc/qspipsu_v1_16/src

TRACE::2026-07-31.15:24:40::SCWMssOS::make -C psu_cortexa53_0/libsrc/qspipsu_v1_16/src -s include  "SHELL=/bin/sh" "COMPILER=aarch64-none-elf-gcc" "ASSEMBLER=aarch64
TRACE::2026-07-31.15:24:40::SCWMssOS::-none-elf-as" "ARCHIVER=aarch64-none-elf-ar" "COMPILER_FLAGS=  -O2 -c" "EXTRA_COMPILER_FLAGS=-g -Wall -Wextra -fno-tree-loop-di
TRACE::2026-07-31.15:24:40::SCWMssOS::stribute-patterns"

TRACE::2026-07-31.15:24:40::SCWMssOS::Running Make include in psu_cortexa53_0/libsrc/resetps_v1_5/src

TRACE::2026-07-31.15:24:40::SCWMssOS::make -C psu_cortexa53_0/libsrc/resetps_v1_5/src -s include  "SHELL=/bin/sh" "COMPILER=aarch64-none-elf-gcc" "ASSEMBLER=aarch64-
TRACE::2026-07-31.15:24:40::SCWMssOS::none-elf-as" "ARCHIVER=aarch64-none-elf-ar" "COMPILER_FLAGS=  -O2 -c" "EXTRA_COMPILER_FLAGS=-g -Wall -Wextra -fno-tree-loop-dis
TRACE::2026-07-31.15:24:40::SCWMssOS::tribute-patterns"

TRACE::2026-07-31.15:24:40::SCWMssOS::Running Make include in psu_cortexa53_0/libsrc/rtcpsu_v1_12/src

TRACE::2026-07-31.15:24:40::SCWMssOS::make -C psu_cortexa53_0/libsrc/rtcpsu_v1_12/src -s include  "SHELL=/bin/sh" "COMPILER=aarch64-none-elf-gcc" "ASSEMBLER=aarch64-
TRACE::2026-07-31.15:24:40::SCWMssOS::none-elf-as" "ARCHIVER=aarch64-none-elf-ar" "COMPILER_FLAGS=  -O2 -c" "EXTRA_COMPILER_FLAGS=-g -Wall -Wextra -fno-tree-loop-dis
TRACE::2026-07-31.15:24:40::SCWMssOS::tribute-patterns"

TRACE::2026-07-31.15:24:40::SCWMssOS::Running Make include in psu_cortexa53_0/libsrc/scugic_v5_0/src

TRACE::2026-07-31.15:24:40::SCWMssOS::make -C psu_cortexa53_0/libsrc/scugic_v5_0/src -s include  "SHELL=/bin/sh" "COMPILER=aarch64-none-elf-gcc" "ASSEMBLER=aarch64-n
TRACE::2026-07-31.15:24:40::SCWMssOS::one-elf-as" "ARCHIVER=aarch64-none-elf-ar" "COMPILER_FLAGS=  -O2 -c" "EXTRA_COMPILER_FLAGS=-g -Wall -Wextra -fno-tree-loop-dist
TRACE::2026-07-31.15:24:40::SCWMssOS::ribute-patterns"

TRACE::2026-07-31.15:24:40::SCWMssOS::Running Make include in psu_cortexa53_0/libsrc/sdps_v4_0/src

TRACE::2026-07-31.15:24:40::SCWMssOS::make -C psu_cortexa53_0/libsrc/sdps_v4_0/src -s include  "SHELL=/bin/sh" "COMPILER=aarch64-none-elf-gcc" "ASSEMBLER=aarch64-non
TRACE::2026-07-31.15:24:40::SCWMssOS::e-elf-as" "ARCHIVER=aarch64-none-elf-ar" "COMPILER_FLAGS=  -O2 -c" "EXTRA_COMPILER_FLAGS=-g -Wall -Wextra -fno-tree-loop-distri
TRACE::2026-07-31.15:24:40::SCWMssOS::bute-patterns"

TRACE::2026-07-31.15:24:40::SCWMssOS::Running Make include in psu_cortexa53_0/libsrc/spips_v3_8/src

TRACE::2026-07-31.15:24:40::SCWMssOS::make -C psu_cortexa53_0/libsrc/spips_v3_8/src -s include  "SHELL=/bin/sh" "COMPILER=aarch64-none-elf-gcc" "ASSEMBLER=aarch64-no
TRACE::2026-07-31.15:24:40::SCWMssOS::ne-elf-as" "ARCHIVER=aarch64-none-elf-ar" "COMPILER_FLAGS=  -O2 -c" "EXTRA_COMPILER_FLAGS=-g -Wall -Wextra -fno-tree-loop-distr
TRACE::2026-07-31.15:24:40::SCWMssOS::ibute-patterns"

TRACE::2026-07-31.15:24:40::SCWMssOS::Running Make include in psu_cortexa53_0/libsrc/standalone_v8_0/src

TRACE::2026-07-31.15:24:40::SCWMssOS::make -C psu_cortexa53_0/libsrc/standalone_v8_0/src -s include  "SHELL=/bin/sh" "COMPILER=aarch64-none-elf-gcc" "ASSEMBLER=aarch
TRACE::2026-07-31.15:24:40::SCWMssOS::64-none-elf-as" "ARCHIVER=aarch64-none-elf-ar" "COMPILER_FLAGS=  -O2 -c" "EXTRA_COMPILER_FLAGS=-g -Wall -Wextra -fno-tree-loop-
TRACE::2026-07-31.15:24:40::SCWMssOS::distribute-patterns"

TRACE::2026-07-31.15:24:40::SCWMssOS::Running Make include in psu_cortexa53_0/libsrc/sysmonpsu_v2_8/src

TRACE::2026-07-31.15:24:40::SCWMssOS::make -C psu_cortexa53_0/libsrc/sysmonpsu_v2_8/src -s include  "SHELL=/bin/sh" "COMPILER=aarch64-none-elf-gcc" "ASSEMBLER=aarch6
TRACE::2026-07-31.15:24:40::SCWMssOS::4-none-elf-as" "ARCHIVER=aarch64-none-elf-ar" "COMPILER_FLAGS=  -O2 -c" "EXTRA_COMPILER_FLAGS=-g -Wall -Wextra -fno-tree-loop-d
TRACE::2026-07-31.15:24:40::SCWMssOS::istribute-patterns"

TRACE::2026-07-31.15:24:40::SCWMssOS::Running Make include in psu_cortexa53_0/libsrc/ttcps_v3_16/src

TRACE::2026-07-31.15:24:40::SCWMssOS::make -C psu_cortexa53_0/libsrc/ttcps_v3_16/src -s include  "SHELL=/bin/sh" "COMPILER=aarch64-none-elf-gcc" "ASSEMBLER=aarch64-n
TRACE::2026-07-31.15:24:40::SCWMssOS::one-elf-as" "ARCHIVER=aarch64-none-elf-ar" "COMPILER_FLAGS=  -O2 -c" "EXTRA_COMPILER_FLAGS=-g -Wall -Wextra -fno-tree-loop-dist
TRACE::2026-07-31.15:24:40::SCWMssOS::ribute-patterns"

TRACE::2026-07-31.15:24:40::SCWMssOS::Running Make include in psu_cortexa53_0/libsrc/uartps_v3_11/src

TRACE::2026-07-31.15:24:40::SCWMssOS::make -C psu_cortexa53_0/libsrc/uartps_v3_11/src -s include  "SHELL=/bin/sh" "COMPILER=aarch64-none-elf-gcc" "ASSEMBLER=aarch64-
TRACE::2026-07-31.15:24:40::SCWMssOS::none-elf-as" "ARCHIVER=aarch64-none-elf-ar" "COMPILER_FLAGS=  -O2 -c" "EXTRA_COMPILER_FLAGS=-g -Wall -Wextra -fno-tree-loop-dis
TRACE::2026-07-31.15:24:40::SCWMssOS::tribute-patterns"

TRACE::2026-07-31.15:24:40::SCWMssOS::Running Make include in psu_cortexa53_0/libsrc/usbpsu_v1_12/src

TRACE::2026-07-31.15:24:40::SCWMssOS::make -C psu_cortexa53_0/libsrc/usbpsu_v1_12/src -s include  "SHELL=/bin/sh" "COMPILER=aarch64-none-elf-gcc" "ASSEMBLER=aarch64-
TRACE::2026-07-31.15:24:40::SCWMssOS::none-elf-as" "ARCHIVER=aarch64-none-elf-ar" "COMPILER_FLAGS=  -O2 -c" "EXTRA_COMPILER_FLAGS=-g -Wall -Wextra -fno-tree-loop-dis
TRACE::2026-07-31.15:24:40::SCWMssOS::tribute-patterns"

TRACE::2026-07-31.15:24:40::SCWMssOS::Running Make include in psu_cortexa53_0/libsrc/video_common_v4_13/src

TRACE::2026-07-31.15:24:40::SCWMssOS::make -C psu_cortexa53_0/libsrc/video_common_v4_13/src -s include  "SHELL=/bin/sh" "COMPILER=aarch64-none-elf-gcc" "ASSEMBLER=aa
TRACE::2026-07-31.15:24:40::SCWMssOS::rch64-none-elf-as" "ARCHIVER=aarch64-none-elf-ar" "COMPILER_FLAGS=  -O2 -c" "EXTRA_COMPILER_FLAGS=-g -Wall -Wextra -fno-tree-lo
TRACE::2026-07-31.15:24:40::SCWMssOS::op-distribute-patterns"

TRACE::2026-07-31.15:24:40::SCWMssOS::Running Make include in psu_cortexa53_0/libsrc/wdtps_v3_5/src

TRACE::2026-07-31.15:24:40::SCWMssOS::make -C psu_cortexa53_0/libsrc/wdtps_v3_5/src -s include  "SHELL=/bin/sh" "COMPILER=aarch64-none-elf-gcc" "ASSEMBLER=aarch64-no
TRACE::2026-07-31.15:24:40::SCWMssOS::ne-elf-as" "ARCHIVER=aarch64-none-elf-ar" "COMPILER_FLAGS=  -O2 -c" "EXTRA_COMPILER_FLAGS=-g -Wall -Wextra -fno-tree-loop-distr
TRACE::2026-07-31.15:24:40::SCWMssOS::ibute-patterns"

TRACE::2026-07-31.15:24:40::SCWMssOS::Running Make include in psu_cortexa53_0/libsrc/zdma_v1_15/src

TRACE::2026-07-31.15:24:40::SCWMssOS::make -C psu_cortexa53_0/libsrc/zdma_v1_15/src -s include  "SHELL=/bin/sh" "COMPILER=aarch64-none-elf-gcc" "ASSEMBLER=aarch64-no
TRACE::2026-07-31.15:24:40::SCWMssOS::ne-elf-as" "ARCHIVER=aarch64-none-elf-ar" "COMPILER_FLAGS=  -O2 -c" "EXTRA_COMPILER_FLAGS=-g -Wall -Wextra -fno-tree-loop-distr
TRACE::2026-07-31.15:24:40::SCWMssOS::ibute-patterns"

TRACE::2026-07-31.15:24:40::SCWMssOS::Running Make libs in psu_cortexa53_0/libsrc/dppsu_v1_6/src

TRACE::2026-07-31.15:24:40::SCWMssOS::make -C psu_cortexa53_0/libsrc/dppsu_v1_6/src -s libs  "SHELL=/bin/sh" "COMPILER=aarch64-none-elf-gcc" "ASSEMBLER=aarch64-none-
TRACE::2026-07-31.15:24:40::SCWMssOS::elf-as" "ARCHIVER=aarch64-none-elf-ar" "COMPILER_FLAGS=  -O2 -c" "EXTRA_COMPILER_FLAGS=-g -Wall -Wextra -fno-tree-loop-distribu
TRACE::2026-07-31.15:24:40::SCWMssOS::te-patterns"

TRACE::2026-07-31.15:24:40::SCWMssOS::Compiling dppsu

TRACE::2026-07-31.15:24:41::SCWMssOS::Running Make libs in psu_cortexa53_0/libsrc/dpdma_v1_4/src

TRACE::2026-07-31.15:24:41::SCWMssOS::make -C psu_cortexa53_0/libsrc/dpdma_v1_4/src -s libs  "SHELL=/bin/sh" "COMPILER=aarch64-none-elf-gcc" "ASSEMBLER=aarch64-none-
TRACE::2026-07-31.15:24:41::SCWMssOS::elf-as" "ARCHIVER=aarch64-none-elf-ar" "COMPILER_FLAGS=  -O2 -c" "EXTRA_COMPILER_FLAGS=-g -Wall -Wextra -fno-tree-loop-distribu
TRACE::2026-07-31.15:24:41::SCWMssOS::te-patterns"

TRACE::2026-07-31.15:24:41::SCWMssOS::Compiling dpdma

TRACE::2026-07-31.15:24:41::SCWMssOS::Running Make libs in psu_cortexa53_0/libsrc/avbuf_v2_5/src

TRACE::2026-07-31.15:24:41::SCWMssOS::make -C psu_cortexa53_0/libsrc/avbuf_v2_5/src -s libs  "SHELL=/bin/sh" "COMPILER=aarch64-none-elf-gcc" "ASSEMBLER=aarch64-none-
TRACE::2026-07-31.15:24:41::SCWMssOS::elf-as" "ARCHIVER=aarch64-none-elf-ar" "COMPILER_FLAGS=  -O2 -c" "EXTRA_COMPILER_FLAGS=-g -Wall -Wextra -fno-tree-loop-distribu
TRACE::2026-07-31.15:24:41::SCWMssOS::te-patterns"

TRACE::2026-07-31.15:24:41::SCWMssOS::Compiling avbuf

TRACE::2026-07-31.15:24:42::SCWMssOS::Running Make libs in psu_cortexa53_0/libsrc/axis_passthrough_v1_0/src

TRACE::2026-07-31.15:24:42::SCWMssOS::make -C psu_cortexa53_0/libsrc/axis_passthrough_v1_0/src -s libs  "SHELL=/bin/sh" "COMPILER=aarch64-none-elf-gcc" "ASSEMBLER=aa
TRACE::2026-07-31.15:24:42::SCWMssOS::rch64-none-elf-as" "ARCHIVER=aarch64-none-elf-ar" "COMPILER_FLAGS=  -O2 -c" "EXTRA_COMPILER_FLAGS=-g -Wall -Wextra -fno-tree-lo
TRACE::2026-07-31.15:24:42::SCWMssOS::op-distribute-patterns"

TRACE::2026-07-31.15:24:42::SCWMssOS::Building axis_passthrough

TRACE::2026-07-31.15:24:42::SCWMssOS::Finished building libraries sequentially.

TRACE::2026-07-31.15:24:42::SCWMssOS::make -j 14 --no-print-directory par_libs

TRACE::2026-07-31.15:24:42::SCWMssOS::Running Make include in psu_cortexa53_0/libsrc/avbuf_v2_5/src

TRACE::2026-07-31.15:24:42::SCWMssOS::make -C psu_cortexa53_0/libsrc/avbuf_v2_5/src -s include  "SHELL=/bin/sh" "COMPILER=aarch64-none-elf-gcc" "ASSEMBLER=aarch64-no
TRACE::2026-07-31.15:24:42::SCWMssOS::ne-elf-as" "ARCHIVER=aarch64-none-elf-ar" "COMPILER_FLAGS=  -O2 -c" "EXTRA_COMPILER_FLAGS=-g -Wall -Wextra -fno-tree-loop-distr
TRACE::2026-07-31.15:24:42::SCWMssOS::ibute-patterns"

TRACE::2026-07-31.15:24:42::SCWMssOS::Running Make include in psu_cortexa53_0/libsrc/axidma_v9_15/src

TRACE::2026-07-31.15:24:42::SCWMssOS::Running Make include in psu_cortexa53_0/libsrc/axipmon_v6_9/src

TRACE::2026-07-31.15:24:42::SCWMssOS::make -C psu_cortexa53_0/libsrc/axidma_v9_15/src -s include  "SHELL=/bin/sh" "COMPILER=aarch64-none-elf-gcc" "ASSEMBLER=aarch64-
TRACE::2026-07-31.15:24:42::SCWMssOS::none-elf-as" "ARCHIVER=aarch64-none-elf-ar" "COMPILER_FLAGS=  -O2 -c" "EXTRA_COMPILER_FLAGS=-g -Wall -Wextra -fno-tree-loop-dis
TRACE::2026-07-31.15:24:42::SCWMssOS::tribute-patterns"

TRACE::2026-07-31.15:24:42::SCWMssOS::Running Make include in psu_cortexa53_0/libsrc/axis_passthrough_v1_0/src

TRACE::2026-07-31.15:24:42::SCWMssOS::Running Make include in psu_cortexa53_0/libsrc/clockps_v1_4/src

TRACE::2026-07-31.15:24:42::SCWMssOS::make -C psu_cortexa53_0/libsrc/axipmon_v6_9/src -s include  "SHELL=/bin/sh" "COMPILER=aarch64-none-elf-gcc" "ASSEMBLER=aarch64-
TRACE::2026-07-31.15:24:42::SCWMssOS::none-elf-as" "ARCHIVER=aarch64-none-elf-ar" "COMPILER_FLAGS=  -O2 -c" "EXTRA_COMPILER_FLAGS=-g -Wall -Wextra -fno-tree-loop-dis
TRACE::2026-07-31.15:24:42::SCWMssOS::tribute-patterns"

TRACE::2026-07-31.15:24:42::SCWMssOS::make -C psu_cortexa53_0/libsrc/axis_passthrough_v1_0/src -s include  "SHELL=/bin/sh" "COMPILER=aarch64-none-elf-gcc" "ASSEMBLER
TRACE::2026-07-31.15:24:42::SCWMssOS::=aarch64-none-elf-as" "ARCHIVER=aarch64-none-elf-ar" "COMPILER_FLAGS=  -O2 -c" "EXTRA_COMPILER_FLAGS=-g -Wall -Wextra -fno-tree
TRACE::2026-07-31.15:24:42::SCWMssOS::-loop-distribute-patterns"

TRACE::2026-07-31.15:24:42::SCWMssOS::Running Make include in psu_cortexa53_0/libsrc/coresightps_dcc_v1_8/src

TRACE::2026-07-31.15:24:42::SCWMssOS::make -C psu_cortexa53_0/libsrc/clockps_v1_4/src -s include  "SHELL=/bin/sh" "COMPILER=aarch64-none-elf-gcc" "ASSEMBLER=aarch64-
TRACE::2026-07-31.15:24:42::SCWMssOS::none-elf-as" "ARCHIVER=aarch64-none-elf-ar" "COMPILER_FLAGS=  -O2 -c" "EXTRA_COMPILER_FLAGS=-g -Wall -Wextra -fno-tree-loop-dis
TRACE::2026-07-31.15:24:42::SCWMssOS::tribute-patterns"

TRACE::2026-07-31.15:24:42::SCWMssOS::make -C psu_cortexa53_0/libsrc/coresightps_dcc_v1_8/src -s include  "SHELL=/bin/sh" "COMPILER=aarch64-none-elf-gcc" "ASSEMBLER=
TRACE::2026-07-31.15:24:42::SCWMssOS::aarch64-none-elf-as" "ARCHIVER=aarch64-none-elf-ar" "COMPILER_FLAGS=  -O2 -c" "EXTRA_COMPILER_FLAGS=-g -Wall -Wextra -fno-tree-
TRACE::2026-07-31.15:24:42::SCWMssOS::loop-distribute-patterns"

TRACE::2026-07-31.15:24:42::SCWMssOS::Running Make include in psu_cortexa53_0/libsrc/cpu_cortexa53_v2_0/src

TRACE::2026-07-31.15:24:42::SCWMssOS::make -C psu_cortexa53_0/libsrc/cpu_cortexa53_v2_0/src -s include  "SHELL=/bin/sh" "COMPILER=aarch64-none-elf-gcc" "ASSEMBLER=aa
TRACE::2026-07-31.15:24:42::SCWMssOS::rch64-none-elf-as" "ARCHIVER=aarch64-none-elf-ar" "COMPILER_FLAGS=  -O2 -c" "EXTRA_COMPILER_FLAGS=-g -Wall -Wextra -fno-tree-lo
TRACE::2026-07-31.15:24:42::SCWMssOS::op-distribute-patterns"

TRACE::2026-07-31.15:24:42::SCWMssOS::Running Make include in psu_cortexa53_0/libsrc/csudma_v1_12/src

TRACE::2026-07-31.15:24:42::SCWMssOS::make -C psu_cortexa53_0/libsrc/csudma_v1_12/src -s include  "SHELL=/bin/sh" "COMPILER=aarch64-none-elf-gcc" "ASSEMBLER=aarch64-
TRACE::2026-07-31.15:24:42::SCWMssOS::none-elf-as" "ARCHIVER=aarch64-none-elf-ar" "COMPILER_FLAGS=  -O2 -c" "EXTRA_COMPILER_FLAGS=-g -Wall -Wextra -fno-tree-loop-dis
TRACE::2026-07-31.15:24:42::SCWMssOS::tribute-patterns"

TRACE::2026-07-31.15:24:42::SCWMssOS::Running Make include in psu_cortexa53_0/libsrc/ddrcpsu_v1_4/src

TRACE::2026-07-31.15:24:42::SCWMssOS::make -C psu_cortexa53_0/libsrc/ddrcpsu_v1_4/src -s include  "SHELL=/bin/sh" "COMPILER=aarch64-none-elf-gcc" "ASSEMBLER=aarch64-
TRACE::2026-07-31.15:24:42::SCWMssOS::none-elf-as" "ARCHIVER=aarch64-none-elf-ar" "COMPILER_FLAGS=  -O2 -c" "EXTRA_COMPILER_FLAGS=-g -Wall -Wextra -fno-tree-loop-dis
TRACE::2026-07-31.15:24:42::SCWMssOS::tribute-patterns"

TRACE::2026-07-31.15:24:42::SCWMssOS::Running Make include in psu_cortexa53_0/libsrc/dpdma_v1_4/src

TRACE::2026-07-31.15:24:42::SCWMssOS::make -C psu_cortexa53_0/libsrc/dpdma_v1_4/src -s include  "SHELL=/bin/sh" "COMPILER=aarch64-none-elf-gcc" "ASSEMBLER=aarch64-no
TRACE::2026-07-31.15:24:42::SCWMssOS::ne-elf-as" "ARCHIVER=aarch64-none-elf-ar" "COMPILER_FLAGS=  -O2 -c" "EXTRA_COMPILER_FLAGS=-g -Wall -Wextra -fno-tree-loop-distr
TRACE::2026-07-31.15:24:42::SCWMssOS::ibute-patterns"

TRACE::2026-07-31.15:24:42::SCWMssOS::Running Make include in psu_cortexa53_0/libsrc/dppsu_v1_6/src

TRACE::2026-07-31.15:24:42::SCWMssOS::make -C psu_cortexa53_0/libsrc/dppsu_v1_6/src -s include  "SHELL=/bin/sh" "COMPILER=aarch64-none-elf-gcc" "ASSEMBLER=aarch64-no
TRACE::2026-07-31.15:24:42::SCWMssOS::ne-elf-as" "ARCHIVER=aarch64-none-elf-ar" "COMPILER_FLAGS=  -O2 -c" "EXTRA_COMPILER_FLAGS=-g -Wall -Wextra -fno-tree-loop-distr
TRACE::2026-07-31.15:24:42::SCWMssOS::ibute-patterns"

TRACE::2026-07-31.15:24:42::SCWMssOS::Running Make include in psu_cortexa53_0/libsrc/emacps_v3_17/src

TRACE::2026-07-31.15:24:42::SCWMssOS::Running Make include in psu_cortexa53_0/libsrc/gpiops_v3_10/src

TRACE::2026-07-31.15:24:42::SCWMssOS::make -C psu_cortexa53_0/libsrc/emacps_v3_17/src -s include  "SHELL=/bin/sh" "COMPILER=aarch64-none-elf-gcc" "ASSEMBLER=aarch64-
TRACE::2026-07-31.15:24:42::SCWMssOS::none-elf-as" "ARCHIVER=aarch64-none-elf-ar" "COMPILER_FLAGS=  -O2 -c" "EXTRA_COMPILER_FLAGS=-g -Wall -Wextra -fno-tree-loop-dis
TRACE::2026-07-31.15:24:42::SCWMssOS::tribute-patterns"

TRACE::2026-07-31.15:24:42::SCWMssOS::make -C psu_cortexa53_0/libsrc/gpiops_v3_10/src -s include  "SHELL=/bin/sh" "COMPILER=aarch64-none-elf-gcc" "ASSEMBLER=aarch64-
TRACE::2026-07-31.15:24:42::SCWMssOS::none-elf-as" "ARCHIVER=aarch64-none-elf-ar" "COMPILER_FLAGS=  -O2 -c" "EXTRA_COMPILER_FLAGS=-g -Wall -Wextra -fno-tree-loop-dis
TRACE::2026-07-31.15:24:42::SCWMssOS::tribute-patterns"

TRACE::2026-07-31.15:24:42::SCWMssOS::Running Make include in psu_cortexa53_0/libsrc/iicps_v3_16/src

TRACE::2026-07-31.15:24:42::SCWMssOS::make -C psu_cortexa53_0/libsrc/iicps_v3_16/src -s include  "SHELL=/bin/sh" "COMPILER=aarch64-none-elf-gcc" "ASSEMBLER=aarch64-n
TRACE::2026-07-31.15:24:42::SCWMssOS::one-elf-as" "ARCHIVER=aarch64-none-elf-ar" "COMPILER_FLAGS=  -O2 -c" "EXTRA_COMPILER_FLAGS=-g -Wall -Wextra -fno-tree-loop-dist
TRACE::2026-07-31.15:24:42::SCWMssOS::ribute-patterns"

TRACE::2026-07-31.15:24:42::SCWMssOS::Running Make include in psu_cortexa53_0/libsrc/ipipsu_v2_12/src

TRACE::2026-07-31.15:24:42::SCWMssOS::make -C psu_cortexa53_0/libsrc/ipipsu_v2_12/src -s include  "SHELL=/bin/sh" "COMPILER=aarch64-none-elf-gcc" "ASSEMBLER=aarch64-
TRACE::2026-07-31.15:24:42::SCWMssOS::none-elf-as" "ARCHIVER=aarch64-none-elf-ar" "COMPILER_FLAGS=  -O2 -c" "EXTRA_COMPILER_FLAGS=-g -Wall -Wextra -fno-tree-loop-dis
TRACE::2026-07-31.15:24:42::SCWMssOS::tribute-patterns"

TRACE::2026-07-31.15:24:42::SCWMssOS::Running Make include in psu_cortexa53_0/libsrc/qspipsu_v1_16/src

TRACE::2026-07-31.15:24:42::SCWMssOS::make -C psu_cortexa53_0/libsrc/qspipsu_v1_16/src -s include  "SHELL=/bin/sh" "COMPILER=aarch64-none-elf-gcc" "ASSEMBLER=aarch64
TRACE::2026-07-31.15:24:42::SCWMssOS::-none-elf-as" "ARCHIVER=aarch64-none-elf-ar" "COMPILER_FLAGS=  -O2 -c" "EXTRA_COMPILER_FLAGS=-g -Wall -Wextra -fno-tree-loop-di
TRACE::2026-07-31.15:24:42::SCWMssOS::stribute-patterns"

TRACE::2026-07-31.15:24:42::SCWMssOS::Running Make include in psu_cortexa53_0/libsrc/resetps_v1_5/src

TRACE::2026-07-31.15:24:42::SCWMssOS::Running Make include in psu_cortexa53_0/libsrc/rtcpsu_v1_12/src

TRACE::2026-07-31.15:24:42::SCWMssOS::make -C psu_cortexa53_0/libsrc/resetps_v1_5/src -s include  "SHELL=/bin/sh" "COMPILER=aarch64-none-elf-gcc" "ASSEMBLER=aarch64-
TRACE::2026-07-31.15:24:42::SCWMssOS::none-elf-as" "ARCHIVER=aarch64-none-elf-ar" "COMPILER_FLAGS=  -O2 -c" "EXTRA_COMPILER_FLAGS=-g -Wall -Wextra -fno-tree-loop-dis
TRACE::2026-07-31.15:24:42::SCWMssOS::tribute-patterns"

TRACE::2026-07-31.15:24:42::SCWMssOS::make -C psu_cortexa53_0/libsrc/rtcpsu_v1_12/src -s include  "SHELL=/bin/sh" "COMPILER=aarch64-none-elf-gcc" "ASSEMBLER=aarch64-
TRACE::2026-07-31.15:24:42::SCWMssOS::none-elf-as" "ARCHIVER=aarch64-none-elf-ar" "COMPILER_FLAGS=  -O2 -c" "EXTRA_COMPILER_FLAGS=-g -Wall -Wextra -fno-tree-loop-dis
TRACE::2026-07-31.15:24:42::SCWMssOS::tribute-patterns"

TRACE::2026-07-31.15:24:42::SCWMssOS::Running Make include in psu_cortexa53_0/libsrc/scugic_v5_0/src

TRACE::2026-07-31.15:24:42::SCWMssOS::make -C psu_cortexa53_0/libsrc/scugic_v5_0/src -s include  "SHELL=/bin/sh" "COMPILER=aarch64-none-elf-gcc" "ASSEMBLER=aarch64-n
TRACE::2026-07-31.15:24:42::SCWMssOS::one-elf-as" "ARCHIVER=aarch64-none-elf-ar" "COMPILER_FLAGS=  -O2 -c" "EXTRA_COMPILER_FLAGS=-g -Wall -Wextra -fno-tree-loop-dist
TRACE::2026-07-31.15:24:42::SCWMssOS::ribute-patterns"

TRACE::2026-07-31.15:24:42::SCWMssOS::Running Make include in psu_cortexa53_0/libsrc/sdps_v4_0/src

TRACE::2026-07-31.15:24:42::SCWMssOS::make -C psu_cortexa53_0/libsrc/sdps_v4_0/src -s include  "SHELL=/bin/sh" "COMPILER=aarch64-none-elf-gcc" "ASSEMBLER=aarch64-non
TRACE::2026-07-31.15:24:42::SCWMssOS::e-elf-as" "ARCHIVER=aarch64-none-elf-ar" "COMPILER_FLAGS=  -O2 -c" "EXTRA_COMPILER_FLAGS=-g -Wall -Wextra -fno-tree-loop-distri
TRACE::2026-07-31.15:24:42::SCWMssOS::bute-patterns"

TRACE::2026-07-31.15:24:42::SCWMssOS::Running Make include in psu_cortexa53_0/libsrc/spips_v3_8/src

TRACE::2026-07-31.15:24:42::SCWMssOS::make -C psu_cortexa53_0/libsrc/spips_v3_8/src -s include  "SHELL=/bin/sh" "COMPILER=aarch64-none-elf-gcc" "ASSEMBLER=aarch64-no
TRACE::2026-07-31.15:24:42::SCWMssOS::ne-elf-as" "ARCHIVER=aarch64-none-elf-ar" "COMPILER_FLAGS=  -O2 -c" "EXTRA_COMPILER_FLAGS=-g -Wall -Wextra -fno-tree-loop-distr
TRACE::2026-07-31.15:24:42::SCWMssOS::ibute-patterns"

TRACE::2026-07-31.15:24:42::SCWMssOS::Running Make include in psu_cortexa53_0/libsrc/standalone_v8_0/src

TRACE::2026-07-31.15:24:42::SCWMssOS::make -C psu_cortexa53_0/libsrc/standalone_v8_0/src -s include  "SHELL=/bin/sh" "COMPILER=aarch64-none-elf-gcc" "ASSEMBLER=aarch
TRACE::2026-07-31.15:24:42::SCWMssOS::64-none-elf-as" "ARCHIVER=aarch64-none-elf-ar" "COMPILER_FLAGS=  -O2 -c" "EXTRA_COMPILER_FLAGS=-g -Wall -Wextra -fno-tree-loop-
TRACE::2026-07-31.15:24:42::SCWMssOS::distribute-patterns"

TRACE::2026-07-31.15:24:42::SCWMssOS::Running Make include in psu_cortexa53_0/libsrc/sysmonpsu_v2_8/src

TRACE::2026-07-31.15:24:42::SCWMssOS::make -C psu_cortexa53_0/libsrc/sysmonpsu_v2_8/src -s include  "SHELL=/bin/sh" "COMPILER=aarch64-none-elf-gcc" "ASSEMBLER=aarch6
TRACE::2026-07-31.15:24:42::SCWMssOS::4-none-elf-as" "ARCHIVER=aarch64-none-elf-ar" "COMPILER_FLAGS=  -O2 -c" "EXTRA_COMPILER_FLAGS=-g -Wall -Wextra -fno-tree-loop-d
TRACE::2026-07-31.15:24:42::SCWMssOS::istribute-patterns"

TRACE::2026-07-31.15:24:42::SCWMssOS::Running Make include in psu_cortexa53_0/libsrc/ttcps_v3_16/src

TRACE::2026-07-31.15:24:42::SCWMssOS::make -C psu_cortexa53_0/libsrc/ttcps_v3_16/src -s include  "SHELL=/bin/sh" "COMPILER=aarch64-none-elf-gcc" "ASSEMBLER=aarch64-n
TRACE::2026-07-31.15:24:42::SCWMssOS::one-elf-as" "ARCHIVER=aarch64-none-elf-ar" "COMPILER_FLAGS=  -O2 -c" "EXTRA_COMPILER_FLAGS=-g -Wall -Wextra -fno-tree-loop-dist
TRACE::2026-07-31.15:24:42::SCWMssOS::ribute-patterns"

TRACE::2026-07-31.15:24:42::SCWMssOS::Running Make include in psu_cortexa53_0/libsrc/uartps_v3_11/src

TRACE::2026-07-31.15:24:42::SCWMssOS::make -C psu_cortexa53_0/libsrc/uartps_v3_11/src -s include  "SHELL=/bin/sh" "COMPILER=aarch64-none-elf-gcc" "ASSEMBLER=aarch64-
TRACE::2026-07-31.15:24:42::SCWMssOS::none-elf-as" "ARCHIVER=aarch64-none-elf-ar" "COMPILER_FLAGS=  -O2 -c" "EXTRA_COMPILER_FLAGS=-g -Wall -Wextra -fno-tree-loop-dis
TRACE::2026-07-31.15:24:42::SCWMssOS::tribute-patterns"

TRACE::2026-07-31.15:24:42::SCWMssOS::Running Make include in psu_cortexa53_0/libsrc/usbpsu_v1_12/src

TRACE::2026-07-31.15:24:42::SCWMssOS::make -C psu_cortexa53_0/libsrc/usbpsu_v1_12/src -s include  "SHELL=/bin/sh" "COMPILER=aarch64-none-elf-gcc" "ASSEMBLER=aarch64-
TRACE::2026-07-31.15:24:42::SCWMssOS::none-elf-as" "ARCHIVER=aarch64-none-elf-ar" "COMPILER_FLAGS=  -O2 -c" "EXTRA_COMPILER_FLAGS=-g -Wall -Wextra -fno-tree-loop-dis
TRACE::2026-07-31.15:24:42::SCWMssOS::tribute-patterns"

TRACE::2026-07-31.15:24:42::SCWMssOS::Running Make include in psu_cortexa53_0/libsrc/video_common_v4_13/src

TRACE::2026-07-31.15:24:42::SCWMssOS::make -C psu_cortexa53_0/libsrc/video_common_v4_13/src -s include  "SHELL=/bin/sh" "COMPILER=aarch64-none-elf-gcc" "ASSEMBLER=aa
TRACE::2026-07-31.15:24:42::SCWMssOS::rch64-none-elf-as" "ARCHIVER=aarch64-none-elf-ar" "COMPILER_FLAGS=  -O2 -c" "EXTRA_COMPILER_FLAGS=-g -Wall -Wextra -fno-tree-lo
TRACE::2026-07-31.15:24:42::SCWMssOS::op-distribute-patterns"

TRACE::2026-07-31.15:24:42::SCWMssOS::Running Make include in psu_cortexa53_0/libsrc/wdtps_v3_5/src

TRACE::2026-07-31.15:24:42::SCWMssOS::make -C psu_cortexa53_0/libsrc/wdtps_v3_5/src -s include  "SHELL=/bin/sh" "COMPILER=aarch64-none-elf-gcc" "ASSEMBLER=aarch64-no
TRACE::2026-07-31.15:24:42::SCWMssOS::ne-elf-as" "ARCHIVER=aarch64-none-elf-ar" "COMPILER_FLAGS=  -O2 -c" "EXTRA_COMPILER_FLAGS=-g -Wall -Wextra -fno-tree-loop-distr
TRACE::2026-07-31.15:24:42::SCWMssOS::ibute-patterns"

TRACE::2026-07-31.15:24:42::SCWMssOS::Running Make include in psu_cortexa53_0/libsrc/zdma_v1_15/src

TRACE::2026-07-31.15:24:42::SCWMssOS::make -C psu_cortexa53_0/libsrc/zdma_v1_15/src -s include  "SHELL=/bin/sh" "COMPILER=aarch64-none-elf-gcc" "ASSEMBLER=aarch64-no
TRACE::2026-07-31.15:24:42::SCWMssOS::ne-elf-as" "ARCHIVER=aarch64-none-elf-ar" "COMPILER_FLAGS=  -O2 -c" "EXTRA_COMPILER_FLAGS=-g -Wall -Wextra -fno-tree-loop-distr
TRACE::2026-07-31.15:24:42::SCWMssOS::ibute-patterns"

TRACE::2026-07-31.15:24:42::SCWMssOS::Running Make libs in psu_cortexa53_0/libsrc/axidma_v9_15/src

TRACE::2026-07-31.15:24:42::SCWMssOS::Running Make libs in psu_cortexa53_0/libsrc/clockps_v1_4/src

TRACE::2026-07-31.15:24:42::SCWMssOS::Running Make libs in psu_cortexa53_0/libsrc/axipmon_v6_9/src

TRACE::2026-07-31.15:24:42::SCWMssOS::Running Make libs in psu_cortexa53_0/libsrc/coresightps_dcc_v1_8/src

TRACE::2026-07-31.15:24:42::SCWMssOS::make -C psu_cortexa53_0/libsrc/axidma_v9_15/src -s libs  "SHELL=/bin/sh" "COMPILER=aarch64-none-elf-gcc" "ASSEMBLER=aarch64-non
TRACE::2026-07-31.15:24:42::SCWMssOS::e-elf-as" "ARCHIVER=aarch64-none-elf-ar" "COMPILER_FLAGS=  -O2 -c" "EXTRA_COMPILER_FLAGS=-g -Wall -Wextra -fno-tree-loop-distri
TRACE::2026-07-31.15:24:42::SCWMssOS::bute-patterns"

TRACE::2026-07-31.15:24:42::SCWMssOS::Running Make libs in psu_cortexa53_0/libsrc/cpu_cortexa53_v2_0/src

TRACE::2026-07-31.15:24:42::SCWMssOS::make -C psu_cortexa53_0/libsrc/axipmon_v6_9/src -s libs  "SHELL=/bin/sh" "COMPILER=aarch64-none-elf-gcc" "ASSEMBLER=aarch64-non
TRACE::2026-07-31.15:24:42::SCWMssOS::e-elf-as" "ARCHIVER=aarch64-none-elf-ar" "COMPILER_FLAGS=  -O2 -c" "EXTRA_COMPILER_FLAGS=-g -Wall -Wextra -fno-tree-loop-distri
TRACE::2026-07-31.15:24:42::SCWMssOS::bute-patterns"

TRACE::2026-07-31.15:24:42::SCWMssOS::make -C psu_cortexa53_0/libsrc/clockps_v1_4/src -s libs  "SHELL=/bin/sh" "COMPILER=aarch64-none-elf-gcc" "ASSEMBLER=aarch64-non
TRACE::2026-07-31.15:24:42::SCWMssOS::e-elf-as" "ARCHIVER=aarch64-none-elf-ar" "COMPILER_FLAGS=  -O2 -c" "EXTRA_COMPILER_FLAGS=-g -Wall -Wextra -fno-tree-loop-distri
TRACE::2026-07-31.15:24:42::SCWMssOS::bute-patterns"

TRACE::2026-07-31.15:24:42::SCWMssOS::make -C psu_cortexa53_0/libsrc/coresightps_dcc_v1_8/src -s libs  "SHELL=/bin/sh" "COMPILER=aarch64-none-elf-gcc" "ASSEMBLER=aar
TRACE::2026-07-31.15:24:42::SCWMssOS::ch64-none-elf-as" "ARCHIVER=aarch64-none-elf-ar" "COMPILER_FLAGS=  -O2 -c" "EXTRA_COMPILER_FLAGS=-g -Wall -Wextra -fno-tree-loo
TRACE::2026-07-31.15:24:42::SCWMssOS::p-distribute-patterns"

TRACE::2026-07-31.15:24:42::SCWMssOS::make -C psu_cortexa53_0/libsrc/cpu_cortexa53_v2_0/src -s libs  "SHELL=/bin/sh" "COMPILER=aarch64-none-elf-gcc" "ASSEMBLER=aarch
TRACE::2026-07-31.15:24:42::SCWMssOS::64-none-elf-as" "ARCHIVER=aarch64-none-elf-ar" "COMPILER_FLAGS=  -O2 -c" "EXTRA_COMPILER_FLAGS=-g -Wall -Wextra -fno-tree-loop-
TRACE::2026-07-31.15:24:42::SCWMssOS::distribute-patterns"

TRACE::2026-07-31.15:24:42::SCWMssOS::Running Make libs in psu_cortexa53_0/libsrc/csudma_v1_12/src

TRACE::2026-07-31.15:24:42::SCWMssOS::make -C psu_cortexa53_0/libsrc/csudma_v1_12/src -s libs  "SHELL=/bin/sh" "COMPILER=aarch64-none-elf-gcc" "ASSEMBLER=aarch64-non
TRACE::2026-07-31.15:24:42::SCWMssOS::e-elf-as" "ARCHIVER=aarch64-none-elf-ar" "COMPILER_FLAGS=  -O2 -c" "EXTRA_COMPILER_FLAGS=-g -Wall -Wextra -fno-tree-loop-distri
TRACE::2026-07-31.15:24:42::SCWMssOS::bute-patterns"

TRACE::2026-07-31.15:24:42::SCWMssOS::Running Make libs in psu_cortexa53_0/libsrc/ddrcpsu_v1_4/src

TRACE::2026-07-31.15:24:42::SCWMssOS::Running Make libs in psu_cortexa53_0/libsrc/emacps_v3_17/src

TRACE::2026-07-31.15:24:42::SCWMssOS::make -C psu_cortexa53_0/libsrc/ddrcpsu_v1_4/src -s libs  "SHELL=/bin/sh" "COMPILER=aarch64-none-elf-gcc" "ASSEMBLER=aarch64-non
TRACE::2026-07-31.15:24:42::SCWMssOS::e-elf-as" "ARCHIVER=aarch64-none-elf-ar" "COMPILER_FLAGS=  -O2 -c" "EXTRA_COMPILER_FLAGS=-g -Wall -Wextra -fno-tree-loop-distri
TRACE::2026-07-31.15:24:42::SCWMssOS::bute-patterns"

TRACE::2026-07-31.15:24:42::SCWMssOS::make -C psu_cortexa53_0/libsrc/emacps_v3_17/src -s libs  "SHELL=/bin/sh" "COMPILER=aarch64-none-elf-gcc" "ASSEMBLER=aarch64-non
TRACE::2026-07-31.15:24:42::SCWMssOS::e-elf-as" "ARCHIVER=aarch64-none-elf-ar" "COMPILER_FLAGS=  -O2 -c" "EXTRA_COMPILER_FLAGS=-g -Wall -Wextra -fno-tree-loop-distri
TRACE::2026-07-31.15:24:42::SCWMssOS::bute-patterns"

TRACE::2026-07-31.15:24:42::SCWMssOS::Running Make libs in psu_cortexa53_0/libsrc/gpiops_v3_10/src

TRACE::2026-07-31.15:24:42::SCWMssOS::Running Make libs in psu_cortexa53_0/libsrc/iicps_v3_16/src

TRACE::2026-07-31.15:24:42::SCWMssOS::Running Make libs in psu_cortexa53_0/libsrc/ipipsu_v2_12/src

TRACE::2026-07-31.15:24:42::SCWMssOS::make -C psu_cortexa53_0/libsrc/gpiops_v3_10/src -s libs  "SHELL=/bin/sh" "COMPILER=aarch64-none-elf-gcc" "ASSEMBLER=aarch64-non
TRACE::2026-07-31.15:24:42::SCWMssOS::e-elf-as" "ARCHIVER=aarch64-none-elf-ar" "COMPILER_FLAGS=  -O2 -c" "EXTRA_COMPILER_FLAGS=-g -Wall -Wextra -fno-tree-loop-distri
TRACE::2026-07-31.15:24:42::SCWMssOS::bute-patterns"

TRACE::2026-07-31.15:24:42::SCWMssOS::make -C psu_cortexa53_0/libsrc/iicps_v3_16/src -s libs  "SHELL=/bin/sh" "COMPILER=aarch64-none-elf-gcc" "ASSEMBLER=aarch64-none
TRACE::2026-07-31.15:24:42::SCWMssOS::-elf-as" "ARCHIVER=aarch64-none-elf-ar" "COMPILER_FLAGS=  -O2 -c" "EXTRA_COMPILER_FLAGS=-g -Wall -Wextra -fno-tree-loop-distrib
TRACE::2026-07-31.15:24:42::SCWMssOS::ute-patterns"

TRACE::2026-07-31.15:24:42::SCWMssOS::make -C psu_cortexa53_0/libsrc/ipipsu_v2_12/src -s libs  "SHELL=/bin/sh" "COMPILER=aarch64-none-elf-gcc" "ASSEMBLER=aarch64-non
TRACE::2026-07-31.15:24:42::SCWMssOS::e-elf-as" "ARCHIVER=aarch64-none-elf-ar" "COMPILER_FLAGS=  -O2 -c" "EXTRA_COMPILER_FLAGS=-g -Wall -Wextra -fno-tree-loop-distri
TRACE::2026-07-31.15:24:42::SCWMssOS::bute-patterns"

TRACE::2026-07-31.15:24:42::SCWMssOS::Running Make libs in psu_cortexa53_0/libsrc/qspipsu_v1_16/src

TRACE::2026-07-31.15:24:42::SCWMssOS::make -C psu_cortexa53_0/libsrc/qspipsu_v1_16/src -s libs  "SHELL=/bin/sh" "COMPILER=aarch64-none-elf-gcc" "ASSEMBLER=aarch64-no
TRACE::2026-07-31.15:24:42::SCWMssOS::ne-elf-as" "ARCHIVER=aarch64-none-elf-ar" "COMPILER_FLAGS=  -O2 -c" "EXTRA_COMPILER_FLAGS=-g -Wall -Wextra -fno-tree-loop-distr
TRACE::2026-07-31.15:24:42::SCWMssOS::ibute-patterns"

TRACE::2026-07-31.15:24:42::SCWMssOS::Running Make libs in psu_cortexa53_0/libsrc/resetps_v1_5/src

TRACE::2026-07-31.15:24:42::SCWMssOS::make -C psu_cortexa53_0/libsrc/resetps_v1_5/src -s libs  "SHELL=/bin/sh" "COMPILER=aarch64-none-elf-gcc" "ASSEMBLER=aarch64-non
TRACE::2026-07-31.15:24:42::SCWMssOS::e-elf-as" "ARCHIVER=aarch64-none-elf-ar" "COMPILER_FLAGS=  -O2 -c" "EXTRA_COMPILER_FLAGS=-g -Wall -Wextra -fno-tree-loop-distri
TRACE::2026-07-31.15:24:42::SCWMssOS::bute-patterns"

TRACE::2026-07-31.15:24:42::SCWMssOS::Running Make libs in psu_cortexa53_0/libsrc/rtcpsu_v1_12/src

TRACE::2026-07-31.15:24:42::SCWMssOS::make -C psu_cortexa53_0/libsrc/rtcpsu_v1_12/src -s libs  "SHELL=/bin/sh" "COMPILER=aarch64-none-elf-gcc" "ASSEMBLER=aarch64-non
TRACE::2026-07-31.15:24:42::SCWMssOS::e-elf-as" "ARCHIVER=aarch64-none-elf-ar" "COMPILER_FLAGS=  -O2 -c" "EXTRA_COMPILER_FLAGS=-g -Wall -Wextra -fno-tree-loop-distri
TRACE::2026-07-31.15:24:42::SCWMssOS::bute-patterns"

TRACE::2026-07-31.15:24:42::SCWMssOS::Running Make libs in psu_cortexa53_0/libsrc/scugic_v5_0/src

TRACE::2026-07-31.15:24:42::SCWMssOS::make -C psu_cortexa53_0/libsrc/scugic_v5_0/src -s libs  "SHELL=/bin/sh" "COMPILER=aarch64-none-elf-gcc" "ASSEMBLER=aarch64-none
TRACE::2026-07-31.15:24:42::SCWMssOS::-elf-as" "ARCHIVER=aarch64-none-elf-ar" "COMPILER_FLAGS=  -O2 -c" "EXTRA_COMPILER_FLAGS=-g -Wall -Wextra -fno-tree-loop-distrib
TRACE::2026-07-31.15:24:42::SCWMssOS::ute-patterns"

TRACE::2026-07-31.15:24:42::SCWMssOS::Running Make libs in psu_cortexa53_0/libsrc/sdps_v4_0/src

TRACE::2026-07-31.15:24:42::SCWMssOS::make -C psu_cortexa53_0/libsrc/sdps_v4_0/src -s libs  "SHELL=/bin/sh" "COMPILER=aarch64-none-elf-gcc" "ASSEMBLER=aarch64-none-e
TRACE::2026-07-31.15:24:42::SCWMssOS::lf-as" "ARCHIVER=aarch64-none-elf-ar" "COMPILER_FLAGS=  -O2 -c" "EXTRA_COMPILER_FLAGS=-g -Wall -Wextra -fno-tree-loop-distribut
TRACE::2026-07-31.15:24:42::SCWMssOS::e-patterns"

TRACE::2026-07-31.15:24:43::SCWMssOS::Running Make libs in psu_cortexa53_0/libsrc/spips_v3_8/src

TRACE::2026-07-31.15:24:43::SCWMssOS::make -C psu_cortexa53_0/libsrc/spips_v3_8/src -s libs  "SHELL=/bin/sh" "COMPILER=aarch64-none-elf-gcc" "ASSEMBLER=aarch64-none-
TRACE::2026-07-31.15:24:43::SCWMssOS::elf-as" "ARCHIVER=aarch64-none-elf-ar" "COMPILER_FLAGS=  -O2 -c" "EXTRA_COMPILER_FLAGS=-g -Wall -Wextra -fno-tree-loop-distribu
TRACE::2026-07-31.15:24:43::SCWMssOS::te-patterns"

TRACE::2026-07-31.15:24:43::SCWMssOS::Running Make libs in psu_cortexa53_0/libsrc/standalone_v8_0/src

TRACE::2026-07-31.15:24:43::SCWMssOS::make -C psu_cortexa53_0/libsrc/standalone_v8_0/src -s libs  "SHELL=/bin/sh" "COMPILER=aarch64-none-elf-gcc" "ASSEMBLER=aarch64-
TRACE::2026-07-31.15:24:43::SCWMssOS::none-elf-as" "ARCHIVER=aarch64-none-elf-ar" "COMPILER_FLAGS=  -O2 -c" "EXTRA_COMPILER_FLAGS=-g -Wall -Wextra -fno-tree-loop-dis
TRACE::2026-07-31.15:24:43::SCWMssOS::tribute-patterns"

TRACE::2026-07-31.15:24:43::SCWMssOS::Running Make libs in psu_cortexa53_0/libsrc/sysmonpsu_v2_8/src

TRACE::2026-07-31.15:24:43::SCWMssOS::make -C psu_cortexa53_0/libsrc/sysmonpsu_v2_8/src -s libs  "SHELL=/bin/sh" "COMPILER=aarch64-none-elf-gcc" "ASSEMBLER=aarch64-n
TRACE::2026-07-31.15:24:43::SCWMssOS::one-elf-as" "ARCHIVER=aarch64-none-elf-ar" "COMPILER_FLAGS=  -O2 -c" "EXTRA_COMPILER_FLAGS=-g -Wall -Wextra -fno-tree-loop-dist
TRACE::2026-07-31.15:24:43::SCWMssOS::ribute-patterns"

TRACE::2026-07-31.15:24:43::SCWMssOS::Running Make libs in psu_cortexa53_0/libsrc/ttcps_v3_16/src

TRACE::2026-07-31.15:24:43::SCWMssOS::make -C psu_cortexa53_0/libsrc/ttcps_v3_16/src -s libs  "SHELL=/bin/sh" "COMPILER=aarch64-none-elf-gcc" "ASSEMBLER=aarch64-none
TRACE::2026-07-31.15:24:43::SCWMssOS::-elf-as" "ARCHIVER=aarch64-none-elf-ar" "COMPILER_FLAGS=  -O2 -c" "EXTRA_COMPILER_FLAGS=-g -Wall -Wextra -fno-tree-loop-distrib
TRACE::2026-07-31.15:24:43::SCWMssOS::ute-patterns"

TRACE::2026-07-31.15:24:43::SCWMssOS::Running Make libs in psu_cortexa53_0/libsrc/uartps_v3_11/src

TRACE::2026-07-31.15:24:43::SCWMssOS::make -C psu_cortexa53_0/libsrc/uartps_v3_11/src -s libs  "SHELL=/bin/sh" "COMPILER=aarch64-none-elf-gcc" "ASSEMBLER=aarch64-non
TRACE::2026-07-31.15:24:43::SCWMssOS::e-elf-as" "ARCHIVER=aarch64-none-elf-ar" "COMPILER_FLAGS=  -O2 -c" "EXTRA_COMPILER_FLAGS=-g -Wall -Wextra -fno-tree-loop-distri
TRACE::2026-07-31.15:24:43::SCWMssOS::bute-patterns"

TRACE::2026-07-31.15:24:43::SCWMssOS::Running Make libs in psu_cortexa53_0/libsrc/usbpsu_v1_12/src

TRACE::2026-07-31.15:24:43::SCWMssOS::make -C psu_cortexa53_0/libsrc/usbpsu_v1_12/src -s libs  "SHELL=/bin/sh" "COMPILER=aarch64-none-elf-gcc" "ASSEMBLER=aarch64-non
TRACE::2026-07-31.15:24:43::SCWMssOS::e-elf-as" "ARCHIVER=aarch64-none-elf-ar" "COMPILER_FLAGS=  -O2 -c" "EXTRA_COMPILER_FLAGS=-g -Wall -Wextra -fno-tree-loop-distri
TRACE::2026-07-31.15:24:43::SCWMssOS::bute-patterns"

TRACE::2026-07-31.15:24:43::SCWMssOS::Running Make libs in psu_cortexa53_0/libsrc/video_common_v4_13/src

TRACE::2026-07-31.15:24:43::SCWMssOS::make -C psu_cortexa53_0/libsrc/video_common_v4_13/src -s libs  "SHELL=/bin/sh" "COMPILER=aarch64-none-elf-gcc" "ASSEMBLER=aarch
TRACE::2026-07-31.15:24:43::SCWMssOS::64-none-elf-as" "ARCHIVER=aarch64-none-elf-ar" "COMPILER_FLAGS=  -O2 -c" "EXTRA_COMPILER_FLAGS=-g -Wall -Wextra -fno-tree-loop-
TRACE::2026-07-31.15:24:43::SCWMssOS::distribute-patterns"

TRACE::2026-07-31.15:24:43::SCWMssOS::Running Make libs in psu_cortexa53_0/libsrc/wdtps_v3_5/src

TRACE::2026-07-31.15:24:43::SCWMssOS::make -C psu_cortexa53_0/libsrc/wdtps_v3_5/src -s libs  "SHELL=/bin/sh" "COMPILER=aarch64-none-elf-gcc" "ASSEMBLER=aarch64-none-
TRACE::2026-07-31.15:24:43::SCWMssOS::elf-as" "ARCHIVER=aarch64-none-elf-ar" "COMPILER_FLAGS=  -O2 -c" "EXTRA_COMPILER_FLAGS=-g -Wall -Wextra -fno-tree-loop-distribu
TRACE::2026-07-31.15:24:43::SCWMssOS::te-patterns"

TRACE::2026-07-31.15:24:43::SCWMssOS::Running Make libs in psu_cortexa53_0/libsrc/zdma_v1_15/src

TRACE::2026-07-31.15:24:43::SCWMssOS::make -C psu_cortexa53_0/libsrc/zdma_v1_15/src -s libs  "SHELL=/bin/sh" "COMPILER=aarch64-none-elf-gcc" "ASSEMBLER=aarch64-none-
TRACE::2026-07-31.15:24:43::SCWMssOS::elf-as" "ARCHIVER=aarch64-none-elf-ar" "COMPILER_FLAGS=  -O2 -c" "EXTRA_COMPILER_FLAGS=-g -Wall -Wextra -fno-tree-loop-distribu
TRACE::2026-07-31.15:24:43::SCWMssOS::te-patterns"

TRACE::2026-07-31.15:24:43::SCWMssOS::Finished building libraries parallelly.

TRACE::2026-07-31.15:24:43::SCWMssOS::make --no-print-directory archive

TRACE::2026-07-31.15:24:43::SCWMssOS::aarch64-none-elf-ar -r  psu_cortexa53_0/lib/libxil.a psu_cortexa53_0/lib/_exit.o psu_cortexa53_0/lib/_open.o psu_cortexa53_0/li
TRACE::2026-07-31.15:24:43::SCWMssOS::b/_sbrk.o psu_cortexa53_0/lib/abort.o psu_cortexa53_0/lib/asm_vectors.o psu_cortexa53_0/lib/boot.o psu_cortexa53_0/lib/close.o 
TRACE::2026-07-31.15:24:43::SCWMssOS::psu_cortexa53_0/lib/cpputest_time.o psu_cortexa53_0/lib/errno.o psu_cortexa53_0/lib/fcntl.o psu_cortexa53_0/lib/fstat.o psu_cor
TRACE::2026-07-31.15:24:43::SCWMssOS::texa53_0/lib/getpid.o psu_cortexa53_0/lib/inbyte.o psu_cortexa53_0/lib/initialise_monitor_handles.o psu_cortexa53_0/lib/isatty.
TRACE::2026-07-31.15:24:43::SCWMssOS::o psu_cortexa53_0/lib/kill.o psu_cortexa53_0/lib/lseek.o psu_cortexa53_0/lib/open.o psu_cortexa53_0/lib/outbyte.o psu_cortexa53
TRACE::2026-07-31.15:24:43::SCWMssOS::_0/lib/print.o psu_cortexa53_0/lib/putnum.o psu_cortexa53_0/lib/read.o psu_cortexa53_0/lib/sbrk.o psu_cortexa53_0/lib/sleep.o p
TRACE::2026-07-31.15:24:43::SCWMssOS::su_cortexa53_0/lib/time.o psu_cortexa53_0/lib/translation_table.o psu_cortexa53_0/lib/unlink.o psu_cortexa53_0/lib/vectors.o ps
TRACE::2026-07-31.15:24:43::SCWMssOS::u_cortexa53_0/lib/write.o psu_cortexa53_0/lib/xaxidma.o psu_cortexa53_0/lib/xaxidma_bd.o psu_cortexa53_0/lib/xaxidma_bdring.o p
TRACE::2026-07-31.15:24:43::SCWMssOS::su_cortexa53_0/lib/xaxidma_g.o psu_cortexa53_0/lib/xaxidma_selftest.o psu_cortexa53_0/lib/xaxidma_sinit.o psu_cortexa53_0/lib/x
TRACE::2026-07-31.15:24:43::SCWMssOS::axipmon.o psu_cortexa53_0/lib/xaxipmon_g.o psu_cortexa53_0/lib/xaxipmon_selftest.o psu_cortexa53_0/lib/xaxipmon_sinit.o psu_cor
TRACE::2026-07-31.15:24:43::SCWMssOS::texa53_0/lib/xaxis_passthrough.o psu_cortexa53_0/lib/xaxis_passthrough_g.o psu_cortexa53_0/lib/xaxis_passthrough_linux.o psu_co
TRACE::2026-07-31.15:24:43::SCWMssOS::rtexa53_0/lib/xaxis_passthrough_sinit.o psu_cortexa53_0/lib/xclockps.o psu_cortexa53_0/lib/xclockps_divider.o psu_cortexa53_0/l
TRACE::2026-07-31.15:24:43::SCWMssOS::ib/xclockps_fixedfactor.o psu_cortexa53_0/lib/xclockps_g.o psu_cortexa53_0/lib/xclockps_gate.o psu_cortexa53_0/lib/xclockps_mux
TRACE::2026-07-31.15:24:43::SCWMssOS::.o psu_cortexa53_0/lib/xclockps_pll.o psu_cortexa53_0/lib/xclockps_sinit.o psu_cortexa53_0/lib/xcoresightpsdcc.o psu_cortexa53_
TRACE::2026-07-31.15:24:43::SCWMssOS::0/lib/xcsudma.o psu_cortexa53_0/lib/xcsudma_g.o psu_cortexa53_0/lib/xcsudma_intr.o psu_cortexa53_0/lib/xcsudma_selftest.o psu_c
TRACE::2026-07-31.15:24:43::SCWMssOS::ortexa53_0/lib/xcsudma_sinit.o psu_cortexa53_0/lib/xemacps.o psu_cortexa53_0/lib/xemacps_bdring.o psu_cortexa53_0/lib/xemacps_c
TRACE::2026-07-31.15:24:43::SCWMssOS::ontrol.o psu_cortexa53_0/lib/xemacps_g.o psu_cortexa53_0/lib/xemacps_hw.o psu_cortexa53_0/lib/xemacps_intr.o psu_cortexa53_0/li
TRACE::2026-07-31.15:24:43::SCWMssOS::b/xemacps_sinit.o psu_cortexa53_0/lib/xgpiops.o psu_cortexa53_0/lib/xgpiops_g.o psu_cortexa53_0/lib/xgpiops_hw.o psu_cortexa53_
TRACE::2026-07-31.15:24:43::SCWMssOS::0/lib/xgpiops_intr.o psu_cortexa53_0/lib/xgpiops_selftest.o psu_cortexa53_0/lib/xgpiops_sinit.o psu_cortexa53_0/lib/xiicps.o ps
TRACE::2026-07-31.15:24:43::SCWMssOS::u_cortexa53_0/lib/xiicps_g.o psu_cortexa53_0/lib/xiicps_hw.o psu_cortexa53_0/lib/xiicps_intr.o psu_cortexa53_0/lib/xiicps_maste
TRACE::2026-07-31.15:24:43::SCWMssOS::r.o psu_cortexa53_0/lib/xiicps_options.o psu_cortexa53_0/lib/xiicps_selftest.o psu_cortexa53_0/lib/xiicps_sinit.o psu_cortexa53
TRACE::2026-07-31.15:24:43::SCWMssOS::_0/lib/xiicps_slave.o psu_cortexa53_0/lib/xiicps_xfer.o psu_cortexa53_0/lib/xil-crt0.o psu_cortexa53_0/lib/xil_assert.o psu_cor
TRACE::2026-07-31.15:24:43::SCWMssOS::texa53_0/lib/xil_cache.o psu_cortexa53_0/lib/xil_clocking.o psu_cortexa53_0/lib/xil_exception.o psu_cortexa53_0/lib/xil_mem.o p
TRACE::2026-07-31.15:24:43::SCWMssOS::su_cortexa53_0/lib/xil_mmu.o psu_cortexa53_0/lib/xil_printf.o psu_cortexa53_0/lib/xil_sleepcommon.o psu_cortexa53_0/lib/xil_sle
TRACE::2026-07-31.15:24:43::SCWMssOS::eptimer.o psu_cortexa53_0/lib/xil_smc.o psu_cortexa53_0/lib/xil_spinlock.o psu_cortexa53_0/lib/xil_testcache.o psu_cortexa53_0/
TRACE::2026-07-31.15:24:43::SCWMssOS::lib/xil_testio.o psu_cortexa53_0/lib/xil_testmem.o psu_cortexa53_0/lib/xil_util.o psu_cortexa53_0/lib/xinterrupt_wrap.o psu_cor
TRACE::2026-07-31.15:24:43::SCWMssOS::texa53_0/lib/xipipsu.o psu_cortexa53_0/lib/xipipsu_buf.o psu_cortexa53_0/lib/xipipsu_g.o psu_cortexa53_0/lib/xipipsu_sinit.o ps
TRACE::2026-07-31.15:24:43::SCWMssOS::u_cortexa53_0/lib/xplatform_info.o psu_cortexa53_0/lib/xpm_counter.o psu_cortexa53_0/lib/xqspipsu.o psu_cortexa53_0/lib/xqspips
TRACE::2026-07-31.15:24:43::SCWMssOS::u_control.o psu_cortexa53_0/lib/xqspipsu_g.o psu_cortexa53_0/lib/xqspipsu_hw.o psu_cortexa53_0/lib/xqspipsu_options.o psu_corte
TRACE::2026-07-31.15:24:43::SCWMssOS::xa53_0/lib/xqspipsu_sinit.o psu_cortexa53_0/lib/xresetps.o psu_cortexa53_0/lib/xresetps_g.o psu_cortexa53_0/lib/xresetps_sinit.
TRACE::2026-07-31.15:24:43::SCWMssOS::o psu_cortexa53_0/lib/xrtcpsu.o psu_cortexa53_0/lib/xrtcpsu_g.o psu_cortexa53_0/lib/xrtcpsu_intr.o psu_cortexa53_0/lib/xrtcpsu_
TRACE::2026-07-31.15:24:43::SCWMssOS::selftest.o psu_cortexa53_0/lib/xrtcpsu_sinit.o psu_cortexa53_0/lib/xscugic.o psu_cortexa53_0/lib/xscugic_g.o psu_cortexa53_0/li
TRACE::2026-07-31.15:24:43::SCWMssOS::b/xscugic_hw.o psu_cortexa53_0/lib/xscugic_intr.o psu_cortexa53_0/lib/xscugic_selftest.o psu_cortexa53_0/lib/xscugic_sinit.o ps
TRACE::2026-07-31.15:24:43::SCWMssOS::u_cortexa53_0/lib/xsdps.o psu_cortexa53_0/lib/xsdps_card.o psu_cortexa53_0/lib/xsdps_g.o psu_cortexa53_0/lib/xsdps_host.o psu_c
TRACE::2026-07-31.15:24:43::SCWMssOS::ortexa53_0/lib/xsdps_options.o psu_cortexa53_0/lib/xsdps_sinit.o psu_cortexa53_0/lib/xspips.o psu_cortexa53_0/lib/xspips_g.o ps
TRACE::2026-07-31.15:24:43::SCWMssOS::u_cortexa53_0/lib/xspips_hw.o psu_cortexa53_0/lib/xspips_options.o psu_cortexa53_0/lib/xspips_selftest.o psu_cortexa53_0/lib/xs
TRACE::2026-07-31.15:24:43::SCWMssOS::pips_sinit.o psu_cortexa53_0/lib/xsysmonpsu.o psu_cortexa53_0/lib/xsysmonpsu_g.o psu_cortexa53_0/lib/xsysmonpsu_intr.o psu_cort
TRACE::2026-07-31.15:24:43::SCWMssOS::exa53_0/lib/xsysmonpsu_selftest.o psu_cortexa53_0/lib/xsysmonpsu_sinit.o psu_cortexa53_0/lib/xtime_l.o psu_cortexa53_0/lib/xttc
TRACE::2026-07-31.15:24:43::SCWMssOS::ps.o psu_cortexa53_0/lib/xttcps_g.o psu_cortexa53_0/lib/xttcps_options.o psu_cortexa53_0/lib/xttcps_selftest.o psu_cortexa53_0/
TRACE::2026-07-31.15:24:43::SCWMssOS::lib/xttcps_sinit.o psu_cortexa53_0/lib/xuartps.o psu_cortexa53_0/lib/xuartps_g.o psu_cortexa53_0/lib/xuartps_hw.o psu_cortexa53
TRACE::2026-07-31.15:24:43::SCWMssOS::_0/lib/xuartps_intr.o psu_cortexa53_0/lib/xuartps_options.o psu_cortexa53_0/lib/xuartps_selftest.o psu_cortexa53_0/lib/xuartps_
TRACE::2026-07-31.15:24:43::SCWMssOS::sinit.o psu_cortexa53_0/lib/xusbpsu.o psu_cortexa53_0/lib/xusbpsu_command.o psu_cortexa53_0/lib/xusbpsu_controltransfers.o psu_
TRACE::2026-07-31.15:24:43::SCWMssOS::cortexa53_0/lib/xusbpsu_device.o psu_cortexa53_0/lib/xusbpsu_endpoint.o psu_cortexa53_0/lib/xusbpsu_ep0handler.o psu_cortexa53_
TRACE::2026-07-31.15:24:43::SCWMssOS::0/lib/xusbpsu_ephandler.o psu_cortexa53_0/lib/xusbpsu_event.o psu_cortexa53_0/lib/xusbpsu_g.o psu_cortexa53_0/lib/xusbpsu_hiber
TRACE::2026-07-31.15:24:43::SCWMssOS::nation.o psu_cortexa53_0/lib/xusbpsu_intr.o psu_cortexa53_0/lib/xusbpsu_sinit.o psu_cortexa53_0/lib/xvidc.o psu_cortexa53_0/lib
TRACE::2026-07-31.15:24:43::SCWMssOS::/xvidc_edid.o psu_cortexa53_0/lib/xvidc_edid_ext.o psu_cortexa53_0/lib/xvidc_parse_edid.o psu_cortexa53_0/lib/xvidc_timings_tab
TRACE::2026-07-31.15:24:43::SCWMssOS::le.o psu_cortexa53_0/lib/xwdtps.o psu_cortexa53_0/lib/xwdtps_g.o psu_cortexa53_0/lib/xwdtps_selftest.o psu_cortexa53_0/lib/xwdt
TRACE::2026-07-31.15:24:43::SCWMssOS::ps_sinit.o psu_cortexa53_0/lib/xzdma.o psu_cortexa53_0/lib/xzdma_g.o psu_cortexa53_0/lib/xzdma_intr.o psu_cortexa53_0/lib/xzdma
TRACE::2026-07-31.15:24:43::SCWMssOS::_selftest.o psu_cortexa53_0/lib/xzdma_sinit.o

TRACE::2026-07-31.15:24:43::SCWMssOS::Finished building libraries

TRACE::2026-07-31.15:24:43::SCWMssOS::Copying to export directory.
TRACE::2026-07-31.15:24:43::SCWMssOS:: Checking if to create the Supporting Applications
TRACE::2026-07-31.15:24:43::SCWMssOS:: No Linux domain exists, trying to generate FSBL 
LOG::2026-07-31.15:24:43::SCWSystem::Completed Processing the domain standalone_domain
LOG::2026-07-31.15:24:43::SCWSystem::Completed Processing the sysconfig ppe_dma_platform_v2
LOG::2026-07-31.15:24:43::SCWPlatform::Completed generating the artifacts for system configuration ppe_dma_platform_v2
TRACE::2026-07-31.15:24:43::SCWPlatform::Started preparing the platform 
TRACE::2026-07-31.15:24:43::SCWSystem::Writing the bif file for system config ppe_dma_platform_v2
TRACE::2026-07-31.15:24:43::SCWSystem::dir created 
TRACE::2026-07-31.15:24:43::SCWSystem::Writing the bif 
TRACE::2026-07-31.15:24:43::SCWPlatform::Started writing the spfm file 
TRACE::2026-07-31.15:24:43::SCWPlatform::Started writing the xpfm file 
TRACE::2026-07-31.15:24:43::SCWPlatform::Completed generating the platform
TRACE::2026-07-31.15:24:43::SCWMssOS::Saving the mss changes /home/sogang/ppe_fpga_ho/vitis_workspace/ppe_dma_platform_v2/zynqmp_fsbl/zynqmp_fsbl_bsp/system.mss
TRACE::2026-07-31.15:24:43::SCWMssOS::Found a swdesign opened with the mssfile.
TRACE::2026-07-31.15:24:43::SCWMssOS::Completed writemss as part of save.
TRACE::2026-07-31.15:24:43::SCWMssOS::Commit changes completed.
TRACE::2026-07-31.15:24:43::SCWMssOS::Saving the mss changes /home/sogang/ppe_fpga_ho/vitis_workspace/ppe_dma_platform_v2/zynqmp_pmufw/zynqmp_pmufw_bsp/system.mss
TRACE::2026-07-31.15:24:43::SCWMssOS::Found a swdesign opened with the mssfile.
TRACE::2026-07-31.15:24:43::SCWMssOS::Completed writemss as part of save.
TRACE::2026-07-31.15:24:43::SCWMssOS::Commit changes completed.
TRACE::2026-07-31.15:24:43::SCWMssOS::Saving the mss changes /home/sogang/ppe_fpga_ho/vitis_workspace/ppe_dma_platform_v2/psu_cortexa53_0/standalone_domain/bsp/system.mss
TRACE::2026-07-31.15:24:43::SCWMssOS::Found a swdesign opened with the mssfile.
TRACE::2026-07-31.15:24:43::SCWMssOS::Completed writemss as part of save.
TRACE::2026-07-31.15:24:43::SCWMssOS::Commit changes completed.
TRACE::2026-07-31.15:24:43::SCWPlatform::Trying to open the hw design at /home/sogang/ppe_fpga_ho/vitis_workspace/ppe_dma_platform_v2/hw/dma_passthrough.xsa
TRACE::2026-07-31.15:24:43::SCWPlatform::DSA given /home/sogang/ppe_fpga_ho/vitis_workspace/ppe_dma_platform_v2/hw/dma_passthrough.xsa
TRACE::2026-07-31.15:24:43::SCWPlatform::DSA absoulate path /home/sogang/ppe_fpga_ho/vitis_workspace/ppe_dma_platform_v2/hw/dma_passthrough.xsa
TRACE::2026-07-31.15:24:43::SCWPlatform::DSA directory /home/sogang/ppe_fpga_ho/vitis_workspace/ppe_dma_platform_v2/hw
TRACE::2026-07-31.15:24:43::SCWPlatform:: Platform Path /home/sogang/ppe_fpga_ho/vitis_workspace/ppe_dma_platform_v2/hw/dma_passthrough.xsa
TRACE::2026-07-31.15:24:43::SCWPlatform:: Unique name xilinx:kv260_som_som240_1_connector_kv260_carrier_som240_1_connector::0.0
TRACE::2026-07-31.15:24:43::SCWPlatform::Trying to set the existing hwdb with name dma_passthrough_wrapper_1
TRACE::2026-07-31.15:24:43::SCWPlatform::Opened existing hwdb dma_passthrough_wrapper_1
TRACE::2026-07-31.15:24:43::SCWPlatform::Found the Hw Db part of the input DSA
TRACE::2026-07-31.15:24:43::SCWMssOS::Checking the sw design at  /home/sogang/ppe_fpga_ho/vitis_workspace/ppe_dma_platform_v2/zynqmp_fsbl/zynqmp_fsbl_bsp/system.mss
TRACE::2026-07-31.15:24:43::SCWMssOS::DEBUG:  swdes dump  /home/sogang/ppe_fpga_ho/vitis_workspace/ppe_dma_platform_v2/psu_cortexa53_0/standalone_domain/bsp/system.mss|system_1||
/home/sogang/ppe_fpga_ho/vitis_workspace/ppe_dma_platform_v2/zynqmp_fsbl/zynqmp_fsbl_bsp/system.mss|system||
/home/sogang/ppe_fpga_ho/vitis_workspace/ppe_dma_platform_v2/zynqmp_pmufw/zynqmp_pmufw_bsp/system.mss|system_0||

TRACE::2026-07-31.15:24:43::SCWMssOS::Sw design exists and opened at  /home/sogang/ppe_fpga_ho/vitis_workspace/ppe_dma_platform_v2/zynqmp_fsbl/zynqmp_fsbl_bsp/system.mss
TRACE::2026-07-31.15:24:43::SCWPlatform::Trying to open the hw design at /home/sogang/ppe_fpga_ho/vitis_workspace/ppe_dma_platform_v2/hw/dma_passthrough.xsa
TRACE::2026-07-31.15:24:43::SCWPlatform::DSA given /home/sogang/ppe_fpga_ho/vitis_workspace/ppe_dma_platform_v2/hw/dma_passthrough.xsa
TRACE::2026-07-31.15:24:43::SCWPlatform::DSA absoulate path /home/sogang/ppe_fpga_ho/vitis_workspace/ppe_dma_platform_v2/hw/dma_passthrough.xsa
TRACE::2026-07-31.15:24:43::SCWPlatform::DSA directory /home/sogang/ppe_fpga_ho/vitis_workspace/ppe_dma_platform_v2/hw
TRACE::2026-07-31.15:24:43::SCWPlatform:: Platform Path /home/sogang/ppe_fpga_ho/vitis_workspace/ppe_dma_platform_v2/hw/dma_passthrough.xsa
TRACE::2026-07-31.15:24:43::SCWPlatform:: Unique name xilinx:kv260_som_som240_1_connector_kv260_carrier_som240_1_connector::0.0
TRACE::2026-07-31.15:24:43::SCWPlatform::Trying to set the existing hwdb with name dma_passthrough_wrapper_1
TRACE::2026-07-31.15:24:43::SCWPlatform::Opened existing hwdb dma_passthrough_wrapper_1
TRACE::2026-07-31.15:24:43::SCWPlatform::Found the Hw Db part of the input DSA
TRACE::2026-07-31.15:24:43::SCWMssOS::Checking the sw design at  /home/sogang/ppe_fpga_ho/vitis_workspace/ppe_dma_platform_v2/zynqmp_pmufw/zynqmp_pmufw_bsp/system.mss
TRACE::2026-07-31.15:24:43::SCWMssOS::DEBUG:  swdes dump  /home/sogang/ppe_fpga_ho/vitis_workspace/ppe_dma_platform_v2/psu_cortexa53_0/standalone_domain/bsp/system.mss|system_1||
/home/sogang/ppe_fpga_ho/vitis_workspace/ppe_dma_platform_v2/zynqmp_fsbl/zynqmp_fsbl_bsp/system.mss|system||
/home/sogang/ppe_fpga_ho/vitis_workspace/ppe_dma_platform_v2/zynqmp_pmufw/zynqmp_pmufw_bsp/system.mss|system_0||

TRACE::2026-07-31.15:24:43::SCWMssOS::Sw design exists and opened at  /home/sogang/ppe_fpga_ho/vitis_workspace/ppe_dma_platform_v2/zynqmp_pmufw/zynqmp_pmufw_bsp/system.mss
TRACE::2026-07-31.15:24:43::SCWPlatform::Trying to open the hw design at /home/sogang/ppe_fpga_ho/vitis_workspace/ppe_dma_platform_v2/hw/dma_passthrough.xsa
TRACE::2026-07-31.15:24:43::SCWPlatform::DSA given /home/sogang/ppe_fpga_ho/vitis_workspace/ppe_dma_platform_v2/hw/dma_passthrough.xsa
TRACE::2026-07-31.15:24:43::SCWPlatform::DSA absoulate path /home/sogang/ppe_fpga_ho/vitis_workspace/ppe_dma_platform_v2/hw/dma_passthrough.xsa
TRACE::2026-07-31.15:24:43::SCWPlatform::DSA directory /home/sogang/ppe_fpga_ho/vitis_workspace/ppe_dma_platform_v2/hw
TRACE::2026-07-31.15:24:43::SCWPlatform:: Platform Path /home/sogang/ppe_fpga_ho/vitis_workspace/ppe_dma_platform_v2/hw/dma_passthrough.xsa
TRACE::2026-07-31.15:24:43::SCWPlatform:: Unique name xilinx:kv260_som_som240_1_connector_kv260_carrier_som240_1_connector::0.0
TRACE::2026-07-31.15:24:43::SCWPlatform::Trying to set the existing hwdb with name dma_passthrough_wrapper_1
TRACE::2026-07-31.15:24:43::SCWPlatform::Opened existing hwdb dma_passthrough_wrapper_1
TRACE::2026-07-31.15:24:43::SCWPlatform::Found the Hw Db part of the input DSA
TRACE::2026-07-31.15:24:43::SCWMssOS::Checking the sw design at  /home/sogang/ppe_fpga_ho/vitis_workspace/ppe_dma_platform_v2/psu_cortexa53_0/standalone_domain/bsp/system.mss
TRACE::2026-07-31.15:24:43::SCWMssOS::DEBUG:  swdes dump  /home/sogang/ppe_fpga_ho/vitis_workspace/ppe_dma_platform_v2/psu_cortexa53_0/standalone_domain/bsp/system.mss|system_1||
/home/sogang/ppe_fpga_ho/vitis_workspace/ppe_dma_platform_v2/zynqmp_fsbl/zynqmp_fsbl_bsp/system.mss|system||
/home/sogang/ppe_fpga_ho/vitis_workspace/ppe_dma_platform_v2/zynqmp_pmufw/zynqmp_pmufw_bsp/system.mss|system_0||

TRACE::2026-07-31.15:24:43::SCWMssOS::Sw design exists and opened at  /home/sogang/ppe_fpga_ho/vitis_workspace/ppe_dma_platform_v2/psu_cortexa53_0/standalone_domain/bsp/system.mss
TRACE::2026-07-31.15:24:43::SCWWriter::formatted JSON is {
	"platformName":	"ppe_dma_platform_v2",
	"sprVersion":	"2.0",
	"mode":	"gui",
	"dsaType":	"Fixed",
	"platformDesc":	"ppe_dma_platform_v2",
	"platHandOff":	"/home/sogang/ppe_fpga_ho/ppe_dma_passthrough/dma_passthrough.xsa",
	"platIntHandOff":	"<platformDir>/hw/dma_passthrough.xsa",
	"deviceType":	"zynqMP",
	"platIsPrebuiltAutogen":	"false",
	"platIsNoBootBsp":	"false",
	"platFsblTarget":	"psu_cortexa53_0",
	"hasFsblMakeHasChanges":	"false",
	"hasPmufwMakeHasChanges":	"false",
	"fsblExtraCompilerFlags":	"-MMD -MP      -Wall -fmessage-length=0 -DARMA53_64 -Os -flto -ffat-lto-objects  ",
	"pmufwExtraCompilerFlags":	"-MMD -MP      -mlittle-endian -mxl-barrel-shift -mxl-pattern-compare -mcpu=v9.2 -mxl-soft-mul -Os -flto -ffat-lto-objects  ",
	"platPreBuiltFlag":	false,
	"platformSamplesDir":	"",
	"platActiveSys":	"ppe_dma_platform_v2",
	"systems":	[{
			"systemName":	"ppe_dma_platform_v2",
			"systemDesc":	"ppe_dma_platform_v2",
			"sysIsBootAutoGen":	"true",
			"systemDispName":	"ppe_dma_platform_v2",
			"sysActiveDom":	"standalone_domain",
			"sysDefaultDom":	"standalone_domain",
			"domains":	[{
					"domainName":	"zynqmp_fsbl",
					"domainDispName":	"zynqmp_fsbl",
					"domainDesc":	"FSBL Application BSP - Auto Generated.",
					"processors":	"psu_cortexa53_0",
					"os":	"standalone",
					"sdxOs":	"standalone",
					"debugEnable":	"",
					"domRuntimes":	["cpp"],
					"swRepo":	"",
					"mssOsVer":	"8.0",
					"mssFile":	"",
					"md5Digest":	"332ff52bd845638954df10536f91cfb4",
					"compatibleApp":	"zynqmp_fsbl",
					"domType":	"bootDomain",
					"arch":	"64-bit",
					"appSettings":	{
						"appCompilerFlags":	"",
						"appLinkerFlags":	""
					},
					"addedLibs":	["xilffs:4.8", "xilsecure:5.0", "xilpm:4.1"],
					"libOptions":	{
						"standalone":	{
							"zynqmp_fsbl_bsp":	"true",
							"libOptionNames":	["zynqmp_fsbl_bsp"]
						},
						"xilffs":	{
							"read_only":	"true",
							"use_mkfs":	"false",
							"libOptionNames":	["read_only", "use_mkfs"]
						},
						"xilsecure":	{
							"tpm_support":	"true",
							"libOptionNames":	["tpm_support"]
						},
						"libsContainingOptions":	["standalone", "xilffs", "xilsecure"]
					},
					"prebuiltLibs":	{
						"prebuiltIncPath":	[],
						"prebuiltLibPath":	[]
					},
					"isolation":	{
					}
				}, {
					"domainName":	"zynqmp_pmufw",
					"domainDispName":	"zynqmp_pmufw",
					"domainDesc":	"PMUFW Application BSP - Auto Generated.",
					"processors":	"psu_pmu_0",
					"os":	"standalone",
					"sdxOs":	"standalone",
					"debugEnable":	"",
					"domRuntimes":	["cpp"],
					"swRepo":	"",
					"mssOsVer":	"8.0",
					"mssFile":	"",
					"md5Digest":	"4326c1771525a0d091d1a33e303870d4",
					"compatibleApp":	"zynqmp_pmufw",
					"domType":	"bootDomain",
					"arch":	"32-bit",
					"appSettings":	{
						"appCompilerFlags":	"",
						"appLinkerFlags":	""
					},
					"addedLibs":	["xilfpga:6.3", "xilsecure:5.0", "xilskey:7.3"],
					"libOptions":	{
						"psu_pmu_0":	{
							"extra_compiler_flags":	"-g -ffunction-sections -fdata-sections -Wall -Wextra -fno-tree-loop-distribute-patterns  -Os -flto -ffat-lto-objects",
							"libOptionNames":	["extra_compiler_flags"]
						},
						"libsContainingOptions":	["psu_pmu_0"]
					},
					"prebuiltLibs":	{
						"prebuiltIncPath":	[],
						"prebuiltLibPath":	[]
					},
					"isolation":	{
					}
				}, {
					"domainName":	"standalone_domain",
					"domainDispName":	"standalone on psu_cortexa53_0",
					"domainDesc":	"standalone_domain",
					"processors":	"psu_cortexa53_0",
					"os":	"standalone",
					"sdxOs":	"standalone",
					"qemuArgs":	"<platformDir>/resources/ppe_dma_platform_v2/standalone_domain/qemu_args.txt",
					"qemuData":	"<platformDir>/resources/ppe_dma_platform_v2/standalone_domain/qemu",
					"pmuQemuArgs":	"<platformDir>/resources/ppe_dma_platform_v2/standalone_domain/pmu_args.txt",
					"debugEnable":	"False",
					"domRuntimes":	["cpp"],
					"swRepo":	"",
					"mssOsVer":	"8.0",
					"mssFile":	"",
					"md5Digest":	"ba89d83b0e45dc7a5bee76b0c58c9e68",
					"compatibleApp":	"",
					"domType":	"mssDomain",
					"arch":	"64-bit",
					"appSettings":	{
						"appCompilerFlags":	"",
						"appLinkerFlags":	""
					},
					"addedLibs":	[],
					"libOptions":	{
						"libsContainingOptions":	[]
					},
					"prebuiltLibs":	{
						"prebuiltIncPath":	[],
						"prebuiltLibPath":	[]
					},
					"isolation":	{
					}
				}]
		}]
}
KEYINFO::2026-07-31.15:24:43::SCWPlatform::updated the xpfm file.
TRACE::2026-07-31.15:24:44::SCWPlatform::Trying to open the hw design at /home/sogang/ppe_fpga_ho/vitis_workspace/ppe_dma_platform_v2/hw/dma_passthrough.xsa
TRACE::2026-07-31.15:24:44::SCWPlatform::DSA given /home/sogang/ppe_fpga_ho/vitis_workspace/ppe_dma_platform_v2/hw/dma_passthrough.xsa
TRACE::2026-07-31.15:24:44::SCWPlatform::DSA absoulate path /home/sogang/ppe_fpga_ho/vitis_workspace/ppe_dma_platform_v2/hw/dma_passthrough.xsa
TRACE::2026-07-31.15:24:44::SCWPlatform::DSA directory /home/sogang/ppe_fpga_ho/vitis_workspace/ppe_dma_platform_v2/hw
TRACE::2026-07-31.15:24:44::SCWPlatform:: Platform Path /home/sogang/ppe_fpga_ho/vitis_workspace/ppe_dma_platform_v2/hw/dma_passthrough.xsa
TRACE::2026-07-31.15:24:44::SCWPlatform:: Unique name xilinx:kv260_som_som240_1_connector_kv260_carrier_som240_1_connector::0.0
TRACE::2026-07-31.15:24:44::SCWPlatform::Trying to set the existing hwdb with name dma_passthrough_wrapper_1
TRACE::2026-07-31.15:24:44::SCWPlatform::Opened existing hwdb dma_passthrough_wrapper_1
TRACE::2026-07-31.15:24:44::SCWPlatform::Found the Hw Db part of the input DSA
TRACE::2026-07-31.15:24:44::SCWMssOS::Checking the sw design at  /home/sogang/ppe_fpga_ho/vitis_workspace/ppe_dma_platform_v2/psu_cortexa53_0/standalone_domain/bsp/system.mss
TRACE::2026-07-31.15:24:44::SCWMssOS::DEBUG:  swdes dump  /home/sogang/ppe_fpga_ho/vitis_workspace/ppe_dma_platform_v2/psu_cortexa53_0/standalone_domain/bsp/system.mss|system_1||
/home/sogang/ppe_fpga_ho/vitis_workspace/ppe_dma_platform_v2/zynqmp_fsbl/zynqmp_fsbl_bsp/system.mss|system||
/home/sogang/ppe_fpga_ho/vitis_workspace/ppe_dma_platform_v2/zynqmp_pmufw/zynqmp_pmufw_bsp/system.mss|system_0||

TRACE::2026-07-31.15:24:44::SCWMssOS::Sw design exists and opened at  /home/sogang/ppe_fpga_ho/vitis_workspace/ppe_dma_platform_v2/psu_cortexa53_0/standalone_domain/bsp/system.mss
