Information: Starting 'clock_opt -from build_clock -to build_clock' (FLW-8000)
Information: Time: 2026-07-02 09:39:18 / Session:  00:49:39 / Command:  00:00:00 / CPU:  00:00:00 / Memory: 2851 MB (FLW-8100)
INFO: clock_opt is running in balanced flow mode.
Warning: Cannot find any default max transition constraint on the design. (OPT-070)
INFO: Total Power Aware Optimization Enabled (Dynamic + Leakage)
Number of Site types in the design = 1
Setting up Chip Core
Chip Core shape: (8000 8000) (932008 930944)
Number of VARs = 1
Number of unique PDs = 1
Number of Power Domains = 1
Number of Voltage Areas = 1
Number of supply Nets = 2
Number of used supplies = 0
Blocked VAs: 
TEST: runCore upFront-init
TEST: runCore upFront-end
INFO: run stage build_clock (init -> end)
TEST: runCore bldClkInit-init

CCD app option: ccd.targeted_ccd_path_groups:  **clock_gating_default**
Target path group: scenario ss0p95v125c.func pathgroup **clock_gating_default**
Information: CCD will use corner ss0p95v125c for honoring max prepone/postpone limits

Summary of messages during CTS:
===============================================================
  Tag   Count  Type           Description
---------------------------------------------------------------
 No error or warning message.

----------------------------------------------------------------------------------------------------------
Information: Starting clock_opt / build_clock (FLW-8000)
Information: Time: 2026-07-02 09:39:19 / Session:  00:49:40 / Command:  00:00:00 / CPU:  00:00:00 / Memory: 2851 MB (FLW-8100)
----------------------------------------------------------------------------------------------------------

Information: Starting clock_opt / build_clock / Trial CTS (FLW-8000)
Information: Time: 2026-07-02 09:39:19 / Session:  00:49:40 / Command:  00:00:00 / CPU:  00:00:00 / Memory: 2851 MB (FLW-8100)
Running clock synthesis step.
Info: Enabling GR in trial CTO
************************************************************
* CTS STEP: Design Initialization for Trial Synthesis
************************************************************
Information: All clock objects will be converted from ideal to propagated clock during CTS. (CTS-105)
Information: CTS will work on the following scenarios. (CTS-101)
   ss0p95v125c.func	(Mode: func; Corner: ss0p95v125c)
Information: CTS will work on all clocks in active scenarios, including 7 master clocks and 10 generated clocks. (CTS-107)
Output units used in this log:
   Time        : 1.00ns
   Resistance  : 1.00kOhm
   Capacitance : 1.00pF
   Power       : 1.00mW
   Length      : 1.00um
Information: Clock derating is enabled

CTS related app options set by user:
   cts.common.copy_balance_points_to_missing_modes = true
   cts.common.max_fanout = 32
   cts.common.user_instance_name_prefix = CTS_
   cts.compile.cg_timing_aware = false
   cts.compile.enable_cell_relocation = none
   cts.compile.enable_global_route = true
   cts.compile.enable_local_skew = true
   cts.compile.tighten_target_tran = true
   cts.icg.timing_aware = false
   cts.optimize.enable_arnoldi_analyzer = true
   cts.optimize.enable_global_route = true
   cts.optimize.enable_improvement_mode = skew
   cts.optimize.enable_local_skew = true
   cts.optimize.enable_via_ladder = true
   cts.optimize.update_flow_speedup = true

Buffer/Inverter reference list for clock tree synthesis:
   saed32hvt/INVX16_HVT
   saed32hvt/INVX32_HVT
   saed32hvt/INVX4_HVT
   saed32hvt/INVX8_HVT
   saed32lvt/INVX16_LVT
   saed32lvt/INVX32_LVT
   saed32lvt/INVX4_LVT
   saed32lvt/INVX8_LVT
   saed32rvt/INVX16_RVT
   saed32rvt/INVX32_RVT
   saed32rvt/INVX4_RVT
   saed32rvt/INVX8_RVT

ICG reference list:
   saed32hvt/CGLNPRX2_HVT
   saed32hvt/CGLNPRX8_HVT
   saed32lvt/CGLNPRX2_LVT
   saed32lvt/CGLNPRX8_LVT
   saed32rvt/CGLNPRX2_RVT
   saed32rvt/CGLNPRX8_RVT

Information: Orientation ETCH is using reference direction: VERTICAL. (NEX-032)
Information: 'ss0p95v125c' is identified as primary corner for initial clock tree building. (CTS-103)
Number of Site types in the design = 1
Setting up Chip Core
Chip Core shape: (8000 8000) (932008 930944)
Number of VARs = 1
Number of unique PDs = 1
Number of Power Domains = 1
Number of Voltage Areas = 1
Number of supply Nets = 2
Number of used supplies = 0
Blocked VAs: 
CTS NDR rule list:
   Design Base; Net Type: all;      Rule: cts_w2_s2_vlg; Min Layer: M4; Max Layer: M6
   Design Base; Net Type: sink;     Rule: cts_w1_s2; Min Layer: M1; Max Layer: M6

Clock cell spacing rule list:
   No clock cell spacing rule is found.
Information: The run time for design initialization is 0 hr : 0 min : 0.22 sec, cpu time is 0 hr : 0 min : 0.22 sec. (CTS-104)
************************************************************
* CTS STEP: Existing Clock Tree Removal
************************************************************

A total of 0 buffer(s) and 552 inverter(s) have been removed.
Information: The run time for existing clock tree removal is 0 hr : 0 min : 0.45 sec, cpu time is 0 hr : 0 min : 0.51 sec. (CTS-104)
************************************************************
* CTS STEP: Clock Tree Initialization
************************************************************
Drc Mode Option: auto
Information: Initializing classic cellmap without advanced rules enabled and with PDC enabled
Information: The following app options are used in cellmap
        place.legalize.enable_color_aware_placement : false
        place.legalize.use_nll_query_cm : false
        place.legalize.enable_advanced_legalizer : false
        place.legalize.enable_prerouted_net_check : true
        place.legalize.enable_advanced_prerouted_net_check : false
        place.legalize.always_continue : true
        place.legalize.limit_legality_checks : false
        place.common.pnet_aware_density : 1.0000
        place.common.pnet_aware_min_width : 0.0000
        place.common.pnet_aware_layers : {}
        place.common.use_placement_model : false
        place.common.enable_advanced_placement_model : true
        cts.placement.cell_spacing_rule_style : maximum
Information: Creating classic rule checker.
Warning: Routing direction of metal layer PO is neither "horizontal" nor "vertical".  PDC checks will not be performed on this layer. (PDC-003)
PDC app_options settings =========
	place.legalize.enable_prerouted_net_check: 1
	place.legalize.num_tracks_for_access_check: 1
	place.legalize.use_eol_spacing_for_access_check: 0
	place.legalize.allow_touch_track_for_access_check: 1
	place.legalize.reduce_conservatism_in_eol_check: 0
	place.legalize.preroute_shape_merge_distance: 0.0
	place.legalize.enable_non_preferred_direction_span_check: 0

Layer M1: cached 0 shapes out of 2078 total shapes.
Layer M2: cached 715 shapes out of 743 total shapes.
Cached 44850 vias out of 111356 total vias.
Total 0.3955 seconds to build cellmap data
INFO: creating 50(r) x 50(c) GridCells YDim 18.779 XDim 18.801
INFO: number of GridCells (fsc_top): 2500
INFO: creating 50(r) x 50(c) GridCells YDim 18.779 XDim 18.801
INFO: number of GridCells (fsc_top): 2500
Total 0.4871 seconds to load 50934 cell instances into cellmap
Moveable cells: 39270; Application fixed cells: 3; Macro cells: 0; User fixed cells: 11661
0 out of 39889 data nets is detail routed, 4 out of 5 clock nets are detail routed and total 39894 nets have been analyzed
Only clock route nets/shapes. Estimated current stage is after clock detail route stage
Average cell width 2.9058, cell height 1.6720, cell area 4.8585 for total 39273 placed and application fixed cells
Information: Legalizer's PDC rule check is enabled
Information: Legalizer's advanced rule check is enabled

Start Auto-Exception Derivations...
 No internal pin was found.
 No conflict pin was found.
 No macro pin was found for clock balance point settings.
 No macro pin was found for disabling self arcs.
Info: 13397 sinks and boundary insts are collected
Information: The run time for clock tree initialization is 0 hr : 0 min : 1.19 sec, cpu time is 0 hr : 0 min : 1.19 sec. (CTS-104)
Setting target skew for clock: comp_clk (mode func corner ss0p95v125c) as 4.545000
Setting target skew for clock: pixel_clk (mode func corner ss0p95v125c) as 3.765000
Setting target skew for clock: pll1_clk_in (mode func corner ss0p95v125c) as 1.135500
Setting target skew for clock: pll2_clk_in (mode func corner ss0p95v125c) as 1.135500
Setting target skew for clock: system_clk (mode func corner ss0p95v125c) as 4.545000
Setting target skew for clock: test_clk (mode func corner ss0p95v125c) as 15.000000
Drc Mode Option: auto
Corner Scaling is off, multiplier is 1.000000
Automatic Zbuf-CTS Mode: total_powerInformation: Running Max-CTS
Enable multi-thread Tasks, number of thread is 4
Info: run cts with the following settings: _runCts 1 _runCto 1 _runSnapClockSinks 1
Information: The stitching and editing of coupling caps is turned OFF for design 'fsc_top_CTS.nlib:fsc_top.design'. (TIM-125)
Information: Update timing completed net estimation for all the timing graph nets (TIM-111)
Information: Net estimation statistics: timing graph nets = 39895, routed nets = 4, across physical hierarchy nets = 0, parasitics cached nets = 1121, delay annotated nets = 0, parasitics annotated nets = 0, multi-voltage nets = 0. (TIM-112)
Information: The run time for netlink placement is 0 hr : 0 min : 0.00 sec, cpu time is 0 hr : 0 min : 0.00 sec. (CTS-104)
************************************************************
* CTS STEP: Gate-By-Gate Clock Tree Synthesis
************************************************************
Design rule constraints:
     max fanout  = 32
Computing criticality for all echelons
Num of echelons 19
  Level 0 Num Nodes: 505
  Level 1 Num Nodes: 497
  Level 2 Num Nodes: 9
  Level 3 Num Nodes: 4
  Level 4 Num Nodes: 4
  Level 5 Num Nodes: 4
  Level 6 Num Nodes: 5
  Level 7 Num Nodes: 4
  Level 8 Num Nodes: 4
  Level 9 Num Nodes: 3
  Level 10 Num Nodes: 4
  Level 11 Num Nodes: 3
  Level 12 Num Nodes: 4
  Level 13 Num Nodes: 3
  Level 14 Num Nodes: 4
  Level 15 Num Nodes: 3
  Level 16 Num Nodes: 2
  Level 17 Num Nodes: 1
  Level 18 Num Nodes: 1
Processing Echelon 1
 Uninit phase delay returned for pin u_clk_gen/u_clock_gen/pixel_comp_clk_q_reg/CLK
 Uninit phase delay returned for pin u_clk_gen/u_clock_gen/pixel_comp_clk_q_reg/CLK
Processing parameter set (max_tran 0.080000 max_cap 0.600000)
Information: Orientation ETCH is using reference direction: VERTICAL. (NEX-032)
Information: timingScenario CTS_DRC_OFF_SCEN0 timingCorner ss0p95v125c.  Using corner ss0p95v125c for worst leakage corner. Using corner ss0p95v125c for worst dynamic corner. (OPT-078)
Information: Using default layer M5 (OPT-079)
Information: Nominal = 0.0248942  Design MT = 0.076000  Target = 0.0678328  MaxRC = 0.038502 Fast Target = 0.029246 (OPT-081)
Using layer M5 for buffering distances
bmap: stepx = stepy = 18801
creating bmap
DB units per micron : 1000
Core Area = 50 X 50 ()
 Uninit phase delay returned for pin u_clk_gen/u_clock_gen/pixel_comp_clk_q_reg/CLK
 Uninit phase delay returned for pin u_clk_gen/u_clock_gen/pixel_comp_clk_q_reg/CLK
 Uninit phase delay returned for pin u_clk_gen/u_clock_gen/pixel_comp_clk_q_reg/CLK
 Uninit phase delay returned for pin u_clk_gen/u_clock_gen/pixel_comp_clk_q_reg/CLK
   10% ...   20% ...   30% ...   40% ...   50% ...   60% ...   70% ...   80% ...   90% ...  100% ...Number of Drivers Sized: 0 [0.00%]

-------------------------------------------------------------
 Echelon 1 gate by gate clock synthesis
 Gate level 3 clock tree synthesis
 Driving pin = u_clk_gen/u_clock_gen/C380/ctmi_38/Y
 Clocks: 
     comp_clk (func)
     pixel_clk (func)
 Design rule constraints:
     max transition = 0.080000
     max capacitance = 0.600000
 Number of Sinks = 3
 Number of Gates = 0
 Number of Loads = 3
 Number of ignore loads = 1
 Added 0 Repeaters (B: 0 I: 0). Built 0 Repeater Levels for driver u_clk_gen/u_clock_gen/C380/ctmi_38/Y
 Phase delay: (max r/f: 0.189610/nan  min r/f: 0.189610/nan) : u_clk_gen/u_clock_gen/C380/ctmi_38/A1
-------------------------------------------------------------
 Echelon 1 gate by gate clock synthesis
 Gate level 3 clock tree synthesis
 Driving pin = u_clk_gen/u_clock_gen/C374/ctmi_24/Y
 Clocks: 
     comp_clk (func)
     test_clk (func)
 Design rule constraints:
     max transition = 0.080000
     max capacitance = 0.600000
 Number of Sinks = 1
 Number of Gates = 0
 Number of Loads = 1
 Added 0 Repeaters (B: 0 I: 0). Built 0 Repeater Levels for driver u_clk_gen/u_clock_gen/C374/ctmi_24/Y
 Phase delay: (max r/f: 0.125351/nan  min r/f: 0.125351/nan) : u_clk_gen/u_clock_gen/C374/ctmi_24/A1
-------------------------------------------------------------
 Echelon 1 gate by gate clock synthesis
 Gate level 12 clock tree synthesis
 Driving pin = u_clk_gen/u_clock_gen/C371/ctmi_26/Y
 Clocks: 
     pll1_clk_in (func)
     system_clk (func)
     test_clk (func)
 Design rule constraints:
     max transition = 0.080000
     max capacitance = 0.600000
 Number of Sinks = 1
 Number of Gates = 0
 Number of Loads = 1
 Added 0 Repeaters (B: 0 I: 0). Built 0 Repeater Levels for driver u_clk_gen/u_clock_gen/C371/ctmi_26/Y
 Phase delay: (max r/f: 0.125618/nan  min r/f: 0.125618/nan) : u_clk_gen/u_clock_gen/C371/ctmi_26/A1
-------------------------------------------------------------
 Echelon 1 gate by gate clock synthesis
 Gate level 4 clock tree synthesis
 Driving pin = u_clk_gen/u_pll_mux/C89/ctmi_8/Y
 Clocks: 
     pll2_clk_in (func)
     test_clk (func)
 Design rule constraints:
     max transition = 0.080000
     max capacitance = 0.600000
 Number of Sinks = 1
 Number of Gates = 0
 Number of Loads = 1
 Added 0 Repeaters (B: 0 I: 0). Built 0 Repeater Levels for driver u_clk_gen/u_pll_mux/C89/ctmi_8/Y
 Phase delay: (max r/f: 0.144405/nan  min r/f: 0.144405/nan) : u_clk_gen/u_pll_mux/C89/ctmi_8/A1
-------------------------------------------------------------
 Echelon 1 gate by gate clock synthesis
 Gate level 7 clock tree synthesis
 Driving pin = u_clk_gen/u_clock_gen/C373/ctmi_28/Y
 Clocks: 
     system_clk (func)
     test_clk (func)
 Design rule constraints:
     max transition = 0.080000
     max capacitance = 0.600000
 Number of Sinks = 1
 Number of Gates = 0
 Number of Loads = 1
 Added 0 Repeaters (B: 0 I: 0). Built 0 Repeater Levels for driver u_clk_gen/u_clock_gen/C373/ctmi_28/Y
 Phase delay: (max r/f: 0.126877/nan  min r/f: 0.126877/nan) : u_clk_gen/u_clock_gen/C373/ctmi_28/A1
-------------------------------------------------------------
 Echelon 1 gate by gate clock synthesis
 Gate level 4 clock tree synthesis
 Driving pin = u_clk_gen/u_clock_gen/C375/ctmi_30/Y
 Clocks: 
     system_clk (func)
     test_clk (func)
 Design rule constraints:
     max transition = 0.080000
     max capacitance = 0.600000
 Number of Sinks = 1
 Number of Gates = 0
 Number of Loads = 1
 Added 0 Repeaters (B: 0 I: 0). Built 0 Repeater Levels for driver u_clk_gen/u_clock_gen/C375/ctmi_30/Y
 Phase delay: (max r/f: 0.127392/nan  min r/f: 0.127392/nan) : u_clk_gen/u_clock_gen/C375/ctmi_30/A1
-------------------------------------------------------------
 Echelon 1 gate by gate clock synthesis
 Gate level 3 clock tree synthesis
 Driving pin = u_clk_gen/u_pll_mux/C87/ctmi_6/Y
 Clocks: 
     system_clk (func)
     test_clk (func)
 Design rule constraints:
     max transition = 0.080000
     max capacitance = 0.600000
 Number of Sinks = 1
 Number of Gates = 0
 Number of Loads = 1
 Added 0 Repeaters (B: 0 I: 0). Built 0 Repeater Levels for driver u_clk_gen/u_pll_mux/C87/ctmi_6/Y
 Phase delay: (max r/f: 0.144310/nan  min r/f: 0.144310/nan) : u_clk_gen/u_pll_mux/C87/ctmi_6/A1
-------------------------------------------------------------
 Echelon 1 gate by gate clock synthesis
 Gate level 3 clock tree synthesis
 Driving pin = u_clk_gen/u_clock_gen/C368/ctmi_21/Y
 Clocks: 
     system_clk (func)
     test_clk (func)
 Design rule constraints:
     max transition = 0.080000
     max capacitance = 0.600000
 Number of Sinks = 2
 Number of Gates = 0
 Number of Loads = 2
 Added 2 Repeaters (B: 0 I: 2). Built 2 Repeater Levels for driver u_clk_gen/u_clock_gen/C368/ctmi_21/Y
 Phase delay: (max r/f: 0.190201/nan  min r/f: 0.190201/nan) : u_clk_gen/u_clock_gen/C368/ctmi_21/A1
-------------------------------------------------------------
 Echelon 1 gate by gate clock synthesis
 Gate level 3 clock tree synthesis
 Driving pin = u_clk_gen/u_clock_gen/C376/ctmi_25/Y
 Clocks: 
     test_clk (func)
 Design rule constraints:
     max transition = 0.080000
     max capacitance = 0.600000
 Number of Sinks = 1
 Number of Gates = 0
 Number of Loads = 1
 Added 0 Repeaters (B: 0 I: 0). Built 0 Repeater Levels for driver u_clk_gen/u_clock_gen/C376/ctmi_25/Y
 Phase delay: (max r/f: 0.142288/nan  min r/f: 0.142288/nan) : u_clk_gen/u_clock_gen/C376/ctmi_25/A2
-------------------------------------------------------------
 Echelon 1 gate by gate clock synthesis
 Gate level 3 clock tree synthesis
 Driving pin = u_clk_gen/u_clock_gen/C370/ctmi_23/Y
 Clocks: 
     test_clk (func)
 Design rule constraints:
     max transition = 0.080000
     max capacitance = 0.600000
 Number of Sinks = 1
 Number of Gates = 0
 Number of Loads = 1
 Added 0 Repeaters (B: 0 I: 0). Built 0 Repeater Levels for driver u_clk_gen/u_clock_gen/C370/ctmi_23/Y
 Phase delay: (max r/f: 0.140381/nan  min r/f: 0.140381/nan) : u_clk_gen/u_clock_gen/C370/ctmi_23/A2
Processing Echelon 2
Recomputing criticality for non-critical echelon 2
Processing parameter set (max_tran 0.080000 max_cap 0.600000)
Using layer M5 for buffering distances
   10% ...   20% ...   30% ...   40% ...   50% ...Number of Drivers Sized: 200 [70.92%]

-------------------------------------------------------------
 Echelon 2 gate by gate clock synthesis
 Gate level 2 clock tree synthesis
 Driving pin = u_clk_gen/u_clock_gen/ctmi_154/Y
 Clocks: 
     comp_clk (func)
 Design rule constraints:
     max transition = 0.080000
     max capacitance = 0.600000
 Number of Sinks = 0
 Number of Gates = 1
 Number of Loads = 1
 Loads with existing phase delay = 1
  1. Phase delay = (max r/f: 0.189610/__  min r/f: 0.189610/__) : u_clk_gen/u_clock_gen/C380/ctmi_38/A1
 Added 0 Repeaters (B: 0 I: 0). Built 0 Repeater Levels for driver u_clk_gen/u_clock_gen/ctmi_154/Y
 Phase delay: (max r/f: 0.329838/nan  min r/f: 0.329838/nan) : u_clk_gen/u_clock_gen/ctmi_154/A1
-------------------------------------------------------------
 Echelon 2 gate by gate clock synthesis
 Gate level 2 clock tree synthesis
 Driving pin = ctmi_34369/Y
 Clocks: 
     pixel_clk (func)
 Design rule constraints:
     max transition = 0.080000
     max capacitance = 0.600000
 Number of Sinks = 2
 Number of Gates = 1
 Number of Loads = 3
 Number of ignore loads = 1
 Loads with existing phase delay = 1
  1. Phase delay = (max r/f: 0.188179/__  min r/f: 0.188179/__) : u_clk_gen/u_clock_gen/C380/ctmi_38/A2
 Added 2 Repeaters (B: 0 I: 2). Built 2 Repeater Levels for driver ctmi_34369/Y
 Phase delay: (max r/f: 0.357895/nan  min r/f: 0.357895/nan) : ctmi_34369/A2
-------------------------------------------------------------
 Echelon 2 gate by gate clock synthesis
 Gate level 16 clock tree synthesis
 Driving pin = u_datapath/u_gamma_correction/clock_gate_u_video_synthesis/counter1/count_reg_97/GCLK
 Clocks: 
     pll1_clk_in (func)
 Design rule constraints:
     max transition = 0.080000
     max capacitance = 0.600000
 Number of Sinks = 5
 Number of Gates = 0
 Number of Loads = 5
 Added 0 Repeaters (B: 0 I: 0). Built 0 Repeater Levels for driver u_datapath/u_gamma_correction/clock_gate_u_video_synthesis/counter1/count_reg_97/GCLK
 Phase delay: (max r/f: nan/0.248451  min r/f: nan/0.248451) : u_datapath/u_gamma_correction/clock_gate_u_video_synthesis/counter1/count_reg_97/CLK
-------------------------------------------------------------
 Echelon 2 gate by gate clock synthesis
 Gate level 16 clock tree synthesis
 Driving pin = u_datapath/u_gamma_correction/u_sr_d1kx16_f166c_compensation_table_0_wrap/clock_gate_u_sr_d1kx16_f166c_bist/bist_addr_reg/GCLK
 Clocks: 
     pll1_clk_in (func)
 Design rule constraints:
     max transition = 0.080000
     max capacitance = 0.600000
 Number of Sinks = 10
 Number of Gates = 0
 Number of Loads = 10
 Driver sized from CGLNPRX2_RVT to CGLNPRX2_LVT
 Added 1 Repeaters (B: 0 I: 1). Built 1 Repeater Levels for driver u_datapath/u_gamma_correction/u_sr_d1kx16_f166c_compensation_table_0_wrap/clock_gate_u_sr_d1kx16_f166c_bist/bist_addr_reg/GCLK
 Phase delay: (max r/f: nan/0.160542  min r/f: nan/0.160542) : u_datapath/u_gamma_correction/u_sr_d1kx16_f166c_compensation_table_0_wrap/clock_gate_u_sr_d1kx16_f166c_bist/bist_addr_reg/CLK
-------------------------------------------------------------
 Echelon 2 gate by gate clock synthesis
 Gate level 16 clock tree synthesis
 Driving pin = u_datapath/u_gamma_flash_fifo_control/u_load_mem_fifo/clock_gate_u_rptr_empty_load_mem_fifo/rbin_reg/GCLK
 Clocks: 
     pll1_clk_in (func)
 Design rule constraints:
     max transition = 0.080000
     max capacitance = 0.600000
 Number of Sinks = 5
 Number of Gates = 0
 Number of Loads = 5
 Added 0 Repeaters (B: 0 I: 0). Built 0 Repeater Levels for driver u_datapath/u_gamma_flash_fifo_control/u_load_mem_fifo/clock_gate_u_rptr_empty_load_mem_fifo/rbin_reg/GCLK
 Phase delay: (max r/f: nan/0.218506  min r/f: nan/0.218506) : u_datapath/u_gamma_flash_fifo_control/u_load_mem_fifo/clock_gate_u_rptr_empty_load_mem_fifo/rbin_reg/CLK
-------------------------------------------------------------
 Echelon 2 gate by gate clock synthesis
 Gate level 16 clock tree synthesis
 Driving pin = u_datapath/u_gamma_flash_fifo_control/clock_gate_pause_reg/GCLK
 Clocks: 
     pll1_clk_in (func)
 Design rule constraints:
     max transition = 0.080000
     max capacitance = 0.600000
 Number of Sinks = 5
 Number of Gates = 0
 Number of Loads = 5
 Added 0 Repeaters (B: 0 I: 0). Built 0 Repeater Levels for driver u_datapath/u_gamma_flash_fifo_control/clock_gate_pause_reg/GCLK
 Phase delay: (max r/f: nan/0.217133  min r/f: nan/0.217133) : u_datapath/u_gamma_flash_fifo_control/clock_gate_pause_reg/CLK
-------------------------------------------------------------
 Echelon 2 gate by gate clock synthesis
 Gate level 16 clock tree synthesis
 Driving pin = u_datapath/clock_gate_color_id_out_reg/GCLK
 Clocks: 
     pll1_clk_in (func)
 Design rule constraints:
     max transition = 0.080000
     max capacitance = 0.600000
 Number of Sinks = 3
 Number of Gates = 0
 Number of Loads = 3
 Added 0 Repeaters (B: 0 I: 0). Built 0 Repeater Levels for driver u_datapath/clock_gate_color_id_out_reg/GCLK
 Phase delay: (max r/f: nan/0.228138  min r/f: nan/0.228138) : u_datapath/clock_gate_color_id_out_reg/CLK
-------------------------------------------------------------
 Echelon 2 gate by gate clock synthesis
 Gate level 16 clock tree synthesis
 Driving pin = u_datapath/clock_gate_u_SDR_controller/last_com_reg/GCLK
 Clocks: 
     pll1_clk_in (func)
 Design rule constraints:
     max transition = 0.080000
     max capacitance = 0.600000
 Number of Sinks = 4
 Number of Gates = 0
 Number of Loads = 4
 Added 0 Repeaters (B: 0 I: 0). Built 0 Repeater Levels for driver u_datapath/clock_gate_u_SDR_controller/last_com_reg/GCLK
 Phase delay: (max r/f: nan/0.242500  min r/f: nan/0.242500) : u_datapath/clock_gate_u_SDR_controller/last_com_reg/CLK
-------------------------------------------------------------
 Echelon 2 gate by gate clock synthesis
 Gate level 16 clock tree synthesis
 Driving pin = u_datapath/clock_gate_u_SDR_controller/u_counter1/count_reg/GCLK
 Clocks: 
     pll1_clk_in (func)
 Design rule constraints:
     max transition = 0.080000
     max capacitance = 0.600000
 Number of Sinks = 5
 Number of Gates = 0
 Number of Loads = 5
 Added 0 Repeaters (B: 0 I: 0). Built 0 Repeater Levels for driver u_datapath/clock_gate_u_SDR_controller/u_counter1/count_reg/GCLK
 Phase delay: (max r/f: nan/0.217228  min r/f: nan/0.217228) : u_datapath/clock_gate_u_SDR_controller/u_counter1/count_reg/CLK
-------------------------------------------------------------
 Echelon 2 gate by gate clock synthesis
 Gate level 16 clock tree synthesis
 Driving pin = u_datapath/clock_gate_u_SDR_controller/u_counter1/count_reg_2/GCLK
 Clocks: 
     pll1_clk_in (func)
 Design rule constraints:
     max transition = 0.080000
     max capacitance = 0.600000
 Number of Sinks = 5
 Number of Gates = 0
 Number of Loads = 5
 Added 0 Repeaters (B: 0 I: 0). Built 0 Repeater Levels for driver u_datapath/clock_gate_u_SDR_controller/u_counter1/count_reg_2/GCLK
 Phase delay: (max r/f: nan/0.217514  min r/f: nan/0.217514) : u_datapath/clock_gate_u_SDR_controller/u_counter1/count_reg_2/CLK
-------------------------------------------------------------
 Echelon 2 gate by gate clock synthesis
 Gate level 16 clock tree synthesis
 Driving pin = u_datapath/clock_gate_u_SDR_controller/u_counter1/count_reg_3/GCLK
 Clocks: 
     pll1_clk_in (func)
 Design rule constraints:
     max transition = 0.080000
     max capacitance = 0.600000
 Number of Sinks = 4
 Number of Gates = 0
 Number of Loads = 4
 Added 0 Repeaters (B: 0 I: 0). Built 0 Repeater Levels for driver u_datapath/clock_gate_u_SDR_controller/u_counter1/count_reg_3/GCLK
 Phase delay: (max r/f: nan/0.213604  min r/f: nan/0.213604) : u_datapath/clock_gate_u_SDR_controller/u_counter1/count_reg_3/CLK
-------------------------------------------------------------
 Echelon 2 gate by gate clock synthesis
 Gate level 16 clock tree synthesis
 Driving pin = u_datapath/clock_gate_u_SDR_controller/u_counter1/count_reg_4/GCLK
 Clocks: 
     pll1_clk_in (func)
 Design rule constraints:
     max transition = 0.080000
     max capacitance = 0.600000
 Number of Sinks = 5
 Number of Gates = 0
 Number of Loads = 5
 Added 0 Repeaters (B: 0 I: 0). Built 0 Repeater Levels for driver u_datapath/clock_gate_u_SDR_controller/u_counter1/count_reg_4/GCLK
 Phase delay: (max r/f: nan/0.216370  min r/f: nan/0.216370) : u_datapath/clock_gate_u_SDR_controller/u_counter1/count_reg_4/CLK
-------------------------------------------------------------
 Echelon 2 gate by gate clock synthesis
 Gate level 16 clock tree synthesis
 Driving pin = u_datapath/clock_gate_u_SDR_controller/u_counter2/count_reg_5/GCLK
 Clocks: 
     pll1_clk_in (func)
 Design rule constraints:
     max transition = 0.080000
     max capacitance = 0.600000
 Number of Sinks = 5
 Number of Gates = 0
 Number of Loads = 5
 Added 0 Repeaters (B: 0 I: 0). Built 0 Repeater Levels for driver u_datapath/clock_gate_u_SDR_controller/u_counter2/count_reg_5/GCLK
 Phase delay: (max r/f: nan/0.218353  min r/f: nan/0.218353) : u_datapath/clock_gate_u_SDR_controller/u_counter2/count_reg_5/CLK
-------------------------------------------------------------
 Echelon 2 gate by gate clock synthesis
 Gate level 16 clock tree synthesis
 Driving pin = u_datapath/clock_gate_u_SDR_controller/u_counter2/count_reg_6/GCLK
 Clocks: 
     pll1_clk_in (func)
 Design rule constraints:
     max transition = 0.080000
     max capacitance = 0.600000
 Number of Sinks = 4
 Number of Gates = 0
 Number of Loads = 4
 Added 0 Repeaters (B: 0 I: 0). Built 0 Repeater Levels for driver u_datapath/clock_gate_u_SDR_controller/u_counter2/count_reg_6/GCLK
 Phase delay: (max r/f: nan/0.240498  min r/f: nan/0.240498) : u_datapath/clock_gate_u_SDR_controller/u_counter2/count_reg_6/CLK
-------------------------------------------------------------
 Echelon 2 gate by gate clock synthesis
 Gate level 16 clock tree synthesis
 Driving pin = u_datapath/clock_gate_u_SDR_controller/u_counter2/count_reg_7/GCLK
 Clocks: 
     pll1_clk_in (func)
 Design rule constraints:
     max transition = 0.080000
     max capacitance = 0.600000
 Number of Sinks = 5
 Number of Gates = 0
 Number of Loads = 5
 Added 0 Repeaters (B: 0 I: 0). Built 0 Repeater Levels for driver u_datapath/clock_gate_u_SDR_controller/u_counter2/count_reg_7/GCLK
 Phase delay: (max r/f: nan/0.248146  min r/f: nan/0.248146) : u_datapath/clock_gate_u_SDR_controller/u_counter2/count_reg_7/CLK
-------------------------------------------------------------
 Echelon 2 gate by gate clock synthesis
 Gate level 16 clock tree synthesis
 Driving pin = u_datapath/u_gamma_correction/clock_gate_u_video_synthesis/line_counter/count_reg_102/GCLK
 Clocks: 
     pll1_clk_in (func)
 Design rule constraints:
     max transition = 0.080000
     max capacitance = 0.600000
 Number of Sinks = 5
 Number of Gates = 0
 Number of Loads = 5
 Added 0 Repeaters (B: 0 I: 0). Built 0 Repeater Levels for driver u_datapath/u_gamma_correction/clock_gate_u_video_synthesis/line_counter/count_reg_102/GCLK
 Phase delay: (max r/f: nan/0.251064  min r/f: nan/0.251064) : u_datapath/u_gamma_correction/clock_gate_u_video_synthesis/line_counter/count_reg_102/CLK
-------------------------------------------------------------
 Echelon 2 gate by gate clock synthesis
 Gate level 16 clock tree synthesis
 Driving pin = u_datapath/u_gamma_correction/clock_gate_u_video_synthesis/line_counter/count_reg/GCLK
 Clocks: 
     pll1_clk_in (func)
 Design rule constraints:
     max transition = 0.080000
     max capacitance = 0.600000
 Number of Sinks = 5
 Number of Gates = 0
 Number of Loads = 5
 Added 0 Repeaters (B: 0 I: 0). Built 0 Repeater Levels for driver u_datapath/u_gamma_correction/clock_gate_u_video_synthesis/line_counter/count_reg/GCLK
 Phase delay: (max r/f: nan/0.217991  min r/f: nan/0.217991) : u_datapath/u_gamma_correction/clock_gate_u_video_synthesis/line_counter/count_reg/CLK
-------------------------------------------------------------
 Echelon 2 gate by gate clock synthesis
 Gate level 16 clock tree synthesis
 Driving pin = u_datapath/u_gamma_correction/clock_gate_u_video_synthesis/burst_count_reg/GCLK
 Clocks: 
     pll1_clk_in (func)
 Design rule constraints:
     max transition = 0.080000
     max capacitance = 0.600000
 Number of Sinks = 5
 Number of Gates = 0
 Number of Loads = 5
 Added 0 Repeaters (B: 0 I: 0). Built 0 Repeater Levels for driver u_datapath/u_gamma_correction/clock_gate_u_video_synthesis/burst_count_reg/GCLK
 Phase delay: (max r/f: nan/0.256901  min r/f: nan/0.256901) : u_datapath/u_gamma_correction/clock_gate_u_video_synthesis/burst_count_reg/CLK
-------------------------------------------------------------
 Echelon 2 gate by gate clock synthesis
 Gate level 16 clock tree synthesis
 Driving pin = u_datapath/u_gamma_correction/clock_gate_u_video_synthesis/line_counter/count_reg_100/GCLK
 Clocks: 
     pll1_clk_in (func)
 Design rule constraints:
     max transition = 0.080000
     max capacitance = 0.600000
 Number of Sinks = 5
 Number of Gates = 0
 Number of Loads = 5
 Added 0 Repeaters (B: 0 I: 0). Built 0 Repeater Levels for driver u_datapath/u_gamma_correction/clock_gate_u_video_synthesis/line_counter/count_reg_100/GCLK
 Phase delay: (max r/f: nan/0.250778  min r/f: nan/0.250778) : u_datapath/u_gamma_correction/clock_gate_u_video_synthesis/line_counter/count_reg_100/CLK
-------------------------------------------------------------
 Echelon 2 gate by gate clock synthesis
 Gate level 16 clock tree synthesis
 Driving pin = u_datapath/u_gamma_correction/clock_gate_u_video_synthesis/pixel_counter/count_reg_103/GCLK
 Clocks: 
     pll1_clk_in (func)
 Design rule constraints:
     max transition = 0.080000
     max capacitance = 0.600000
 Number of Sinks = 5
 Number of Gates = 0
 Number of Loads = 5
 Added 0 Repeaters (B: 0 I: 0). Built 0 Repeater Levels for driver u_datapath/u_gamma_correction/clock_gate_u_video_synthesis/pixel_counter/count_reg_103/GCLK
 Phase delay: (max r/f: nan/0.251770  min r/f: nan/0.251770) : u_datapath/u_gamma_correction/clock_gate_u_video_synthesis/pixel_counter/count_reg_103/CLK
-------------------------------------------------------------
 Echelon 2 gate by gate clock synthesis
 Gate level 16 clock tree synthesis
 Driving pin = u_datapath/u_gamma_correction/clock_gate_u_video_synthesis/pixel_counter/count_reg_104/GCLK
 Clocks: 
     pll1_clk_in (func)
 Design rule constraints:
     max transition = 0.080000
     max capacitance = 0.600000
 Number of Sinks = 4
 Number of Gates = 0
 Number of Loads = 4
 Added 0 Repeaters (B: 0 I: 0). Built 0 Repeater Levels for driver u_datapath/u_gamma_correction/clock_gate_u_video_synthesis/pixel_counter/count_reg_104/GCLK
 Phase delay: (max r/f: nan/0.244350  min r/f: nan/0.244350) : u_datapath/u_gamma_correction/clock_gate_u_video_synthesis/pixel_counter/count_reg_104/CLK
-------------------------------------------------------------
 Echelon 2 gate by gate clock synthesis
 Gate level 16 clock tree synthesis
 Driving pin = u_datapath/u_gamma_correction/clock_gate_current_limit_reg/GCLK
 Clocks: 
     pll1_clk_in (func)
 Design rule constraints:
     max transition = 0.080000
     max capacitance = 0.600000
 Number of Sinks = 5
 Number of Gates = 0
 Number of Loads = 5
 Added 0 Repeaters (B: 0 I: 0). Built 0 Repeater Levels for driver u_datapath/u_gamma_correction/clock_gate_current_limit_reg/GCLK
 Phase delay: (max r/f: nan/0.254784  min r/f: nan/0.254784) : u_datapath/u_gamma_correction/clock_gate_current_limit_reg/CLK
-------------------------------------------------------------
 Echelon 2 gate by gate clock synthesis
 Gate level 16 clock tree synthesis
 Driving pin = u_datapath/u_gamma_correction/clock_gate_u_video_synthesis/pixel_counter/count_reg/GCLK
 Clocks: 
     pll1_clk_in (func)
 Design rule constraints:
     max transition = 0.080000
     max capacitance = 0.600000
 Number of Sinks = 5
 Number of Gates = 0
 Number of Loads = 5
 Added 0 Repeaters (B: 0 I: 0). Built 0 Repeater Levels for driver u_datapath/u_gamma_correction/clock_gate_u_video_synthesis/pixel_counter/count_reg/GCLK
 Phase delay: (max r/f: nan/0.221138  min r/f: nan/0.221138) : u_datapath/u_gamma_correction/clock_gate_u_video_synthesis/pixel_counter/count_reg/CLK
-------------------------------------------------------------
 Echelon 2 gate by gate clock synthesis
 Gate level 16 clock tree synthesis
 Driving pin = u_datapath/u_gamma_correction/clock_gate_u_video_synthesis/line_counter/count_reg_101/GCLK
 Clocks: 
     pll1_clk_in (func)
 Design rule constraints:
     max transition = 0.080000
     max capacitance = 0.600000
 Number of Sinks = 4
 Number of Gates = 0
 Number of Loads = 4
 Added 0 Repeaters (B: 0 I: 0). Built 0 Repeater Levels for driver u_datapath/u_gamma_correction/clock_gate_u_video_synthesis/line_counter/count_reg_101/GCLK
 Phase delay: (max r/f: nan/0.243855  min r/f: nan/0.243855) : u_datapath/u_gamma_correction/clock_gate_u_video_synthesis/line_counter/count_reg_101/CLK
-------------------------------------------------------------
 Echelon 2 gate by gate clock synthesis
 Gate level 16 clock tree synthesis
 Driving pin = u_datapath/u_gamma_correction/clock_gate_u_video_synthesis/pixel_counter/count_reg_105/GCLK
 Clocks: 
     pll1_clk_in (func)
 Design rule constraints:
     max transition = 0.080000
     max capacitance = 0.600000
 Number of Sinks = 5
 Number of Gates = 0
 Number of Loads = 5
 Added 0 Repeaters (B: 0 I: 0). Built 0 Repeater Levels for driver u_datapath/u_gamma_correction/clock_gate_u_video_synthesis/pixel_counter/count_reg_105/GCLK
 Phase delay: (max r/f: nan/0.249863  min r/f: nan/0.249863) : u_datapath/u_gamma_correction/clock_gate_u_video_synthesis/pixel_counter/count_reg_105/CLK
-------------------------------------------------------------
 Echelon 2 gate by gate clock synthesis
 Gate level 16 clock tree synthesis
 Driving pin = u_datapath/u_gamma_correction/u_sr_d1kx16_f166c_compensation_table_0_wrap/clock_gate_u_sr_d1kx16_f166c_bist/bist_2nd_reg/GCLK
 Clocks: 
     pll1_clk_in (func)
 Design rule constraints:
     max transition = 0.080000
     max capacitance = 0.600000
 Number of Sinks = 3
 Number of Gates = 0
 Number of Loads = 3
 Added 0 Repeaters (B: 0 I: 0). Built 0 Repeater Levels for driver u_datapath/u_gamma_correction/u_sr_d1kx16_f166c_compensation_table_0_wrap/clock_gate_u_sr_d1kx16_f166c_bist/bist_2nd_reg/GCLK
 Phase delay: (max r/f: nan/0.232201  min r/f: nan/0.232201) : u_datapath/u_gamma_correction/u_sr_d1kx16_f166c_compensation_table_0_wrap/clock_gate_u_sr_d1kx16_f166c_bist/bist_2nd_reg/CLK
-------------------------------------------------------------
 Echelon 2 gate by gate clock synthesis
 Gate level 16 clock tree synthesis
 Driving pin = u_datapath/u_gamma_correction/u_sr_d1kx16_f166c_compensation_table_1_wrap/clock_gate_u_sr_d1kx16_f166c_bist/bist_addr_reg/GCLK
 Clocks: 
     pll1_clk_in (func)
 Design rule constraints:
     max transition = 0.080000
     max capacitance = 0.600000
 Number of Sinks = 10
 Number of Gates = 0
 Number of Loads = 10
 Driver sized from CGLNPRX2_RVT to CGLNPRX2_LVT
 Added 1 Repeaters (B: 0 I: 1). Built 1 Repeater Levels for driver u_datapath/u_gamma_correction/u_sr_d1kx16_f166c_compensation_table_1_wrap/clock_gate_u_sr_d1kx16_f166c_bist/bist_addr_reg/GCLK
 Phase delay: (max r/f: nan/0.163078  min r/f: nan/0.163078) : u_datapath/u_gamma_correction/u_sr_d1kx16_f166c_compensation_table_1_wrap/clock_gate_u_sr_d1kx16_f166c_bist/bist_addr_reg/CLK
-------------------------------------------------------------
 Echelon 2 gate by gate clock synthesis
 Gate level 16 clock tree synthesis
 Driving pin = u_datapath/u_gamma_correction/u_sr_d1kx16_f166c_compensation_table_1_wrap/clock_gate_u_sr_d1kx16_f166c_bist/bist_2nd_reg/GCLK
 Clocks: 
     pll1_clk_in (func)
 Design rule constraints:
     max transition = 0.080000
     max capacitance = 0.600000
 Number of Sinks = 3
 Number of Gates = 0
 Number of Loads = 3
 Added 0 Repeaters (B: 0 I: 0). Built 0 Repeater Levels for driver u_datapath/u_gamma_correction/u_sr_d1kx16_f166c_compensation_table_1_wrap/clock_gate_u_sr_d1kx16_f166c_bist/bist_2nd_reg/GCLK
 Phase delay: (max r/f: nan/0.233631  min r/f: nan/0.233631) : u_datapath/u_gamma_correction/u_sr_d1kx16_f166c_compensation_table_1_wrap/clock_gate_u_sr_d1kx16_f166c_bist/bist_2nd_reg/CLK
-------------------------------------------------------------
 Echelon 2 gate by gate clock synthesis
 Gate level 16 clock tree synthesis
 Driving pin = u_datapath/u_color_interleaver/clock_gate_read_address_reg/GCLK
 Clocks: 
     pll1_clk_in (func)
 Design rule constraints:
     max transition = 0.080000
     max capacitance = 0.600000
 Number of Sinks = 5
 Number of Gates = 0
 Number of Loads = 5
 Added 0 Repeaters (B: 0 I: 0). Built 0 Repeater Levels for driver u_datapath/u_color_interleaver/clock_gate_read_address_reg/GCLK
 Phase delay: (max r/f: nan/0.210037  min r/f: nan/0.210037) : u_datapath/u_color_interleaver/clock_gate_read_address_reg/CLK
-------------------------------------------------------------
 Echelon 2 gate by gate clock synthesis
 Gate level 16 clock tree synthesis
 Driving pin = u_datapath/u_gamma_correction/u_sr_d1kx16_f166c_compensation_table_2_wrap/clock_gate_u_sr_d1kx16_f166c_bist/bist_2nd_reg/GCLK
 Clocks: 
     pll1_clk_in (func)
 Design rule constraints:
     max transition = 0.080000
     max capacitance = 0.600000
 Number of Sinks = 3
 Number of Gates = 0
 Number of Loads = 3
 Added 0 Repeaters (B: 0 I: 0). Built 0 Repeater Levels for driver u_datapath/u_gamma_correction/u_sr_d1kx16_f166c_compensation_table_2_wrap/clock_gate_u_sr_d1kx16_f166c_bist/bist_2nd_reg/GCLK
 Phase delay: (max r/f: nan/0.216446  min r/f: nan/0.216446) : u_datapath/u_gamma_correction/u_sr_d1kx16_f166c_compensation_table_2_wrap/clock_gate_u_sr_d1kx16_f166c_bist/bist_2nd_reg/CLK
-------------------------------------------------------------
 Echelon 2 gate by gate clock synthesis
 Gate level 16 clock tree synthesis
 Driving pin = u_datapath/u_gamma_correction/u_sr_d1kx16_f166c_compensation_table_2_wrap/clock_gate_u_sr_d1kx16_f166c_bist/bist_addr_reg/GCLK
 Clocks: 
     pll1_clk_in (func)
 Design rule constraints:
     max transition = 0.080000
     max capacitance = 0.600000
 Number of Sinks = 10
 Number of Gates = 0
 Number of Loads = 10
 Added 0 Repeaters (B: 0 I: 0). Built 0 Repeater Levels for driver u_datapath/u_gamma_correction/u_sr_d1kx16_f166c_compensation_table_2_wrap/clock_gate_u_sr_d1kx16_f166c_bist/bist_addr_reg/GCLK
 Phase delay: (max r/f: nan/0.160885  min r/f: nan/0.160885) : u_datapath/u_gamma_correction/u_sr_d1kx16_f166c_compensation_table_2_wrap/clock_gate_u_sr_d1kx16_f166c_bist/bist_addr_reg/CLK
-------------------------------------------------------------
 Echelon 2 gate by gate clock synthesis
 Gate level 16 clock tree synthesis
 Driving pin = u_datapath/u_gamma_correction/u_sr_d1kx16_f166g_gamma_wrap/clock_gate_u_sr_d1kx16_f166g_bist/bist_addr_reg/GCLK
 Clocks: 
     pll1_clk_in (func)
 Design rule constraints:
     max transition = 0.080000
     max capacitance = 0.600000
 Number of Sinks = 10
 Number of Gates = 0
 Number of Loads = 10
 Added 0 Repeaters (B: 0 I: 0). Built 0 Repeater Levels for driver u_datapath/u_gamma_correction/u_sr_d1kx16_f166g_gamma_wrap/clock_gate_u_sr_d1kx16_f166g_bist/bist_addr_reg/GCLK
 Phase delay: (max r/f: nan/0.166073  min r/f: nan/0.166073) : u_datapath/u_gamma_correction/u_sr_d1kx16_f166g_gamma_wrap/clock_gate_u_sr_d1kx16_f166g_bist/bist_addr_reg/CLK
-------------------------------------------------------------
 Echelon 2 gate by gate clock synthesis
 Gate level 16 clock tree synthesis
 Driving pin = u_datapath/u_gamma_correction/u_sr_d1kx16_f166g_gamma_wrap/clock_gate_u_sr_d1kx16_f166g_bist/bist_2nd_reg/GCLK
 Clocks: 
     pll1_clk_in (func)
 Design rule constraints:
     max transition = 0.080000
     max capacitance = 0.600000
 Number of Sinks = 3
 Number of Gates = 0
 Number of Loads = 3
 Added 0 Repeaters (B: 0 I: 0). Built 0 Repeater Levels for driver u_datapath/u_gamma_correction/u_sr_d1kx16_f166g_gamma_wrap/clock_gate_u_sr_d1kx16_f166g_bist/bist_2nd_reg/GCLK
 Phase delay: (max r/f: nan/0.152760  min r/f: nan/0.152760) : u_datapath/u_gamma_correction/u_sr_d1kx16_f166g_gamma_wrap/clock_gate_u_sr_d1kx16_f166g_bist/bist_2nd_reg/CLK
-------------------------------------------------------------
 Echelon 2 gate by gate clock synthesis
 Gate level 16 clock tree synthesis
 Driving pin = u_datapath/u_gamma_correction/clock_gate_ms_pos_mem_b_reg_59/GCLK
 Clocks: 
     pll1_clk_in (func)
 Design rule constraints:
     max transition = 0.080000
     max capacitance = 0.600000
 Number of Sinks = 18
 Number of Gates = 0
 Number of Loads = 18
 Driver sized from CGLNPRX2_HVT to CGLNPRX2_LVT
 Added 1 Repeaters (B: 0 I: 1). Built 1 Repeater Levels for driver u_datapath/u_gamma_correction/clock_gate_ms_pos_mem_b_reg_59/GCLK
 Phase delay: (max r/f: nan/0.163765  min r/f: nan/0.163765) : u_datapath/u_gamma_correction/clock_gate_ms_pos_mem_b_reg_59/CLK
-------------------------------------------------------------
 Echelon 2 gate by gate clock synthesis
 Gate level 16 clock tree synthesis
 Driving pin = u_datapath/u_gamma_correction/clock_gate_ms_pos_mem_b_reg_57/GCLK
 Clocks: 
     pll1_clk_in (func)
 Design rule constraints:
     max transition = 0.080000
     max capacitance = 0.600000
 Number of Sinks = 18
 Number of Gates = 0
 Number of Loads = 18
 Added 0 Repeaters (B: 0 I: 0). Built 0 Repeater Levels for driver u_datapath/u_gamma_correction/clock_gate_ms_pos_mem_b_reg_57/GCLK
 Phase delay: (max r/f: nan/0.248680  min r/f: nan/0.248680) : u_datapath/u_gamma_correction/clock_gate_ms_pos_mem_b_reg_57/CLK
-------------------------------------------------------------
 Echelon 2 gate by gate clock synthesis
 Gate level 16 clock tree synthesis
 Driving pin = u_datapath/u_gamma_correction/clock_gate_ms_pos_mem_b_reg_49/GCLK
 Clocks: 
     pll1_clk_in (func)
 Design rule constraints:
     max transition = 0.080000
     max capacitance = 0.600000
 Number of Sinks = 18
 Number of Gates = 0
 Number of Loads = 18
 Driver sized from CGLNPRX8_RVT to CGLNPRX2_LVT
 Added 1 Repeaters (B: 0 I: 1). Built 1 Repeater Levels for driver u_datapath/u_gamma_correction/clock_gate_ms_pos_mem_b_reg_49/GCLK
 Phase delay: (max r/f: nan/0.168018  min r/f: nan/0.168018) : u_datapath/u_gamma_correction/clock_gate_ms_pos_mem_b_reg_49/CLK
-------------------------------------------------------------
 Echelon 2 gate by gate clock synthesis
 Gate level 16 clock tree synthesis
 Driving pin = u_datapath/u_gamma_correction/clock_gate_ms_pos_mem_b_reg_63/GCLK
 Clocks: 
     pll1_clk_in (func)
 Design rule constraints:
     max transition = 0.080000
     max capacitance = 0.600000
 Number of Sinks = 18
 Number of Gates = 0
 Number of Loads = 18
 Driver sized from CGLNPRX8_RVT to CGLNPRX2_LVT
 Added 1 Repeaters (B: 0 I: 1). Built 1 Repeater Levels for driver u_datapath/u_gamma_correction/clock_gate_ms_pos_mem_b_reg_63/GCLK
 Phase delay: (max r/f: nan/0.166893  min r/f: nan/0.166893) : u_datapath/u_gamma_correction/clock_gate_ms_pos_mem_b_reg_63/CLK
-------------------------------------------------------------
 Echelon 2 gate by gate clock synthesis
 Gate level 16 clock tree synthesis
 Driving pin = u_datapath/u_gamma_correction/clock_gate_ms_pos_mem_b_reg_34/GCLK
 Clocks: 
     pll1_clk_in (func)
 Design rule constraints:
     max transition = 0.080000
     max capacitance = 0.600000
 Number of Sinks = 18
 Number of Gates = 0
 Number of Loads = 18
 Added 0 Repeaters (B: 0 I: 0). Built 0 Repeater Levels for driver u_datapath/u_gamma_correction/clock_gate_ms_pos_mem_b_reg_34/GCLK
 Phase delay: (max r/f: nan/0.247517  min r/f: nan/0.247517) : u_datapath/u_gamma_correction/clock_gate_ms_pos_mem_b_reg_34/CLK
-------------------------------------------------------------
 Echelon 2 gate by gate clock synthesis
 Gate level 16 clock tree synthesis
 Driving pin = u_datapath/u_gamma_correction/clock_gate_ms_pos_mem_b_reg_38/GCLK
 Clocks: 
     pll1_clk_in (func)
 Design rule constraints:
     max transition = 0.080000
     max capacitance = 0.600000
 Number of Sinks = 18
 Number of Gates = 0
 Number of Loads = 18
 Added 0 Repeaters (B: 0 I: 0). Built 0 Repeater Levels for driver u_datapath/u_gamma_correction/clock_gate_ms_pos_mem_b_reg_38/GCLK
 Phase delay: (max r/f: nan/0.249653  min r/f: nan/0.249653) : u_datapath/u_gamma_correction/clock_gate_ms_pos_mem_b_reg_38/CLK
-------------------------------------------------------------
 Echelon 2 gate by gate clock synthesis
 Gate level 16 clock tree synthesis
 Driving pin = u_datapath/u_gamma_correction/clock_gate_ms_pos_mem_b_reg_51/GCLK
 Clocks: 
     pll1_clk_in (func)
 Design rule constraints:
     max transition = 0.080000
     max capacitance = 0.600000
 Number of Sinks = 18
 Number of Gates = 0
 Number of Loads = 18
 Driver sized from CGLNPRX8_RVT to CGLNPRX2_LVT
 Added 1 Repeaters (B: 0 I: 1). Built 1 Repeater Levels for driver u_datapath/u_gamma_correction/clock_gate_ms_pos_mem_b_reg_51/GCLK
 Phase delay: (max r/f: nan/0.167007  min r/f: nan/0.167007) : u_datapath/u_gamma_correction/clock_gate_ms_pos_mem_b_reg_51/CLK
-------------------------------------------------------------
 Echelon 2 gate by gate clock synthesis
 Gate level 16 clock tree synthesis
 Driving pin = u_datapath/u_gamma_correction/clock_gate_ms_pos_mem_b_reg_42/GCLK
 Clocks: 
     pll1_clk_in (func)
 Design rule constraints:
     max transition = 0.080000
     max capacitance = 0.600000
 Number of Sinks = 18
 Number of Gates = 0
 Number of Loads = 18
 Added 0 Repeaters (B: 0 I: 0). Built 0 Repeater Levels for driver u_datapath/u_gamma_correction/clock_gate_ms_pos_mem_b_reg_42/GCLK
 Phase delay: (max r/f: nan/0.251064  min r/f: nan/0.251064) : u_datapath/u_gamma_correction/clock_gate_ms_pos_mem_b_reg_42/CLK
-------------------------------------------------------------
 Echelon 2 gate by gate clock synthesis
 Gate level 16 clock tree synthesis
 Driving pin = u_datapath/u_gamma_correction/clock_gate_ms_pos_mem_b_reg_55/GCLK
 Clocks: 
     pll1_clk_in (func)
 Design rule constraints:
     max transition = 0.080000
     max capacitance = 0.600000
 Number of Sinks = 18
 Number of Gates = 0
 Number of Loads = 18
 Added 1 Repeaters (B: 0 I: 1). Built 1 Repeater Levels for driver u_datapath/u_gamma_correction/clock_gate_ms_pos_mem_b_reg_55/GCLK
 Phase delay: (max r/f: nan/0.167274  min r/f: nan/0.167274) : u_datapath/u_gamma_correction/clock_gate_ms_pos_mem_b_reg_55/CLK
-------------------------------------------------------------
 Echelon 2 gate by gate clock synthesis
 Gate level 16 clock tree synthesis
 Driving pin = u_datapath/u_gamma_correction/clock_gate_ms_pos_mem_b_reg_36/GCLK
 Clocks: 
     pll1_clk_in (func)
 Design rule constraints:
     max transition = 0.080000
     max capacitance = 0.600000
 Number of Sinks = 18
 Number of Gates = 0
 Number of Loads = 18
 Driver sized from CGLNPRX8_RVT to CGLNPRX2_LVT
 Added 1 Repeaters (B: 0 I: 1). Built 1 Repeater Levels for driver u_datapath/u_gamma_correction/clock_gate_ms_pos_mem_b_reg_36/GCLK
 Phase delay: (max r/f: nan/0.163670  min r/f: nan/0.163670) : u_datapath/u_gamma_correction/clock_gate_ms_pos_mem_b_reg_36/CLK
-------------------------------------------------------------
 Echelon 2 gate by gate clock synthesis
 Gate level 16 clock tree synthesis
 Driving pin = u_datapath/u_gamma_correction/clock_gate_ms_pos_mem_b_reg_61/GCLK
 Clocks: 
     pll1_clk_in (func)
 Design rule constraints:
     max transition = 0.080000
     max capacitance = 0.600000
 Number of Sinks = 18
 Number of Gates = 0
 Number of Loads = 18
 Added 0 Repeaters (B: 0 I: 0). Built 0 Repeater Levels for driver u_datapath/u_gamma_correction/clock_gate_ms_pos_mem_b_reg_61/GCLK
 Phase delay: (max r/f: nan/0.246429  min r/f: nan/0.246429) : u_datapath/u_gamma_correction/clock_gate_ms_pos_mem_b_reg_61/CLK
-------------------------------------------------------------
 Echelon 2 gate by gate clock synthesis
 Gate level 16 clock tree synthesis
 Driving pin = u_datapath/u_gamma_correction/clock_gate_ms_pos_mem_b_reg_53/GCLK
 Clocks: 
     pll1_clk_in (func)
 Design rule constraints:
     max transition = 0.080000
     max capacitance = 0.600000
 Number of Sinks = 18
 Number of Gates = 0
 Number of Loads = 18
 Driver sized from CGLNPRX8_RVT to CGLNPRX2_LVT
 Added 1 Repeaters (B: 0 I: 1). Built 1 Repeater Levels for driver u_datapath/u_gamma_correction/clock_gate_ms_pos_mem_b_reg_53/GCLK
 Phase delay: (max r/f: nan/0.167027  min r/f: nan/0.167027) : u_datapath/u_gamma_correction/clock_gate_ms_pos_mem_b_reg_53/CLK
-------------------------------------------------------------
 Echelon 2 gate by gate clock synthesis
 Gate level 16 clock tree synthesis
 Driving pin = u_datapath/u_gamma_correction/clock_gate_toggle3a_reg/GCLK
 Clocks: 
     pll1_clk_in (func)
 Design rule constraints:
     max transition = 0.080000
     max capacitance = 0.600000
 Number of Sinks = 3
 Number of Gates = 0
 Number of Loads = 3
 Added 0 Repeaters (B: 0 I: 0). Built 0 Repeater Levels for driver u_datapath/u_gamma_correction/clock_gate_toggle3a_reg/GCLK
 Phase delay: (max r/f: nan/0.212212  min r/f: nan/0.212212) : u_datapath/u_gamma_correction/clock_gate_toggle3a_reg/CLK
-------------------------------------------------------------
 Echelon 2 gate by gate clock synthesis
 Gate level 16 clock tree synthesis
 Driving pin = u_datapath/u_gamma_correction/clock_gate_ms_pos_mem_b_reg_43/GCLK
 Clocks: 
     pll1_clk_in (func)
 Design rule constraints:
     max transition = 0.080000
     max capacitance = 0.600000
 Number of Sinks = 18
 Number of Gates = 0
 Number of Loads = 18
 Added 0 Repeaters (B: 0 I: 0). Built 0 Repeater Levels for driver u_datapath/u_gamma_correction/clock_gate_ms_pos_mem_b_reg_43/GCLK
 Phase delay: (max r/f: nan/0.244884  min r/f: nan/0.244884) : u_datapath/u_gamma_correction/clock_gate_ms_pos_mem_b_reg_43/CLK
-------------------------------------------------------------
 Echelon 2 gate by gate clock synthesis
 Gate level 16 clock tree synthesis
 Driving pin = u_datapath/u_gamma_correction/clock_gate_ms_pos_mem_b_reg_54/GCLK
 Clocks: 
     pll1_clk_in (func)
 Design rule constraints:
     max transition = 0.080000
     max capacitance = 0.600000
 Number of Sinks = 18
 Number of Gates = 0
 Number of Loads = 18
 Added 0 Repeaters (B: 0 I: 0). Built 0 Repeater Levels for driver u_datapath/u_gamma_correction/clock_gate_ms_pos_mem_b_reg_54/GCLK
 Phase delay: (max r/f: nan/0.250893  min r/f: nan/0.250893) : u_datapath/u_gamma_correction/clock_gate_ms_pos_mem_b_reg_54/CLK
-------------------------------------------------------------
 Echelon 2 gate by gate clock synthesis
 Gate level 16 clock tree synthesis
 Driving pin = u_datapath/u_gamma_correction/clock_gate_ms_pos_mem_b_reg_48/GCLK
 Clocks: 
     pll1_clk_in (func)
 Design rule constraints:
     max transition = 0.080000
     max capacitance = 0.600000
 Number of Sinks = 18
 Number of Gates = 0
 Number of Loads = 18
 Added 1 Repeaters (B: 0 I: 1). Built 1 Repeater Levels for driver u_datapath/u_gamma_correction/clock_gate_ms_pos_mem_b_reg_48/GCLK
 Phase delay: (max r/f: nan/0.167217  min r/f: nan/0.167217) : u_datapath/u_gamma_correction/clock_gate_ms_pos_mem_b_reg_48/CLK
-------------------------------------------------------------
 Echelon 2 gate by gate clock synthesis
 Gate level 16 clock tree synthesis
 Driving pin = u_datapath/u_gamma_correction/clock_gate_ms_pos_mem_a_reg_26/GCLK
 Clocks: 
     pll1_clk_in (func)
 Design rule constraints:
     max transition = 0.080000
     max capacitance = 0.600000
 Number of Sinks = 18
 Number of Gates = 0
 Number of Loads = 18
 Driver sized from CGLNPRX8_RVT to CGLNPRX2_LVT
 Added 1 Repeaters (B: 0 I: 1). Built 1 Repeater Levels for driver u_datapath/u_gamma_correction/clock_gate_ms_pos_mem_a_reg_26/GCLK
 Phase delay: (max r/f: nan/0.165787  min r/f: nan/0.165787) : u_datapath/u_gamma_correction/clock_gate_ms_pos_mem_a_reg_26/CLK
-------------------------------------------------------------
 Echelon 2 gate by gate clock synthesis
 Gate level 16 clock tree synthesis
 Driving pin = u_datapath/u_gamma_correction/clock_gate_ms_pos_mem_a_reg_14/GCLK
 Clocks: 
     pll1_clk_in (func)
 Design rule constraints:
     max transition = 0.080000
     max capacitance = 0.600000
 Number of Sinks = 18
 Number of Gates = 0
 Number of Loads = 18
 Added 0 Repeaters (B: 0 I: 0). Built 0 Repeater Levels for driver u_datapath/u_gamma_correction/clock_gate_ms_pos_mem_a_reg_14/GCLK
 Phase delay: (max r/f: nan/0.249329  min r/f: nan/0.249329) : u_datapath/u_gamma_correction/clock_gate_ms_pos_mem_a_reg_14/CLK
-------------------------------------------------------------
 Echelon 2 gate by gate clock synthesis
 Gate level 16 clock tree synthesis
 Driving pin = u_datapath/u_gamma_correction/clock_gate_ms_cnt_reg/GCLK
 Clocks: 
     pll1_clk_in (func)
 Design rule constraints:
     max transition = 0.080000
     max capacitance = 0.600000
 Number of Sinks = 7
 Number of Gates = 0
 Number of Loads = 7
 Added 0 Repeaters (B: 0 I: 0). Built 0 Repeater Levels for driver u_datapath/u_gamma_correction/clock_gate_ms_cnt_reg/GCLK
 Phase delay: (max r/f: nan/0.161476  min r/f: nan/0.161476) : u_datapath/u_gamma_correction/clock_gate_ms_cnt_reg/CLK
-------------------------------------------------------------
 Echelon 2 gate by gate clock synthesis
 Gate level 16 clock tree synthesis
 Driving pin = u_datapath/u_gamma_correction/clock_gate_ms_pos_mem_a_reg_5/GCLK
 Clocks: 
     pll1_clk_in (func)
 Design rule constraints:
     max transition = 0.080000
     max capacitance = 0.600000
 Number of Sinks = 18
 Number of Gates = 0
 Number of Loads = 18
 Driver sized from CGLNPRX8_RVT to CGLNPRX2_LVT
 Added 1 Repeaters (B: 0 I: 1). Built 1 Repeater Levels for driver u_datapath/u_gamma_correction/clock_gate_ms_pos_mem_a_reg_5/GCLK
 Phase delay: (max r/f: nan/0.164146  min r/f: nan/0.164146) : u_datapath/u_gamma_correction/clock_gate_ms_pos_mem_a_reg_5/CLK
-------------------------------------------------------------
 Echelon 2 gate by gate clock synthesis
 Gate level 16 clock tree synthesis
 Driving pin = u_datapath/u_gamma_correction/clock_gate_ms_pos_mem_a_reg_30/GCLK
 Clocks: 
     pll1_clk_in (func)
 Design rule constraints:
     max transition = 0.080000
     max capacitance = 0.600000
 Number of Sinks = 18
 Number of Gates = 0
 Number of Loads = 18
 Added 0 Repeaters (B: 0 I: 0). Built 0 Repeater Levels for driver u_datapath/u_gamma_correction/clock_gate_ms_pos_mem_a_reg_30/GCLK
 Phase delay: (max r/f: nan/0.249271  min r/f: nan/0.249271) : u_datapath/u_gamma_correction/clock_gate_ms_pos_mem_a_reg_30/CLK
-------------------------------------------------------------
 Echelon 2 gate by gate clock synthesis
 Gate level 16 clock tree synthesis
 Driving pin = u_datapath/u_gamma_correction/clock_gate_ms_pos_mem_a_reg_3/GCLK
 Clocks: 
     pll1_clk_in (func)
 Design rule constraints:
     max transition = 0.080000
     max capacitance = 0.600000
 Number of Sinks = 18
 Number of Gates = 0
 Number of Loads = 18
 Driver sized from CGLNPRX8_RVT to CGLNPRX2_LVT
 Added 1 Repeaters (B: 0 I: 1). Built 1 Repeater Levels for driver u_datapath/u_gamma_correction/clock_gate_ms_pos_mem_a_reg_3/GCLK
 Phase delay: (max r/f: nan/0.165367  min r/f: nan/0.165367) : u_datapath/u_gamma_correction/clock_gate_ms_pos_mem_a_reg_3/CLK
-------------------------------------------------------------
 Echelon 2 gate by gate clock synthesis
 Gate level 16 clock tree synthesis
 Driving pin = u_datapath/u_gamma_correction/clock_gate_gamma_to_flash_reg/GCLK
 Clocks: 
     pll1_clk_in (func)
 Design rule constraints:
     max transition = 0.080000
     max capacitance = 0.600000
 Number of Sinks = 16
 Number of Gates = 0
 Number of Loads = 16
 Driver sized from CGLNPRX8_HVT to CGLNPRX2_LVT
 Added 1 Repeaters (B: 0 I: 1). Built 1 Repeater Levels for driver u_datapath/u_gamma_correction/clock_gate_gamma_to_flash_reg/GCLK
 Phase delay: (max r/f: nan/0.161419  min r/f: nan/0.161419) : u_datapath/u_gamma_correction/clock_gate_gamma_to_flash_reg/CLK
-------------------------------------------------------------
 Echelon 2 gate by gate clock synthesis
 Gate level 16 clock tree synthesis
 Driving pin = u_datapath/u_gamma_correction/clock_gate_gamma_to_flash_reg_1/GCLK
 Clocks: 
     pll1_clk_in (func)
 Design rule constraints:
     max transition = 0.080000
     max capacitance = 0.600000
 Number of Sinks = 16
 Number of Gates = 0
 Number of Loads = 16
 Driver sized from CGLNPRX8_HVT to CGLNPRX2_LVT
 Added 1 Repeaters (B: 0 I: 1). Built 1 Repeater Levels for driver u_datapath/u_gamma_correction/clock_gate_gamma_to_flash_reg_1/GCLK
 Phase delay: (max r/f: nan/0.161629  min r/f: nan/0.161629) : u_datapath/u_gamma_correction/clock_gate_gamma_to_flash_reg_1/CLK
-------------------------------------------------------------
 Echelon 2 gate by gate clock synthesis
 Gate level 16 clock tree synthesis
 Driving pin = u_datapath/u_gamma_correction/clock_gate_compensation_table_read_data_reg/GCLK
 Clocks: 
     pll1_clk_in (func)
 Design rule constraints:
     max transition = 0.080000
     max capacitance = 0.600000
 Number of Sinks = 4
 Number of Gates = 0
 Number of Loads = 4
 Added 0 Repeaters (B: 0 I: 0). Built 0 Repeater Levels for driver u_datapath/u_gamma_correction/clock_gate_compensation_table_read_data_reg/GCLK
 Phase delay: (max r/f: nan/0.243130  min r/f: nan/0.243130) : u_datapath/u_gamma_correction/clock_gate_compensation_table_read_data_reg/CLK
-------------------------------------------------------------
 Echelon 2 gate by gate clock synthesis
 Gate level 16 clock tree synthesis
 Driving pin = u_datapath/u_gamma_correction/clock_gate_ms_pos_mem_c_reg_89/GCLK
 Clocks: 
     pll1_clk_in (func)
 Design rule constraints:
     max transition = 0.080000
     max capacitance = 0.600000
 Number of Sinks = 18
 Number of Gates = 0
 Number of Loads = 18
 Driver sized from CGLNPRX2_RVT to CGLNPRX2_LVT
 Added 1 Repeaters (B: 0 I: 1). Built 1 Repeater Levels for driver u_datapath/u_gamma_correction/clock_gate_ms_pos_mem_c_reg_89/GCLK
 Phase delay: (max r/f: nan/0.162582  min r/f: nan/0.162582) : u_datapath/u_gamma_correction/clock_gate_ms_pos_mem_c_reg_89/CLK
-------------------------------------------------------------
 Echelon 2 gate by gate clock synthesis
 Gate level 16 clock tree synthesis
 Driving pin = u_datapath/u_gamma_correction/clock_gate_ms_pos_mem_c_reg_93/GCLK
 Clocks: 
     pll1_clk_in (func)
 Design rule constraints:
     max transition = 0.080000
     max capacitance = 0.600000
 Number of Sinks = 18
 Number of Gates = 0
 Number of Loads = 18
 Driver sized from CGLNPRX2_RVT to CGLNPRX2_LVT
 Added 1 Repeaters (B: 0 I: 1). Built 1 Repeater Levels for driver u_datapath/u_gamma_correction/clock_gate_ms_pos_mem_c_reg_93/GCLK
 Phase delay: (max r/f: nan/0.163479  min r/f: nan/0.163479) : u_datapath/u_gamma_correction/clock_gate_ms_pos_mem_c_reg_93/CLK
-------------------------------------------------------------
 Echelon 2 gate by gate clock synthesis
 Gate level 16 clock tree synthesis
 Driving pin = u_datapath/u_gamma_correction/clock_gate_ms_pos_mem_c_reg_83/GCLK
 Clocks: 
     pll1_clk_in (func)
 Design rule constraints:
     max transition = 0.080000
     max capacitance = 0.600000
 Number of Sinks = 18
 Number of Gates = 0
 Number of Loads = 18
 Driver sized from CGLNPRX2_RVT to CGLNPRX2_LVT
 Added 1 Repeaters (B: 0 I: 1). Built 1 Repeater Levels for driver u_datapath/u_gamma_correction/clock_gate_ms_pos_mem_c_reg_83/GCLK
 Phase delay: (max r/f: nan/0.162487  min r/f: nan/0.162487) : u_datapath/u_gamma_correction/clock_gate_ms_pos_mem_c_reg_83/CLK
-------------------------------------------------------------
 Echelon 2 gate by gate clock synthesis
 Gate level 16 clock tree synthesis
 Driving pin = u_datapath/u_gamma_correction/clock_gate_ms_pos_mem_c_reg_90/GCLK
 Clocks: 
     pll1_clk_in (func)
 Design rule constraints:
     max transition = 0.080000
     max capacitance = 0.600000
 Number of Sinks = 18
 Number of Gates = 0
 Number of Loads = 18
 Driver sized from CGLNPRX2_RVT to CGLNPRX2_LVT
 Added 1 Repeaters (B: 0 I: 1). Built 1 Repeater Levels for driver u_datapath/u_gamma_correction/clock_gate_ms_pos_mem_c_reg_90/GCLK
 Phase delay: (max r/f: nan/0.163689  min r/f: nan/0.163689) : u_datapath/u_gamma_correction/clock_gate_ms_pos_mem_c_reg_90/CLK
-------------------------------------------------------------
 Echelon 2 gate by gate clock synthesis
 Gate level 16 clock tree synthesis
 Driving pin = u_datapath/u_gamma_correction/clock_gate_ms_pos_mem_c_reg_74/GCLK
 Clocks: 
     pll1_clk_in (func)
 Design rule constraints:
     max transition = 0.080000
     max capacitance = 0.600000
 Number of Sinks = 18
 Number of Gates = 0
 Number of Loads = 18
 Driver sized from CGLNPRX2_RVT to CGLNPRX2_LVT
 Added 1 Repeaters (B: 0 I: 1). Built 1 Repeater Levels for driver u_datapath/u_gamma_correction/clock_gate_ms_pos_mem_c_reg_74/GCLK
 Phase delay: (max r/f: nan/0.161896  min r/f: nan/0.161896) : u_datapath/u_gamma_correction/clock_gate_ms_pos_mem_c_reg_74/CLK
-------------------------------------------------------------
 Echelon 2 gate by gate clock synthesis
 Gate level 16 clock tree synthesis
 Driving pin = u_datapath/u_gamma_correction/clock_gate_ms_pos_mem_c_reg_84/GCLK
 Clocks: 
     pll1_clk_in (func)
 Design rule constraints:
     max transition = 0.080000
     max capacitance = 0.600000
 Number of Sinks = 18
 Number of Gates = 0
 Number of Loads = 18
 Driver sized from CGLNPRX2_RVT to CGLNPRX2_LVT
 Added 1 Repeaters (B: 0 I: 1). Built 1 Repeater Levels for driver u_datapath/u_gamma_correction/clock_gate_ms_pos_mem_c_reg_84/GCLK
 Phase delay: (max r/f: nan/0.166931  min r/f: nan/0.166931) : u_datapath/u_gamma_correction/clock_gate_ms_pos_mem_c_reg_84/CLK
-------------------------------------------------------------
 Echelon 2 gate by gate clock synthesis
 Gate level 16 clock tree synthesis
 Driving pin = u_datapath/u_gamma_correction/clock_gate_ms_pos_mem_c_reg_79/GCLK
 Clocks: 
     pll1_clk_in (func)
 Design rule constraints:
     max transition = 0.080000
     max capacitance = 0.600000
 Number of Sinks = 18
 Number of Gates = 0
 Number of Loads = 18
 Driver sized from CGLNPRX2_RVT to CGLNPRX2_LVT
 Added 1 Repeaters (B: 0 I: 1). Built 1 Repeater Levels for driver u_datapath/u_gamma_correction/clock_gate_ms_pos_mem_c_reg_79/GCLK
 Phase delay: (max r/f: nan/0.165081  min r/f: nan/0.165081) : u_datapath/u_gamma_correction/clock_gate_ms_pos_mem_c_reg_79/CLK
-------------------------------------------------------------
 Echelon 2 gate by gate clock synthesis
 Gate level 16 clock tree synthesis
 Driving pin = u_datapath/u_gamma_correction/clock_gate_ms_pos_mem_c_reg_71/GCLK
 Clocks: 
     pll1_clk_in (func)
 Design rule constraints:
     max transition = 0.080000
     max capacitance = 0.600000
 Number of Sinks = 18
 Number of Gates = 0
 Number of Loads = 18
 Driver sized from CGLNPRX2_RVT to CGLNPRX2_LVT
 Added 1 Repeaters (B: 0 I: 1). Built 1 Repeater Levels for driver u_datapath/u_gamma_correction/clock_gate_ms_pos_mem_c_reg_71/GCLK
 Phase delay: (max r/f: nan/0.165005  min r/f: nan/0.165005) : u_datapath/u_gamma_correction/clock_gate_ms_pos_mem_c_reg_71/CLK
-------------------------------------------------------------
 Echelon 2 gate by gate clock synthesis
 Gate level 16 clock tree synthesis
 Driving pin = u_datapath/u_gamma_correction/clock_gate_ms_pos_mem_c_reg_80/GCLK
 Clocks: 
     pll1_clk_in (func)
 Design rule constraints:
     max transition = 0.080000
     max capacitance = 0.600000
 Number of Sinks = 18
 Number of Gates = 0
 Number of Loads = 18
 Driver sized from CGLNPRX2_RVT to CGLNPRX2_LVT
 Added 1 Repeaters (B: 0 I: 1). Built 1 Repeater Levels for driver u_datapath/u_gamma_correction/clock_gate_ms_pos_mem_c_reg_80/GCLK
 Phase delay: (max r/f: nan/0.164719  min r/f: nan/0.164719) : u_datapath/u_gamma_correction/clock_gate_ms_pos_mem_c_reg_80/CLK
-------------------------------------------------------------
 Echelon 2 gate by gate clock synthesis
 Gate level 16 clock tree synthesis
 Driving pin = u_datapath/u_gamma_correction/clock_gate_ms_pos_mem_c_reg_82/GCLK
 Clocks: 
     pll1_clk_in (func)
 Design rule constraints:
     max transition = 0.080000
     max capacitance = 0.600000
 Number of Sinks = 18
 Number of Gates = 0
 Number of Loads = 18
 Driver sized from CGLNPRX2_RVT to CGLNPRX2_LVT
 Added 1 Repeaters (B: 0 I: 1). Built 1 Repeater Levels for driver u_datapath/u_gamma_correction/clock_gate_ms_pos_mem_c_reg_82/GCLK
 Phase delay: (max r/f: nan/0.163136  min r/f: nan/0.163136) : u_datapath/u_gamma_correction/clock_gate_ms_pos_mem_c_reg_82/CLK
-------------------------------------------------------------
 Echelon 2 gate by gate clock synthesis
 Gate level 16 clock tree synthesis
 Driving pin = u_datapath/u_gamma_correction/clock_gate_ms_pos_mem_c_reg_68/GCLK
 Clocks: 
     pll1_clk_in (func)
 Design rule constraints:
     max transition = 0.080000
     max capacitance = 0.600000
 Number of Sinks = 18
 Number of Gates = 0
 Number of Loads = 18
 Driver sized from CGLNPRX2_RVT to CGLNPRX2_LVT
 Added 1 Repeaters (B: 0 I: 1). Built 1 Repeater Levels for driver u_datapath/u_gamma_correction/clock_gate_ms_pos_mem_c_reg_68/GCLK
 Phase delay: (max r/f: nan/0.166721  min r/f: nan/0.166721) : u_datapath/u_gamma_correction/clock_gate_ms_pos_mem_c_reg_68/CLK
-------------------------------------------------------------
 Echelon 2 gate by gate clock synthesis
 Gate level 16 clock tree synthesis
 Driving pin = u_datapath/u_gamma_correction/clock_gate_ms_pos_mem_c_reg/GCLK
 Clocks: 
     pll1_clk_in (func)
 Design rule constraints:
     max transition = 0.080000
     max capacitance = 0.600000
 Number of Sinks = 18
 Number of Gates = 0
 Number of Loads = 18
 Driver sized from CGLNPRX2_RVT to CGLNPRX2_LVT
 Added 1 Repeaters (B: 0 I: 1). Built 1 Repeater Levels for driver u_datapath/u_gamma_correction/clock_gate_ms_pos_mem_c_reg/GCLK
 Phase delay: (max r/f: nan/0.162983  min r/f: nan/0.162983) : u_datapath/u_gamma_correction/clock_gate_ms_pos_mem_c_reg/CLK
-------------------------------------------------------------
 Echelon 2 gate by gate clock synthesis
 Gate level 16 clock tree synthesis
 Driving pin = u_datapath/u_gamma_correction/clock_gate_ms_pos_mem_c_reg_85/GCLK
 Clocks: 
     pll1_clk_in (func)
 Design rule constraints:
     max transition = 0.080000
     max capacitance = 0.600000
 Number of Sinks = 18
 Number of Gates = 0
 Number of Loads = 18
 Driver sized from CGLNPRX2_RVT to CGLNPRX2_LVT
 Added 1 Repeaters (B: 0 I: 1). Built 1 Repeater Levels for driver u_datapath/u_gamma_correction/clock_gate_ms_pos_mem_c_reg_85/GCLK
 Phase delay: (max r/f: nan/0.163498  min r/f: nan/0.163498) : u_datapath/u_gamma_correction/clock_gate_ms_pos_mem_c_reg_85/CLK
-------------------------------------------------------------
 Echelon 2 gate by gate clock synthesis
 Gate level 16 clock tree synthesis
 Driving pin = u_datapath/u_gamma_correction/clock_gate_ms_pos_mem_c_reg_77/GCLK
 Clocks: 
     pll1_clk_in (func)
 Design rule constraints:
     max transition = 0.080000
     max capacitance = 0.600000
 Number of Sinks = 18
 Number of Gates = 0
 Number of Loads = 18
 Driver sized from CGLNPRX2_RVT to CGLNPRX2_LVT
 Added 1 Repeaters (B: 0 I: 1). Built 1 Repeater Levels for driver u_datapath/u_gamma_correction/clock_gate_ms_pos_mem_c_reg_77/GCLK
 Phase delay: (max r/f: nan/0.169334  min r/f: nan/0.169334) : u_datapath/u_gamma_correction/clock_gate_ms_pos_mem_c_reg_77/CLK
-------------------------------------------------------------
 Echelon 2 gate by gate clock synthesis
 Gate level 16 clock tree synthesis
 Driving pin = u_datapath/u_gamma_correction/clock_gate_ms_pos_mem_c_reg_91/GCLK
 Clocks: 
     pll1_clk_in (func)
 Design rule constraints:
     max transition = 0.080000
     max capacitance = 0.600000
 Number of Sinks = 18
 Number of Gates = 0
 Number of Loads = 18
 Driver sized from CGLNPRX2_RVT to CGLNPRX2_LVT
 Added 1 Repeaters (B: 0 I: 1). Built 1 Repeater Levels for driver u_datapath/u_gamma_correction/clock_gate_ms_pos_mem_c_reg_91/GCLK
 Phase delay: (max r/f: nan/0.167503  min r/f: nan/0.167503) : u_datapath/u_gamma_correction/clock_gate_ms_pos_mem_c_reg_91/CLK
-------------------------------------------------------------
 Echelon 2 gate by gate clock synthesis
 Gate level 16 clock tree synthesis
 Driving pin = u_datapath/u_gamma_correction/clock_gate_ms_pos_mem_c_reg_86/GCLK
 Clocks: 
     pll1_clk_in (func)
 Design rule constraints:
     max transition = 0.080000
     max capacitance = 0.600000
 Number of Sinks = 18
 Number of Gates = 0
 Number of Loads = 18
 Driver sized from CGLNPRX2_RVT to CGLNPRX2_LVT
 Added 1 Repeaters (B: 0 I: 1). Built 1 Repeater Levels for driver u_datapath/u_gamma_correction/clock_gate_ms_pos_mem_c_reg_86/GCLK
 Phase delay: (max r/f: nan/0.168400  min r/f: nan/0.168400) : u_datapath/u_gamma_correction/clock_gate_ms_pos_mem_c_reg_86/CLK
-------------------------------------------------------------
 Echelon 2 gate by gate clock synthesis
 Gate level 16 clock tree synthesis
 Driving pin = u_datapath/u_gamma_correction/clock_gate_ms_pos_mem_c_reg_69/GCLK
 Clocks: 
     pll1_clk_in (func)
 Design rule constraints:
     max transition = 0.080000
     max capacitance = 0.600000
 Number of Sinks = 18
 Number of Gates = 0
 Number of Loads = 18
 Driver sized from CGLNPRX2_RVT to CGLNPRX2_LVT
 Added 1 Repeaters (B: 0 I: 1). Built 1 Repeater Levels for driver u_datapath/u_gamma_correction/clock_gate_ms_pos_mem_c_reg_69/GCLK
 Phase delay: (max r/f: nan/0.162582  min r/f: nan/0.162582) : u_datapath/u_gamma_correction/clock_gate_ms_pos_mem_c_reg_69/CLK
-------------------------------------------------------------
 Echelon 2 gate by gate clock synthesis
 Gate level 16 clock tree synthesis
 Driving pin = u_datapath/u_gamma_correction/clock_gate_ms_pos_mem_c_reg_87/GCLK
 Clocks: 
     pll1_clk_in (func)
 Design rule constraints:
     max transition = 0.080000
     max capacitance = 0.600000
 Number of Sinks = 18
 Number of Gates = 0
 Number of Loads = 18
 Driver sized from CGLNPRX2_RVT to CGLNPRX2_LVT
 Added 1 Repeaters (B: 0 I: 1). Built 1 Repeater Levels for driver u_datapath/u_gamma_correction/clock_gate_ms_pos_mem_c_reg_87/GCLK
 Phase delay: (max r/f: nan/0.163403  min r/f: nan/0.163403) : u_datapath/u_gamma_correction/clock_gate_ms_pos_mem_c_reg_87/CLK
-------------------------------------------------------------
 Echelon 2 gate by gate clock synthesis
 Gate level 16 clock tree synthesis
 Driving pin = u_datapath/u_gamma_correction/clock_gate_ms_pos_mem_c_reg_94/GCLK
 Clocks: 
     pll1_clk_in (func)
 Design rule constraints:
     max transition = 0.080000
     max capacitance = 0.600000
 Number of Sinks = 18
 Number of Gates = 0
 Number of Loads = 18
 Driver sized from CGLNPRX2_RVT to CGLNPRX2_LVT
 Added 1 Repeaters (B: 0 I: 1). Built 1 Repeater Levels for driver u_datapath/u_gamma_correction/clock_gate_ms_pos_mem_c_reg_94/GCLK
 Phase delay: (max r/f: nan/0.165062  min r/f: nan/0.165062) : u_datapath/u_gamma_correction/clock_gate_ms_pos_mem_c_reg_94/CLK
-------------------------------------------------------------
 Echelon 2 gate by gate clock synthesis
 Gate level 16 clock tree synthesis
 Driving pin = u_datapath/u_gamma_correction/clock_gate_ms_pos_mem_c_reg_64/GCLK
 Clocks: 
     pll1_clk_in (func)
 Design rule constraints:
     max transition = 0.080000
     max capacitance = 0.600000
 Number of Sinks = 18
 Number of Gates = 0
 Number of Loads = 18
 Driver sized from CGLNPRX2_RVT to CGLNPRX2_LVT
 Added 1 Repeaters (B: 0 I: 1). Built 1 Repeater Levels for driver u_datapath/u_gamma_correction/clock_gate_ms_pos_mem_c_reg_64/GCLK
 Phase delay: (max r/f: nan/0.163918  min r/f: nan/0.163918) : u_datapath/u_gamma_correction/clock_gate_ms_pos_mem_c_reg_64/CLK
-------------------------------------------------------------
 Echelon 2 gate by gate clock synthesis
 Gate level 16 clock tree synthesis
 Driving pin = u_datapath/u_gamma_correction/clock_gate_ms_pos_mem_b_reg_33/GCLK
 Clocks: 
     pll1_clk_in (func)
 Design rule constraints:
     max transition = 0.080000
     max capacitance = 0.600000
 Number of Sinks = 18
 Number of Gates = 0
 Number of Loads = 18
 Added 1 Repeaters (B: 0 I: 1). Built 1 Repeater Levels for driver u_datapath/u_gamma_correction/clock_gate_ms_pos_mem_b_reg_33/GCLK
 Phase delay: (max r/f: nan/0.163212  min r/f: nan/0.163212) : u_datapath/u_gamma_correction/clock_gate_ms_pos_mem_b_reg_33/CLK
-------------------------------------------------------------
 Echelon 2 gate by gate clock synthesis
 Gate level 16 clock tree synthesis
 Driving pin = u_datapath/u_gamma_correction/clock_gate_ms_pos_mem_b_reg_50/GCLK
 Clocks: 
     pll1_clk_in (func)
 Design rule constraints:
     max transition = 0.080000
     max capacitance = 0.600000
 Number of Sinks = 18
 Number of Gates = 0
 Number of Loads = 18
 Added 1 Repeaters (B: 0 I: 1). Built 1 Repeater Levels for driver u_datapath/u_gamma_correction/clock_gate_ms_pos_mem_b_reg_50/GCLK
 Phase delay: (max r/f: nan/0.163651  min r/f: nan/0.163651) : u_datapath/u_gamma_correction/clock_gate_ms_pos_mem_b_reg_50/CLK
-------------------------------------------------------------
 Echelon 2 gate by gate clock synthesis
 Gate level 16 clock tree synthesis
 Driving pin = u_datapath/u_gamma_correction/clock_gate_ms_pos_mem_b_reg_45/GCLK
 Clocks: 
     pll1_clk_in (func)
 Design rule constraints:
     max transition = 0.080000
     max capacitance = 0.600000
 Number of Sinks = 18
 Number of Gates = 0
 Number of Loads = 18
 Added 1 Repeaters (B: 0 I: 1). Built 1 Repeater Levels for driver u_datapath/u_gamma_correction/clock_gate_ms_pos_mem_b_reg_45/GCLK
 Phase delay: (max r/f: nan/0.163536  min r/f: nan/0.163536) : u_datapath/u_gamma_correction/clock_gate_ms_pos_mem_b_reg_45/CLK
-------------------------------------------------------------
 Echelon 2 gate by gate clock synthesis
 Gate level 16 clock tree synthesis
 Driving pin = u_datapath/u_gamma_correction/clock_gate_ms_pos_mem_b_reg_37/GCLK
 Clocks: 
     pll1_clk_in (func)
 Design rule constraints:
     max transition = 0.080000
     max capacitance = 0.600000
 Number of Sinks = 18
 Number of Gates = 0
 Number of Loads = 18
 Added 1 Repeaters (B: 0 I: 1). Built 1 Repeater Levels for driver u_datapath/u_gamma_correction/clock_gate_ms_pos_mem_b_reg_37/GCLK
 Phase delay: (max r/f: nan/0.164394  min r/f: nan/0.164394) : u_datapath/u_gamma_correction/clock_gate_ms_pos_mem_b_reg_37/CLK
-------------------------------------------------------------
 Echelon 2 gate by gate clock synthesis
 Gate level 16 clock tree synthesis
 Driving pin = u_datapath/u_gamma_correction/clock_gate_ms_pos_mem_b_reg_46/GCLK
 Clocks: 
     pll1_clk_in (func)
 Design rule constraints:
     max transition = 0.080000
     max capacitance = 0.600000
 Number of Sinks = 18
 Number of Gates = 0
 Number of Loads = 18
 Added 1 Repeaters (B: 0 I: 1). Built 1 Repeater Levels for driver u_datapath/u_gamma_correction/clock_gate_ms_pos_mem_b_reg_46/GCLK
 Phase delay: (max r/f: nan/0.163231  min r/f: nan/0.163231) : u_datapath/u_gamma_correction/clock_gate_ms_pos_mem_b_reg_46/CLK
-------------------------------------------------------------
 Echelon 2 gate by gate clock synthesis
 Gate level 16 clock tree synthesis
 Driving pin = u_datapath/u_gamma_correction/clock_gate_ms_pos_mem_b_reg_47/GCLK
 Clocks: 
     pll1_clk_in (func)
 Design rule constraints:
     max transition = 0.080000
     max capacitance = 0.600000
 Number of Sinks = 18
 Number of Gates = 0
 Number of Loads = 18
 Driver sized from CGLNPRX2_RVT to CGLNPRX2_LVT
 Added 1 Repeaters (B: 0 I: 1). Built 1 Repeater Levels for driver u_datapath/u_gamma_correction/clock_gate_ms_pos_mem_b_reg_47/GCLK
 Phase delay: (max r/f: nan/0.163059  min r/f: nan/0.163059) : u_datapath/u_gamma_correction/clock_gate_ms_pos_mem_b_reg_47/CLK
-------------------------------------------------------------
 Echelon 2 gate by gate clock synthesis
 Gate level 16 clock tree synthesis
 Driving pin = u_datapath/u_gamma_correction/clock_gate_ms_pos_mem_b_reg_58/GCLK
 Clocks: 
     pll1_clk_in (func)
 Design rule constraints:
     max transition = 0.080000
     max capacitance = 0.600000
 Number of Sinks = 18
 Number of Gates = 0
 Number of Loads = 18
 Added 1 Repeaters (B: 0 I: 1). Built 1 Repeater Levels for driver u_datapath/u_gamma_correction/clock_gate_ms_pos_mem_b_reg_58/GCLK
 Phase delay: (max r/f: nan/0.163631  min r/f: nan/0.163631) : u_datapath/u_gamma_correction/clock_gate_ms_pos_mem_b_reg_58/CLK
-------------------------------------------------------------
 Echelon 2 gate by gate clock synthesis
 Gate level 16 clock tree synthesis
 Driving pin = u_datapath/u_gamma_correction/clock_gate_ms_pos_mem_b_reg_41/GCLK
 Clocks: 
     pll1_clk_in (func)
 Design rule constraints:
     max transition = 0.080000
     max capacitance = 0.600000
 Number of Sinks = 18
 Number of Gates = 0
 Number of Loads = 18
 Added 1 Repeaters (B: 0 I: 1). Built 1 Repeater Levels for driver u_datapath/u_gamma_correction/clock_gate_ms_pos_mem_b_reg_41/GCLK
 Phase delay: (max r/f: nan/0.163193  min r/f: nan/0.163193) : u_datapath/u_gamma_correction/clock_gate_ms_pos_mem_b_reg_41/CLK
-------------------------------------------------------------
 Echelon 2 gate by gate clock synthesis
 Gate level 16 clock tree synthesis
 Driving pin = u_datapath/u_gamma_correction/clock_gate_ms_pos_mem_b_reg/GCLK
 Clocks: 
     pll1_clk_in (func)
 Design rule constraints:
     max transition = 0.080000
     max capacitance = 0.600000
 Number of Sinks = 18
 Number of Gates = 0
 Number of Loads = 18
 Driver sized from CGLNPRX2_RVT to CGLNPRX2_LVT
 Added 1 Repeaters (B: 0 I: 1). Built 1 Repeater Levels for driver u_datapath/u_gamma_correction/clock_gate_ms_pos_mem_b_reg/GCLK
 Phase delay: (max r/f: nan/0.163155  min r/f: nan/0.163155) : u_datapath/u_gamma_correction/clock_gate_ms_pos_mem_b_reg/CLK
-------------------------------------------------------------
 Echelon 2 gate by gate clock synthesis
 Gate level 16 clock tree synthesis
 Driving pin = u_datapath/u_gamma_correction/clock_gate_ms_pos_mem_b_reg_40/GCLK
 Clocks: 
     pll1_clk_in (func)
 Design rule constraints:
     max transition = 0.080000
     max capacitance = 0.600000
 Number of Sinks = 18
 Number of Gates = 0
 Number of Loads = 18
 Added 1 Repeaters (B: 0 I: 1). Built 1 Repeater Levels for driver u_datapath/u_gamma_correction/clock_gate_ms_pos_mem_b_reg_40/GCLK
 Phase delay: (max r/f: nan/0.164433  min r/f: nan/0.164433) : u_datapath/u_gamma_correction/clock_gate_ms_pos_mem_b_reg_40/CLK
-------------------------------------------------------------
 Echelon 2 gate by gate clock synthesis
 Gate level 16 clock tree synthesis
 Driving pin = u_datapath/u_gamma_correction/clock_gate_ms_pos_mem_b_reg_35/GCLK
 Clocks: 
     pll1_clk_in (func)
 Design rule constraints:
     max transition = 0.080000
     max capacitance = 0.600000
 Number of Sinks = 18
 Number of Gates = 0
 Number of Loads = 18
 Added 1 Repeaters (B: 0 I: 1). Built 1 Repeater Levels for driver u_datapath/u_gamma_correction/clock_gate_ms_pos_mem_b_reg_35/GCLK
 Phase delay: (max r/f: nan/0.163403  min r/f: nan/0.163403) : u_datapath/u_gamma_correction/clock_gate_ms_pos_mem_b_reg_35/CLK
-------------------------------------------------------------
 Echelon 2 gate by gate clock synthesis
 Gate level 16 clock tree synthesis
 Driving pin = u_datapath/u_gamma_correction/clock_gate_ms_pos_mem_b_reg_52/GCLK
 Clocks: 
     pll1_clk_in (func)
 Design rule constraints:
     max transition = 0.080000
     max capacitance = 0.600000
 Number of Sinks = 18
 Number of Gates = 0
 Number of Loads = 18
 Added 1 Repeaters (B: 0 I: 1). Built 1 Repeater Levels for driver u_datapath/u_gamma_correction/clock_gate_ms_pos_mem_b_reg_52/GCLK
 Phase delay: (max r/f: nan/0.164871  min r/f: nan/0.164871) : u_datapath/u_gamma_correction/clock_gate_ms_pos_mem_b_reg_52/CLK
-------------------------------------------------------------
 Echelon 2 gate by gate clock synthesis
 Gate level 16 clock tree synthesis
 Driving pin = u_datapath/u_gamma_correction/clock_gate_ms_pos_mem_b_reg_39/GCLK
 Clocks: 
     pll1_clk_in (func)
 Design rule constraints:
     max transition = 0.080000
     max capacitance = 0.600000
 Number of Sinks = 18
 Number of Gates = 0
 Number of Loads = 18
 Added 1 Repeaters (B: 0 I: 1). Built 1 Repeater Levels for driver u_datapath/u_gamma_correction/clock_gate_ms_pos_mem_b_reg_39/GCLK
 Phase delay: (max r/f: nan/0.164242  min r/f: nan/0.164242) : u_datapath/u_gamma_correction/clock_gate_ms_pos_mem_b_reg_39/CLK
-------------------------------------------------------------
 Echelon 2 gate by gate clock synthesis
 Gate level 16 clock tree synthesis
 Driving pin = u_datapath/u_gamma_correction/clock_gate_ms_pos_mem_b_reg_56/GCLK
 Clocks: 
     pll1_clk_in (func)
 Design rule constraints:
     max transition = 0.080000
     max capacitance = 0.600000
 Number of Sinks = 18
 Number of Gates = 0
 Number of Loads = 18
 Added 1 Repeaters (B: 0 I: 1). Built 1 Repeater Levels for driver u_datapath/u_gamma_correction/clock_gate_ms_pos_mem_b_reg_56/GCLK
 Phase delay: (max r/f: nan/0.163612  min r/f: nan/0.163612) : u_datapath/u_gamma_correction/clock_gate_ms_pos_mem_b_reg_56/CLK
-------------------------------------------------------------
 Echelon 2 gate by gate clock synthesis
 Gate level 16 clock tree synthesis
 Driving pin = u_datapath/u_gamma_correction/clock_gate_ms_pos_mem_b_reg_60/GCLK
 Clocks: 
     pll1_clk_in (func)
 Design rule constraints:
     max transition = 0.080000
     max capacitance = 0.600000
 Number of Sinks = 18
 Number of Gates = 0
 Number of Loads = 18
 Added 1 Repeaters (B: 0 I: 1). Built 1 Repeater Levels for driver u_datapath/u_gamma_correction/clock_gate_ms_pos_mem_b_reg_60/GCLK
 Phase delay: (max r/f: nan/0.163651  min r/f: nan/0.163651) : u_datapath/u_gamma_correction/clock_gate_ms_pos_mem_b_reg_60/CLK
-------------------------------------------------------------
 Echelon 2 gate by gate clock synthesis
 Gate level 16 clock tree synthesis
 Driving pin = u_datapath/u_gamma_correction/clock_gate_ms_pos_mem_b_reg_62/GCLK
 Clocks: 
     pll1_clk_in (func)
 Design rule constraints:
     max transition = 0.080000
     max capacitance = 0.600000
 Number of Sinks = 18
 Number of Gates = 0
 Number of Loads = 18
 Added 2 Repeaters (B: 0 I: 2). Built 1 Repeater Levels for driver u_datapath/u_gamma_correction/clock_gate_ms_pos_mem_b_reg_62/GCLK
 Phase delay: (max r/f: nan/0.159760  min r/f: nan/0.159760) : u_datapath/u_gamma_correction/clock_gate_ms_pos_mem_b_reg_62/CLK
-------------------------------------------------------------
 Echelon 2 gate by gate clock synthesis
 Gate level 16 clock tree synthesis
 Driving pin = u_datapath/u_gamma_correction/clock_gate_ms_pos_mem_b_reg_44/GCLK
 Clocks: 
     pll1_clk_in (func)
 Design rule constraints:
     max transition = 0.080000
     max capacitance = 0.600000
 Number of Sinks = 18
 Number of Gates = 0
 Number of Loads = 18
 Added 1 Repeaters (B: 0 I: 1). Built 1 Repeater Levels for driver u_datapath/u_gamma_correction/clock_gate_ms_pos_mem_b_reg_44/GCLK
 Phase delay: (max r/f: nan/0.164890  min r/f: nan/0.164890) : u_datapath/u_gamma_correction/clock_gate_ms_pos_mem_b_reg_44/CLK
-------------------------------------------------------------
 Echelon 2 gate by gate clock synthesis
 Gate level 16 clock tree synthesis
 Driving pin = u_datapath/u_input_line_buffer_control/u_input_line_buffer_g/u_sr_d1kx16_f166_wrap1/clock_gate_u_sr_d1kx16_f166_bist/bist_2nd_reg/GCLK
 Clocks: 
     pll1_clk_in (func)
 Design rule constraints:
     max transition = 0.080000
     max capacitance = 0.600000
 Number of Sinks = 3
 Number of Gates = 0
 Number of Loads = 3
 Added 0 Repeaters (B: 0 I: 0). Built 0 Repeater Levels for driver u_datapath/u_input_line_buffer_control/u_input_line_buffer_g/u_sr_d1kx16_f166_wrap1/clock_gate_u_sr_d1kx16_f166_bist/bist_2nd_reg/GCLK
 Phase delay: (max r/f: nan/0.234013  min r/f: nan/0.234013) : u_datapath/u_input_line_buffer_control/u_input_line_buffer_g/u_sr_d1kx16_f166_wrap1/clock_gate_u_sr_d1kx16_f166_bist/bist_2nd_reg/CLK
-------------------------------------------------------------
 Echelon 2 gate by gate clock synthesis
 Gate level 16 clock tree synthesis
 Driving pin = u_datapath/u_input_line_buffer_control/u_input_line_buffer_r/u_sr_d1kx16_f166_wrap0/clock_gate_u_sr_d1kx16_f166_bist/bist_2nd_reg/GCLK
 Clocks: 
     pll1_clk_in (func)
 Design rule constraints:
     max transition = 0.080000
     max capacitance = 0.600000
 Number of Sinks = 3
 Number of Gates = 0
 Number of Loads = 3
 Added 0 Repeaters (B: 0 I: 0). Built 0 Repeater Levels for driver u_datapath/u_input_line_buffer_control/u_input_line_buffer_r/u_sr_d1kx16_f166_wrap0/clock_gate_u_sr_d1kx16_f166_bist/bist_2nd_reg/GCLK
 Phase delay: (max r/f: nan/0.248775  min r/f: nan/0.248775) : u_datapath/u_input_line_buffer_control/u_input_line_buffer_r/u_sr_d1kx16_f166_wrap0/clock_gate_u_sr_d1kx16_f166_bist/bist_2nd_reg/CLK
-------------------------------------------------------------
 Echelon 2 gate by gate clock synthesis
 Gate level 16 clock tree synthesis
 Driving pin = u_datapath/u_input_line_buffer_control/u_input_line_buffer_b/u_sr_d1kx16_f166_wrap1/clock_gate_u_sr_d1kx16_f166_bist/bist_2nd_reg/GCLK
 Clocks: 
     pll1_clk_in (func)
 Design rule constraints:
     max transition = 0.080000
     max capacitance = 0.600000
 Number of Sinks = 3
 Number of Gates = 0
 Number of Loads = 3
 Added 0 Repeaters (B: 0 I: 0). Built 0 Repeater Levels for driver u_datapath/u_input_line_buffer_control/u_input_line_buffer_b/u_sr_d1kx16_f166_wrap1/clock_gate_u_sr_d1kx16_f166_bist/bist_2nd_reg/GCLK
 Phase delay: (max r/f: nan/0.217571  min r/f: nan/0.217571) : u_datapath/u_input_line_buffer_control/u_input_line_buffer_b/u_sr_d1kx16_f166_wrap1/clock_gate_u_sr_d1kx16_f166_bist/bist_2nd_reg/CLK
-------------------------------------------------------------
 Echelon 2 gate by gate clock synthesis
 Gate level 16 clock tree synthesis
 Driving pin = u_datapath/clock_gate_u_rotating_cache_control/rc2/count_reg/GCLK
 Clocks: 
     pll1_clk_in (func)
 Design rule constraints:
     max transition = 0.080000
     max capacitance = 0.600000
 Number of Sinks = 3
 Number of Gates = 0
 Number of Loads = 3
 Added 0 Repeaters (B: 0 I: 0). Built 0 Repeater Levels for driver u_datapath/clock_gate_u_rotating_cache_control/rc2/count_reg/GCLK
 Phase delay: (max r/f: nan/0.232792  min r/f: nan/0.232792) : u_datapath/clock_gate_u_rotating_cache_control/rc2/count_reg/CLK
-------------------------------------------------------------
 Echelon 2 gate by gate clock synthesis
 Gate level 16 clock tree synthesis
 Driving pin = u_datapath/clock_gate_u_rotating_cache_control/rc2/mem0_reg/GCLK
 Clocks: 
     pll1_clk_in (func)
 Design rule constraints:
     max transition = 0.080000
     max capacitance = 0.600000
 Number of Sinks = 256
 Number of Gates = 0
 Number of Loads = 256
 Driver sized from CGLNPRX2_RVT to CGLNPRX2_LVT
 Added 16 Repeaters (B: 0 I: 16). Built 3 Repeater Levels for driver u_datapath/clock_gate_u_rotating_cache_control/rc2/mem0_reg/GCLK
 Phase delay: (max r/f: nan/0.226250  min r/f: nan/0.226250) : u_datapath/clock_gate_u_rotating_cache_control/rc2/mem0_reg/CLK
-------------------------------------------------------------
 Echelon 2 gate by gate clock synthesis
 Gate level 16 clock tree synthesis
 Driving pin = u_datapath/clock_gate_u_rotating_cache_control/rc2/address_reg/GCLK
 Clocks: 
     pll1_clk_in (func)
 Design rule constraints:
     max transition = 0.080000
     max capacitance = 0.600000
 Number of Sinks = 3
 Number of Gates = 0
 Number of Loads = 3
 Added 0 Repeaters (B: 0 I: 0). Built 0 Repeater Levels for driver u_datapath/clock_gate_u_rotating_cache_control/rc2/address_reg/GCLK
 Phase delay: (max r/f: nan/0.168953  min r/f: nan/0.168953) : u_datapath/clock_gate_u_rotating_cache_control/rc2/address_reg/CLK
-------------------------------------------------------------
 Echelon 2 gate by gate clock synthesis
 Gate level 16 clock tree synthesis
 Driving pin = u_datapath/clock_gate_u_rotating_cache_control/rc1/count_reg/GCLK
 Clocks: 
     pll1_clk_in (func)
 Design rule constraints:
     max transition = 0.080000
     max capacitance = 0.600000
 Number of Sinks = 3
 Number of Gates = 0
 Number of Loads = 3
 Added 0 Repeaters (B: 0 I: 0). Built 0 Repeater Levels for driver u_datapath/clock_gate_u_rotating_cache_control/rc1/count_reg/GCLK
 Phase delay: (max r/f: nan/0.236607  min r/f: nan/0.236607) : u_datapath/clock_gate_u_rotating_cache_control/rc1/count_reg/CLK
-------------------------------------------------------------
 Echelon 2 gate by gate clock synthesis
 Gate level 16 clock tree synthesis
 Driving pin = u_datapath/clock_gate_u_rotating_cache_control/rc1/address_reg/GCLK
 Clocks: 
     pll1_clk_in (func)
 Design rule constraints:
     max transition = 0.080000
     max capacitance = 0.600000
 Number of Sinks = 3
 Number of Gates = 0
 Number of Loads = 3
 Added 0 Repeaters (B: 0 I: 0). Built 0 Repeater Levels for driver u_datapath/clock_gate_u_rotating_cache_control/rc1/address_reg/GCLK
 Phase delay: (max r/f: nan/0.168610  min r/f: nan/0.168610) : u_datapath/clock_gate_u_rotating_cache_control/rc1/address_reg/CLK
-------------------------------------------------------------
 Echelon 2 gate by gate clock synthesis
 Gate level 16 clock tree synthesis
 Driving pin = u_datapath/clock_gate_u_rotating_cache_control/rc1/mem0_reg/GCLK
 Clocks: 
     pll1_clk_in (func)
 Design rule constraints:
     max transition = 0.080000
     max capacitance = 0.600000
 Number of Sinks = 256
 Number of Gates = 0
 Number of Loads = 256
 Added 14 Repeaters (B: 0 I: 14). Built 3 Repeater Levels for driver u_datapath/clock_gate_u_rotating_cache_control/rc1/mem0_reg/GCLK
 Phase delay: (max r/f: nan/0.222855  min r/f: nan/0.222855) : u_datapath/clock_gate_u_rotating_cache_control/rc1/mem0_reg/CLK
-------------------------------------------------------------
 Echelon 2 gate by gate clock synthesis
 Gate level 16 clock tree synthesis
 Driving pin = u_datapath/clock_gate_u_rotating_cache_control/count1_reg/GCLK
 Clocks: 
     pll1_clk_in (func)
 Design rule constraints:
     max transition = 0.080000
     max capacitance = 0.600000
 Number of Sinks = 6
 Number of Gates = 0
 Number of Loads = 6
 Added 0 Repeaters (B: 0 I: 0). Built 0 Repeater Levels for driver u_datapath/clock_gate_u_rotating_cache_control/count1_reg/GCLK
 Phase delay: (max r/f: nan/0.221958  min r/f: nan/0.221958) : u_datapath/clock_gate_u_rotating_cache_control/count1_reg/CLK
-------------------------------------------------------------
 Echelon 2 gate by gate clock synthesis
 Gate level 16 clock tree synthesis
 Driving pin = u_datapath/clock_gate_u_SDR_controller/count_u_reg/GCLK
 Clocks: 
     pll1_clk_in (func)
 Design rule constraints:
     max transition = 0.080000
     max capacitance = 0.600000
 Number of Sinks = 4
 Number of Gates = 0
 Number of Loads = 4
 Added 0 Repeaters (B: 0 I: 0). Built 0 Repeater Levels for driver u_datapath/clock_gate_u_SDR_controller/count_u_reg/GCLK
 Phase delay: (max r/f: nan/0.242443  min r/f: nan/0.242443) : u_datapath/clock_gate_u_SDR_controller/count_u_reg/CLK
-------------------------------------------------------------
 Echelon 2 gate by gate clock synthesis
 Gate level 16 clock tree synthesis
 Driving pin = u_datapath/clock_gate_u_SDR_controller/count_l_reg/GCLK
 Clocks: 
     pll1_clk_in (func)
 Design rule constraints:
     max transition = 0.080000
     max capacitance = 0.600000
 Number of Sinks = 4
 Number of Gates = 0
 Number of Loads = 4
 Added 0 Repeaters (B: 0 I: 0). Built 0 Repeater Levels for driver u_datapath/clock_gate_u_SDR_controller/count_l_reg/GCLK
 Phase delay: (max r/f: nan/0.220490  min r/f: nan/0.220490) : u_datapath/clock_gate_u_SDR_controller/count_l_reg/CLK
-------------------------------------------------------------
 Echelon 2 gate by gate clock synthesis
 Gate level 16 clock tree synthesis
 Driving pin = u_datapath/u_gamma_flash_fifo_control/u_load_mem_fifo/clock_gate_rdata2_reg/GCLK
 Clocks: 
     pll1_clk_in (func)
 Design rule constraints:
     max transition = 0.080000
     max capacitance = 0.600000
 Number of Sinks = 28
 Number of Gates = 0
 Number of Loads = 28
 Added 1 Repeaters (B: 0 I: 1). Built 1 Repeater Levels for driver u_datapath/u_gamma_flash_fifo_control/u_load_mem_fifo/clock_gate_rdata2_reg/GCLK
 Phase delay: (max r/f: nan/0.172710  min r/f: nan/0.172710) : u_datapath/u_gamma_flash_fifo_control/u_load_mem_fifo/clock_gate_rdata2_reg/CLK
-------------------------------------------------------------
 Echelon 2 gate by gate clock synthesis
 Gate level 16 clock tree synthesis
 Driving pin = u_datapath/u_gamma_flash_fifo_control/clock_gate_flash_to_gamma_post_fifo_reg/GCLK
 Clocks: 
     pll1_clk_in (func)
 Design rule constraints:
     max transition = 0.080000
     max capacitance = 0.600000
 Number of Sinks = 28
 Number of Gates = 0
 Number of Loads = 28
 Added 1 Repeaters (B: 0 I: 1). Built 1 Repeater Levels for driver u_datapath/u_gamma_flash_fifo_control/clock_gate_flash_to_gamma_post_fifo_reg/GCLK
 Phase delay: (max r/f: nan/0.172749  min r/f: nan/0.172749) : u_datapath/u_gamma_flash_fifo_control/clock_gate_flash_to_gamma_post_fifo_reg/CLK
-------------------------------------------------------------
 Echelon 2 gate by gate clock synthesis
 Gate level 16 clock tree synthesis
 Driving pin = u_main_controller_top/u_main_controller/u_address_fifo/clock_gate_rdata2_reg/GCLK
 Clocks: 
     pll1_clk_in (func)
 Design rule constraints:
     max transition = 0.080000
     max capacitance = 0.600000
 Number of Sinks = 17
 Number of Gates = 0
 Number of Loads = 17
 Driver sized from CGLNPRX2_RVT to CGLNPRX2_LVT
 Added 1 Repeaters (B: 0 I: 1). Built 1 Repeater Levels for driver u_main_controller_top/u_main_controller/u_address_fifo/clock_gate_rdata2_reg/GCLK
 Phase delay: (max r/f: nan/0.164909  min r/f: nan/0.164909) : u_main_controller_top/u_main_controller/u_address_fifo/clock_gate_rdata2_reg/CLK
-------------------------------------------------------------
 Echelon 2 gate by gate clock synthesis
 Gate level 16 clock tree synthesis
 Driving pin = u_main_controller_top/u_main_controller/u_address_fifo/clock_gate_u_rptr_empty_address_fifo/rbin_reg/GCLK
 Clocks: 
     pll1_clk_in (func)
 Design rule constraints:
     max transition = 0.080000
     max capacitance = 0.600000
 Number of Sinks = 9
 Number of Gates = 0
 Number of Loads = 9
 Added 0 Repeaters (B: 0 I: 0). Built 0 Repeater Levels for driver u_main_controller_top/u_main_controller/u_address_fifo/clock_gate_u_rptr_empty_address_fifo/rbin_reg/GCLK
 Phase delay: (max r/f: nan/0.191727  min r/f: nan/0.191727) : u_main_controller_top/u_main_controller/u_address_fifo/clock_gate_u_rptr_empty_address_fifo/rbin_reg/CLK
-------------------------------------------------------------
 Echelon 2 gate by gate clock synthesis
 Gate level 16 clock tree synthesis
 Driving pin = u_datapath/u_output_fifo_control/u_output_fifo_1/clock_gate_inc_value_reg/GCLK
 Clocks: 
     pll1_clk_in (func)
 Design rule constraints:
     max transition = 0.080000
     max capacitance = 0.600000
 Number of Sinks = 8
 Number of Gates = 0
 Number of Loads = 8
 Driver sized from CGLNPRX2_HVT to CGLNPRX2_LVT
 Added 1 Repeaters (B: 0 I: 1). Built 1 Repeater Levels for driver u_datapath/u_output_fifo_control/u_output_fifo_1/clock_gate_inc_value_reg/GCLK
 Phase delay: (max r/f: nan/0.143204  min r/f: nan/0.143204) : u_datapath/u_output_fifo_control/u_output_fifo_1/clock_gate_inc_value_reg/CLK
-------------------------------------------------------------
 Echelon 2 gate by gate clock synthesis
 Gate level 16 clock tree synthesis
 Driving pin = u_datapath/u_output_fifo_control/u_output_fifo_1/clock_gate_wr_addr_reg/GCLK
 Clocks: 
     pll1_clk_in (func)
 Design rule constraints:
     max transition = 0.080000
     max capacitance = 0.600000
 Number of Sinks = 10
 Number of Gates = 0
 Number of Loads = 10
 Driver sized from CGLNPRX2_HVT to CGLNPRX2_LVT
 Added 1 Repeaters (B: 0 I: 1). Built 1 Repeater Levels for driver u_datapath/u_output_fifo_control/u_output_fifo_1/clock_gate_wr_addr_reg/GCLK
 Phase delay: (max r/f: nan/0.145397  min r/f: nan/0.145397) : u_datapath/u_output_fifo_control/u_output_fifo_1/clock_gate_wr_addr_reg/CLK
-------------------------------------------------------------
 Echelon 2 gate by gate clock synthesis
 Gate level 16 clock tree synthesis
 Driving pin = u_datapath/u_output_fifo_control/u_output_fifo_0/clock_gate_inc_value_reg/GCLK
 Clocks: 
     pll1_clk_in (func)
 Design rule constraints:
     max transition = 0.080000
     max capacitance = 0.600000
 Number of Sinks = 8
 Number of Gates = 0
 Number of Loads = 8
 Added 0 Repeaters (B: 0 I: 0). Built 0 Repeater Levels for driver u_datapath/u_output_fifo_control/u_output_fifo_0/clock_gate_inc_value_reg/GCLK
 Phase delay: (max r/f: nan/0.189800  min r/f: nan/0.189800) : u_datapath/u_output_fifo_control/u_output_fifo_0/clock_gate_inc_value_reg/CLK
-------------------------------------------------------------
 Echelon 2 gate by gate clock synthesis
 Gate level 16 clock tree synthesis
 Driving pin = u_datapath/u_output_fifo_control/u_output_fifo_0/clock_gate_wr_addr_reg/GCLK
 Clocks: 
     pll1_clk_in (func)
 Design rule constraints:
     max transition = 0.080000
     max capacitance = 0.600000
 Number of Sinks = 10
 Number of Gates = 0
 Number of Loads = 10
 Driver sized from CGLNPRX2_HVT to CGLNPRX2_LVT
 Added 1 Repeaters (B: 0 I: 1). Built 1 Repeater Levels for driver u_datapath/u_output_fifo_control/u_output_fifo_0/clock_gate_wr_addr_reg/GCLK
 Phase delay: (max r/f: nan/0.145741  min r/f: nan/0.145741) : u_datapath/u_output_fifo_control/u_output_fifo_0/clock_gate_wr_addr_reg/CLK
-------------------------------------------------------------
 Echelon 2 gate by gate clock synthesis
 Gate level 16 clock tree synthesis
 Driving pin = u_datapath/u_input_line_buffer_control/u_input_line_buffer_b/u_sr_d1kx16_f166_wrap1/clock_gate_u_sr_d1kx16_f166_bist/bist_addr_reg/GCLK
 Clocks: 
     pll1_clk_in (func)
 Design rule constraints:
     max transition = 0.080000
     max capacitance = 0.600000
 Number of Sinks = 10
 Number of Gates = 0
 Number of Loads = 10
 Driver sized from CGLNPRX2_RVT to CGLNPRX2_LVT
 Added 1 Repeaters (B: 0 I: 1). Built 1 Repeater Levels for driver u_datapath/u_input_line_buffer_control/u_input_line_buffer_b/u_sr_d1kx16_f166_wrap1/clock_gate_u_sr_d1kx16_f166_bist/bist_addr_reg/GCLK
 Phase delay: (max r/f: nan/0.144768  min r/f: nan/0.144768) : u_datapath/u_input_line_buffer_control/u_input_line_buffer_b/u_sr_d1kx16_f166_wrap1/clock_gate_u_sr_d1kx16_f166_bist/bist_addr_reg/CLK
-------------------------------------------------------------
 Echelon 2 gate by gate clock synthesis
 Gate level 16 clock tree synthesis
 Driving pin = u_datapath/u_input_line_buffer_control/clock_gate_line_d1_reg/GCLK
 Clocks: 
     pll1_clk_in (func)
 Design rule constraints:
     max transition = 0.080000
     max capacitance = 0.600000
 Number of Sinks = 10
 Number of Gates = 0
 Number of Loads = 10
 Driver sized from CGLNPRX2_RVT to CGLNPRX2_LVT
 Added 1 Repeaters (B: 0 I: 1). Built 1 Repeater Levels for driver u_datapath/u_input_line_buffer_control/clock_gate_line_d1_reg/GCLK
 Phase delay: (max r/f: nan/0.147877  min r/f: nan/0.147877) : u_datapath/u_input_line_buffer_control/clock_gate_line_d1_reg/CLK
-------------------------------------------------------------
 Echelon 2 gate by gate clock synthesis
 Gate level 16 clock tree synthesis
 Driving pin = u_datapath/u_input_line_buffer_control/clock_gate_line_reg/GCLK
 Clocks: 
     pll1_clk_in (func)
 Design rule constraints:
     max transition = 0.080000
     max capacitance = 0.600000
 Number of Sinks = 10
 Number of Gates = 0
 Number of Loads = 10
 Driver sized from CGLNPRX2_RVT to CGLNPRX2_LVT
 Added 1 Repeaters (B: 0 I: 1). Built 1 Repeater Levels for driver u_datapath/u_input_line_buffer_control/clock_gate_line_reg/GCLK
 Phase delay: (max r/f: nan/0.146217  min r/f: nan/0.146217) : u_datapath/u_input_line_buffer_control/clock_gate_line_reg/CLK
-------------------------------------------------------------
 Echelon 2 gate by gate clock synthesis
 Gate level 16 clock tree synthesis
 Driving pin = u_datapath/u_gamma_correction/clock_gate_u_video_synthesis/cycle_count_reg/GCLK
 Clocks: 
     pll1_clk_in (func)
 Design rule constraints:
     max transition = 0.080000
     max capacitance = 0.600000
 Number of Sinks = 7
 Number of Gates = 0
 Number of Loads = 7
 Added 0 Repeaters (B: 0 I: 0). Built 0 Repeater Levels for driver u_datapath/u_gamma_correction/clock_gate_u_video_synthesis/cycle_count_reg/GCLK
 Phase delay: (max r/f: nan/0.189152  min r/f: nan/0.189152) : u_datapath/u_gamma_correction/clock_gate_u_video_synthesis/cycle_count_reg/CLK
-------------------------------------------------------------
 Echelon 2 gate by gate clock synthesis
 Gate level 16 clock tree synthesis
 Driving pin = u_datapath/u_gamma_correction/clock_gate_line_num_reg/GCLK
 Clocks: 
     pll1_clk_in (func)
 Design rule constraints:
     max transition = 0.080000
     max capacitance = 0.600000
 Number of Sinks = 10
 Number of Gates = 0
 Number of Loads = 10
 Driver sized from CGLNPRX2_RVT to CGLNPRX2_LVT
 Added 1 Repeaters (B: 0 I: 1). Built 1 Repeater Levels for driver u_datapath/u_gamma_correction/clock_gate_line_num_reg/GCLK
 Phase delay: (max r/f: nan/0.146008  min r/f: nan/0.146008) : u_datapath/u_gamma_correction/clock_gate_line_num_reg/CLK
-------------------------------------------------------------
 Echelon 2 gate by gate clock synthesis
 Gate level 16 clock tree synthesis
 Driving pin = u_datapath/clock_gate_u_rotating_cache_control/rc2/A0_reg/GCLK
 Clocks: 
     pll1_clk_in (func)
 Design rule constraints:
     max transition = 0.080000
     max capacitance = 0.600000
 Number of Sinks = 64
 Number of Gates = 0
 Number of Loads = 64
 Added 3 Repeaters (B: 0 I: 3). Built 1 Repeater Levels for driver u_datapath/clock_gate_u_rotating_cache_control/rc2/A0_reg/GCLK
 Phase delay: (max r/f: nan/0.198574  min r/f: nan/0.198574) : u_datapath/clock_gate_u_rotating_cache_control/rc2/A0_reg/CLK
-------------------------------------------------------------
 Echelon 2 gate by gate clock synthesis
 Gate level 16 clock tree synthesis
 Driving pin = u_datapath/clock_gate_u_rotating_cache_control/rc1/A0_reg/GCLK
 Clocks: 
     pll1_clk_in (func)
 Design rule constraints:
     max transition = 0.080000
     max capacitance = 0.600000
 Number of Sinks = 64
 Number of Gates = 0
 Number of Loads = 64
 Added 3 Repeaters (B: 0 I: 3). Built 1 Repeater Levels for driver u_datapath/clock_gate_u_rotating_cache_control/rc1/A0_reg/GCLK
 Phase delay: (max r/f: nan/0.200119  min r/f: nan/0.200119) : u_datapath/clock_gate_u_rotating_cache_control/rc1/A0_reg/CLK
-------------------------------------------------------------
 Echelon 2 gate by gate clock synthesis
 Gate level 16 clock tree synthesis
 Driving pin = u_datapath/clock_gate_u_SDR_controller/loop_ad_reg/GCLK
 Clocks: 
     pll1_clk_in (func)
 Design rule constraints:
     max transition = 0.080000
     max capacitance = 0.600000
 Number of Sinks = 14
 Number of Gates = 0
 Number of Loads = 14
 Driver sized from CGLNPRX2_HVT to CGLNPRX2_LVT
 Added 1 Repeaters (B: 0 I: 1). Built 1 Repeater Levels for driver u_datapath/clock_gate_u_SDR_controller/loop_ad_reg/GCLK
 Phase delay: (max r/f: nan/0.160122  min r/f: nan/0.160122) : u_datapath/clock_gate_u_SDR_controller/loop_ad_reg/CLK
-------------------------------------------------------------
 Echelon 2 gate by gate clock synthesis
 Gate level 16 clock tree synthesis
 Driving pin = u_datapath/clock_gate_u_SDR_controller/read_enable2_delay_reg/GCLK
 Clocks: 
     pll1_clk_in (func)
 Design rule constraints:
     max transition = 0.080000
     max capacitance = 0.600000
 Number of Sinks = 19
 Number of Gates = 0
 Number of Loads = 19
 Driver sized from CGLNPRX2_RVT to CGLNPRX2_LVT
 Added 1 Repeaters (B: 0 I: 1). Built 1 Repeater Levels for driver u_datapath/clock_gate_u_SDR_controller/read_enable2_delay_reg/GCLK
 Phase delay: (max r/f: nan/0.161781  min r/f: nan/0.161781) : u_datapath/clock_gate_u_SDR_controller/read_enable2_delay_reg/CLK
-------------------------------------------------------------
 Echelon 2 gate by gate clock synthesis
 Gate level 16 clock tree synthesis
 Driving pin = u_datapath/u_gamma_correction/clock_gate_ms_pos_mem_c_reg_65/GCLK
 Clocks: 
     pll1_clk_in (func)
 Design rule constraints:
     max transition = 0.080000
     max capacitance = 0.600000
 Number of Sinks = 18
 Number of Gates = 0
 Number of Loads = 18
 Added 0 Repeaters (B: 0 I: 0). Built 0 Repeater Levels for driver u_datapath/u_gamma_correction/clock_gate_ms_pos_mem_c_reg_65/GCLK
 Phase delay: (max r/f: nan/0.246449  min r/f: nan/0.246449) : u_datapath/u_gamma_correction/clock_gate_ms_pos_mem_c_reg_65/CLK
-------------------------------------------------------------
 Echelon 2 gate by gate clock synthesis
 Gate level 16 clock tree synthesis
 Driving pin = u_datapath/u_gamma_correction/clock_gate_ms_pos_mem_c_reg_78/GCLK
 Clocks: 
     pll1_clk_in (func)
 Design rule constraints:
     max transition = 0.080000
     max capacitance = 0.600000
 Number of Sinks = 18
 Number of Gates = 0
 Number of Loads = 18
 Driver sized from CGLNPRX8_RVT to CGLNPRX2_LVT
 Added 1 Repeaters (B: 0 I: 1). Built 1 Repeater Levels for driver u_datapath/u_gamma_correction/clock_gate_ms_pos_mem_c_reg_78/GCLK
 Phase delay: (max r/f: nan/0.167580  min r/f: nan/0.167580) : u_datapath/u_gamma_correction/clock_gate_ms_pos_mem_c_reg_78/CLK
-------------------------------------------------------------
 Echelon 2 gate by gate clock synthesis
 Gate level 16 clock tree synthesis
 Driving pin = u_datapath/u_gamma_correction/clock_gate_ms_pos_mem_c_reg_70/GCLK
 Clocks: 
     pll1_clk_in (func)
 Design rule constraints:
     max transition = 0.080000
     max capacitance = 0.600000
 Number of Sinks = 18
 Number of Gates = 0
 Number of Loads = 18
 Driver sized from CGLNPRX8_RVT to CGLNPRX2_LVT
 Added 1 Repeaters (B: 0 I: 1). Built 1 Repeater Levels for driver u_datapath/u_gamma_correction/clock_gate_ms_pos_mem_c_reg_70/GCLK
 Phase delay: (max r/f: nan/0.162888  min r/f: nan/0.162888) : u_datapath/u_gamma_correction/clock_gate_ms_pos_mem_c_reg_70/CLK
-------------------------------------------------------------
 Echelon 2 gate by gate clock synthesis
 Gate level 16 clock tree synthesis
 Driving pin = u_datapath/u_gamma_correction/clock_gate_ms_pos_mem_c_reg_75/GCLK
 Clocks: 
     pll1_clk_in (func)
 Design rule constraints:
     max transition = 0.080000
     max capacitance = 0.600000
 Number of Sinks = 18
 Number of Gates = 0
 Number of Loads = 18
 Added 0 Repeaters (B: 0 I: 0). Built 0 Repeater Levels for driver u_datapath/u_gamma_correction/clock_gate_ms_pos_mem_c_reg_75/GCLK
 Phase delay: (max r/f: nan/0.245152  min r/f: nan/0.245152) : u_datapath/u_gamma_correction/clock_gate_ms_pos_mem_c_reg_75/CLK
-------------------------------------------------------------
 Echelon 2 gate by gate clock synthesis
 Gate level 16 clock tree synthesis
 Driving pin = u_datapath/u_gamma_correction/clock_gate_ms_pos_mem_c_reg_73/GCLK
 Clocks: 
     pll1_clk_in (func)
 Design rule constraints:
     max transition = 0.080000
     max capacitance = 0.600000
 Number of Sinks = 18
 Number of Gates = 0
 Number of Loads = 18
 Driver sized from CGLNPRX8_RVT to CGLNPRX2_LVT
 Added 1 Repeaters (B: 0 I: 1). Built 1 Repeater Levels for driver u_datapath/u_gamma_correction/clock_gate_ms_pos_mem_c_reg_73/GCLK
 Phase delay: (max r/f: nan/0.169601  min r/f: nan/0.169601) : u_datapath/u_gamma_correction/clock_gate_ms_pos_mem_c_reg_73/CLK
-------------------------------------------------------------
 Echelon 2 gate by gate clock synthesis
 Gate level 16 clock tree synthesis
 Driving pin = u_datapath/u_gamma_correction/clock_gate_ms_pos_mem_c_reg_81/GCLK
 Clocks: 
     pll1_clk_in (func)
 Design rule constraints:
     max transition = 0.080000
     max capacitance = 0.600000
 Number of Sinks = 18
 Number of Gates = 0
 Number of Loads = 18
 Driver sized from CGLNPRX8_RVT to CGLNPRX2_LVT
 Added 1 Repeaters (B: 0 I: 1). Built 1 Repeater Levels for driver u_datapath/u_gamma_correction/clock_gate_ms_pos_mem_c_reg_81/GCLK
 Phase delay: (max r/f: nan/0.168610  min r/f: nan/0.168610) : u_datapath/u_gamma_correction/clock_gate_ms_pos_mem_c_reg_81/CLK
-------------------------------------------------------------
 Echelon 2 gate by gate clock synthesis
 Gate level 16 clock tree synthesis
 Driving pin = u_datapath/u_gamma_correction/clock_gate_ms_pos_mem_c_reg_88/GCLK
 Clocks: 
     pll1_clk_in (func)
 Design rule constraints:
     max transition = 0.080000
     max capacitance = 0.600000
 Number of Sinks = 18
 Number of Gates = 0
 Number of Loads = 18
 Added 0 Repeaters (B: 0 I: 0). Built 0 Repeater Levels for driver u_datapath/u_gamma_correction/clock_gate_ms_pos_mem_c_reg_88/GCLK
 Phase delay: (max r/f: nan/0.246410  min r/f: nan/0.246410) : u_datapath/u_gamma_correction/clock_gate_ms_pos_mem_c_reg_88/CLK
-------------------------------------------------------------
 Echelon 2 gate by gate clock synthesis
 Gate level 16 clock tree synthesis
 Driving pin = u_datapath/u_gamma_correction/clock_gate_ms_pos_mem_c_reg_72/GCLK
 Clocks: 
     pll1_clk_in (func)
 Design rule constraints:
     max transition = 0.080000
     max capacitance = 0.600000
 Number of Sinks = 18
 Number of Gates = 0
 Number of Loads = 18
 Driver sized from CGLNPRX8_RVT to CGLNPRX2_LVT
 Added 1 Repeaters (B: 0 I: 1). Built 1 Repeater Levels for driver u_datapath/u_gamma_correction/clock_gate_ms_pos_mem_c_reg_72/GCLK
 Phase delay: (max r/f: nan/0.167198  min r/f: nan/0.167198) : u_datapath/u_gamma_correction/clock_gate_ms_pos_mem_c_reg_72/CLK
-------------------------------------------------------------
 Echelon 2 gate by gate clock synthesis
 Gate level 16 clock tree synthesis
 Driving pin = u_datapath/u_gamma_correction/clock_gate_ms_pos_mem_c_reg_76/GCLK
 Clocks: 
     pll1_clk_in (func)
 Design rule constraints:
     max transition = 0.080000
     max capacitance = 0.600000
 Number of Sinks = 18
 Number of Gates = 0
 Number of Loads = 18
 Added 0 Repeaters (B: 0 I: 0). Built 0 Repeater Levels for driver u_datapath/u_gamma_correction/clock_gate_ms_pos_mem_c_reg_76/GCLK
 Phase delay: (max r/f: nan/0.246220  min r/f: nan/0.246220) : u_datapath/u_gamma_correction/clock_gate_ms_pos_mem_c_reg_76/CLK
-------------------------------------------------------------
 Echelon 2 gate by gate clock synthesis
 Gate level 16 clock tree synthesis
 Driving pin = u_datapath/u_gamma_correction/clock_gate_ms_pos_mem_c_reg_66/GCLK
 Clocks: 
     pll1_clk_in (func)
 Design rule constraints:
     max transition = 0.080000
     max capacitance = 0.600000
 Number of Sinks = 18
 Number of Gates = 0
 Number of Loads = 18
 Added 0 Repeaters (B: 0 I: 0). Built 0 Repeater Levels for driver u_datapath/u_gamma_correction/clock_gate_ms_pos_mem_c_reg_66/GCLK
 Phase delay: (max r/f: nan/0.245476  min r/f: nan/0.245476) : u_datapath/u_gamma_correction/clock_gate_ms_pos_mem_c_reg_66/CLK
-------------------------------------------------------------
 Echelon 2 gate by gate clock synthesis
 Gate level 16 clock tree synthesis
 Driving pin = u_datapath/u_gamma_correction/clock_gate_ms_pos_mem_c_reg_67/GCLK
 Clocks: 
     pll1_clk_in (func)
 Design rule constraints:
     max transition = 0.080000
     max capacitance = 0.600000
 Number of Sinks = 18
 Number of Gates = 0
 Number of Loads = 18
 Added 0 Repeaters (B: 0 I: 0). Built 0 Repeater Levels for driver u_datapath/u_gamma_correction/clock_gate_ms_pos_mem_c_reg_67/GCLK
 Phase delay: (max r/f: nan/0.245380  min r/f: nan/0.245380) : u_datapath/u_gamma_correction/clock_gate_ms_pos_mem_c_reg_67/CLK
-------------------------------------------------------------
 Echelon 2 gate by gate clock synthesis
 Gate level 16 clock tree synthesis
 Driving pin = u_datapath/u_gamma_correction/clock_gate_ms_pos_mem_c_reg_92/GCLK
 Clocks: 
     pll1_clk_in (func)
 Design rule constraints:
     max transition = 0.080000
     max capacitance = 0.600000
 Number of Sinks = 18
 Number of Gates = 0
 Number of Loads = 18
 Added 0 Repeaters (B: 0 I: 0). Built 0 Repeater Levels for driver u_datapath/u_gamma_correction/clock_gate_ms_pos_mem_c_reg_92/GCLK
 Phase delay: (max r/f: nan/0.247173  min r/f: nan/0.247173) : u_datapath/u_gamma_correction/clock_gate_ms_pos_mem_c_reg_92/CLK
-------------------------------------------------------------
 Echelon 2 gate by gate clock synthesis
 Gate level 16 clock tree synthesis
 Driving pin = u_datapath/u_gamma_correction/clock_gate_ms_pos_mem_a_reg_22/GCLK
 Clocks: 
     pll1_clk_in (func)
 Design rule constraints:
     max transition = 0.080000
     max capacitance = 0.600000
 Number of Sinks = 18
 Number of Gates = 0
 Number of Loads = 18
 Driver sized from CGLNPRX2_RVT to CGLNPRX2_LVT
 Added 1 Repeaters (B: 0 I: 1). Built 1 Repeater Levels for driver u_datapath/u_gamma_correction/clock_gate_ms_pos_mem_a_reg_22/GCLK
 Phase delay: (max r/f: nan/0.163994  min r/f: nan/0.163994) : u_datapath/u_gamma_correction/clock_gate_ms_pos_mem_a_reg_22/CLK
-------------------------------------------------------------
 Echelon 2 gate by gate clock synthesis
 Gate level 16 clock tree synthesis
 Driving pin = u_datapath/u_gamma_correction/clock_gate_ms_pos_mem_a_reg_32/GCLK
 Clocks: 
     pll1_clk_in (func)
 Design rule constraints:
     max transition = 0.080000
     max capacitance = 0.600000
 Number of Sinks = 18
 Number of Gates = 0
 Number of Loads = 18
 Driver sized from CGLNPRX2_RVT to CGLNPRX2_LVT
 Added 1 Repeaters (B: 0 I: 1). Built 1 Repeater Levels for driver u_datapath/u_gamma_correction/clock_gate_ms_pos_mem_a_reg_32/GCLK
 Phase delay: (max r/f: nan/0.165577  min r/f: nan/0.165577) : u_datapath/u_gamma_correction/clock_gate_ms_pos_mem_a_reg_32/CLK
-------------------------------------------------------------
 Echelon 2 gate by gate clock synthesis
 Gate level 16 clock tree synthesis
 Driving pin = u_datapath/u_gamma_correction/clock_gate_ms_pos_mem_a_reg/GCLK
 Clocks: 
     pll1_clk_in (func)
 Design rule constraints:
     max transition = 0.080000
     max capacitance = 0.600000
 Number of Sinks = 18
 Number of Gates = 0
 Number of Loads = 18
 Driver sized from CGLNPRX2_RVT to CGLNPRX2_LVT
 Added 1 Repeaters (B: 0 I: 1). Built 1 Repeater Levels for driver u_datapath/u_gamma_correction/clock_gate_ms_pos_mem_a_reg/GCLK
 Phase delay: (max r/f: nan/0.163517  min r/f: nan/0.163517) : u_datapath/u_gamma_correction/clock_gate_ms_pos_mem_a_reg/CLK
-------------------------------------------------------------
 Echelon 2 gate by gate clock synthesis
 Gate level 16 clock tree synthesis
 Driving pin = u_datapath/u_gamma_correction/clock_gate_ms_pos_mem_a_reg_9/GCLK
 Clocks: 
     pll1_clk_in (func)
 Design rule constraints:
     max transition = 0.080000
     max capacitance = 0.600000
 Number of Sinks = 18
 Number of Gates = 0
 Number of Loads = 18
 Driver sized from CGLNPRX2_RVT to CGLNPRX2_LVT
 Added 1 Repeaters (B: 0 I: 1). Built 1 Repeater Levels for driver u_datapath/u_gamma_correction/clock_gate_ms_pos_mem_a_reg_9/GCLK
 Phase delay: (max r/f: nan/0.164566  min r/f: nan/0.164566) : u_datapath/u_gamma_correction/clock_gate_ms_pos_mem_a_reg_9/CLK
-------------------------------------------------------------
 Echelon 2 gate by gate clock synthesis
 Gate level 16 clock tree synthesis
 Driving pin = u_datapath/u_gamma_correction/clock_gate_ms_pos_mem_a_reg_31/GCLK
 Clocks: 
     pll1_clk_in (func)
 Design rule constraints:
     max transition = 0.080000
     max capacitance = 0.600000
 Number of Sinks = 18
 Number of Gates = 0
 Number of Loads = 18
 Driver sized from CGLNPRX2_RVT to CGLNPRX2_LVT
 Added 1 Repeaters (B: 0 I: 1). Built 1 Repeater Levels for driver u_datapath/u_gamma_correction/clock_gate_ms_pos_mem_a_reg_31/GCLK
 Phase delay: (max r/f: nan/0.165157  min r/f: nan/0.165157) : u_datapath/u_gamma_correction/clock_gate_ms_pos_mem_a_reg_31/CLK
-------------------------------------------------------------
 Echelon 2 gate by gate clock synthesis
 Gate level 16 clock tree synthesis
 Driving pin = u_datapath/u_gamma_correction/clock_gate_ms_pos_mem_a_reg_18/GCLK
 Clocks: 
     pll1_clk_in (func)
 Design rule constraints:
     max transition = 0.080000
     max capacitance = 0.600000
 Number of Sinks = 18
 Number of Gates = 0
 Number of Loads = 18
 Driver sized from CGLNPRX2_RVT to CGLNPRX2_LVT
 Added 1 Repeaters (B: 0 I: 1). Built 1 Repeater Levels for driver u_datapath/u_gamma_correction/clock_gate_ms_pos_mem_a_reg_18/GCLK
 Phase delay: (max r/f: nan/0.162468  min r/f: nan/0.162468) : u_datapath/u_gamma_correction/clock_gate_ms_pos_mem_a_reg_18/CLK
-------------------------------------------------------------
 Echelon 2 gate by gate clock synthesis
 Gate level 16 clock tree synthesis
 Driving pin = u_datapath/u_gamma_correction/clock_gate_ms_pos_mem_a_reg_29/GCLK
 Clocks: 
     pll1_clk_in (func)
 Design rule constraints:
     max transition = 0.080000
     max capacitance = 0.600000
 Number of Sinks = 18
 Number of Gates = 0
 Number of Loads = 18
 Driver sized from CGLNPRX2_RVT to CGLNPRX2_LVT
 Added 1 Repeaters (B: 0 I: 1). Built 1 Repeater Levels for driver u_datapath/u_gamma_correction/clock_gate_ms_pos_mem_a_reg_29/GCLK
 Phase delay: (max r/f: nan/0.164146  min r/f: nan/0.164146) : u_datapath/u_gamma_correction/clock_gate_ms_pos_mem_a_reg_29/CLK
-------------------------------------------------------------
 Echelon 2 gate by gate clock synthesis
 Gate level 16 clock tree synthesis
 Driving pin = u_datapath/u_gamma_correction/clock_gate_ms_pos_mem_a_reg_21/GCLK
 Clocks: 
     pll1_clk_in (func)
 Design rule constraints:
     max transition = 0.080000
     max capacitance = 0.600000
 Number of Sinks = 18
 Number of Gates = 0
 Number of Loads = 18
 Driver sized from CGLNPRX2_RVT to CGLNPRX2_LVT
 Added 1 Repeaters (B: 0 I: 1). Built 1 Repeater Levels for driver u_datapath/u_gamma_correction/clock_gate_ms_pos_mem_a_reg_21/GCLK
 Phase delay: (max r/f: nan/0.164642  min r/f: nan/0.164642) : u_datapath/u_gamma_correction/clock_gate_ms_pos_mem_a_reg_21/CLK
-------------------------------------------------------------
 Echelon 2 gate by gate clock synthesis
 Gate level 16 clock tree synthesis
 Driving pin = u_datapath/u_gamma_correction/clock_gate_ms_pos_mem_a_reg_8/GCLK
 Clocks: 
     pll1_clk_in (func)
 Design rule constraints:
     max transition = 0.080000
     max capacitance = 0.600000
 Number of Sinks = 18
 Number of Gates = 0
 Number of Loads = 18
 Driver sized from CGLNPRX2_RVT to CGLNPRX2_LVT
 Added 1 Repeaters (B: 0 I: 1). Built 1 Repeater Levels for driver u_datapath/u_gamma_correction/clock_gate_ms_pos_mem_a_reg_8/GCLK
 Phase delay: (max r/f: nan/0.164509  min r/f: nan/0.164509) : u_datapath/u_gamma_correction/clock_gate_ms_pos_mem_a_reg_8/CLK
-------------------------------------------------------------
 Echelon 2 gate by gate clock synthesis
 Gate level 16 clock tree synthesis
 Driving pin = u_datapath/u_gamma_correction/clock_gate_ms_pos_mem_a_reg_15/GCLK
 Clocks: 
     pll1_clk_in (func)
 Design rule constraints:
     max transition = 0.080000
     max capacitance = 0.600000
 Number of Sinks = 18
 Number of Gates = 0
 Number of Loads = 18
 Driver sized from CGLNPRX2_RVT to CGLNPRX2_LVT
 Added 1 Repeaters (B: 0 I: 1). Built 1 Repeater Levels for driver u_datapath/u_gamma_correction/clock_gate_ms_pos_mem_a_reg_15/GCLK
 Phase delay: (max r/f: nan/0.163689  min r/f: nan/0.163689) : u_datapath/u_gamma_correction/clock_gate_ms_pos_mem_a_reg_15/CLK
-------------------------------------------------------------
 Echelon 2 gate by gate clock synthesis
 Gate level 16 clock tree synthesis
 Driving pin = u_datapath/u_gamma_correction/clock_gate_ms_pos_mem_a_reg_13/GCLK
 Clocks: 
     pll1_clk_in (func)
 Design rule constraints:
     max transition = 0.080000
     max capacitance = 0.600000
 Number of Sinks = 18
 Number of Gates = 0
 Number of Loads = 18
 Driver sized from CGLNPRX2_RVT to CGLNPRX2_LVT
 Added 1 Repeaters (B: 0 I: 1). Built 1 Repeater Levels for driver u_datapath/u_gamma_correction/clock_gate_ms_pos_mem_a_reg_13/GCLK
 Phase delay: (max r/f: nan/0.164757  min r/f: nan/0.164757) : u_datapath/u_gamma_correction/clock_gate_ms_pos_mem_a_reg_13/CLK
-------------------------------------------------------------
 Echelon 2 gate by gate clock synthesis
 Gate level 16 clock tree synthesis
 Driving pin = u_datapath/u_gamma_correction/clock_gate_ms_pos_mem_a_reg_6/GCLK
 Clocks: 
     pll1_clk_in (func)
 Design rule constraints:
     max transition = 0.080000
     max capacitance = 0.600000
 Number of Sinks = 18
 Number of Gates = 0
 Number of Loads = 18
 Driver sized from CGLNPRX2_RVT to CGLNPRX2_LVT
 Added 1 Repeaters (B: 0 I: 1). Built 1 Repeater Levels for driver u_datapath/u_gamma_correction/clock_gate_ms_pos_mem_a_reg_6/GCLK
 Phase delay: (max r/f: nan/0.165062  min r/f: nan/0.165062) : u_datapath/u_gamma_correction/clock_gate_ms_pos_mem_a_reg_6/CLK
-------------------------------------------------------------
 Echelon 2 gate by gate clock synthesis
 Gate level 16 clock tree synthesis
 Driving pin = u_datapath/u_gamma_correction/clock_gate_ms_pos_mem_a_reg_10/GCLK
 Clocks: 
     pll1_clk_in (func)
 Design rule constraints:
     max transition = 0.080000
     max capacitance = 0.600000
 Number of Sinks = 18
 Number of Gates = 0
 Number of Loads = 18
 Driver sized from CGLNPRX2_RVT to CGLNPRX2_LVT
 Added 1 Repeaters (B: 0 I: 1). Built 1 Repeater Levels for driver u_datapath/u_gamma_correction/clock_gate_ms_pos_mem_a_reg_10/GCLK
 Phase delay: (max r/f: nan/0.164871  min r/f: nan/0.164871) : u_datapath/u_gamma_correction/clock_gate_ms_pos_mem_a_reg_10/CLK
-------------------------------------------------------------
 Echelon 2 gate by gate clock synthesis
 Gate level 16 clock tree synthesis
 Driving pin = u_datapath/u_gamma_correction/clock_gate_ms_pos_mem_a_reg_12/GCLK
 Clocks: 
     pll1_clk_in (func)
 Design rule constraints:
     max transition = 0.080000
     max capacitance = 0.600000
 Number of Sinks = 18
 Number of Gates = 0
 Number of Loads = 18
 Driver sized from CGLNPRX2_RVT to CGLNPRX2_LVT
 Added 1 Repeaters (B: 0 I: 1). Built 1 Repeater Levels for driver u_datapath/u_gamma_correction/clock_gate_ms_pos_mem_a_reg_12/GCLK
 Phase delay: (max r/f: nan/0.163231  min r/f: nan/0.163231) : u_datapath/u_gamma_correction/clock_gate_ms_pos_mem_a_reg_12/CLK
-------------------------------------------------------------
 Echelon 2 gate by gate clock synthesis
 Gate level 16 clock tree synthesis
 Driving pin = u_datapath/u_gamma_correction/clock_gate_ms_pos_mem_a_reg_28/GCLK
 Clocks: 
     pll1_clk_in (func)
 Design rule constraints:
     max transition = 0.080000
     max capacitance = 0.600000
 Number of Sinks = 18
 Number of Gates = 0
 Number of Loads = 18
 Driver sized from CGLNPRX2_RVT to CGLNPRX2_LVT
 Added 1 Repeaters (B: 0 I: 1). Built 1 Repeater Levels for driver u_datapath/u_gamma_correction/clock_gate_ms_pos_mem_a_reg_28/GCLK
 Phase delay: (max r/f: nan/0.161839  min r/f: nan/0.161839) : u_datapath/u_gamma_correction/clock_gate_ms_pos_mem_a_reg_28/CLK
-------------------------------------------------------------
 Echelon 2 gate by gate clock synthesis
 Gate level 16 clock tree synthesis
 Driving pin = u_datapath/u_gamma_correction/clock_gate_ms_pos_mem_a_reg_4/GCLK
 Clocks: 
     pll1_clk_in (func)
 Design rule constraints:
     max transition = 0.080000
     max capacitance = 0.600000
 Number of Sinks = 18
 Number of Gates = 0
 Number of Loads = 18
 Driver sized from CGLNPRX2_RVT to CGLNPRX2_LVT
 Added 1 Repeaters (B: 0 I: 1). Built 1 Repeater Levels for driver u_datapath/u_gamma_correction/clock_gate_ms_pos_mem_a_reg_4/GCLK
 Phase delay: (max r/f: nan/0.165462  min r/f: nan/0.165462) : u_datapath/u_gamma_correction/clock_gate_ms_pos_mem_a_reg_4/CLK
-------------------------------------------------------------
 Echelon 2 gate by gate clock synthesis
 Gate level 16 clock tree synthesis
 Driving pin = u_datapath/u_gamma_correction/clock_gate_ms_pos_mem_a_reg_27/GCLK
 Clocks: 
     pll1_clk_in (func)
 Design rule constraints:
     max transition = 0.080000
     max capacitance = 0.600000
 Number of Sinks = 18
 Number of Gates = 0
 Number of Loads = 18
 Driver sized from CGLNPRX2_RVT to CGLNPRX2_LVT
 Added 1 Repeaters (B: 0 I: 1). Built 1 Repeater Levels for driver u_datapath/u_gamma_correction/clock_gate_ms_pos_mem_a_reg_27/GCLK
 Phase delay: (max r/f: nan/0.164013  min r/f: nan/0.164013) : u_datapath/u_gamma_correction/clock_gate_ms_pos_mem_a_reg_27/CLK
-------------------------------------------------------------
 Echelon 2 gate by gate clock synthesis
 Gate level 16 clock tree synthesis
 Driving pin = u_datapath/u_gamma_correction/clock_gate_ms_pos_mem_a_reg_20/GCLK
 Clocks: 
     pll1_clk_in (func)
 Design rule constraints:
     max transition = 0.080000
     max capacitance = 0.600000
 Number of Sinks = 18
 Number of Gates = 0
 Number of Loads = 18
 Driver sized from CGLNPRX2_RVT to CGLNPRX2_LVT
 Added 1 Repeaters (B: 0 I: 1). Built 1 Repeater Levels for driver u_datapath/u_gamma_correction/clock_gate_ms_pos_mem_a_reg_20/GCLK
 Phase delay: (max r/f: nan/0.166931  min r/f: nan/0.166931) : u_datapath/u_gamma_correction/clock_gate_ms_pos_mem_a_reg_20/CLK
-------------------------------------------------------------
 Echelon 2 gate by gate clock synthesis
 Gate level 16 clock tree synthesis
 Driving pin = u_datapath/u_gamma_correction/clock_gate_ms_pos_mem_a_reg_24/GCLK
 Clocks: 
     pll1_clk_in (func)
 Design rule constraints:
     max transition = 0.080000
     max capacitance = 0.600000
 Number of Sinks = 18
 Number of Gates = 0
 Number of Loads = 18
 Driver sized from CGLNPRX2_RVT to CGLNPRX2_LVT
 Added 1 Repeaters (B: 0 I: 1). Built 1 Repeater Levels for driver u_datapath/u_gamma_correction/clock_gate_ms_pos_mem_a_reg_24/GCLK
 Phase delay: (max r/f: nan/0.163631  min r/f: nan/0.163631) : u_datapath/u_gamma_correction/clock_gate_ms_pos_mem_a_reg_24/CLK
-------------------------------------------------------------
 Echelon 2 gate by gate clock synthesis
 Gate level 16 clock tree synthesis
 Driving pin = u_datapath/u_gamma_correction/clock_gate_ms_pos_mem_a_reg_23/GCLK
 Clocks: 
     pll1_clk_in (func)
 Design rule constraints:
     max transition = 0.080000
     max capacitance = 0.600000
 Number of Sinks = 18
 Number of Gates = 0
 Number of Loads = 18
 Driver sized from CGLNPRX2_RVT to CGLNPRX2_LVT
 Added 1 Repeaters (B: 0 I: 1). Built 1 Repeater Levels for driver u_datapath/u_gamma_correction/clock_gate_ms_pos_mem_a_reg_23/GCLK
 Phase delay: (max r/f: nan/0.163746  min r/f: nan/0.163746) : u_datapath/u_gamma_correction/clock_gate_ms_pos_mem_a_reg_23/CLK
-------------------------------------------------------------
 Echelon 2 gate by gate clock synthesis
 Gate level 16 clock tree synthesis
 Driving pin = u_datapath/u_gamma_correction/clock_gate_ms_pos_mem_a_reg_19/GCLK
 Clocks: 
     pll1_clk_in (func)
 Design rule constraints:
     max transition = 0.080000
     max capacitance = 0.600000
 Number of Sinks = 18
 Number of Gates = 0
 Number of Loads = 18
 Driver sized from CGLNPRX2_RVT to CGLNPRX2_LVT
 Added 1 Repeaters (B: 0 I: 1). Built 1 Repeater Levels for driver u_datapath/u_gamma_correction/clock_gate_ms_pos_mem_a_reg_19/GCLK
 Phase delay: (max r/f: nan/0.165730  min r/f: nan/0.165730) : u_datapath/u_gamma_correction/clock_gate_ms_pos_mem_a_reg_19/CLK
-------------------------------------------------------------
 Echelon 2 gate by gate clock synthesis
 Gate level 16 clock tree synthesis
 Driving pin = u_datapath/u_gamma_correction/clock_gate_ms_pos_mem_a_reg_11/GCLK
 Clocks: 
     pll1_clk_in (func)
 Design rule constraints:
     max transition = 0.080000
     max capacitance = 0.600000
 Number of Sinks = 18
 Number of Gates = 0
 Number of Loads = 18
 Driver sized from CGLNPRX2_RVT to CGLNPRX2_LVT
 Added 1 Repeaters (B: 0 I: 1). Built 1 Repeater Levels for driver u_datapath/u_gamma_correction/clock_gate_ms_pos_mem_a_reg_11/GCLK
 Phase delay: (max r/f: nan/0.164165  min r/f: nan/0.164165) : u_datapath/u_gamma_correction/clock_gate_ms_pos_mem_a_reg_11/CLK
-------------------------------------------------------------
 Echelon 2 gate by gate clock synthesis
 Gate level 16 clock tree synthesis
 Driving pin = u_datapath/u_gamma_correction/clock_gate_ms_pos_mem_a_reg_7/GCLK
 Clocks: 
     pll1_clk_in (func)
 Design rule constraints:
     max transition = 0.080000
     max capacitance = 0.600000
 Number of Sinks = 18
 Number of Gates = 0
 Number of Loads = 18
 Driver sized from CGLNPRX2_RVT to CGLNPRX2_LVT
 Added 1 Repeaters (B: 0 I: 1). Built 1 Repeater Levels for driver u_datapath/u_gamma_correction/clock_gate_ms_pos_mem_a_reg_7/GCLK
 Phase delay: (max r/f: nan/0.163593  min r/f: nan/0.163593) : u_datapath/u_gamma_correction/clock_gate_ms_pos_mem_a_reg_7/CLK
-------------------------------------------------------------
 Echelon 2 gate by gate clock synthesis
 Gate level 16 clock tree synthesis
 Driving pin = u_datapath/u_gamma_correction/clock_gate_ms_pos_mem_a_reg_25/GCLK
 Clocks: 
     pll1_clk_in (func)
 Design rule constraints:
     max transition = 0.080000
     max capacitance = 0.600000
 Number of Sinks = 18
 Number of Gates = 0
 Number of Loads = 18
 Driver sized from CGLNPRX2_RVT to CGLNPRX2_LVT
 Added 1 Repeaters (B: 0 I: 1). Built 1 Repeater Levels for driver u_datapath/u_gamma_correction/clock_gate_ms_pos_mem_a_reg_25/GCLK
 Phase delay: (max r/f: nan/0.163116  min r/f: nan/0.163116) : u_datapath/u_gamma_correction/clock_gate_ms_pos_mem_a_reg_25/CLK
-------------------------------------------------------------
 Echelon 2 gate by gate clock synthesis
 Gate level 16 clock tree synthesis
 Driving pin = u_datapath/u_gamma_correction/clock_gate_ms_pos_mem_a_reg_16/GCLK
 Clocks: 
     pll1_clk_in (func)
 Design rule constraints:
     max transition = 0.080000
     max capacitance = 0.600000
 Number of Sinks = 18
 Number of Gates = 0
 Number of Loads = 18
 Driver sized from CGLNPRX2_RVT to CGLNPRX2_LVT
 Added 1 Repeaters (B: 0 I: 1). Built 1 Repeater Levels for driver u_datapath/u_gamma_correction/clock_gate_ms_pos_mem_a_reg_16/GCLK
 Phase delay: (max r/f: nan/0.164909  min r/f: nan/0.164909) : u_datapath/u_gamma_correction/clock_gate_ms_pos_mem_a_reg_16/CLK
-------------------------------------------------------------
 Echelon 2 gate by gate clock synthesis
 Gate level 16 clock tree synthesis
 Driving pin = u_datapath/u_gamma_correction/clock_gate_ms_pos_mem_a_reg_17/GCLK
 Clocks: 
     pll1_clk_in (func)
 Design rule constraints:
     max transition = 0.080000
     max capacitance = 0.600000
 Number of Sinks = 18
 Number of Gates = 0
 Number of Loads = 18
 Driver sized from CGLNPRX2_RVT to CGLNPRX2_LVT
 Added 1 Repeaters (B: 0 I: 1). Built 1 Repeater Levels for driver u_datapath/u_gamma_correction/clock_gate_ms_pos_mem_a_reg_17/GCLK
 Phase delay: (max r/f: nan/0.163822  min r/f: nan/0.163822) : u_datapath/u_gamma_correction/clock_gate_ms_pos_mem_a_reg_17/CLK
-------------------------------------------------------------
 Echelon 2 gate by gate clock synthesis
 Gate level 16 clock tree synthesis
 Driving pin = u_datapath/u_gamma_correction/clock_gate_ms_pos_mem_a_reg_2/GCLK
 Clocks: 
     pll1_clk_in (func)
 Design rule constraints:
     max transition = 0.080000
     max capacitance = 0.600000
 Number of Sinks = 18
 Number of Gates = 0
 Number of Loads = 18
 Driver sized from CGLNPRX2_RVT to CGLNPRX2_LVT
 Added 1 Repeaters (B: 0 I: 1). Built 1 Repeater Levels for driver u_datapath/u_gamma_correction/clock_gate_ms_pos_mem_a_reg_2/GCLK
 Phase delay: (max r/f: nan/0.165958  min r/f: nan/0.165958) : u_datapath/u_gamma_correction/clock_gate_ms_pos_mem_a_reg_2/CLK
-------------------------------------------------------------
 Echelon 2 gate by gate clock synthesis
 Gate level 16 clock tree synthesis
 Driving pin = u_datapath/u_input_line_buffer_control/u_input_line_buffer_r/u_sr_d1kx16_f166_wrap1/clock_gate_u_sr_d1kx16_f166_bist/bist_addr_reg/GCLK
 Clocks: 
     pll1_clk_in (func)
 Design rule constraints:
     max transition = 0.080000
     max capacitance = 0.600000
 Number of Sinks = 10
 Number of Gates = 0
 Number of Loads = 10
 Added 1 Repeaters (B: 0 I: 1). Built 1 Repeater Levels for driver u_datapath/u_input_line_buffer_control/u_input_line_buffer_r/u_sr_d1kx16_f166_wrap1/clock_gate_u_sr_d1kx16_f166_bist/bist_addr_reg/GCLK
 Phase delay: (max r/f: nan/0.149269  min r/f: nan/0.149269) : u_datapath/u_input_line_buffer_control/u_input_line_buffer_r/u_sr_d1kx16_f166_wrap1/clock_gate_u_sr_d1kx16_f166_bist/bist_addr_reg/CLK
-------------------------------------------------------------
 Echelon 2 gate by gate clock synthesis
 Gate level 16 clock tree synthesis
 Driving pin = u_datapath/u_input_line_buffer_control/u_input_line_buffer_r/u_sr_d1kx16_f166_wrap1/clock_gate_u_sr_d1kx16_f166_bist/bist_2nd_reg/GCLK
 Clocks: 
     pll1_clk_in (func)
 Design rule constraints:
     max transition = 0.080000
     max capacitance = 0.600000
 Number of Sinks = 3
 Number of Gates = 0
 Number of Loads = 3
 Added 0 Repeaters (B: 0 I: 0). Built 0 Repeater Levels for driver u_datapath/u_input_line_buffer_control/u_input_line_buffer_r/u_sr_d1kx16_f166_wrap1/clock_gate_u_sr_d1kx16_f166_bist/bist_2nd_reg/GCLK
 Phase delay: (max r/f: nan/0.172157  min r/f: nan/0.172157) : u_datapath/u_input_line_buffer_control/u_input_line_buffer_r/u_sr_d1kx16_f166_wrap1/clock_gate_u_sr_d1kx16_f166_bist/bist_2nd_reg/CLK
-------------------------------------------------------------
 Echelon 2 gate by gate clock synthesis
 Gate level 16 clock tree synthesis
 Driving pin = u_datapath/u_input_line_buffer_control/u_input_line_buffer_r/u_sr_d1kx16_f166_wrap0/clock_gate_u_sr_d1kx16_f166_bist/bist_addr_reg/GCLK
 Clocks: 
     pll1_clk_in (func)
 Design rule constraints:
     max transition = 0.080000
     max capacitance = 0.600000
 Number of Sinks = 10
 Number of Gates = 0
 Number of Loads = 10
 Added 1 Repeaters (B: 0 I: 1). Built 1 Repeater Levels for driver u_datapath/u_input_line_buffer_control/u_input_line_buffer_r/u_sr_d1kx16_f166_wrap0/clock_gate_u_sr_d1kx16_f166_bist/bist_addr_reg/GCLK
 Phase delay: (max r/f: nan/0.183258  min r/f: nan/0.183258) : u_datapath/u_input_line_buffer_control/u_input_line_buffer_r/u_sr_d1kx16_f166_wrap0/clock_gate_u_sr_d1kx16_f166_bist/bist_addr_reg/CLK
-------------------------------------------------------------
 Echelon 2 gate by gate clock synthesis
 Gate level 16 clock tree synthesis
 Driving pin = u_datapath/u_input_line_buffer_control/u_input_line_buffer_g/u_sr_d1kx16_f166_wrap1/clock_gate_u_sr_d1kx16_f166_bist/bist_addr_reg/GCLK
 Clocks: 
     pll1_clk_in (func)
 Design rule constraints:
     max transition = 0.080000
     max capacitance = 0.600000
 Number of Sinks = 10
 Number of Gates = 0
 Number of Loads = 10
 Added 0 Repeaters (B: 0 I: 0). Built 0 Repeater Levels for driver u_datapath/u_input_line_buffer_control/u_input_line_buffer_g/u_sr_d1kx16_f166_wrap1/clock_gate_u_sr_d1kx16_f166_bist/bist_addr_reg/GCLK
 Phase delay: (max r/f: nan/0.160923  min r/f: nan/0.160923) : u_datapath/u_input_line_buffer_control/u_input_line_buffer_g/u_sr_d1kx16_f166_wrap1/clock_gate_u_sr_d1kx16_f166_bist/bist_addr_reg/CLK
-------------------------------------------------------------
 Echelon 2 gate by gate clock synthesis
 Gate level 16 clock tree synthesis
 Driving pin = u_datapath/u_input_line_buffer_control/u_input_line_buffer_g/u_sr_d1kx16_f166_wrap0/clock_gate_u_sr_d1kx16_f166_bist/bist_addr_reg/GCLK
 Clocks: 
     pll1_clk_in (func)
 Design rule constraints:
     max transition = 0.080000
     max capacitance = 0.600000
 Number of Sinks = 10
 Number of Gates = 0
 Number of Loads = 10
 Added 0 Repeaters (B: 0 I: 0). Built 0 Repeater Levels for driver u_datapath/u_input_line_buffer_control/u_input_line_buffer_g/u_sr_d1kx16_f166_wrap0/clock_gate_u_sr_d1kx16_f166_bist/bist_addr_reg/GCLK
 Phase delay: (max r/f: nan/0.163364  min r/f: nan/0.163364) : u_datapath/u_input_line_buffer_control/u_input_line_buffer_g/u_sr_d1kx16_f166_wrap0/clock_gate_u_sr_d1kx16_f166_bist/bist_addr_reg/CLK
-------------------------------------------------------------
 Echelon 2 gate by gate clock synthesis
 Gate level 16 clock tree synthesis
 Driving pin = u_datapath/u_input_line_buffer_control/u_input_line_buffer_g/u_sr_d1kx16_f166_wrap0/clock_gate_u_sr_d1kx16_f166_bist/bist_2nd_reg/GCLK
 Clocks: 
     pll1_clk_in (func)
 Design rule constraints:
     max transition = 0.080000
     max capacitance = 0.600000
 Number of Sinks = 3
 Number of Gates = 0
 Number of Loads = 3
 Added 0 Repeaters (B: 0 I: 0). Built 0 Repeater Levels for driver u_datapath/u_input_line_buffer_control/u_input_line_buffer_g/u_sr_d1kx16_f166_wrap0/clock_gate_u_sr_d1kx16_f166_bist/bist_2nd_reg/GCLK
 Phase delay: (max r/f: nan/0.152340  min r/f: nan/0.152340) : u_datapath/u_input_line_buffer_control/u_input_line_buffer_g/u_sr_d1kx16_f166_wrap0/clock_gate_u_sr_d1kx16_f166_bist/bist_2nd_reg/CLK
-------------------------------------------------------------
 Echelon 2 gate by gate clock synthesis
 Gate level 16 clock tree synthesis
 Driving pin = u_datapath/u_input_line_buffer_control/u_input_line_buffer_b/u_sr_d1kx16_f166_wrap0/clock_gate_u_sr_d1kx16_f166_bist/bist_addr_reg/GCLK
 Clocks: 
     pll1_clk_in (func)
 Design rule constraints:
     max transition = 0.080000
     max capacitance = 0.600000
 Number of Sinks = 10
 Number of Gates = 0
 Number of Loads = 10
 Added 0 Repeaters (B: 0 I: 0). Built 0 Repeater Levels for driver u_datapath/u_input_line_buffer_control/u_input_line_buffer_b/u_sr_d1kx16_f166_wrap0/clock_gate_u_sr_d1kx16_f166_bist/bist_addr_reg/GCLK
 Phase delay: (max r/f: nan/0.161514  min r/f: nan/0.161514) : u_datapath/u_input_line_buffer_control/u_input_line_buffer_b/u_sr_d1kx16_f166_wrap0/clock_gate_u_sr_d1kx16_f166_bist/bist_addr_reg/CLK
-------------------------------------------------------------
 Echelon 2 gate by gate clock synthesis
 Gate level 16 clock tree synthesis
 Driving pin = u_datapath/u_input_line_buffer_control/u_input_line_buffer_b/u_sr_d1kx16_f166_wrap0/clock_gate_u_sr_d1kx16_f166_bist/bist_2nd_reg/GCLK
 Clocks: 
     pll1_clk_in (func)
 Design rule constraints:
     max transition = 0.080000
     max capacitance = 0.600000
 Number of Sinks = 3
 Number of Gates = 0
 Number of Loads = 3
 Added 0 Repeaters (B: 0 I: 0). Built 0 Repeater Levels for driver u_datapath/u_input_line_buffer_control/u_input_line_buffer_b/u_sr_d1kx16_f166_wrap0/clock_gate_u_sr_d1kx16_f166_bist/bist_2nd_reg/GCLK
 Phase delay: (max r/f: nan/0.151958  min r/f: nan/0.151958) : u_datapath/u_input_line_buffer_control/u_input_line_buffer_b/u_sr_d1kx16_f166_wrap0/clock_gate_u_sr_d1kx16_f166_bist/bist_2nd_reg/CLK
-------------------------------------------------------------
 Echelon 2 gate by gate clock synthesis
 Gate level 16 clock tree synthesis
 Driving pin = u_datapath/u_input_line_buffer_control/clock_gate_rd_addr1_reg/GCLK
 Clocks: 
     pll1_clk_in (func)
 Design rule constraints:
     max transition = 0.080000
     max capacitance = 0.600000
 Number of Sinks = 11
 Number of Gates = 0
 Number of Loads = 11
 Driver sized from CGLNPRX2_RVT to CGLNPRX2_LVT
 Added 1 Repeaters (B: 0 I: 1). Built 1 Repeater Levels for driver u_datapath/u_input_line_buffer_control/clock_gate_rd_addr1_reg/GCLK
 Phase delay: (max r/f: nan/0.146103  min r/f: nan/0.146103) : u_datapath/u_input_line_buffer_control/clock_gate_rd_addr1_reg/CLK
-------------------------------------------------------------
 Echelon 2 gate by gate clock synthesis
 Gate level 16 clock tree synthesis
 Driving pin = u_datapath/u_input_line_buffer_control/clock_gate_dout_reg/GCLK
 Clocks: 
     pll1_clk_in (func)
 Design rule constraints:
     max transition = 0.080000
     max capacitance = 0.600000
 Number of Sinks = 32
 Number of Gates = 0
 Number of Loads = 32
 Added 1 Repeaters (B: 0 I: 1). Built 1 Repeater Levels for driver u_datapath/u_input_line_buffer_control/clock_gate_dout_reg/GCLK
 Phase delay: (max r/f: nan/0.178032  min r/f: nan/0.178032) : u_datapath/u_input_line_buffer_control/clock_gate_dout_reg/CLK
-------------------------------------------------------------
 Echelon 2 gate by gate clock synthesis
 Gate level 16 clock tree synthesis
 Driving pin = u_datapath/u_input_line_buffer_control/clock_gate_addr_end_reg/GCLK
 Clocks: 
     pll1_clk_in (func)
 Design rule constraints:
     max transition = 0.080000
     max capacitance = 0.600000
 Number of Sinks = 9
 Number of Gates = 0
 Number of Loads = 9
 Added 0 Repeaters (B: 0 I: 0). Built 0 Repeater Levels for driver u_datapath/u_input_line_buffer_control/clock_gate_addr_end_reg/GCLK
 Phase delay: (max r/f: nan/0.170364  min r/f: nan/0.170364) : u_datapath/u_input_line_buffer_control/clock_gate_addr_end_reg/CLK
-------------------------------------------------------------
 Echelon 2 gate by gate clock synthesis
 Gate level 16 clock tree synthesis
 Driving pin = u_datapath/u_input_line_buffer_control/clock_gate_done_count_reg/GCLK
 Clocks: 
     pll1_clk_in (func)
 Design rule constraints:
     max transition = 0.080000
     max capacitance = 0.600000
 Number of Sinks = 8
 Number of Gates = 0
 Number of Loads = 8
 Added 0 Repeaters (B: 0 I: 0). Built 0 Repeater Levels for driver u_datapath/u_input_line_buffer_control/clock_gate_done_count_reg/GCLK
 Phase delay: (max r/f: nan/0.169735  min r/f: nan/0.169735) : u_datapath/u_input_line_buffer_control/clock_gate_done_count_reg/CLK
-------------------------------------------------------------
 Echelon 2 gate by gate clock synthesis
 Gate level 16 clock tree synthesis
 Driving pin = u_datapath/u_input_line_buffer_control/clock_gate_erase_count_reg/GCLK
 Clocks: 
     pll1_clk_in (func)
 Design rule constraints:
     max transition = 0.080000
     max capacitance = 0.600000
 Number of Sinks = 11
 Number of Gates = 0
 Number of Loads = 11
 Added 0 Repeaters (B: 0 I: 0). Built 0 Repeater Levels for driver u_datapath/u_input_line_buffer_control/clock_gate_erase_count_reg/GCLK
 Phase delay: (max r/f: nan/0.174923  min r/f: nan/0.174923) : u_datapath/u_input_line_buffer_control/clock_gate_erase_count_reg/CLK
-------------------------------------------------------------
 Echelon 2 gate by gate clock synthesis
 Gate level 16 clock tree synthesis
 Driving pin = u_datapath/u_input_line_buffer_control/clock_gate_pixel_group_r_reg/GCLK
 Clocks: 
     pll1_clk_in (func)
 Design rule constraints:
     max transition = 0.080000
     max capacitance = 0.600000
 Number of Sinks = 6
 Number of Gates = 0
 Number of Loads = 6
 Added 0 Repeaters (B: 0 I: 0). Built 0 Repeater Levels for driver u_datapath/u_input_line_buffer_control/clock_gate_pixel_group_r_reg/GCLK
 Phase delay: (max r/f: nan/0.167313  min r/f: nan/0.167313) : u_datapath/u_input_line_buffer_control/clock_gate_pixel_group_r_reg/CLK
-------------------------------------------------------------
 Echelon 2 gate by gate clock synthesis
 Gate level 16 clock tree synthesis
 Driving pin = u_datapath/u_input_line_buffer_control/clock_gate_plane_group_b_reg/GCLK
 Clocks: 
     pll1_clk_in (func)
 Design rule constraints:
     max transition = 0.080000
     max capacitance = 0.600000
 Number of Sinks = 14
 Number of Gates = 0
 Number of Loads = 14
 Added 1 Repeaters (B: 0 I: 1). Built 1 Repeater Levels for driver u_datapath/u_input_line_buffer_control/clock_gate_plane_group_b_reg/GCLK
 Phase delay: (max r/f: nan/0.164070  min r/f: nan/0.164070) : u_datapath/u_input_line_buffer_control/clock_gate_plane_group_b_reg/CLK
-------------------------------------------------------------
 Echelon 2 gate by gate clock synthesis
 Gate level 16 clock tree synthesis
 Driving pin = u_datapath/u_input_line_buffer_control/clock_gate_plane_group_g_reg/GCLK
 Clocks: 
     pll1_clk_in (func)
 Design rule constraints:
     max transition = 0.080000
     max capacitance = 0.600000
 Number of Sinks = 14
 Number of Gates = 0
 Number of Loads = 14
 Added 1 Repeaters (B: 0 I: 1). Built 1 Repeater Levels for driver u_datapath/u_input_line_buffer_control/clock_gate_plane_group_g_reg/GCLK
 Phase delay: (max r/f: nan/0.160599  min r/f: nan/0.160599) : u_datapath/u_input_line_buffer_control/clock_gate_plane_group_g_reg/CLK
-------------------------------------------------------------
 Echelon 2 gate by gate clock synthesis
 Gate level 16 clock tree synthesis
 Driving pin = u_datapath/u_input_line_buffer_control/clock_gate_plane_group_r_reg/GCLK
 Clocks: 
     pll1_clk_in (func)
 Design rule constraints:
     max transition = 0.080000
     max capacitance = 0.600000
 Number of Sinks = 14
 Number of Gates = 0
 Number of Loads = 14
 Added 1 Repeaters (B: 0 I: 1). Built 1 Repeater Levels for driver u_datapath/u_input_line_buffer_control/clock_gate_plane_group_r_reg/GCLK
 Phase delay: (max r/f: nan/0.148411  min r/f: nan/0.148411) : u_datapath/u_input_line_buffer_control/clock_gate_plane_group_r_reg/CLK
-------------------------------------------------------------
 Echelon 2 gate by gate clock synthesis
 Gate level 16 clock tree synthesis
 Driving pin = u_datapath/u_input_line_buffer_control/clock_gate_delay_countdown_reg/GCLK
 Clocks: 
     pll1_clk_in (func)
 Design rule constraints:
     max transition = 0.080000
     max capacitance = 0.600000
 Number of Sinks = 6
 Number of Gates = 0
 Number of Loads = 6
 Added 0 Repeaters (B: 0 I: 0). Built 0 Repeater Levels for driver u_datapath/u_input_line_buffer_control/clock_gate_delay_countdown_reg/GCLK
 Phase delay: (max r/f: nan/0.221672  min r/f: nan/0.221672) : u_datapath/u_input_line_buffer_control/clock_gate_delay_countdown_reg/CLK
-------------------------------------------------------------
 Echelon 2 gate by gate clock synthesis
 Gate level 16 clock tree synthesis
 Driving pin = u_datapath/u_input_line_buffer_control/clock_gate_pixel_group_b_reg/GCLK
 Clocks: 
     pll1_clk_in (func)
 Design rule constraints:
     max transition = 0.080000
     max capacitance = 0.600000
 Number of Sinks = 6
 Number of Gates = 0
 Number of Loads = 6
 Added 0 Repeaters (B: 0 I: 0). Built 0 Repeater Levels for driver u_datapath/u_input_line_buffer_control/clock_gate_pixel_group_b_reg/GCLK
 Phase delay: (max r/f: nan/0.221691  min r/f: nan/0.221691) : u_datapath/u_input_line_buffer_control/clock_gate_pixel_group_b_reg/CLK
-------------------------------------------------------------
 Echelon 2 gate by gate clock synthesis
 Gate level 16 clock tree synthesis
 Driving pin = u_datapath/u_input_line_buffer_control/clock_gate_pixel_group_g_reg/GCLK
 Clocks: 
     pll1_clk_in (func)
 Design rule constraints:
     max transition = 0.080000
     max capacitance = 0.600000
 Number of Sinks = 6
 Number of Gates = 0
 Number of Loads = 6
 Added 0 Repeaters (B: 0 I: 0). Built 0 Repeater Levels for driver u_datapath/u_input_line_buffer_control/clock_gate_pixel_group_g_reg/GCLK
 Phase delay: (max r/f: nan/0.222473  min r/f: nan/0.222473) : u_datapath/u_input_line_buffer_control/clock_gate_pixel_group_g_reg/CLK
-------------------------------------------------------------
 Echelon 2 gate by gate clock synthesis
 Gate level 16 clock tree synthesis
 Driving pin = u_datapath/u_input_line_buffer_control/clock_gate_plane_reg/GCLK
 Clocks: 
     pll1_clk_in (func)
 Design rule constraints:
     max transition = 0.080000
     max capacitance = 0.600000
 Number of Sinks = 4
 Number of Gates = 0
 Number of Loads = 4
 Added 0 Repeaters (B: 0 I: 0). Built 0 Repeater Levels for driver u_datapath/u_input_line_buffer_control/clock_gate_plane_reg/GCLK
 Phase delay: (max r/f: nan/0.242901  min r/f: nan/0.242901) : u_datapath/u_input_line_buffer_control/clock_gate_plane_reg/CLK
-------------------------------------------------------------
 Echelon 2 gate by gate clock synthesis
 Gate level 16 clock tree synthesis
 Driving pin = u_datapath/u_input_line_buffer_control/clock_gate_pixel_group2_reg/GCLK
 Clocks: 
     pll1_clk_in (func)
 Design rule constraints:
     max transition = 0.080000
     max capacitance = 0.600000
 Number of Sinks = 6
 Number of Gates = 0
 Number of Loads = 6
 Added 0 Repeaters (B: 0 I: 0). Built 0 Repeater Levels for driver u_datapath/u_input_line_buffer_control/clock_gate_pixel_group2_reg/GCLK
 Phase delay: (max r/f: nan/0.221500  min r/f: nan/0.221500) : u_datapath/u_input_line_buffer_control/clock_gate_pixel_group2_reg/CLK
-------------------------------------------------------------
 Echelon 2 gate by gate clock synthesis
 Gate level 16 clock tree synthesis
 Driving pin = u_datapath/u_gamma_correction/clock_gate_u_video_synthesis/counter1/count_reg_95/GCLK
 Clocks: 
     pll1_clk_in (func)
 Design rule constraints:
     max transition = 0.080000
     max capacitance = 0.600000
 Number of Sinks = 5
 Number of Gates = 0
 Number of Loads = 5
 Added 0 Repeaters (B: 0 I: 0). Built 0 Repeater Levels for driver u_datapath/u_gamma_correction/clock_gate_u_video_synthesis/counter1/count_reg_95/GCLK
 Phase delay: (max r/f: nan/0.249119  min r/f: nan/0.249119) : u_datapath/u_gamma_correction/clock_gate_u_video_synthesis/counter1/count_reg_95/CLK
-------------------------------------------------------------
 Echelon 2 gate by gate clock synthesis
 Gate level 16 clock tree synthesis
 Driving pin = u_datapath/u_gamma_correction/clock_gate_u_video_synthesis/counter1/count_reg_98/GCLK
 Clocks: 
     pll1_clk_in (func)
 Design rule constraints:
     max transition = 0.080000
     max capacitance = 0.600000
 Number of Sinks = 4
 Number of Gates = 0
 Number of Loads = 4
 Added 0 Repeaters (B: 0 I: 0). Built 0 Repeater Levels for driver u_datapath/u_gamma_correction/clock_gate_u_video_synthesis/counter1/count_reg_98/GCLK
 Phase delay: (max r/f: nan/0.246124  min r/f: nan/0.246124) : u_datapath/u_gamma_correction/clock_gate_u_video_synthesis/counter1/count_reg_98/CLK
-------------------------------------------------------------
 Echelon 2 gate by gate clock synthesis
 Gate level 16 clock tree synthesis
 Driving pin = u_datapath/u_gamma_correction/clock_gate_u_video_synthesis/gcount_reg/GCLK
 Clocks: 
     pll1_clk_in (func)
 Design rule constraints:
     max transition = 0.080000
     max capacitance = 0.600000
 Number of Sinks = 3
 Number of Gates = 0
 Number of Loads = 3
 Added 0 Repeaters (B: 0 I: 0). Built 0 Repeater Levels for driver u_datapath/u_gamma_correction/clock_gate_u_video_synthesis/gcount_reg/GCLK
 Phase delay: (max r/f: nan/0.236664  min r/f: nan/0.236664) : u_datapath/u_gamma_correction/clock_gate_u_video_synthesis/gcount_reg/CLK
-------------------------------------------------------------
 Echelon 2 gate by gate clock synthesis
 Gate level 16 clock tree synthesis
 Driving pin = u_datapath/u_gamma_correction/clock_gate_bit_count_reg/GCLK
 Clocks: 
     pll1_clk_in (func)
 Design rule constraints:
     max transition = 0.080000
     max capacitance = 0.600000
 Number of Sinks = 4
 Number of Gates = 0
 Number of Loads = 4
 Added 0 Repeaters (B: 0 I: 0). Built 0 Repeater Levels for driver u_datapath/u_gamma_correction/clock_gate_bit_count_reg/GCLK
 Phase delay: (max r/f: nan/0.242062  min r/f: nan/0.242062) : u_datapath/u_gamma_correction/clock_gate_bit_count_reg/CLK
-------------------------------------------------------------
 Echelon 2 gate by gate clock synthesis
 Gate level 16 clock tree synthesis
 Driving pin = u_datapath/u_gamma_correction/clock_gate_u_video_synthesis/counter1/count_reg_99/GCLK
 Clocks: 
     pll1_clk_in (func)
 Design rule constraints:
     max transition = 0.080000
     max capacitance = 0.600000
 Number of Sinks = 5
 Number of Gates = 0
 Number of Loads = 5
 Added 0 Repeaters (B: 0 I: 0). Built 0 Repeater Levels for driver u_datapath/u_gamma_correction/clock_gate_u_video_synthesis/counter1/count_reg_99/GCLK
 Phase delay: (max r/f: nan/0.219936  min r/f: nan/0.219936) : u_datapath/u_gamma_correction/clock_gate_u_video_synthesis/counter1/count_reg_99/CLK
-------------------------------------------------------------
 Echelon 2 gate by gate clock synthesis
 Gate level 16 clock tree synthesis
 Driving pin = u_datapath/u_gamma_correction/clock_gate_u_video_synthesis/counter1/count_reg_96/GCLK
 Clocks: 
     pll1_clk_in (func)
 Design rule constraints:
     max transition = 0.080000
     max capacitance = 0.600000
 Number of Sinks = 5
 Number of Gates = 0
 Number of Loads = 5
 Added 0 Repeaters (B: 0 I: 0). Built 0 Repeater Levels for driver u_datapath/u_gamma_correction/clock_gate_u_video_synthesis/counter1/count_reg_96/GCLK
 Phase delay: (max r/f: nan/0.247860  min r/f: nan/0.247860) : u_datapath/u_gamma_correction/clock_gate_u_video_synthesis/counter1/count_reg_96/CLK
-------------------------------------------------------------
 Echelon 2 gate by gate clock synthesis
 Gate level 16 clock tree synthesis
 Driving pin = u_datapath/u_gamma_correction/clock_gate_u_video_synthesis/counter1/count_reg/GCLK
 Clocks: 
     pll1_clk_in (func)
 Design rule constraints:
     max transition = 0.080000
     max capacitance = 0.600000
 Number of Sinks = 5
 Number of Gates = 0
 Number of Loads = 5
 Added 0 Repeaters (B: 0 I: 0). Built 0 Repeater Levels for driver u_datapath/u_gamma_correction/clock_gate_u_video_synthesis/counter1/count_reg/GCLK
 Phase delay: (max r/f: nan/0.217838  min r/f: nan/0.217838) : u_datapath/u_gamma_correction/clock_gate_u_video_synthesis/counter1/count_reg/CLK
-------------------------------------------------------------
 Echelon 2 gate by gate clock synthesis
 Gate level 14 clock tree synthesis
 Driving pin = u_datapath/u_output_fifo_control/clock_gate_address_count_reg/GCLK
 Clocks: 
     pll2_clk_in (func)
 Design rule constraints:
     max transition = 0.080000
     max capacitance = 0.600000
 Number of Sinks = 6
 Number of Gates = 0
 Number of Loads = 6
 Driver sized from CGLNPRX2_HVT to CGLNPRX2_LVT
 Added 1 Repeaters (B: 0 I: 1). Built 1 Repeater Levels for driver u_datapath/u_output_fifo_control/clock_gate_address_count_reg/GCLK
 Phase delay: (max r/f: nan/0.141907  min r/f: nan/0.141907) : u_datapath/u_output_fifo_control/clock_gate_address_count_reg/CLK
-------------------------------------------------------------
 Echelon 2 gate by gate clock synthesis
 Gate level 14 clock tree synthesis
 Driving pin = u_main_controller_top/u_main_controller/clock_gate_u_output_buf/shift_cnt_reg/GCLK
 Clocks: 
     pll2_clk_in (func)
 Design rule constraints:
     max transition = 0.080000
     max capacitance = 0.600000
 Number of Sinks = 5
 Number of Gates = 0
 Number of Loads = 5
 Added 0 Repeaters (B: 0 I: 0). Built 0 Repeater Levels for driver u_main_controller_top/u_main_controller/clock_gate_u_output_buf/shift_cnt_reg/GCLK
 Phase delay: (max r/f: nan/0.207958  min r/f: nan/0.207958) : u_main_controller_top/u_main_controller/clock_gate_u_output_buf/shift_cnt_reg/CLK
-------------------------------------------------------------
 Echelon 2 gate by gate clock synthesis
 Gate level 14 clock tree synthesis
 Driving pin = u_main_controller_top/u_main_controller/clock_gate_output_valid_dly_reg/GCLK
 Clocks: 
     pll2_clk_in (func)
 Design rule constraints:
     max transition = 0.080000
     max capacitance = 0.600000
 Number of Sinks = 4
 Number of Gates = 0
 Number of Loads = 4
 Added 0 Repeaters (B: 0 I: 0). Built 0 Repeater Levels for driver u_main_controller_top/u_main_controller/clock_gate_output_valid_dly_reg/GCLK
 Phase delay: (max r/f: nan/0.214901  min r/f: nan/0.214901) : u_main_controller_top/u_main_controller/clock_gate_output_valid_dly_reg/CLK
-------------------------------------------------------------
 Echelon 2 gate by gate clock synthesis
 Gate level 14 clock tree synthesis
 Driving pin = u_main_controller_top/u_main_controller/clock_gate_u_output_buf/ptr_shiftout_reg/GCLK
 Clocks: 
     pll2_clk_in (func)
 Design rule constraints:
     max transition = 0.080000
     max capacitance = 0.600000
 Number of Sinks = 54
 Number of Gates = 0
 Number of Loads = 54
 Added 5 Repeaters (B: 0 I: 5). Built 3 Repeater Levels for driver u_main_controller_top/u_main_controller/clock_gate_u_output_buf/ptr_shiftout_reg/GCLK
 Phase delay: (max r/f: nan/0.215416  min r/f: nan/0.215416) : u_main_controller_top/u_main_controller/clock_gate_u_output_buf/ptr_shiftout_reg/CLK
-------------------------------------------------------------
 Echelon 2 gate by gate clock synthesis
 Gate level 14 clock tree synthesis
 Driving pin = u_datapath/u_output_fifo_control/clock_gate_out_count_reg/GCLK
 Clocks: 
     pll2_clk_in (func)
 Design rule constraints:
     max transition = 0.080000
     max capacitance = 0.600000
 Number of Sinks = 7
 Number of Gates = 0
 Number of Loads = 7
 Added 0 Repeaters (B: 0 I: 0). Built 0 Repeater Levels for driver u_datapath/u_output_fifo_control/clock_gate_out_count_reg/GCLK
 Phase delay: (max r/f: nan/0.172501  min r/f: nan/0.172501) : u_datapath/u_output_fifo_control/clock_gate_out_count_reg/CLK
-------------------------------------------------------------
 Echelon 2 gate by gate clock synthesis
 Gate level 14 clock tree synthesis
 Driving pin = u_datapath/u_output_fifo_control/u_output_fifo_1/u_sr_d1kx32_f233_wrap/clock_gate_u_sr_d1kx32_f233_bist/bist_addr_reg/GCLK
 Clocks: 
     pll2_clk_in (func)
 Design rule constraints:
     max transition = 0.080000
     max capacitance = 0.600000
 Number of Sinks = 10
 Number of Gates = 0
 Number of Loads = 10
 Added 0 Repeaters (B: 0 I: 0). Built 0 Repeater Levels for driver u_datapath/u_output_fifo_control/u_output_fifo_1/u_sr_d1kx32_f233_wrap/clock_gate_u_sr_d1kx32_f233_bist/bist_addr_reg/GCLK
 Phase delay: (max r/f: nan/0.174599  min r/f: nan/0.174599) : u_datapath/u_output_fifo_control/u_output_fifo_1/u_sr_d1kx32_f233_wrap/clock_gate_u_sr_d1kx32_f233_bist/bist_addr_reg/CLK
-------------------------------------------------------------
 Echelon 2 gate by gate clock synthesis
 Gate level 14 clock tree synthesis
 Driving pin = u_datapath/u_output_fifo_control/u_output_fifo_1/u_sr_d1kx32_f233_wrap/clock_gate_u_sr_d1kx32_f233_bist/bist_2nd_reg/GCLK
 Clocks: 
     pll2_clk_in (func)
 Design rule constraints:
     max transition = 0.080000
     max capacitance = 0.600000
 Number of Sinks = 3
 Number of Gates = 0
 Number of Loads = 3
 Added 0 Repeaters (B: 0 I: 0). Built 0 Repeater Levels for driver u_datapath/u_output_fifo_control/u_output_fifo_1/u_sr_d1kx32_f233_wrap/clock_gate_u_sr_d1kx32_f233_bist/bist_2nd_reg/GCLK
 Phase delay: (max r/f: nan/0.206661  min r/f: nan/0.206661) : u_datapath/u_output_fifo_control/u_output_fifo_1/u_sr_d1kx32_f233_wrap/clock_gate_u_sr_d1kx32_f233_bist/bist_2nd_reg/CLK
-------------------------------------------------------------
 Echelon 2 gate by gate clock synthesis
 Gate level 14 clock tree synthesis
 Driving pin = u_datapath/u_output_fifo_control/u_output_fifo_1/clock_gate_rd_addr_reg/GCLK
 Clocks: 
     pll2_clk_in (func)
 Design rule constraints:
     max transition = 0.080000
     max capacitance = 0.600000
 Number of Sinks = 10
 Number of Gates = 0
 Number of Loads = 10
 Driver sized from CGLNPRX2_HVT to CGLNPRX2_LVT
 Added 1 Repeaters (B: 0 I: 1). Built 1 Repeater Levels for driver u_datapath/u_output_fifo_control/u_output_fifo_1/clock_gate_rd_addr_reg/GCLK
 Phase delay: (max r/f: nan/0.143700  min r/f: nan/0.143700) : u_datapath/u_output_fifo_control/u_output_fifo_1/clock_gate_rd_addr_reg/CLK
-------------------------------------------------------------
 Echelon 2 gate by gate clock synthesis
 Gate level 14 clock tree synthesis
 Driving pin = u_datapath/clock_gate_u_shiftout/out_f2_L_reg/GCLK
 Clocks: 
     pll2_clk_in (func)
 Design rule constraints:
     max transition = 0.080000
     max capacitance = 0.600000
 Number of Sinks = 32
 Number of Gates = 0
 Number of Loads = 32
 Driver sized from CGLNPRX2_RVT to CGLNPRX2_LVT
 Added 1 Repeaters (B: 0 I: 1). Built 1 Repeater Levels for driver u_datapath/clock_gate_u_shiftout/out_f2_L_reg/GCLK
 Phase delay: (max r/f: nan/0.168247  min r/f: nan/0.168247) : u_datapath/clock_gate_u_shiftout/out_f2_L_reg/CLK
-------------------------------------------------------------
 Echelon 2 gate by gate clock synthesis
 Gate level 14 clock tree synthesis
 Driving pin = u_datapath/clock_gate_u_shiftout/out_f1_reg/GCLK
 Clocks: 
     pll2_clk_in (func)
 Design rule constraints:
     max transition = 0.080000
     max capacitance = 0.600000
 Number of Sinks = 16
 Number of Gates = 0
 Number of Loads = 16
 Driver sized from CGLNPRX8_HVT to CGLNPRX2_LVT
 Added 1 Repeaters (B: 0 I: 1). Built 1 Repeater Levels for driver u_datapath/clock_gate_u_shiftout/out_f1_reg/GCLK
 Phase delay: (max r/f: nan/0.160770  min r/f: nan/0.160770) : u_datapath/clock_gate_u_shiftout/out_f1_reg/CLK
-------------------------------------------------------------
 Echelon 2 gate by gate clock synthesis
 Gate level 14 clock tree synthesis
 Driving pin = u_datapath/clock_gate_u_shiftout/out_f1_reg_1/GCLK
 Clocks: 
     pll2_clk_in (func)
 Design rule constraints:
     max transition = 0.080000
     max capacitance = 0.600000
 Number of Sinks = 16
 Number of Gates = 0
 Number of Loads = 16
 Driver sized from CGLNPRX8_HVT to CGLNPRX2_LVT
 Added 1 Repeaters (B: 0 I: 1). Built 1 Repeater Levels for driver u_datapath/clock_gate_u_shiftout/out_f1_reg_1/GCLK
 Phase delay: (max r/f: nan/0.160675  min r/f: nan/0.160675) : u_datapath/clock_gate_u_shiftout/out_f1_reg_1/CLK
-------------------------------------------------------------
 Echelon 2 gate by gate clock synthesis
 Gate level 14 clock tree synthesis
 Driving pin = u_datapath/clock_gate_u_shiftout/out_f_L_reg/GCLK
 Clocks: 
     pll2_clk_in (func)
 Design rule constraints:
     max transition = 0.080000
     max capacitance = 0.600000
 Number of Sinks = 32
 Number of Gates = 0
 Number of Loads = 32
 Driver sized from CGLNPRX2_HVT to CGLNPRX2_LVT
 Added 1 Repeaters (B: 0 I: 1). Built 1 Repeater Levels for driver u_datapath/clock_gate_u_shiftout/out_f_L_reg/GCLK
 Phase delay: (max r/f: nan/0.169563  min r/f: nan/0.169563) : u_datapath/clock_gate_u_shiftout/out_f_L_reg/CLK
-------------------------------------------------------------
 Echelon 2 gate by gate clock synthesis
 Gate level 14 clock tree synthesis
 Driving pin = u_datapath/clock_gate_u_shiftout/buffer_in2_reg/GCLK
 Clocks: 
     pll2_clk_in (func)
 Design rule constraints:
     max transition = 0.080000
     max capacitance = 0.600000
 Number of Sinks = 32
 Number of Gates = 0
 Number of Loads = 32
 Driver sized from CGLNPRX2_RVT to CGLNPRX2_LVT
 Added 1 Repeaters (B: 0 I: 1). Built 1 Repeater Levels for driver u_datapath/clock_gate_u_shiftout/buffer_in2_reg/GCLK
 Phase delay: (max r/f: nan/0.169468  min r/f: nan/0.169468) : u_datapath/clock_gate_u_shiftout/buffer_in2_reg/CLK
-------------------------------------------------------------
 Echelon 2 gate by gate clock synthesis
 Gate level 14 clock tree synthesis
 Driving pin = u_datapath/u_output_fifo_control/u_output_fifo_0/clock_gate_rd_addr_reg/GCLK
 Clocks: 
     pll2_clk_in (func)
 Design rule constraints:
     max transition = 0.080000
     max capacitance = 0.600000
 Number of Sinks = 10
 Number of Gates = 0
 Number of Loads = 10
 Driver sized from CGLNPRX2_HVT to CGLNPRX2_LVT
 Added 1 Repeaters (B: 0 I: 1). Built 1 Repeater Levels for driver u_datapath/u_output_fifo_control/u_output_fifo_0/clock_gate_rd_addr_reg/GCLK
 Phase delay: (max r/f: nan/0.146732  min r/f: nan/0.146732) : u_datapath/u_output_fifo_control/u_output_fifo_0/clock_gate_rd_addr_reg/CLK
-------------------------------------------------------------
 Echelon 2 gate by gate clock synthesis
 Gate level 14 clock tree synthesis
 Driving pin = u_datapath/u_output_fifo_control/u_output_fifo_0/u_sr_d1kx32_f233_wrap/clock_gate_u_sr_d1kx32_f233_bist/bist_addr_reg/GCLK
 Clocks: 
     pll2_clk_in (func)
 Design rule constraints:
     max transition = 0.080000
     max capacitance = 0.600000
 Number of Sinks = 10
 Number of Gates = 0
 Number of Loads = 10
 Added 0 Repeaters (B: 0 I: 0). Built 0 Repeater Levels for driver u_datapath/u_output_fifo_control/u_output_fifo_0/u_sr_d1kx32_f233_wrap/clock_gate_u_sr_d1kx32_f233_bist/bist_addr_reg/GCLK
 Phase delay: (max r/f: nan/0.172825  min r/f: nan/0.172825) : u_datapath/u_output_fifo_control/u_output_fifo_0/u_sr_d1kx32_f233_wrap/clock_gate_u_sr_d1kx32_f233_bist/bist_addr_reg/CLK
-------------------------------------------------------------
 Echelon 2 gate by gate clock synthesis
 Gate level 14 clock tree synthesis
 Driving pin = u_datapath/u_output_fifo_control/u_output_fifo_0/u_sr_d1kx32_f233_wrap/clock_gate_u_sr_d1kx32_f233_bist/bist_2nd_reg/GCLK
 Clocks: 
     pll2_clk_in (func)
 Design rule constraints:
     max transition = 0.080000
     max capacitance = 0.600000
 Number of Sinks = 3
 Number of Gates = 0
 Number of Loads = 3
 Added 0 Repeaters (B: 0 I: 0). Built 0 Repeater Levels for driver u_datapath/u_output_fifo_control/u_output_fifo_0/u_sr_d1kx32_f233_wrap/clock_gate_u_sr_d1kx32_f233_bist/bist_2nd_reg/GCLK
 Phase delay: (max r/f: nan/0.212116  min r/f: nan/0.212116) : u_datapath/u_output_fifo_control/u_output_fifo_0/u_sr_d1kx32_f233_wrap/clock_gate_u_sr_d1kx32_f233_bist/bist_2nd_reg/CLK
-------------------------------------------------------------
 Echelon 2 gate by gate clock synthesis
 Gate level 13 clock tree synthesis
 Driving pin = u_clk_gen/u_clock_gen/C377/ctmi_33/Y
 Clocks: 
     pll2_clk_in (func)
 Design rule constraints:
     max transition = 0.080000
     max capacitance = 0.600000
 Number of Sinks = 18
 Number of Gates = 0
 Number of Loads = 18
Warning: Exception 'clock_source/master' is applied 1 times . (CTS-080)
 Added 2 Repeaters (B: 0 I: 2). Built 2 Repeater Levels for driver u_clk_gen/u_clock_gen/C377/ctmi_33/Y
 Phase delay: (max r/f: 0.224590/nan  min r/f: 0.224590/nan) : u_clk_gen/u_clock_gen/C377/ctmi_33/A1
-------------------------------------------------------------
 Echelon 2 gate by gate clock synthesis
 Gate level 10 clock tree synthesis
 Driving pin = u_main_controller_top/u_main_controller/clock_gate_outorder_reg_35/GCLK
 Clocks: 
     system_clk (func)
     test_clk (func)
 Design rule constraints:
     max transition = 0.080000
     max capacitance = 0.600000
 Number of Sinks = 4
 Number of Gates = 0
 Number of Loads = 4
 Added 0 Repeaters (B: 0 I: 0). Built 0 Repeater Levels for driver u_main_controller_top/u_main_controller/clock_gate_outorder_reg_35/GCLK
 Phase delay: (max r/f: nan/0.245323  min r/f: nan/0.245323) : u_main_controller_top/u_main_controller/clock_gate_outorder_reg_35/CLK
-------------------------------------------------------------
 Echelon 2 gate by gate clock synthesis
 Gate level 10 clock tree synthesis
 Driving pin = u_main_controller_top/u_main_controller/clock_gate_ew_new_eindx_reg/GCLK
 Clocks: 
     system_clk (func)
     test_clk (func)
 Design rule constraints:
     max transition = 0.080000
     max capacitance = 0.600000
 Number of Sinks = 4
 Number of Gates = 0
 Number of Loads = 4
 Added 0 Repeaters (B: 0 I: 0). Built 0 Repeater Levels for driver u_main_controller_top/u_main_controller/clock_gate_ew_new_eindx_reg/GCLK
 Phase delay: (max r/f: nan/0.245171  min r/f: nan/0.245171) : u_main_controller_top/u_main_controller/clock_gate_ew_new_eindx_reg/CLK
-------------------------------------------------------------
 Echelon 2 gate by gate clock synthesis
 Gate level 10 clock tree synthesis
 Driving pin = u_main_controller_top/u_main_controller/u_fifo_sync_d64x29_f116_ctrl_fifo/clock_gate_rd_pointer_reg/GCLK
 Clocks: 
     system_clk (func)
     test_clk (func)
 Design rule constraints:
     max transition = 0.080000
     max capacitance = 0.600000
 Number of Sinks = 6
 Number of Gates = 0
 Number of Loads = 6
 Added 0 Repeaters (B: 0 I: 0). Built 0 Repeater Levels for driver u_main_controller_top/u_main_controller/u_fifo_sync_d64x29_f116_ctrl_fifo/clock_gate_rd_pointer_reg/GCLK
 Phase delay: (max r/f: nan/0.259094  min r/f: nan/0.259094) : u_main_controller_top/u_main_controller/u_fifo_sync_d64x29_f116_ctrl_fifo/clock_gate_rd_pointer_reg/CLK
-------------------------------------------------------------
 Echelon 2 gate by gate clock synthesis
 Gate level 10 clock tree synthesis
 Driving pin = u_main_controller_top/u_main_controller/u_fifo_sync_d64x29_f116_ctrl_fifo/clock_gate_status_pointer_reg/GCLK
 Clocks: 
     system_clk (func)
     test_clk (func)
 Design rule constraints:
     max transition = 0.080000
     max capacitance = 0.600000
 Number of Sinks = 6
 Number of Gates = 0
 Number of Loads = 6
 Added 0 Repeaters (B: 0 I: 0). Built 0 Repeater Levels for driver u_main_controller_top/u_main_controller/u_fifo_sync_d64x29_f116_ctrl_fifo/clock_gate_status_pointer_reg/GCLK
 Phase delay: (max r/f: nan/0.266056  min r/f: nan/0.266056) : u_main_controller_top/u_main_controller/u_fifo_sync_d64x29_f116_ctrl_fifo/clock_gate_status_pointer_reg/CLK
-------------------------------------------------------------
 Echelon 2 gate by gate clock synthesis
 Gate level 10 clock tree synthesis
 Driving pin = u_main_controller_top/u_main_controller/u_fifo_sync_d64x29_f116_ctrl_fifo/clock_gate_wr_pointer_reg/GCLK
 Clocks: 
     system_clk (func)
     test_clk (func)
 Design rule constraints:
     max transition = 0.080000
     max capacitance = 0.600000
 Number of Sinks = 6
 Number of Gates = 0
 Number of Loads = 6
 Added 0 Repeaters (B: 0 I: 0). Built 0 Repeater Levels for driver u_main_controller_top/u_main_controller/u_fifo_sync_d64x29_f116_ctrl_fifo/clock_gate_wr_pointer_reg/GCLK
 Phase delay: (max r/f: nan/0.257607  min r/f: nan/0.257607) : u_main_controller_top/u_main_controller/u_fifo_sync_d64x29_f116_ctrl_fifo/clock_gate_wr_pointer_reg/CLK
-------------------------------------------------------------
 Echelon 2 gate by gate clock synthesis
 Gate level 10 clock tree synthesis
 Driving pin = u_main_controller_top/u_main_controller/u_sr_d512x72f116_MMS2_wrap/clock_gate_u_sr_d512x72f116_MMS2_bist/bist_2nd_reg/GCLK
 Clocks: 
     system_clk (func)
     test_clk (func)
 Design rule constraints:
     max transition = 0.080000
     max capacitance = 0.600000
 Number of Sinks = 3
 Number of Gates = 0
 Number of Loads = 3
 Added 0 Repeaters (B: 0 I: 0). Built 0 Repeater Levels for driver u_main_controller_top/u_main_controller/u_sr_d512x72f116_MMS2_wrap/clock_gate_u_sr_d512x72f116_MMS2_bist/bist_2nd_reg/GCLK
 Phase delay: (max r/f: nan/0.256557  min r/f: nan/0.256557) : u_main_controller_top/u_main_controller/u_sr_d512x72f116_MMS2_wrap/clock_gate_u_sr_d512x72f116_MMS2_bist/bist_2nd_reg/CLK
-------------------------------------------------------------
 Echelon 2 gate by gate clock synthesis
 Gate level 10 clock tree synthesis
 Driving pin = u_main_controller_top/u_main_controller/u_sr_d512x72f116_MMS1_wrap/clock_gate_u_sr_d512x72f116_MMS1_bist/bist_2nd_reg/GCLK
 Clocks: 
     system_clk (func)
     test_clk (func)
 Design rule constraints:
     max transition = 0.080000
     max capacitance = 0.600000
 Number of Sinks = 3
 Number of Gates = 0
 Number of Loads = 3
 Added 0 Repeaters (B: 0 I: 0). Built 0 Repeater Levels for driver u_main_controller_top/u_main_controller/u_sr_d512x72f116_MMS1_wrap/clock_gate_u_sr_d512x72f116_MMS1_bist/bist_2nd_reg/GCLK
 Phase delay: (max r/f: nan/0.233402  min r/f: nan/0.233402) : u_main_controller_top/u_main_controller/u_sr_d512x72f116_MMS1_wrap/clock_gate_u_sr_d512x72f116_MMS1_bist/bist_2nd_reg/CLK
-------------------------------------------------------------
 Echelon 2 gate by gate clock synthesis
 Gate level 10 clock tree synthesis
 Driving pin = u_main_controller_top/u_main_controller/u_sr_d512x72f116_MMS0_wrap/clock_gate_u_sr_d512x72f116_MMS0_bist/bist_2nd_reg/GCLK
 Clocks: 
     system_clk (func)
     test_clk (func)
 Design rule constraints:
     max transition = 0.080000
     max capacitance = 0.600000
 Number of Sinks = 3
 Number of Gates = 0
 Number of Loads = 3
 Added 0 Repeaters (B: 0 I: 0). Built 0 Repeater Levels for driver u_main_controller_top/u_main_controller/u_sr_d512x72f116_MMS0_wrap/clock_gate_u_sr_d512x72f116_MMS0_bist/bist_2nd_reg/GCLK
 Phase delay: (max r/f: nan/0.234547  min r/f: nan/0.234547) : u_main_controller_top/u_main_controller/u_sr_d512x72f116_MMS0_wrap/clock_gate_u_sr_d512x72f116_MMS0_bist/bist_2nd_reg/CLK
-------------------------------------------------------------
 Echelon 2 gate by gate clock synthesis
 Gate level 10 clock tree synthesis
 Driving pin = u_main_controller_top/u_main_controller/u_fifo_sync_d256x11_f116_ewa_mem/u_rf_d256x11_f116_wrap/clock_gate_u_rf_d256x11_f116_bist/bist_2nd_reg/GCLK
 Clocks: 
     system_clk (func)
     test_clk (func)
 Design rule constraints:
     max transition = 0.080000
     max capacitance = 0.600000
 Number of Sinks = 3
 Number of Gates = 0
 Number of Loads = 3
 Added 0 Repeaters (B: 0 I: 0). Built 0 Repeater Levels for driver u_main_controller_top/u_main_controller/u_fifo_sync_d256x11_f116_ewa_mem/u_rf_d256x11_f116_wrap/clock_gate_u_rf_d256x11_f116_bist/bist_2nd_reg/GCLK
 Phase delay: (max r/f: nan/0.233593  min r/f: nan/0.233593) : u_main_controller_top/u_main_controller/u_fifo_sync_d256x11_f116_ewa_mem/u_rf_d256x11_f116_wrap/clock_gate_u_rf_d256x11_f116_bist/bist_2nd_reg/CLK
-------------------------------------------------------------
 Echelon 2 gate by gate clock synthesis
 Gate level 10 clock tree synthesis
 Driving pin = u_main_controller_top/clock_gate_u_rst_framesync/frame60cnt_reg/GCLK
 Clocks: 
     system_clk (func)
     test_clk (func)
 Design rule constraints:
     max transition = 0.080000
     max capacitance = 0.600000
 Number of Sinks = 5
 Number of Gates = 0
 Number of Loads = 5
 Added 0 Repeaters (B: 0 I: 0). Built 0 Repeater Levels for driver u_main_controller_top/clock_gate_u_rst_framesync/frame60cnt_reg/GCLK
 Phase delay: (max r/f: nan/0.251141  min r/f: nan/0.251141) : u_main_controller_top/clock_gate_u_rst_framesync/frame60cnt_reg/CLK
-------------------------------------------------------------
 Echelon 2 gate by gate clock synthesis
 Gate level 10 clock tree synthesis
 Driving pin = u_main_controller_top/clock_gate_u_rst_framesync/frame_count_reg/GCLK
 Clocks: 
     system_clk (func)
     test_clk (func)
 Design rule constraints:
     max transition = 0.080000
     max capacitance = 0.600000
 Number of Sinks = 3
 Number of Gates = 0
 Number of Loads = 3
 Added 0 Repeaters (B: 0 I: 0). Built 0 Repeater Levels for driver u_main_controller_top/clock_gate_u_rst_framesync/frame_count_reg/GCLK
 Phase delay: (max r/f: nan/0.210876  min r/f: nan/0.210876) : u_main_controller_top/clock_gate_u_rst_framesync/frame_count_reg/CLK
-------------------------------------------------------------
 Echelon 2 gate by gate clock synthesis
 Gate level 10 clock tree synthesis
 Driving pin = u_main_controller_top/u_main_controller/clock_gate_outorder_reg_42/GCLK
 Clocks: 
     system_clk (func)
     test_clk (func)
 Design rule constraints:
     max transition = 0.080000
     max capacitance = 0.600000
 Number of Sinks = 4
 Number of Gates = 0
 Number of Loads = 4
 Added 1 Repeaters (B: 0 I: 1). Built 1 Repeater Levels for driver u_main_controller_top/u_main_controller/clock_gate_outorder_reg_42/GCLK
 Phase delay: (max r/f: nan/0.149746  min r/f: nan/0.149746) : u_main_controller_top/u_main_controller/clock_gate_outorder_reg_42/CLK
-------------------------------------------------------------
 Echelon 2 gate by gate clock synthesis
 Gate level 10 clock tree synthesis
 Driving pin = u_main_controller_top/u_main_controller/clock_gate_outorder_reg_44/GCLK
 Clocks: 
     system_clk (func)
     test_clk (func)
 Design rule constraints:
     max transition = 0.080000
     max capacitance = 0.600000
 Number of Sinks = 4
 Number of Gates = 0
 Number of Loads = 4
 Added 1 Repeaters (B: 0 I: 1). Built 1 Repeater Levels for driver u_main_controller_top/u_main_controller/clock_gate_outorder_reg_44/GCLK
 Phase delay: (max r/f: nan/0.157185  min r/f: nan/0.157185) : u_main_controller_top/u_main_controller/clock_gate_outorder_reg_44/CLK
-------------------------------------------------------------
 Echelon 2 gate by gate clock synthesis
 Gate level 10 clock tree synthesis
 Driving pin = u_main_controller_top/u_main_controller/clock_gate_line_offsets_reg_31/GCLK
 Clocks: 
     system_clk (func)
     test_clk (func)
 Design rule constraints:
     max transition = 0.080000
     max capacitance = 0.600000
 Number of Sinks = 10
 Number of Gates = 0
 Number of Loads = 10
 Added 1 Repeaters (B: 0 I: 1). Built 1 Repeater Levels for driver u_main_controller_top/u_main_controller/clock_gate_line_offsets_reg_31/GCLK
 Phase delay: (max r/f: nan/0.170231  min r/f: nan/0.170231) : u_main_controller_top/u_main_controller/clock_gate_line_offsets_reg_31/CLK
-------------------------------------------------------------
 Echelon 2 gate by gate clock synthesis
 Gate level 10 clock tree synthesis
 Driving pin = u_main_controller_top/u_main_controller/clock_gate_buffer_sizes_reg_13/GCLK
 Clocks: 
     system_clk (func)
     test_clk (func)
 Design rule constraints:
     max transition = 0.080000
     max capacitance = 0.600000
 Number of Sinks = 9
 Number of Gates = 0
 Number of Loads = 9
 Added 1 Repeaters (B: 0 I: 1). Built 1 Repeater Levels for driver u_main_controller_top/u_main_controller/clock_gate_buffer_sizes_reg_13/GCLK
 Phase delay: (max r/f: nan/0.150833  min r/f: nan/0.150833) : u_main_controller_top/u_main_controller/clock_gate_buffer_sizes_reg_13/CLK
-------------------------------------------------------------
 Echelon 2 gate by gate clock synthesis
 Gate level 10 clock tree synthesis
 Driving pin = u_main_controller_top/u_main_controller/clock_gate_green_parameters2_reg/GCLK
 Clocks: 
     system_clk (func)
     test_clk (func)
 Design rule constraints:
     max transition = 0.080000
     max capacitance = 0.600000
 Number of Sinks = 24
 Number of Gates = 0
 Number of Loads = 24
 Added 1 Repeaters (B: 0 I: 1). Built 1 Repeater Levels for driver u_main_controller_top/u_main_controller/clock_gate_green_parameters2_reg/GCLK
 Phase delay: (max r/f: nan/0.183372  min r/f: nan/0.183372) : u_main_controller_top/u_main_controller/clock_gate_green_parameters2_reg/CLK
-------------------------------------------------------------
 Echelon 2 gate by gate clock synthesis
 Gate level 10 clock tree synthesis
 Driving pin = u_main_controller_top/u_main_controller/clock_gate_buffer_sizes_reg_11/GCLK
 Clocks: 
     system_clk (func)
     test_clk (func)
 Design rule constraints:
     max transition = 0.080000
     max capacitance = 0.600000
 Number of Sinks = 9
 Number of Gates = 0
 Number of Loads = 9
 Added 1 Repeaters (B: 0 I: 1). Built 1 Repeater Levels for driver u_main_controller_top/u_main_controller/clock_gate_buffer_sizes_reg_11/GCLK
 Phase delay: (max r/f: nan/0.167027  min r/f: nan/0.167027) : u_main_controller_top/u_main_controller/clock_gate_buffer_sizes_reg_11/CLK
-------------------------------------------------------------
 Echelon 2 gate by gate clock synthesis
 Gate level 10 clock tree synthesis
 Driving pin = u_main_controller_top/u_main_controller/clock_gate_line_offsets_reg_17/GCLK
 Clocks: 
     system_clk (func)
     test_clk (func)
 Design rule constraints:
     max transition = 0.080000
     max capacitance = 0.600000
 Number of Sinks = 10
 Number of Gates = 0
 Number of Loads = 10
 Added 2 Repeaters (B: 0 I: 2). Built 1 Repeater Levels for driver u_main_controller_top/u_main_controller/clock_gate_line_offsets_reg_17/GCLK
 Phase delay: (max r/f: nan/0.164528  min r/f: nan/0.164528) : u_main_controller_top/u_main_controller/clock_gate_line_offsets_reg_17/CLK
-------------------------------------------------------------
 Echelon 2 gate by gate clock synthesis
 Gate level 10 clock tree synthesis
 Driving pin = u_main_controller_top/u_main_controller/clock_gate_buffer_sizes_reg_8/GCLK
 Clocks: 
     system_clk (func)
     test_clk (func)
 Design rule constraints:
     max transition = 0.080000
     max capacitance = 0.600000
 Number of Sinks = 9
 Number of Gates = 0
 Number of Loads = 9
 Added 1 Repeaters (B: 0 I: 1). Built 1 Repeater Levels for driver u_main_controller_top/u_main_controller/clock_gate_buffer_sizes_reg_8/GCLK
 Phase delay: (max r/f: nan/0.150547  min r/f: nan/0.150547) : u_main_controller_top/u_main_controller/clock_gate_buffer_sizes_reg_8/CLK
-------------------------------------------------------------
 Echelon 2 gate by gate clock synthesis
 Gate level 10 clock tree synthesis
 Driving pin = u_main_controller_top/u_main_controller/clock_gate_line_offsets_reg_30/GCLK
 Clocks: 
     system_clk (func)
     test_clk (func)
 Design rule constraints:
     max transition = 0.080000
     max capacitance = 0.600000
 Number of Sinks = 10
 Number of Gates = 0
 Number of Loads = 10
 Added 2 Repeaters (B: 0 I: 2). Built 1 Repeater Levels for driver u_main_controller_top/u_main_controller/clock_gate_line_offsets_reg_30/GCLK
 Phase delay: (max r/f: nan/0.167656  min r/f: nan/0.167656) : u_main_controller_top/u_main_controller/clock_gate_line_offsets_reg_30/CLK
-------------------------------------------------------------
 Echelon 2 gate by gate clock synthesis
 Gate level 10 clock tree synthesis
 Driving pin = u_main_controller_top/u_main_controller/clock_gate_line_offsets_reg_23/GCLK
 Clocks: 
     system_clk (func)
     test_clk (func)
 Design rule constraints:
     max transition = 0.080000
     max capacitance = 0.600000
 Number of Sinks = 10
 Number of Gates = 0
 Number of Loads = 10
 Added 1 Repeaters (B: 0 I: 1). Built 1 Repeater Levels for driver u_main_controller_top/u_main_controller/clock_gate_line_offsets_reg_23/GCLK
 Phase delay: (max r/f: nan/0.149250  min r/f: nan/0.149250) : u_main_controller_top/u_main_controller/clock_gate_line_offsets_reg_23/CLK
-------------------------------------------------------------
 Echelon 2 gate by gate clock synthesis
 Gate level 10 clock tree synthesis
 Driving pin = u_main_controller_top/u_main_controller/clock_gate_buffer_sizes_reg_5/GCLK
 Clocks: 
     system_clk (func)
     test_clk (func)
 Design rule constraints:
     max transition = 0.080000
     max capacitance = 0.600000
 Number of Sinks = 9
 Number of Gates = 0
 Number of Loads = 9
 Added 1 Repeaters (B: 0 I: 1). Built 1 Repeater Levels for driver u_main_controller_top/u_main_controller/clock_gate_buffer_sizes_reg_5/GCLK
 Phase delay: (max r/f: nan/0.174446  min r/f: nan/0.174446) : u_main_controller_top/u_main_controller/clock_gate_buffer_sizes_reg_5/CLK
-------------------------------------------------------------
 Echelon 2 gate by gate clock synthesis
 Gate level 10 clock tree synthesis
 Driving pin = u_main_controller_top/u_main_controller/clock_gate_buffer_sizes_reg_2/GCLK
 Clocks: 
     system_clk (func)
     test_clk (func)
 Design rule constraints:
     max transition = 0.080000
     max capacitance = 0.600000
 Number of Sinks = 9
 Number of Gates = 0
 Number of Loads = 9
 Added 1 Repeaters (B: 0 I: 1). Built 1 Repeater Levels for driver u_main_controller_top/u_main_controller/clock_gate_buffer_sizes_reg_2/GCLK
 Phase delay: (max r/f: nan/0.169640  min r/f: nan/0.169640) : u_main_controller_top/u_main_controller/clock_gate_buffer_sizes_reg_2/CLK
-------------------------------------------------------------
 Echelon 2 gate by gate clock synthesis
 Gate level 10 clock tree synthesis
 Driving pin = u_main_controller_top/u_main_controller/clock_gate_buffer_sizes_reg_7/GCLK
 Clocks: 
     system_clk (func)
     test_clk (func)
 Design rule constraints:
     max transition = 0.080000
     max capacitance = 0.600000
 Number of Sinks = 9
 Number of Gates = 0
 Number of Loads = 9
 Added 1 Repeaters (B: 0 I: 1). Built 1 Repeater Levels for driver u_main_controller_top/u_main_controller/clock_gate_buffer_sizes_reg_7/GCLK
 Phase delay: (max r/f: nan/0.156403  min r/f: nan/0.156403) : u_main_controller_top/u_main_controller/clock_gate_buffer_sizes_reg_7/CLK
-------------------------------------------------------------
 Echelon 2 gate by gate clock synthesis
 Gate level 10 clock tree synthesis
 Driving pin = u_main_controller_top/u_main_controller/clock_gate_outorder_reg_41/GCLK
 Clocks: 
     system_clk (func)
     test_clk (func)
 Design rule constraints:
     max transition = 0.080000
     max capacitance = 0.600000
 Number of Sinks = 4
 Number of Gates = 0
 Number of Loads = 4
 Added 0 Repeaters (B: 0 I: 0). Built 0 Repeater Levels for driver u_main_controller_top/u_main_controller/clock_gate_outorder_reg_41/GCLK
 Phase delay: (max r/f: nan/0.175095  min r/f: nan/0.175095) : u_main_controller_top/u_main_controller/clock_gate_outorder_reg_41/CLK
-------------------------------------------------------------
 Echelon 2 gate by gate clock synthesis
 Gate level 10 clock tree synthesis
 Driving pin = u_main_controller_top/u_main_controller/clock_gate_blue_parameters2_reg/GCLK
 Clocks: 
     system_clk (func)
     test_clk (func)
 Design rule constraints:
     max transition = 0.080000
     max capacitance = 0.600000
 Number of Sinks = 24
 Number of Gates = 0
 Number of Loads = 24
 Added 1 Repeaters (B: 0 I: 1). Built 1 Repeater Levels for driver u_main_controller_top/u_main_controller/clock_gate_blue_parameters2_reg/GCLK
 Phase delay: (max r/f: nan/0.189762  min r/f: nan/0.189762) : u_main_controller_top/u_main_controller/clock_gate_blue_parameters2_reg/CLK
-------------------------------------------------------------
 Echelon 2 gate by gate clock synthesis
 Gate level 10 clock tree synthesis
 Driving pin = u_main_controller_top/u_main_controller/clock_gate_buffer_sizes_reg/GCLK
 Clocks: 
     system_clk (func)
     test_clk (func)
 Design rule constraints:
     max transition = 0.080000
     max capacitance = 0.600000
 Number of Sinks = 9
 Number of Gates = 0
 Number of Loads = 9
 Added 1 Repeaters (B: 0 I: 1). Built 1 Repeater Levels for driver u_main_controller_top/u_main_controller/clock_gate_buffer_sizes_reg/GCLK
 Phase delay: (max r/f: nan/0.170326  min r/f: nan/0.170326) : u_main_controller_top/u_main_controller/clock_gate_buffer_sizes_reg/CLK
-------------------------------------------------------------
 Echelon 2 gate by gate clock synthesis
 Gate level 10 clock tree synthesis
 Driving pin = u_main_controller_top/u_main_controller/clock_gate_buffer_sizes_reg_16/GCLK
 Clocks: 
     system_clk (func)
     test_clk (func)
 Design rule constraints:
     max transition = 0.080000
     max capacitance = 0.600000
 Number of Sinks = 9
 Number of Gates = 0
 Number of Loads = 9
 Added 1 Repeaters (B: 0 I: 1). Built 1 Repeater Levels for driver u_main_controller_top/u_main_controller/clock_gate_buffer_sizes_reg_16/GCLK
 Phase delay: (max r/f: nan/0.169449  min r/f: nan/0.169449) : u_main_controller_top/u_main_controller/clock_gate_buffer_sizes_reg_16/CLK
-------------------------------------------------------------
 Echelon 2 gate by gate clock synthesis
 Gate level 10 clock tree synthesis
 Driving pin = u_main_controller_top/u_main_controller/clock_gate_outorder_reg_46/GCLK
 Clocks: 
     system_clk (func)
     test_clk (func)
 Design rule constraints:
     max transition = 0.080000
     max capacitance = 0.600000
 Number of Sinks = 4
 Number of Gates = 0
 Number of Loads = 4
 Added 1 Repeaters (B: 0 I: 1). Built 1 Repeater Levels for driver u_main_controller_top/u_main_controller/clock_gate_outorder_reg_46/GCLK
 Phase delay: (max r/f: nan/0.152512  min r/f: nan/0.152512) : u_main_controller_top/u_main_controller/clock_gate_outorder_reg_46/CLK
-------------------------------------------------------------
 Echelon 2 gate by gate clock synthesis
 Gate level 10 clock tree synthesis
 Driving pin = u_main_controller_top/u_main_controller/clock_gate_init_eram_pause_start_reg/GCLK
 Clocks: 
     system_clk (func)
     test_clk (func)
 Design rule constraints:
     max transition = 0.080000
     max capacitance = 0.600000
 Number of Sinks = 10
 Number of Gates = 0
 Number of Loads = 10
 Added 0 Repeaters (B: 0 I: 0). Built 0 Repeater Levels for driver u_main_controller_top/u_main_controller/clock_gate_init_eram_pause_start_reg/GCLK
 Phase delay: (max r/f: nan/0.197392  min r/f: nan/0.197392) : u_main_controller_top/u_main_controller/clock_gate_init_eram_pause_start_reg/CLK
-------------------------------------------------------------
 Echelon 2 gate by gate clock synthesis
 Gate level 10 clock tree synthesis
 Driving pin = u_main_controller_top/u_main_controller/clock_gate_line_offsets_reg_27/GCLK
 Clocks: 
     system_clk (func)
     test_clk (func)
 Design rule constraints:
     max transition = 0.080000
     max capacitance = 0.600000
 Number of Sinks = 10
 Number of Gates = 0
 Number of Loads = 10
 Added 2 Repeaters (B: 0 I: 2). Built 1 Repeater Levels for driver u_main_controller_top/u_main_controller/clock_gate_line_offsets_reg_27/GCLK
 Phase delay: (max r/f: nan/0.166855  min r/f: nan/0.166855) : u_main_controller_top/u_main_controller/clock_gate_line_offsets_reg_27/CLK
-------------------------------------------------------------
 Echelon 2 gate by gate clock synthesis
 Gate level 10 clock tree synthesis
 Driving pin = u_main_controller_top/u_main_controller/clock_gate_buffer_sizes_reg_3/GCLK
 Clocks: 
     system_clk (func)
     test_clk (func)
 Design rule constraints:
     max transition = 0.080000
     max capacitance = 0.600000
 Number of Sinks = 9
 Number of Gates = 0
 Number of Loads = 9
 Added 2 Repeaters (B: 0 I: 2). Built 1 Repeater Levels for driver u_main_controller_top/u_main_controller/clock_gate_buffer_sizes_reg_3/GCLK
 Phase delay: (max r/f: nan/0.170727  min r/f: nan/0.170727) : u_main_controller_top/u_main_controller/clock_gate_buffer_sizes_reg_3/CLK
-------------------------------------------------------------
 Echelon 2 gate by gate clock synthesis
 Gate level 10 clock tree synthesis
 Driving pin = u_main_controller_top/u_main_controller/clock_gate_buffer_sizes_reg_10/GCLK
 Clocks: 
     system_clk (func)
     test_clk (func)
 Design rule constraints:
     max transition = 0.080000
     max capacitance = 0.600000
 Number of Sinks = 9
 Number of Gates = 0
 Number of Loads = 9
 Added 1 Repeaters (B: 0 I: 1). Built 1 Repeater Levels for driver u_main_controller_top/u_main_controller/clock_gate_buffer_sizes_reg_10/GCLK
 Phase delay: (max r/f: nan/0.148945  min r/f: nan/0.148945) : u_main_controller_top/u_main_controller/clock_gate_buffer_sizes_reg_10/CLK
-------------------------------------------------------------
 Echelon 2 gate by gate clock synthesis
 Gate level 10 clock tree synthesis
 Driving pin = u_main_controller_top/u_main_controller/clock_gate_line_offsets_reg_20/GCLK
 Clocks: 
     system_clk (func)
     test_clk (func)
 Design rule constraints:
     max transition = 0.080000
     max capacitance = 0.600000
 Number of Sinks = 10
 Number of Gates = 0
 Number of Loads = 10
 Added 1 Repeaters (B: 0 I: 1). Built 1 Repeater Levels for driver u_main_controller_top/u_main_controller/clock_gate_line_offsets_reg_20/GCLK
 Phase delay: (max r/f: nan/0.157185  min r/f: nan/0.157185) : u_main_controller_top/u_main_controller/clock_gate_line_offsets_reg_20/CLK
-------------------------------------------------------------
 Echelon 2 gate by gate clock synthesis
 Gate level 10 clock tree synthesis
 Driving pin = u_main_controller_top/u_main_controller/clock_gate_line_offsets_reg_29/GCLK
 Clocks: 
     system_clk (func)
     test_clk (func)
 Design rule constraints:
     max transition = 0.080000
     max capacitance = 0.600000
 Number of Sinks = 10
 Number of Gates = 0
 Number of Loads = 10
 Added 1 Repeaters (B: 0 I: 1). Built 1 Repeater Levels for driver u_main_controller_top/u_main_controller/clock_gate_line_offsets_reg_29/GCLK
 Phase delay: (max r/f: nan/0.172482  min r/f: nan/0.172482) : u_main_controller_top/u_main_controller/clock_gate_line_offsets_reg_29/CLK
-------------------------------------------------------------
 Echelon 2 gate by gate clock synthesis
 Gate level 10 clock tree synthesis
 Driving pin = u_main_controller_top/u_main_controller/clock_gate_line_offsets_reg_24/GCLK
 Clocks: 
     system_clk (func)
     test_clk (func)
 Design rule constraints:
     max transition = 0.080000
     max capacitance = 0.600000
 Number of Sinks = 10
 Number of Gates = 0
 Number of Loads = 10
 Added 1 Repeaters (B: 0 I: 1). Built 1 Repeater Levels for driver u_main_controller_top/u_main_controller/clock_gate_line_offsets_reg_24/GCLK
 Phase delay: (max r/f: nan/0.154533  min r/f: nan/0.154533) : u_main_controller_top/u_main_controller/clock_gate_line_offsets_reg_24/CLK
-------------------------------------------------------------
 Echelon 2 gate by gate clock synthesis
 Gate level 10 clock tree synthesis
 Driving pin = u_main_controller_top/u_main_controller/clock_gate_buffer_sizes_reg_4/GCLK
 Clocks: 
     system_clk (func)
     test_clk (func)
 Design rule constraints:
     max transition = 0.080000
     max capacitance = 0.600000
 Number of Sinks = 9
 Number of Gates = 0
 Number of Loads = 9
 Added 1 Repeaters (B: 0 I: 1). Built 1 Repeater Levels for driver u_main_controller_top/u_main_controller/clock_gate_buffer_sizes_reg_4/GCLK
 Phase delay: (max r/f: nan/0.185509  min r/f: nan/0.185509) : u_main_controller_top/u_main_controller/clock_gate_buffer_sizes_reg_4/CLK
-------------------------------------------------------------
 Echelon 2 gate by gate clock synthesis
 Gate level 10 clock tree synthesis
 Driving pin = u_main_controller_top/u_main_controller/clock_gate_line_offsets_reg_26/GCLK
 Clocks: 
     system_clk (func)
     test_clk (func)
 Design rule constraints:
     max transition = 0.080000
     max capacitance = 0.600000
 Number of Sinks = 10
 Number of Gates = 0
 Number of Loads = 10
 Added 1 Repeaters (B: 0 I: 1). Built 1 Repeater Levels for driver u_main_controller_top/u_main_controller/clock_gate_line_offsets_reg_26/GCLK
 Phase delay: (max r/f: nan/0.175686  min r/f: nan/0.175686) : u_main_controller_top/u_main_controller/clock_gate_line_offsets_reg_26/CLK
-------------------------------------------------------------
 Echelon 2 gate by gate clock synthesis
 Gate level 10 clock tree synthesis
 Driving pin = u_main_controller_top/u_main_controller/clock_gate_buffer_sizes_reg_15/GCLK
 Clocks: 
     system_clk (func)
     test_clk (func)
 Design rule constraints:
     max transition = 0.080000
     max capacitance = 0.600000
 Number of Sinks = 9
 Number of Gates = 0
 Number of Loads = 9
 Added 1 Repeaters (B: 0 I: 1). Built 1 Repeater Levels for driver u_main_controller_top/u_main_controller/clock_gate_buffer_sizes_reg_15/GCLK
 Phase delay: (max r/f: nan/0.153542  min r/f: nan/0.153542) : u_main_controller_top/u_main_controller/clock_gate_buffer_sizes_reg_15/CLK
-------------------------------------------------------------
 Echelon 2 gate by gate clock synthesis
 Gate level 10 clock tree synthesis
 Driving pin = u_main_controller_top/u_main_controller/clock_gate_buffer_sizes_reg_12/GCLK
 Clocks: 
     system_clk (func)
     test_clk (func)
 Design rule constraints:
     max transition = 0.080000
     max capacitance = 0.600000
 Number of Sinks = 9
 Number of Gates = 0
 Number of Loads = 9
 Added 1 Repeaters (B: 0 I: 1). Built 1 Repeater Levels for driver u_main_controller_top/u_main_controller/clock_gate_buffer_sizes_reg_12/GCLK
 Phase delay: (max r/f: nan/0.171967  min r/f: nan/0.171967) : u_main_controller_top/u_main_controller/clock_gate_buffer_sizes_reg_12/CLK
-------------------------------------------------------------
 Echelon 2 gate by gate clock synthesis
 Gate level 10 clock tree synthesis
 Driving pin = u_main_controller_top/u_main_controller/clock_gate_line_offsets_reg/GCLK
 Clocks: 
     system_clk (func)
     test_clk (func)
 Design rule constraints:
     max transition = 0.080000
     max capacitance = 0.600000
 Number of Sinks = 10
 Number of Gates = 0
 Number of Loads = 10
 Added 1 Repeaters (B: 0 I: 1). Built 1 Repeater Levels for driver u_main_controller_top/u_main_controller/clock_gate_line_offsets_reg/GCLK
 Phase delay: (max r/f: nan/0.153503  min r/f: nan/0.153503) : u_main_controller_top/u_main_controller/clock_gate_line_offsets_reg/CLK
-------------------------------------------------------------
 Echelon 2 gate by gate clock synthesis
 Gate level 10 clock tree synthesis
 Driving pin = u_main_controller_top/u_main_controller/clock_gate_line_offsets_reg_19/GCLK
 Clocks: 
     system_clk (func)
     test_clk (func)
 Design rule constraints:
     max transition = 0.080000
     max capacitance = 0.600000
 Number of Sinks = 10
 Number of Gates = 0
 Number of Loads = 10
 Added 1 Repeaters (B: 0 I: 1). Built 1 Repeater Levels for driver u_main_controller_top/u_main_controller/clock_gate_line_offsets_reg_19/GCLK
 Phase delay: (max r/f: nan/0.177383  min r/f: nan/0.177383) : u_main_controller_top/u_main_controller/clock_gate_line_offsets_reg_19/CLK
-------------------------------------------------------------
 Echelon 2 gate by gate clock synthesis
 Gate level 10 clock tree synthesis
 Driving pin = u_main_controller_top/u_main_controller/clock_gate_line_offsets_reg_25/GCLK
 Clocks: 
     system_clk (func)
     test_clk (func)
 Design rule constraints:
     max transition = 0.080000
     max capacitance = 0.600000
 Number of Sinks = 10
 Number of Gates = 0
 Number of Loads = 10
 Added 2 Repeaters (B: 0 I: 2). Built 1 Repeater Levels for driver u_main_controller_top/u_main_controller/clock_gate_line_offsets_reg_25/GCLK
 Phase delay: (max r/f: nan/0.168400  min r/f: nan/0.168400) : u_main_controller_top/u_main_controller/clock_gate_line_offsets_reg_25/CLK
-------------------------------------------------------------
 Echelon 2 gate by gate clock synthesis
 Gate level 10 clock tree synthesis
 Driving pin = u_main_controller_top/u_main_controller/clock_gate_line_offsets_reg_28/GCLK
 Clocks: 
     system_clk (func)
     test_clk (func)
 Design rule constraints:
     max transition = 0.080000
     max capacitance = 0.600000
 Number of Sinks = 10
 Number of Gates = 0
 Number of Loads = 10
 Added 1 Repeaters (B: 0 I: 1). Built 1 Repeater Levels for driver u_main_controller_top/u_main_controller/clock_gate_line_offsets_reg_28/GCLK
 Phase delay: (max r/f: nan/0.170841  min r/f: nan/0.170841) : u_main_controller_top/u_main_controller/clock_gate_line_offsets_reg_28/CLK
-------------------------------------------------------------
 Echelon 2 gate by gate clock synthesis
 Gate level 10 clock tree synthesis
 Driving pin = u_main_controller_top/u_main_controller/clock_gate_red_parameters2_reg/GCLK
 Clocks: 
     system_clk (func)
     test_clk (func)
 Design rule constraints:
     max transition = 0.080000
     max capacitance = 0.600000
 Number of Sinks = 24
 Number of Gates = 0
 Number of Loads = 24
 Added 1 Repeaters (B: 0 I: 1). Built 1 Repeater Levels for driver u_main_controller_top/u_main_controller/clock_gate_red_parameters2_reg/GCLK
 Phase delay: (max r/f: nan/0.195103  min r/f: nan/0.195103) : u_main_controller_top/u_main_controller/clock_gate_red_parameters2_reg/CLK
-------------------------------------------------------------
 Echelon 2 gate by gate clock synthesis
 Gate level 10 clock tree synthesis
 Driving pin = u_main_controller_top/u_main_controller/clock_gate_line_offsets_reg_18/GCLK
 Clocks: 
     system_clk (func)
     test_clk (func)
 Design rule constraints:
     max transition = 0.080000
     max capacitance = 0.600000
 Number of Sinks = 10
 Number of Gates = 0
 Number of Loads = 10
 Added 2 Repeaters (B: 0 I: 2). Built 1 Repeater Levels for driver u_main_controller_top/u_main_controller/clock_gate_line_offsets_reg_18/GCLK
 Phase delay: (max r/f: nan/0.165482  min r/f: nan/0.165482) : u_main_controller_top/u_main_controller/clock_gate_line_offsets_reg_18/CLK
-------------------------------------------------------------
 Echelon 2 gate by gate clock synthesis
 Gate level 10 clock tree synthesis
 Driving pin = u_main_controller_top/u_main_controller/clock_gate_buffer_sizes_reg_14/GCLK
 Clocks: 
     system_clk (func)
     test_clk (func)
 Design rule constraints:
     max transition = 0.080000
     max capacitance = 0.600000
 Number of Sinks = 9
 Number of Gates = 0
 Number of Loads = 9
 Added 1 Repeaters (B: 0 I: 1). Built 1 Repeater Levels for driver u_main_controller_top/u_main_controller/clock_gate_buffer_sizes_reg_14/GCLK
 Phase delay: (max r/f: nan/0.172024  min r/f: nan/0.172024) : u_main_controller_top/u_main_controller/clock_gate_buffer_sizes_reg_14/CLK
-------------------------------------------------------------
 Echelon 2 gate by gate clock synthesis
 Gate level 10 clock tree synthesis
 Driving pin = u_main_controller_top/u_main_controller/clock_gate_WR_ADDR_reg/GCLK
 Clocks: 
     system_clk (func)
     test_clk (func)
 Design rule constraints:
     max transition = 0.080000
     max capacitance = 0.600000
 Number of Sinks = 9
 Number of Gates = 0
 Number of Loads = 9
 Added 0 Repeaters (B: 0 I: 0). Built 0 Repeater Levels for driver u_main_controller_top/u_main_controller/clock_gate_WR_ADDR_reg/GCLK
 Phase delay: (max r/f: nan/0.194244  min r/f: nan/0.194244) : u_main_controller_top/u_main_controller/clock_gate_WR_ADDR_reg/CLK
-------------------------------------------------------------
 Echelon 2 gate by gate clock synthesis
 Gate level 10 clock tree synthesis
 Driving pin = u_main_controller_top/u_main_controller/clock_gate_init_line_counter_reg/GCLK
 Clocks: 
     system_clk (func)
     test_clk (func)
 Design rule constraints:
     max transition = 0.080000
     max capacitance = 0.600000
 Number of Sinks = 10
 Number of Gates = 0
 Number of Loads = 10
 Added 0 Repeaters (B: 0 I: 0). Built 0 Repeater Levels for driver u_main_controller_top/u_main_controller/clock_gate_init_line_counter_reg/GCLK
 Phase delay: (max r/f: nan/0.203533  min r/f: nan/0.203533) : u_main_controller_top/u_main_controller/clock_gate_init_line_counter_reg/CLK
-------------------------------------------------------------
 Echelon 2 gate by gate clock synthesis
 Gate level 10 clock tree synthesis
 Driving pin = u_main_controller_top/u_main_controller/clock_gate_buffer_count_reg/GCLK
 Clocks: 
     system_clk (func)
     test_clk (func)
 Design rule constraints:
     max transition = 0.080000
     max capacitance = 0.600000
 Number of Sinks = 10
 Number of Gates = 0
 Number of Loads = 10
 Driver sized from CGLNPRX2_RVT to CGLNPRX2_LVT
 Added 1 Repeaters (B: 0 I: 1). Built 1 Repeater Levels for driver u_main_controller_top/u_main_controller/clock_gate_buffer_count_reg/GCLK
 Phase delay: (max r/f: nan/0.148125  min r/f: nan/0.148125) : u_main_controller_top/u_main_controller/clock_gate_buffer_count_reg/CLK
-------------------------------------------------------------
 Echelon 2 gate by gate clock synthesis
 Gate level 10 clock tree synthesis
 Driving pin = u_main_controller_top/u_main_controller/clock_gate_init_line_reg/GCLK
 Clocks: 
     system_clk (func)
     test_clk (func)
 Design rule constraints:
     max transition = 0.080000
     max capacitance = 0.600000
 Number of Sinks = 10
 Number of Gates = 0
 Number of Loads = 10
 Added 0 Repeaters (B: 0 I: 0). Built 0 Repeater Levels for driver u_main_controller_top/u_main_controller/clock_gate_init_line_reg/GCLK
 Phase delay: (max r/f: nan/0.197258  min r/f: nan/0.197258) : u_main_controller_top/u_main_controller/clock_gate_init_line_reg/CLK
-------------------------------------------------------------
 Echelon 2 gate by gate clock synthesis
 Gate level 10 clock tree synthesis
 Driving pin = u_main_controller_top/u_main_controller/clock_gate_field_count_reg/GCLK
 Clocks: 
     system_clk (func)
     test_clk (func)
 Design rule constraints:
     max transition = 0.080000
     max capacitance = 0.600000
 Number of Sinks = 7
 Number of Gates = 0
 Number of Loads = 7
 Driver sized from CGLNPRX2_RVT to CGLNPRX2_LVT
 Added 1 Repeaters (B: 0 I: 1). Built 1 Repeater Levels for driver u_main_controller_top/u_main_controller/clock_gate_field_count_reg/GCLK
 Phase delay: (max r/f: nan/0.148430  min r/f: nan/0.148430) : u_main_controller_top/u_main_controller/clock_gate_field_count_reg/CLK
-------------------------------------------------------------
 Echelon 2 gate by gate clock synthesis
 Gate level 10 clock tree synthesis
 Driving pin = u_main_controller_top/u_main_controller/clock_gate_eaddr_current_reg/GCLK
 Clocks: 
     system_clk (func)
     test_clk (func)
 Design rule constraints:
     max transition = 0.080000
     max capacitance = 0.600000
 Number of Sinks = 16
 Number of Gates = 0
 Number of Loads = 16
 Driver sized from CGLNPRX2_RVT to CGLNPRX2_LVT
 Added 1 Repeaters (B: 0 I: 1). Built 1 Repeater Levels for driver u_main_controller_top/u_main_controller/clock_gate_eaddr_current_reg/GCLK
 Phase delay: (max r/f: nan/0.149326  min r/f: nan/0.149326) : u_main_controller_top/u_main_controller/clock_gate_eaddr_current_reg/CLK
-------------------------------------------------------------
 Echelon 2 gate by gate clock synthesis
 Gate level 10 clock tree synthesis
 Driving pin = u_main_controller_top/u_main_controller/clock_gate_ew_newptr_reg/GCLK
 Clocks: 
     system_clk (func)
     test_clk (func)
 Design rule constraints:
     max transition = 0.080000
     max capacitance = 0.600000
 Number of Sinks = 12
 Number of Gates = 0
 Number of Loads = 12
 Driver sized from CGLNPRX2_RVT to CGLNPRX2_LVT
 Added 1 Repeaters (B: 0 I: 1). Built 1 Repeater Levels for driver u_main_controller_top/u_main_controller/clock_gate_ew_newptr_reg/GCLK
 Phase delay: (max r/f: nan/0.146580  min r/f: nan/0.146580) : u_main_controller_top/u_main_controller/clock_gate_ew_newptr_reg/CLK
-------------------------------------------------------------
 Echelon 2 gate by gate clock synthesis
 Gate level 10 clock tree synthesis
 Driving pin = u_main_controller_top/u_main_controller/clock_gate_ewa_din_reg/GCLK
 Clocks: 
     system_clk (func)
     test_clk (func)
 Design rule constraints:
     max transition = 0.080000
     max capacitance = 0.600000
 Number of Sinks = 16
 Number of Gates = 0
 Number of Loads = 16
 Added 1 Repeaters (B: 0 I: 1). Built 1 Repeater Levels for driver u_main_controller_top/u_main_controller/clock_gate_ewa_din_reg/GCLK
 Phase delay: (max r/f: nan/0.149994  min r/f: nan/0.149994) : u_main_controller_top/u_main_controller/clock_gate_ewa_din_reg/CLK
-------------------------------------------------------------
 Echelon 2 gate by gate clock synthesis
 Gate level 10 clock tree synthesis
 Driving pin = u_main_controller_top/u_main_controller/clock_gate_ewaddr_del_reg/GCLK
 Clocks: 
     system_clk (func)
     test_clk (func)
 Design rule constraints:
     max transition = 0.080000
     max capacitance = 0.600000
 Number of Sinks = 23
 Number of Gates = 0
 Number of Loads = 23
 Driver sized from CGLNPRX2_RVT to CGLNPRX2_LVT
 Added 1 Repeaters (B: 0 I: 1). Built 1 Repeater Levels for driver u_main_controller_top/u_main_controller/clock_gate_ewaddr_del_reg/GCLK
 Phase delay: (max r/f: nan/0.166759  min r/f: nan/0.166759) : u_main_controller_top/u_main_controller/clock_gate_ewaddr_del_reg/CLK
-------------------------------------------------------------
 Echelon 2 gate by gate clock synthesis
 Gate level 10 clock tree synthesis
 Driving pin = u_main_controller_top/u_main_controller/clock_gate_ewa_addr_reg/GCLK
 Clocks: 
     system_clk (func)
     test_clk (func)
 Design rule constraints:
     max transition = 0.080000
     max capacitance = 0.600000
 Number of Sinks = 9
 Number of Gates = 0
 Number of Loads = 9
 Added 0 Repeaters (B: 0 I: 0). Built 0 Repeater Levels for driver u_main_controller_top/u_main_controller/clock_gate_ewa_addr_reg/GCLK
 Phase delay: (max r/f: nan/0.184288  min r/f: nan/0.184288) : u_main_controller_top/u_main_controller/clock_gate_ewa_addr_reg/CLK
-------------------------------------------------------------
 Echelon 2 gate by gate clock synthesis
 Gate level 10 clock tree synthesis
 Driving pin = u_main_controller_top/u_main_controller/clock_gate_currentbuf_stop_reg/GCLK
 Clocks: 
     system_clk (func)
     test_clk (func)
 Design rule constraints:
     max transition = 0.080000
     max capacitance = 0.600000
 Number of Sinks = 11
 Number of Gates = 0
 Number of Loads = 11
 Added 0 Repeaters (B: 0 I: 0). Built 0 Repeater Levels for driver u_main_controller_top/u_main_controller/clock_gate_currentbuf_stop_reg/GCLK
 Phase delay: (max r/f: nan/0.170517  min r/f: nan/0.170517) : u_main_controller_top/u_main_controller/clock_gate_currentbuf_stop_reg/CLK
-------------------------------------------------------------
 Echelon 2 gate by gate clock synthesis
 Gate level 10 clock tree synthesis
 Driving pin = u_main_controller_top/u_main_controller/clock_gate_bufe_reg/GCLK
 Clocks: 
     system_clk (func)
     test_clk (func)
 Design rule constraints:
     max transition = 0.080000
     max capacitance = 0.600000
 Number of Sinks = 15
 Number of Gates = 0
 Number of Loads = 15
 Driver sized from CGLNPRX2_RVT to CGLNPRX2_LVT
 Added 1 Repeaters (B: 0 I: 1). Built 1 Repeater Levels for driver u_main_controller_top/u_main_controller/clock_gate_bufe_reg/GCLK
 Phase delay: (max r/f: nan/0.152473  min r/f: nan/0.152473) : u_main_controller_top/u_main_controller/clock_gate_bufe_reg/CLK
-------------------------------------------------------------
 Echelon 2 gate by gate clock synthesis
 Gate level 10 clock tree synthesis
 Driving pin = u_main_controller_top/u_main_controller/clock_gate_blue_parameters_reg/GCLK
 Clocks: 
     system_clk (func)
     test_clk (func)
 Design rule constraints:
     max transition = 0.080000
     max capacitance = 0.600000
 Number of Sinks = 26
 Number of Gates = 0
 Number of Loads = 26
 Driver sized from CGLNPRX2_RVT to CGLNPRX8_LVT
 Added 1 Repeaters (B: 0 I: 1). Built 1 Repeater Levels for driver u_main_controller_top/u_main_controller/clock_gate_blue_parameters_reg/GCLK
 Phase delay: (max r/f: nan/0.208054  min r/f: nan/0.208054) : u_main_controller_top/u_main_controller/clock_gate_blue_parameters_reg/CLK
-------------------------------------------------------------
 Echelon 2 gate by gate clock synthesis
 Gate level 10 clock tree synthesis
 Driving pin = u_main_controller_top/u_main_controller/clock_gate_green_parameters_reg/GCLK
 Clocks: 
     system_clk (func)
     test_clk (func)
 Design rule constraints:
     max transition = 0.080000
     max capacitance = 0.600000
 Number of Sinks = 26
 Number of Gates = 0
 Number of Loads = 26
 Driver sized from CGLNPRX2_RVT to CGLNPRX2_LVT
 Added 1 Repeaters (B: 0 I: 1). Built 1 Repeater Levels for driver u_main_controller_top/u_main_controller/clock_gate_green_parameters_reg/GCLK
 Phase delay: (max r/f: nan/0.187016  min r/f: nan/0.187016) : u_main_controller_top/u_main_controller/clock_gate_green_parameters_reg/CLK
-------------------------------------------------------------
 Echelon 2 gate by gate clock synthesis
 Gate level 10 clock tree synthesis
 Driving pin = u_main_controller_top/u_main_controller/clock_gate_red_parameters_reg/GCLK
 Clocks: 
     system_clk (func)
     test_clk (func)
 Design rule constraints:
     max transition = 0.080000
     max capacitance = 0.600000
 Number of Sinks = 26
 Number of Gates = 0
 Number of Loads = 26
 Driver sized from CGLNPRX2_RVT to CGLNPRX2_LVT
 Added 1 Repeaters (B: 0 I: 1). Built 1 Repeater Levels for driver u_main_controller_top/u_main_controller/clock_gate_red_parameters_reg/GCLK
 Phase delay: (max r/f: nan/0.189095  min r/f: nan/0.189095) : u_main_controller_top/u_main_controller/clock_gate_red_parameters_reg/CLK
-------------------------------------------------------------
 Echelon 2 gate by gate clock synthesis
 Gate level 10 clock tree synthesis
 Driving pin = u_main_controller_top/u_main_controller/clock_gate_buffer_sizes_reg_9/GCLK
 Clocks: 
     system_clk (func)
     test_clk (func)
 Design rule constraints:
     max transition = 0.080000
     max capacitance = 0.600000
 Number of Sinks = 9
 Number of Gates = 0
 Number of Loads = 9
 Added 1 Repeaters (B: 0 I: 1). Built 1 Repeater Levels for driver u_main_controller_top/u_main_controller/clock_gate_buffer_sizes_reg_9/GCLK
 Phase delay: (max r/f: nan/0.151901  min r/f: nan/0.151901) : u_main_controller_top/u_main_controller/clock_gate_buffer_sizes_reg_9/CLK
-------------------------------------------------------------
 Echelon 2 gate by gate clock synthesis
 Gate level 10 clock tree synthesis
 Driving pin = u_main_controller_top/u_main_controller/clock_gate_outorder_reg_37/GCLK
 Clocks: 
     system_clk (func)
     test_clk (func)
 Design rule constraints:
     max transition = 0.080000
     max capacitance = 0.600000
 Number of Sinks = 4
 Number of Gates = 0
 Number of Loads = 4
 Added 0 Repeaters (B: 0 I: 0). Built 0 Repeater Levels for driver u_main_controller_top/u_main_controller/clock_gate_outorder_reg_37/GCLK
 Phase delay: (max r/f: nan/0.186195  min r/f: nan/0.186195) : u_main_controller_top/u_main_controller/clock_gate_outorder_reg_37/CLK
-------------------------------------------------------------
 Echelon 2 gate by gate clock synthesis
 Gate level 10 clock tree synthesis
 Driving pin = u_main_controller_top/u_main_controller/clock_gate_buffer_sizes_reg_6/GCLK
 Clocks: 
     system_clk (func)
     test_clk (func)
 Design rule constraints:
     max transition = 0.080000
     max capacitance = 0.600000
 Number of Sinks = 9
 Number of Gates = 0
 Number of Loads = 9
 Added 1 Repeaters (B: 0 I: 1). Built 1 Repeater Levels for driver u_main_controller_top/u_main_controller/clock_gate_buffer_sizes_reg_6/GCLK
 Phase delay: (max r/f: nan/0.152664  min r/f: nan/0.152664) : u_main_controller_top/u_main_controller/clock_gate_buffer_sizes_reg_6/CLK
-------------------------------------------------------------
 Echelon 2 gate by gate clock synthesis
 Gate level 10 clock tree synthesis
 Driving pin = u_main_controller_top/u_main_controller/clock_gate_buffer_size_reg/GCLK
 Clocks: 
     system_clk (func)
     test_clk (func)
 Design rule constraints:
     max transition = 0.080000
     max capacitance = 0.600000
 Number of Sinks = 20
 Number of Gates = 0
 Number of Loads = 20
 Added 1 Repeaters (B: 0 I: 1). Built 1 Repeater Levels for driver u_main_controller_top/u_main_controller/clock_gate_buffer_size_reg/GCLK
 Phase delay: (max r/f: nan/0.192013  min r/f: nan/0.192013) : u_main_controller_top/u_main_controller/clock_gate_buffer_size_reg/CLK
-------------------------------------------------------------
 Echelon 2 gate by gate clock synthesis
 Gate level 10 clock tree synthesis
 Driving pin = u_main_controller_top/u_main_controller/u_address_fifo/clock_gate_u_wptr_full_address_fifo/wbin_reg/GCLK
 Clocks: 
     system_clk (func)
     test_clk (func)
 Design rule constraints:
     max transition = 0.080000
     max capacitance = 0.600000
 Number of Sinks = 9
 Number of Gates = 0
 Number of Loads = 9
 Added 0 Repeaters (B: 0 I: 0). Built 0 Repeater Levels for driver u_main_controller_top/u_main_controller/u_address_fifo/clock_gate_u_wptr_full_address_fifo/wbin_reg/GCLK
 Phase delay: (max r/f: nan/0.194092  min r/f: nan/0.194092) : u_main_controller_top/u_main_controller/u_address_fifo/clock_gate_u_wptr_full_address_fifo/wbin_reg/CLK
-------------------------------------------------------------
 Echelon 2 gate by gate clock synthesis
 Gate level 10 clock tree synthesis
 Driving pin = u_main_controller_top/u_main_controller/clock_gate_init_done_lc_reg/GCLK
 Clocks: 
     system_clk (func)
     test_clk (func)
 Design rule constraints:
     max transition = 0.080000
     max capacitance = 0.600000
 Number of Sinks = 11
 Number of Gates = 0
 Number of Loads = 11
 Added 0 Repeaters (B: 0 I: 0). Built 0 Repeater Levels for driver u_main_controller_top/u_main_controller/clock_gate_init_done_lc_reg/GCLK
 Phase delay: (max r/f: nan/0.199509  min r/f: nan/0.199509) : u_main_controller_top/u_main_controller/clock_gate_init_done_lc_reg/CLK
-------------------------------------------------------------
 Echelon 2 gate by gate clock synthesis
 Gate level 10 clock tree synthesis
 Driving pin = u_main_controller_top/u_main_controller/clock_gate_global_parameters_reg/GCLK
 Clocks: 
     system_clk (func)
     test_clk (func)
 Design rule constraints:
     max transition = 0.080000
     max capacitance = 0.600000
 Number of Sinks = 14
 Number of Gates = 0
 Number of Loads = 14
 Driver sized from CGLNPRX2_RVT to CGLNPRX2_LVT
 Added 1 Repeaters (B: 0 I: 1). Built 1 Repeater Levels for driver u_main_controller_top/u_main_controller/clock_gate_global_parameters_reg/GCLK
 Phase delay: (max r/f: nan/0.182362  min r/f: nan/0.182362) : u_main_controller_top/u_main_controller/clock_gate_global_parameters_reg/CLK
-------------------------------------------------------------
 Echelon 2 gate by gate clock synthesis
 Gate level 10 clock tree synthesis
 Driving pin = u_main_controller_top/u_main_controller/clock_gate_code_count1_reg/GCLK
 Clocks: 
     system_clk (func)
     test_clk (func)
 Design rule constraints:
     max transition = 0.080000
     max capacitance = 0.600000
 Number of Sinks = 9
 Number of Gates = 0
 Number of Loads = 9
 Added 0 Repeaters (B: 0 I: 0). Built 0 Repeater Levels for driver u_main_controller_top/u_main_controller/clock_gate_code_count1_reg/GCLK
 Phase delay: (max r/f: nan/0.188942  min r/f: nan/0.188942) : u_main_controller_top/u_main_controller/clock_gate_code_count1_reg/CLK
-------------------------------------------------------------
 Echelon 2 gate by gate clock synthesis
 Gate level 10 clock tree synthesis
 Driving pin = u_main_controller_top/u_main_controller/clock_gate_DOUT_STATIC_NEXTCOLOR_reg/GCLK
 Clocks: 
     system_clk (func)
     test_clk (func)
 Design rule constraints:
     max transition = 0.080000
     max capacitance = 0.600000
 Number of Sinks = 65
 Number of Gates = 0
 Number of Loads = 65
 Added 5 Repeaters (B: 0 I: 5). Built 3 Repeater Levels for driver u_main_controller_top/u_main_controller/clock_gate_DOUT_STATIC_NEXTCOLOR_reg/GCLK
 Phase delay: (max r/f: nan/0.212345  min r/f: nan/0.212345) : u_main_controller_top/u_main_controller/clock_gate_DOUT_STATIC_NEXTCOLOR_reg/CLK
-------------------------------------------------------------
 Echelon 2 gate by gate clock synthesis
 Gate level 10 clock tree synthesis
 Driving pin = u_main_controller_top/u_main_controller/clock_gate_active_numrows_early_reg_1/GCLK
 Clocks: 
     system_clk (func)
     test_clk (func)
 Design rule constraints:
     max transition = 0.080000
     max capacitance = 0.600000
 Number of Sinks = 9
 Number of Gates = 0
 Number of Loads = 9
 Driver sized from CGLNPRX2_RVT to CGLNPRX2_LVT
 Added 1 Repeaters (B: 0 I: 1). Built 1 Repeater Levels for driver u_main_controller_top/u_main_controller/clock_gate_active_numrows_early_reg_1/GCLK
 Phase delay: (max r/f: nan/0.174332  min r/f: nan/0.174332) : u_main_controller_top/u_main_controller/clock_gate_active_numrows_early_reg_1/CLK
-------------------------------------------------------------
 Echelon 2 gate by gate clock synthesis
 Gate level 10 clock tree synthesis
 Driving pin = u_main_controller_top/u_main_controller/clock_gate_line_count_reg/GCLK
 Clocks: 
     system_clk (func)
     test_clk (func)
 Design rule constraints:
     max transition = 0.080000
     max capacitance = 0.600000
 Number of Sinks = 10
 Number of Gates = 0
 Number of Loads = 10
 Added 0 Repeaters (B: 0 I: 0). Built 0 Repeater Levels for driver u_main_controller_top/u_main_controller/clock_gate_line_count_reg/GCLK
 Phase delay: (max r/f: nan/0.169163  min r/f: nan/0.169163) : u_main_controller_top/u_main_controller/clock_gate_line_count_reg/CLK
-------------------------------------------------------------
 Echelon 2 gate by gate clock synthesis
 Gate level 10 clock tree synthesis
 Driving pin = u_main_controller_top/u_main_controller/clock_gate_out_count_reg/GCLK
 Clocks: 
     system_clk (func)
     test_clk (func)
 Design rule constraints:
     max transition = 0.080000
     max capacitance = 0.600000
 Number of Sinks = 5
 Number of Gates = 0
 Number of Loads = 5
 Added 0 Repeaters (B: 0 I: 0). Built 0 Repeater Levels for driver u_main_controller_top/u_main_controller/clock_gate_out_count_reg/GCLK
 Phase delay: (max r/f: nan/0.253830  min r/f: nan/0.253830) : u_main_controller_top/u_main_controller/clock_gate_out_count_reg/CLK
-------------------------------------------------------------
 Echelon 2 gate by gate clock synthesis
 Gate level 10 clock tree synthesis
 Driving pin = u_main_controller_top/u_main_controller/clock_gate_blanking_count_reg/GCLK
 Clocks: 
     system_clk (func)
     test_clk (func)
 Design rule constraints:
     max transition = 0.080000
     max capacitance = 0.600000
 Number of Sinks = 4
 Number of Gates = 0
 Number of Loads = 4
 Added 0 Repeaters (B: 0 I: 0). Built 0 Repeater Levels for driver u_main_controller_top/u_main_controller/clock_gate_blanking_count_reg/GCLK
 Phase delay: (max r/f: nan/0.244656  min r/f: nan/0.244656) : u_main_controller_top/u_main_controller/clock_gate_blanking_count_reg/CLK
-------------------------------------------------------------
 Echelon 2 gate by gate clock synthesis
 Gate level 10 clock tree synthesis
 Driving pin = u_main_controller_top/u_main_controller/clock_gate_bufmap2_addr_reg/GCLK
 Clocks: 
     system_clk (func)
     test_clk (func)
 Design rule constraints:
     max transition = 0.080000
     max capacitance = 0.600000
 Number of Sinks = 4
 Number of Gates = 0
 Number of Loads = 4
 Added 0 Repeaters (B: 0 I: 0). Built 0 Repeater Levels for driver u_main_controller_top/u_main_controller/clock_gate_bufmap2_addr_reg/GCLK
 Phase delay: (max r/f: nan/0.245686  min r/f: nan/0.245686) : u_main_controller_top/u_main_controller/clock_gate_bufmap2_addr_reg/CLK
-------------------------------------------------------------
 Echelon 2 gate by gate clock synthesis
 Gate level 10 clock tree synthesis
 Driving pin = u_main_controller_top/u_main_controller/clock_gate_ce4_reg/GCLK
 Clocks: 
     system_clk (func)
     test_clk (func)
 Design rule constraints:
     max transition = 0.080000
     max capacitance = 0.600000
 Number of Sinks = 4
 Number of Gates = 0
 Number of Loads = 4
 Added 0 Repeaters (B: 0 I: 0). Built 0 Repeater Levels for driver u_main_controller_top/u_main_controller/clock_gate_ce4_reg/GCLK
 Phase delay: (max r/f: nan/0.221062  min r/f: nan/0.221062) : u_main_controller_top/u_main_controller/clock_gate_ce4_reg/CLK
-------------------------------------------------------------
 Echelon 2 gate by gate clock synthesis
 Gate level 10 clock tree synthesis
 Driving pin = u_main_controller_top/u_main_controller/clock_gate_color_order2_reg/GCLK
 Clocks: 
     system_clk (func)
     test_clk (func)
 Design rule constraints:
     max transition = 0.080000
     max capacitance = 0.600000
 Number of Sinks = 30
 Number of Gates = 0
 Number of Loads = 30
 Driver sized from CGLNPRX2_RVT to CGLNPRX2_LVT
 Added 1 Repeaters (B: 0 I: 1). Built 1 Repeater Levels for driver u_main_controller_top/u_main_controller/clock_gate_color_order2_reg/GCLK
 Phase delay: (max r/f: nan/0.168133  min r/f: nan/0.168133) : u_main_controller_top/u_main_controller/clock_gate_color_order2_reg/CLK
-------------------------------------------------------------
 Echelon 2 gate by gate clock synthesis
 Gate level 10 clock tree synthesis
 Driving pin = u_main_controller_top/u_main_controller/clock_gate_init_bit_reg/GCLK
 Clocks: 
     system_clk (func)
     test_clk (func)
 Design rule constraints:
     max transition = 0.080000
     max capacitance = 0.600000
 Number of Sinks = 4
 Number of Gates = 0
 Number of Loads = 4
 Added 0 Repeaters (B: 0 I: 0). Built 0 Repeater Levels for driver u_main_controller_top/u_main_controller/clock_gate_init_bit_reg/GCLK
 Phase delay: (max r/f: nan/0.224514  min r/f: nan/0.224514) : u_main_controller_top/u_main_controller/clock_gate_init_bit_reg/CLK
-------------------------------------------------------------
 Echelon 2 gate by gate clock synthesis
 Gate level 10 clock tree synthesis
 Driving pin = u_main_controller_top/u_main_controller/clock_gate_shutdown_count_reg/GCLK
 Clocks: 
     system_clk (func)
     test_clk (func)
 Design rule constraints:
     max transition = 0.080000
     max capacitance = 0.600000
 Number of Sinks = 4
 Number of Gates = 0
 Number of Loads = 4
 Added 0 Repeaters (B: 0 I: 0). Built 0 Repeater Levels for driver u_main_controller_top/u_main_controller/clock_gate_shutdown_count_reg/GCLK
 Phase delay: (max r/f: nan/0.243988  min r/f: nan/0.243988) : u_main_controller_top/u_main_controller/clock_gate_shutdown_count_reg/CLK
-------------------------------------------------------------
 Echelon 2 gate by gate clock synthesis
 Gate level 10 clock tree synthesis
 Driving pin = u_main_controller_top/u_main_controller/u_address_fifo/u_rf_d256x17_f166_wrap/clock_gate_u_rf_d256x17_f166_bist/bist_addr_reg/GCLK
 Clocks: 
     system_clk (func)
     test_clk (func)
 Design rule constraints:
     max transition = 0.080000
     max capacitance = 0.600000
 Number of Sinks = 8
 Number of Gates = 0
 Number of Loads = 8
 Added 0 Repeaters (B: 0 I: 0). Built 0 Repeater Levels for driver u_main_controller_top/u_main_controller/u_address_fifo/u_rf_d256x17_f166_wrap/clock_gate_u_rf_d256x17_f166_bist/bist_addr_reg/GCLK
 Phase delay: (max r/f: nan/0.162296  min r/f: nan/0.162296) : u_main_controller_top/u_main_controller/u_address_fifo/u_rf_d256x17_f166_wrap/clock_gate_u_rf_d256x17_f166_bist/bist_addr_reg/CLK
-------------------------------------------------------------
 Echelon 2 gate by gate clock synthesis
 Gate level 10 clock tree synthesis
 Driving pin = u_main_controller_top/u_main_controller/u_fifo_sync_d64x14_f116_line_mem/clock_gate_wr_pointer_reg/GCLK
 Clocks: 
     system_clk (func)
     test_clk (func)
 Design rule constraints:
     max transition = 0.080000
     max capacitance = 0.600000
 Number of Sinks = 6
 Number of Gates = 0
 Number of Loads = 6
 Added 0 Repeaters (B: 0 I: 0). Built 0 Repeater Levels for driver u_main_controller_top/u_main_controller/u_fifo_sync_d64x14_f116_line_mem/clock_gate_wr_pointer_reg/GCLK
 Phase delay: (max r/f: nan/0.257740  min r/f: nan/0.257740) : u_main_controller_top/u_main_controller/u_fifo_sync_d64x14_f116_line_mem/clock_gate_wr_pointer_reg/CLK
-------------------------------------------------------------
 Echelon 2 gate by gate clock synthesis
 Gate level 10 clock tree synthesis
 Driving pin = u_main_controller_top/u_main_controller/u_fifo_sync_d64x14_f116_line_mem/clock_gate_rd_pointer_reg/GCLK
 Clocks: 
     system_clk (func)
     test_clk (func)
 Design rule constraints:
     max transition = 0.080000
     max capacitance = 0.600000
 Number of Sinks = 6
 Number of Gates = 0
 Number of Loads = 6
 Added 0 Repeaters (B: 0 I: 0). Built 0 Repeater Levels for driver u_main_controller_top/u_main_controller/u_fifo_sync_d64x14_f116_line_mem/clock_gate_rd_pointer_reg/GCLK
 Phase delay: (max r/f: nan/0.228214  min r/f: nan/0.228214) : u_main_controller_top/u_main_controller/u_fifo_sync_d64x14_f116_line_mem/clock_gate_rd_pointer_reg/CLK
-------------------------------------------------------------
 Echelon 2 gate by gate clock synthesis
 Gate level 10 clock tree synthesis
 Driving pin = u_main_controller_top/u_main_controller/u_fifo_sync_d64x14_f116_line_mem/clock_gate_status_pointer_reg/GCLK
 Clocks: 
     system_clk (func)
     test_clk (func)
 Design rule constraints:
     max transition = 0.080000
     max capacitance = 0.600000
 Number of Sinks = 6
 Number of Gates = 0
 Number of Loads = 6
 Added 0 Repeaters (B: 0 I: 0). Built 0 Repeater Levels for driver u_main_controller_top/u_main_controller/u_fifo_sync_d64x14_f116_line_mem/clock_gate_status_pointer_reg/GCLK
 Phase delay: (max r/f: nan/0.227509  min r/f: nan/0.227509) : u_main_controller_top/u_main_controller/u_fifo_sync_d64x14_f116_line_mem/clock_gate_status_pointer_reg/CLK
-------------------------------------------------------------
 Echelon 2 gate by gate clock synthesis
 Gate level 10 clock tree synthesis
 Driving pin = u_main_controller_top/u_main_controller/u_sr_d512x72f116_MMS2_wrap/clock_gate_u_sr_d512x72f116_MMS2_bist/bist_addr_reg/GCLK
 Clocks: 
     system_clk (func)
     test_clk (func)
 Design rule constraints:
     max transition = 0.080000
     max capacitance = 0.600000
 Number of Sinks = 9
 Number of Gates = 0
 Number of Loads = 9
 Driver sized from CGLNPRX2_RVT to CGLNPRX2_LVT
 Added 1 Repeaters (B: 0 I: 1). Built 1 Repeater Levels for driver u_main_controller_top/u_main_controller/u_sr_d512x72f116_MMS2_wrap/clock_gate_u_sr_d512x72f116_MMS2_bist/bist_addr_reg/GCLK
 Phase delay: (max r/f: nan/0.153599  min r/f: nan/0.153599) : u_main_controller_top/u_main_controller/u_sr_d512x72f116_MMS2_wrap/clock_gate_u_sr_d512x72f116_MMS2_bist/bist_addr_reg/CLK
-------------------------------------------------------------
 Echelon 2 gate by gate clock synthesis
 Gate level 10 clock tree synthesis
 Driving pin = u_main_controller_top/u_main_controller/u_sr_d512x72f116_MM0_wrap/clock_gate_u_sr_d512x72f116_MM0_bist/bist_addr_reg/GCLK
 Clocks: 
     system_clk (func)
     test_clk (func)
 Design rule constraints:
     max transition = 0.080000
     max capacitance = 0.600000
 Number of Sinks = 9
 Number of Gates = 0
 Number of Loads = 9
 Added 0 Repeaters (B: 0 I: 0). Built 0 Repeater Levels for driver u_main_controller_top/u_main_controller/u_sr_d512x72f116_MM0_wrap/clock_gate_u_sr_d512x72f116_MM0_bist/bist_addr_reg/GCLK
 Phase delay: (max r/f: nan/0.193329  min r/f: nan/0.193329) : u_main_controller_top/u_main_controller/u_sr_d512x72f116_MM0_wrap/clock_gate_u_sr_d512x72f116_MM0_bist/bist_addr_reg/CLK
-------------------------------------------------------------
 Echelon 2 gate by gate clock synthesis
 Gate level 10 clock tree synthesis
 Driving pin = u_main_controller_top/u_main_controller/u_sr_d512x72f116_MM0_wrap/clock_gate_u_sr_d512x72f116_MM0_bist/bist_2nd_reg/GCLK
 Clocks: 
     system_clk (func)
     test_clk (func)
 Design rule constraints:
     max transition = 0.080000
     max capacitance = 0.600000
 Number of Sinks = 3
 Number of Gates = 0
 Number of Loads = 3
 Added 0 Repeaters (B: 0 I: 0). Built 0 Repeater Levels for driver u_main_controller_top/u_main_controller/u_sr_d512x72f116_MM0_wrap/clock_gate_u_sr_d512x72f116_MM0_bist/bist_2nd_reg/GCLK
 Phase delay: (max r/f: nan/0.211182  min r/f: nan/0.211182) : u_main_controller_top/u_main_controller/u_sr_d512x72f116_MM0_wrap/clock_gate_u_sr_d512x72f116_MM0_bist/bist_2nd_reg/CLK
-------------------------------------------------------------
 Echelon 2 gate by gate clock synthesis
 Gate level 10 clock tree synthesis
 Driving pin = u_main_controller_top/u_main_controller/clock_gate_u_ctrue_to_ITO_delay5/count_reg_56/GCLK
 Clocks: 
     system_clk (func)
     test_clk (func)
 Design rule constraints:
     max transition = 0.080000
     max capacitance = 0.600000
 Number of Sinks = 5
 Number of Gates = 0
 Number of Loads = 5
 Added 0 Repeaters (B: 0 I: 0). Built 0 Repeater Levels for driver u_main_controller_top/u_main_controller/clock_gate_u_ctrue_to_ITO_delay5/count_reg_56/GCLK
 Phase delay: (max r/f: nan/0.225868  min r/f: nan/0.225868) : u_main_controller_top/u_main_controller/clock_gate_u_ctrue_to_ITO_delay5/count_reg_56/CLK
-------------------------------------------------------------
 Echelon 2 gate by gate clock synthesis
 Gate level 10 clock tree synthesis
 Driving pin = u_main_controller_top/u_main_controller/clock_gate_u_ctrue_to_ITO_delay5/count_reg_57/GCLK
 Clocks: 
     system_clk (func)
     test_clk (func)
 Design rule constraints:
     max transition = 0.080000
     max capacitance = 0.600000
 Number of Sinks = 4
 Number of Gates = 0
 Number of Loads = 4
 Added 0 Repeaters (B: 0 I: 0). Built 0 Repeater Levels for driver u_main_controller_top/u_main_controller/clock_gate_u_ctrue_to_ITO_delay5/count_reg_57/GCLK
 Phase delay: (max r/f: nan/0.214920  min r/f: nan/0.214920) : u_main_controller_top/u_main_controller/clock_gate_u_ctrue_to_ITO_delay5/count_reg_57/CLK
-------------------------------------------------------------
 Echelon 2 gate by gate clock synthesis
 Gate level 10 clock tree synthesis
 Driving pin = u_main_controller_top/u_main_controller/clock_gate_u_ctrue_to_ITO_delay5/count_reg_58/GCLK
 Clocks: 
     system_clk (func)
     test_clk (func)
 Design rule constraints:
     max transition = 0.080000
     max capacitance = 0.600000
 Number of Sinks = 5
 Number of Gates = 0
 Number of Loads = 5
 Added 0 Repeaters (B: 0 I: 0). Built 0 Repeater Levels for driver u_main_controller_top/u_main_controller/clock_gate_u_ctrue_to_ITO_delay5/count_reg_58/GCLK
 Phase delay: (max r/f: nan/0.225391  min r/f: nan/0.225391) : u_main_controller_top/u_main_controller/clock_gate_u_ctrue_to_ITO_delay5/count_reg_58/CLK
-------------------------------------------------------------
 Echelon 2 gate by gate clock synthesis
 Gate level 10 clock tree synthesis
 Driving pin = u_main_controller_top/u_main_controller/clock_gate_u_ctrue_to_ITO_delay/count_reg_55/GCLK
 Clocks: 
     system_clk (func)
     test_clk (func)
 Design rule constraints:
     max transition = 0.080000
     max capacitance = 0.600000
 Number of Sinks = 5
 Number of Gates = 0
 Number of Loads = 5
 Added 0 Repeaters (B: 0 I: 0). Built 0 Repeater Levels for driver u_main_controller_top/u_main_controller/clock_gate_u_ctrue_to_ITO_delay/count_reg_55/GCLK
 Phase delay: (max r/f: nan/0.224419  min r/f: nan/0.224419) : u_main_controller_top/u_main_controller/clock_gate_u_ctrue_to_ITO_delay/count_reg_55/CLK
-------------------------------------------------------------
 Echelon 2 gate by gate clock synthesis
 Gate level 10 clock tree synthesis
 Driving pin = u_main_controller_top/u_main_controller/clock_gate_u_ctrue_to_ITO_delay/count_reg_53/GCLK
 Clocks: 
     system_clk (func)
     test_clk (func)
 Design rule constraints:
     max transition = 0.080000
     max capacitance = 0.600000
 Number of Sinks = 5
 Number of Gates = 0
 Number of Loads = 5
 Added 0 Repeaters (B: 0 I: 0). Built 0 Repeater Levels for driver u_main_controller_top/u_main_controller/clock_gate_u_ctrue_to_ITO_delay/count_reg_53/GCLK
 Phase delay: (max r/f: nan/0.219917  min r/f: nan/0.219917) : u_main_controller_top/u_main_controller/clock_gate_u_ctrue_to_ITO_delay/count_reg_53/CLK
-------------------------------------------------------------
 Echelon 2 gate by gate clock synthesis
 Gate level 10 clock tree synthesis
 Driving pin = u_main_controller_top/u_main_controller/clock_gate_u_ctrue_n_delay/count_reg/GCLK
 Clocks: 
     system_clk (func)
     test_clk (func)
 Design rule constraints:
     max transition = 0.080000
     max capacitance = 0.600000
 Number of Sinks = 5
 Number of Gates = 0
 Number of Loads = 5
 Added 0 Repeaters (B: 0 I: 0). Built 0 Repeater Levels for driver u_main_controller_top/u_main_controller/clock_gate_u_ctrue_n_delay/count_reg/GCLK
 Phase delay: (max r/f: nan/0.251331  min r/f: nan/0.251331) : u_main_controller_top/u_main_controller/clock_gate_u_ctrue_n_delay/count_reg/CLK
-------------------------------------------------------------
 Echelon 2 gate by gate clock synthesis
 Gate level 10 clock tree synthesis
 Driving pin = u_main_controller_top/u_main_controller/clock_gate_u_ctrue_to_ITO_delay/count_reg/GCLK
 Clocks: 
     system_clk (func)
     test_clk (func)
 Design rule constraints:
     max transition = 0.080000
     max capacitance = 0.600000
 Number of Sinks = 5
 Number of Gates = 0
 Number of Loads = 5
 Added 0 Repeaters (B: 0 I: 0). Built 0 Repeater Levels for driver u_main_controller_top/u_main_controller/clock_gate_u_ctrue_to_ITO_delay/count_reg/GCLK
 Phase delay: (max r/f: nan/0.224514  min r/f: nan/0.224514) : u_main_controller_top/u_main_controller/clock_gate_u_ctrue_to_ITO_delay/count_reg/CLK
-------------------------------------------------------------
 Echelon 2 gate by gate clock synthesis
 Gate level 10 clock tree synthesis
 Driving pin = u_main_controller_top/u_main_controller/clock_gate_u_ctrue_e_delay/count_reg_47/GCLK
 Clocks: 
     system_clk (func)
     test_clk (func)
 Design rule constraints:
     max transition = 0.080000
     max capacitance = 0.600000
 Number of Sinks = 5
 Number of Gates = 0
 Number of Loads = 5
 Added 0 Repeaters (B: 0 I: 0). Built 0 Repeater Levels for driver u_main_controller_top/u_main_controller/clock_gate_u_ctrue_e_delay/count_reg_47/GCLK
 Phase delay: (max r/f: nan/0.225468  min r/f: nan/0.225468) : u_main_controller_top/u_main_controller/clock_gate_u_ctrue_e_delay/count_reg_47/CLK
-------------------------------------------------------------
 Echelon 2 gate by gate clock synthesis
 Gate level 10 clock tree synthesis
 Driving pin = u_main_controller_top/u_main_controller/clock_gate_u_ctrue_e_delay/count_reg/GCLK
 Clocks: 
     system_clk (func)
     test_clk (func)
 Design rule constraints:
     max transition = 0.080000
     max capacitance = 0.600000
 Number of Sinks = 6
 Number of Gates = 0
 Number of Loads = 6
 Added 0 Repeaters (B: 0 I: 0). Built 0 Repeater Levels for driver u_main_controller_top/u_main_controller/clock_gate_u_ctrue_e_delay/count_reg/GCLK
 Phase delay: (max r/f: nan/0.227890  min r/f: nan/0.227890) : u_main_controller_top/u_main_controller/clock_gate_u_ctrue_e_delay/count_reg/CLK
-------------------------------------------------------------
 Echelon 2 gate by gate clock synthesis
 Gate level 10 clock tree synthesis
 Driving pin = u_main_controller_top/u_main_controller/clock_gate_u_ctrue_to_ITO_delay5/count_reg/GCLK
 Clocks: 
     system_clk (func)
     test_clk (func)
 Design rule constraints:
     max transition = 0.080000
     max capacitance = 0.600000
 Number of Sinks = 5
 Number of Gates = 0
 Number of Loads = 5
 Added 0 Repeaters (B: 0 I: 0). Built 0 Repeater Levels for driver u_main_controller_top/u_main_controller/clock_gate_u_ctrue_to_ITO_delay5/count_reg/GCLK
 Phase delay: (max r/f: nan/0.223160  min r/f: nan/0.223160) : u_main_controller_top/u_main_controller/clock_gate_u_ctrue_to_ITO_delay5/count_reg/CLK
-------------------------------------------------------------
 Echelon 2 gate by gate clock synthesis
 Gate level 10 clock tree synthesis
 Driving pin = clock_gate_u_reset_control/lastframe_reg/GCLK
 Clocks: 
     system_clk (func)
     test_clk (func)
 Design rule constraints:
     max transition = 0.080000
     max capacitance = 0.600000
 Number of Sinks = 44
 Number of Gates = 0
 Number of Loads = 44
 Driver sized from CGLNPRX2_RVT to CGLNPRX8_LVT
 Added 2 Repeaters (B: 0 I: 2). Built 1 Repeater Levels for driver clock_gate_u_reset_control/lastframe_reg/GCLK
 Phase delay: (max r/f: nan/0.187092  min r/f: nan/0.187092) : clock_gate_u_reset_control/lastframe_reg/CLK
-------------------------------------------------------------
 Echelon 2 gate by gate clock synthesis
 Gate level 10 clock tree synthesis
 Driving pin = clock_gate_u_reset_control/u_counter1/count_reg/GCLK
 Clocks: 
     system_clk (func)
     test_clk (func)
 Design rule constraints:
     max transition = 0.080000
     max capacitance = 0.600000
 Number of Sinks = 5
 Number of Gates = 0
 Number of Loads = 5
 Added 0 Repeaters (B: 0 I: 0). Built 0 Repeater Levels for driver clock_gate_u_reset_control/u_counter1/count_reg/GCLK
 Phase delay: (max r/f: nan/0.220451  min r/f: nan/0.220451) : clock_gate_u_reset_control/u_counter1/count_reg/CLK
-------------------------------------------------------------
 Echelon 2 gate by gate clock synthesis
 Gate level 10 clock tree synthesis
 Driving pin = clock_gate_u_reset_control/u_counter1/count_reg_17/GCLK
 Clocks: 
     system_clk (func)
     test_clk (func)
 Design rule constraints:
     max transition = 0.080000
     max capacitance = 0.600000
 Number of Sinks = 5
 Number of Gates = 0
 Number of Loads = 5
 Added 0 Repeaters (B: 0 I: 0). Built 0 Repeater Levels for driver clock_gate_u_reset_control/u_counter1/count_reg_17/GCLK
 Phase delay: (max r/f: nan/0.224400  min r/f: nan/0.224400) : clock_gate_u_reset_control/u_counter1/count_reg_17/CLK
-------------------------------------------------------------
 Echelon 2 gate by gate clock synthesis
 Gate level 10 clock tree synthesis
 Driving pin = clock_gate_u_reset_control/u_counter1/count_reg_18/GCLK
 Clocks: 
     system_clk (func)
     test_clk (func)
 Design rule constraints:
     max transition = 0.080000
     max capacitance = 0.600000
 Number of Sinks = 5
 Number of Gates = 0
 Number of Loads = 5
 Added 0 Repeaters (B: 0 I: 0). Built 0 Repeater Levels for driver clock_gate_u_reset_control/u_counter1/count_reg_18/GCLK
 Phase delay: (max r/f: nan/0.224018  min r/f: nan/0.224018) : clock_gate_u_reset_control/u_counter1/count_reg_18/CLK
-------------------------------------------------------------
 Echelon 2 gate by gate clock synthesis
 Gate level 10 clock tree synthesis
 Driving pin = clock_gate_u_reset_control/u_counter1/count_reg_19/GCLK
 Clocks: 
     system_clk (func)
     test_clk (func)
 Design rule constraints:
     max transition = 0.080000
     max capacitance = 0.600000
 Number of Sinks = 5
 Number of Gates = 0
 Number of Loads = 5
 Added 0 Repeaters (B: 0 I: 0). Built 0 Repeater Levels for driver clock_gate_u_reset_control/u_counter1/count_reg_19/GCLK
 Phase delay: (max r/f: nan/0.223675  min r/f: nan/0.223675) : clock_gate_u_reset_control/u_counter1/count_reg_19/CLK
-------------------------------------------------------------
 Echelon 2 gate by gate clock synthesis
 Gate level 10 clock tree synthesis
 Driving pin = clock_gate_u_reset_control/u_counter1/count_reg_20/GCLK
 Clocks: 
     system_clk (func)
     test_clk (func)
 Design rule constraints:
     max transition = 0.080000
     max capacitance = 0.600000
 Number of Sinks = 4
 Number of Gates = 0
 Number of Loads = 4
 Added 0 Repeaters (B: 0 I: 0). Built 0 Repeater Levels for driver clock_gate_u_reset_control/u_counter1/count_reg_20/GCLK
 Phase delay: (max r/f: nan/0.209770  min r/f: nan/0.209770) : clock_gate_u_reset_control/u_counter1/count_reg_20/CLK
-------------------------------------------------------------
 Echelon 2 gate by gate clock synthesis
 Gate level 10 clock tree synthesis
 Driving pin = clock_gate_u_reset_control/u_counter1/count_reg_21/GCLK
 Clocks: 
     system_clk (func)
     test_clk (func)
 Design rule constraints:
     max transition = 0.080000
     max capacitance = 0.600000
 Number of Sinks = 5
 Number of Gates = 0
 Number of Loads = 5
 Added 0 Repeaters (B: 0 I: 0). Built 0 Repeater Levels for driver clock_gate_u_reset_control/u_counter1/count_reg_21/GCLK
 Phase delay: (max r/f: nan/0.216923  min r/f: nan/0.216923) : clock_gate_u_reset_control/u_counter1/count_reg_21/CLK
-------------------------------------------------------------
 Echelon 2 gate by gate clock synthesis
 Gate level 10 clock tree synthesis
 Driving pin = clock_gate_u_reset_control/u_counter2/count_reg/GCLK
 Clocks: 
     system_clk (func)
     test_clk (func)
 Design rule constraints:
     max transition = 0.080000
     max capacitance = 0.600000
 Number of Sinks = 5
 Number of Gates = 0
 Number of Loads = 5
 Added 0 Repeaters (B: 0 I: 0). Built 0 Repeater Levels for driver clock_gate_u_reset_control/u_counter2/count_reg/GCLK
 Phase delay: (max r/f: nan/0.217113  min r/f: nan/0.217113) : clock_gate_u_reset_control/u_counter2/count_reg/CLK
-------------------------------------------------------------
 Echelon 2 gate by gate clock synthesis
 Gate level 10 clock tree synthesis
 Driving pin = clock_gate_u_reset_control/u_counter2/count_reg_22/GCLK
 Clocks: 
     system_clk (func)
     test_clk (func)
 Design rule constraints:
     max transition = 0.080000
     max capacitance = 0.600000
 Number of Sinks = 5
 Number of Gates = 0
 Number of Loads = 5
 Added 0 Repeaters (B: 0 I: 0). Built 0 Repeater Levels for driver clock_gate_u_reset_control/u_counter2/count_reg_22/GCLK
 Phase delay: (max r/f: nan/0.252438  min r/f: nan/0.252438) : clock_gate_u_reset_control/u_counter2/count_reg_22/CLK
-------------------------------------------------------------
 Echelon 2 gate by gate clock synthesis
 Gate level 10 clock tree synthesis
 Driving pin = clock_gate_u_reset_control/u_counter2/count_reg_23/GCLK
 Clocks: 
     system_clk (func)
     test_clk (func)
 Design rule constraints:
     max transition = 0.080000
     max capacitance = 0.600000
 Number of Sinks = 5
 Number of Gates = 0
 Number of Loads = 5
 Added 0 Repeaters (B: 0 I: 0). Built 0 Repeater Levels for driver clock_gate_u_reset_control/u_counter2/count_reg_23/GCLK
 Phase delay: (max r/f: nan/0.250492  min r/f: nan/0.250492) : clock_gate_u_reset_control/u_counter2/count_reg_23/CLK
-------------------------------------------------------------
 Echelon 2 gate by gate clock synthesis
 Gate level 10 clock tree synthesis
 Driving pin = clock_gate_u_reset_control/u_counter2/count_reg_24/GCLK
 Clocks: 
     system_clk (func)
     test_clk (func)
 Design rule constraints:
     max transition = 0.080000
     max capacitance = 0.600000
 Number of Sinks = 5
 Number of Gates = 0
 Number of Loads = 5
 Added 0 Repeaters (B: 0 I: 0). Built 0 Repeater Levels for driver clock_gate_u_reset_control/u_counter2/count_reg_24/GCLK
 Phase delay: (max r/f: nan/0.251827  min r/f: nan/0.251827) : clock_gate_u_reset_control/u_counter2/count_reg_24/CLK
-------------------------------------------------------------
 Echelon 2 gate by gate clock synthesis
 Gate level 10 clock tree synthesis
 Driving pin = clock_gate_u_reset_control/u_counter2/count_reg_25/GCLK
 Clocks: 
     system_clk (func)
     test_clk (func)
 Design rule constraints:
     max transition = 0.080000
     max capacitance = 0.600000
 Number of Sinks = 4
 Number of Gates = 0
 Number of Loads = 4
 Added 0 Repeaters (B: 0 I: 0). Built 0 Repeater Levels for driver clock_gate_u_reset_control/u_counter2/count_reg_25/GCLK
 Phase delay: (max r/f: nan/0.243092  min r/f: nan/0.243092) : clock_gate_u_reset_control/u_counter2/count_reg_25/CLK
-------------------------------------------------------------
 Echelon 2 gate by gate clock synthesis
 Gate level 10 clock tree synthesis
 Driving pin = clock_gate_u_reset_control/u_counter2/count_reg_26/GCLK
 Clocks: 
     system_clk (func)
     test_clk (func)
 Design rule constraints:
     max transition = 0.080000
     max capacitance = 0.600000
 Number of Sinks = 5
 Number of Gates = 0
 Number of Loads = 5
 Added 0 Repeaters (B: 0 I: 0). Built 0 Repeater Levels for driver clock_gate_u_reset_control/u_counter2/count_reg_26/GCLK
 Phase delay: (max r/f: nan/0.219479  min r/f: nan/0.219479) : clock_gate_u_reset_control/u_counter2/count_reg_26/CLK
-------------------------------------------------------------
 Echelon 2 gate by gate clock synthesis
 Gate level 10 clock tree synthesis
 Driving pin = clock_gate_u_reset_control/u_delay/count_reg/GCLK
 Clocks: 
     system_clk (func)
     test_clk (func)
 Design rule constraints:
     max transition = 0.080000
     max capacitance = 0.600000
 Number of Sinks = 5
 Number of Gates = 0
 Number of Loads = 5
 Added 0 Repeaters (B: 0 I: 0). Built 0 Repeater Levels for driver clock_gate_u_reset_control/u_delay/count_reg/GCLK
 Phase delay: (max r/f: nan/0.221024  min r/f: nan/0.221024) : clock_gate_u_reset_control/u_delay/count_reg/CLK
-------------------------------------------------------------
 Echelon 2 gate by gate clock synthesis
 Gate level 10 clock tree synthesis
 Driving pin = clock_gate_u_reset_control/u_delay/count_reg_27/GCLK
 Clocks: 
     system_clk (func)
     test_clk (func)
 Design rule constraints:
     max transition = 0.080000
     max capacitance = 0.600000
 Number of Sinks = 5
 Number of Gates = 0
 Number of Loads = 5
 Added 0 Repeaters (B: 0 I: 0). Built 0 Repeater Levels for driver clock_gate_u_reset_control/u_delay/count_reg_27/GCLK
 Phase delay: (max r/f: nan/0.222683  min r/f: nan/0.222683) : clock_gate_u_reset_control/u_delay/count_reg_27/CLK
-------------------------------------------------------------
 Echelon 2 gate by gate clock synthesis
 Gate level 10 clock tree synthesis
 Driving pin = clock_gate_u_reset_control/u_delay/count_reg_28/GCLK
 Clocks: 
     system_clk (func)
     test_clk (func)
 Design rule constraints:
     max transition = 0.080000
     max capacitance = 0.600000
 Number of Sinks = 5
 Number of Gates = 0
 Number of Loads = 5
 Added 0 Repeaters (B: 0 I: 0). Built 0 Repeater Levels for driver clock_gate_u_reset_control/u_delay/count_reg_28/GCLK
 Phase delay: (max r/f: nan/0.225048  min r/f: nan/0.225048) : clock_gate_u_reset_control/u_delay/count_reg_28/CLK
-------------------------------------------------------------
 Echelon 2 gate by gate clock synthesis
 Gate level 10 clock tree synthesis
 Driving pin = clock_gate_u_reset_control/u_delay/count_reg_29/GCLK
 Clocks: 
     system_clk (func)
     test_clk (func)
 Design rule constraints:
     max transition = 0.080000
     max capacitance = 0.600000
 Number of Sinks = 5
 Number of Gates = 0
 Number of Loads = 5
 Added 0 Repeaters (B: 0 I: 0). Built 0 Repeater Levels for driver clock_gate_u_reset_control/u_delay/count_reg_29/GCLK
 Phase delay: (max r/f: nan/0.223827  min r/f: nan/0.223827) : clock_gate_u_reset_control/u_delay/count_reg_29/CLK
-------------------------------------------------------------
 Echelon 2 gate by gate clock synthesis
 Gate level 10 clock tree synthesis
 Driving pin = clock_gate_u_reset_control/u_delay/count_reg_30/GCLK
 Clocks: 
     system_clk (func)
     test_clk (func)
 Design rule constraints:
     max transition = 0.080000
     max capacitance = 0.600000
 Number of Sinks = 4
 Number of Gates = 0
 Number of Loads = 4
 Added 0 Repeaters (B: 0 I: 0). Built 0 Repeater Levels for driver clock_gate_u_reset_control/u_delay/count_reg_30/GCLK
 Phase delay: (max r/f: nan/0.217609  min r/f: nan/0.217609) : clock_gate_u_reset_control/u_delay/count_reg_30/CLK
-------------------------------------------------------------
 Echelon 2 gate by gate clock synthesis
 Gate level 10 clock tree synthesis
 Driving pin = clock_gate_u_reset_control/u_delay/count_reg_31/GCLK
 Clocks: 
     system_clk (func)
     test_clk (func)
 Design rule constraints:
     max transition = 0.080000
     max capacitance = 0.600000
 Number of Sinks = 5
 Number of Gates = 0
 Number of Loads = 5
 Added 0 Repeaters (B: 0 I: 0). Built 0 Repeater Levels for driver clock_gate_u_reset_control/u_delay/count_reg_31/GCLK
 Phase delay: (max r/f: nan/0.224037  min r/f: nan/0.224037) : clock_gate_u_reset_control/u_delay/count_reg_31/CLK
-------------------------------------------------------------
 Echelon 2 gate by gate clock synthesis
 Gate level 10 clock tree synthesis
 Driving pin = u_main_controller_top/u_main_controller/clock_gate_u_ctrue_n_delay/count_reg_50/GCLK
 Clocks: 
     system_clk (func)
     test_clk (func)
 Design rule constraints:
     max transition = 0.080000
     max capacitance = 0.600000
 Number of Sinks = 5
 Number of Gates = 0
 Number of Loads = 5
 Added 0 Repeaters (B: 0 I: 0). Built 0 Repeater Levels for driver u_main_controller_top/u_main_controller/clock_gate_u_ctrue_n_delay/count_reg_50/GCLK
 Phase delay: (max r/f: nan/0.252762  min r/f: nan/0.252762) : u_main_controller_top/u_main_controller/clock_gate_u_ctrue_n_delay/count_reg_50/CLK
-------------------------------------------------------------
 Echelon 2 gate by gate clock synthesis
 Gate level 10 clock tree synthesis
 Driving pin = u_main_controller_top/u_main_controller/clock_gate_u_ctrue_n_delay/count_reg_51/GCLK
 Clocks: 
     system_clk (func)
     test_clk (func)
 Design rule constraints:
     max transition = 0.080000
     max capacitance = 0.600000
 Number of Sinks = 4
 Number of Gates = 0
 Number of Loads = 4
 Added 0 Repeaters (B: 0 I: 0). Built 0 Repeater Levels for driver u_main_controller_top/u_main_controller/clock_gate_u_ctrue_n_delay/count_reg_51/GCLK
 Phase delay: (max r/f: nan/0.214977  min r/f: nan/0.214977) : u_main_controller_top/u_main_controller/clock_gate_u_ctrue_n_delay/count_reg_51/CLK
-------------------------------------------------------------
 Echelon 2 gate by gate clock synthesis
 Gate level 10 clock tree synthesis
 Driving pin = u_main_controller_top/u_main_controller/clock_gate_u_ctrue_n_delay/count_reg_52/GCLK
 Clocks: 
     system_clk (func)
     test_clk (func)
 Design rule constraints:
     max transition = 0.080000
     max capacitance = 0.600000
 Number of Sinks = 5
 Number of Gates = 0
 Number of Loads = 5
 Added 0 Repeaters (B: 0 I: 0). Built 0 Repeater Levels for driver u_main_controller_top/u_main_controller/clock_gate_u_ctrue_n_delay/count_reg_52/GCLK
 Phase delay: (max r/f: nan/0.257034  min r/f: nan/0.257034) : u_main_controller_top/u_main_controller/clock_gate_u_ctrue_n_delay/count_reg_52/CLK
-------------------------------------------------------------
 Echelon 2 gate by gate clock synthesis
 Gate level 10 clock tree synthesis
 Driving pin = u_main_controller_top/u_main_controller/u_fifo_sync_d16x50_f116_ptr_ud_fifo/clock_gate_status_pointer_reg/GCLK
 Clocks: 
     system_clk (func)
     test_clk (func)
 Design rule constraints:
     max transition = 0.080000
     max capacitance = 0.600000
 Number of Sinks = 4
 Number of Gates = 0
 Number of Loads = 4
 Added 0 Repeaters (B: 0 I: 0). Built 0 Repeater Levels for driver u_main_controller_top/u_main_controller/u_fifo_sync_d16x50_f116_ptr_ud_fifo/clock_gate_status_pointer_reg/GCLK
 Phase delay: (max r/f: nan/0.245609  min r/f: nan/0.245609) : u_main_controller_top/u_main_controller/u_fifo_sync_d16x50_f116_ptr_ud_fifo/clock_gate_status_pointer_reg/CLK
-------------------------------------------------------------
 Echelon 2 gate by gate clock synthesis
 Gate level 10 clock tree synthesis
 Driving pin = u_main_controller_top/u_main_controller/clock_gate_ptr_ud_outword_reg/GCLK
 Clocks: 
     system_clk (func)
     test_clk (func)
 Design rule constraints:
     max transition = 0.080000
     max capacitance = 0.600000
 Number of Sinks = 80
 Number of Gates = 0
 Number of Loads = 80
 Added 7 Repeaters (B: 0 I: 7). Built 3 Repeater Levels for driver u_main_controller_top/u_main_controller/clock_gate_ptr_ud_outword_reg/GCLK
 Phase delay: (max r/f: nan/0.227413  min r/f: nan/0.227413) : u_main_controller_top/u_main_controller/clock_gate_ptr_ud_outword_reg/CLK
-------------------------------------------------------------
 Echelon 2 gate by gate clock synthesis
 Gate level 10 clock tree synthesis
 Driving pin = u_main_controller_top/u_main_controller/clock_gate_currentcolor_reg/GCLK
 Clocks: 
     system_clk (func)
     test_clk (func)
 Design rule constraints:
     max transition = 0.080000
     max capacitance = 0.600000
 Number of Sinks = 4
 Number of Gates = 0
 Number of Loads = 4
 Added 0 Repeaters (B: 0 I: 0). Built 0 Repeater Levels for driver u_main_controller_top/u_main_controller/clock_gate_currentcolor_reg/GCLK
 Phase delay: (max r/f: nan/0.238152  min r/f: nan/0.238152) : u_main_controller_top/u_main_controller/clock_gate_currentcolor_reg/CLK
-------------------------------------------------------------
 Echelon 2 gate by gate clock synthesis
 Gate level 10 clock tree synthesis
 Driving pin = u_main_controller_top/u_main_controller/clock_gate_init_ewar_reg/GCLK
 Clocks: 
     system_clk (func)
     test_clk (func)
 Design rule constraints:
     max transition = 0.080000
     max capacitance = 0.600000
 Number of Sinks = 12
 Number of Gates = 0
 Number of Loads = 12
 Added 0 Repeaters (B: 0 I: 0). Built 0 Repeater Levels for driver u_main_controller_top/u_main_controller/clock_gate_init_ewar_reg/GCLK
 Phase delay: (max r/f: nan/0.234947  min r/f: nan/0.234947) : u_main_controller_top/u_main_controller/clock_gate_init_ewar_reg/CLK
-------------------------------------------------------------
 Echelon 2 gate by gate clock synthesis
 Gate level 10 clock tree synthesis
 Driving pin = u_main_controller_top/u_main_controller/clock_gate_line_offsets_reg_21/GCLK
 Clocks: 
     system_clk (func)
     test_clk (func)
 Design rule constraints:
     max transition = 0.080000
     max capacitance = 0.600000
 Number of Sinks = 10
 Number of Gates = 0
 Number of Loads = 10
 Added 1 Repeaters (B: 0 I: 1). Built 1 Repeater Levels for driver u_main_controller_top/u_main_controller/clock_gate_line_offsets_reg_21/GCLK
 Phase delay: (max r/f: nan/0.179749  min r/f: nan/0.179749) : u_main_controller_top/u_main_controller/clock_gate_line_offsets_reg_21/CLK
-------------------------------------------------------------
 Echelon 2 gate by gate clock synthesis
 Gate level 10 clock tree synthesis
 Driving pin = u_main_controller_top/u_main_controller/clock_gate_line_offsets_reg_22/GCLK
 Clocks: 
     system_clk (func)
     test_clk (func)
 Design rule constraints:
     max transition = 0.080000
     max capacitance = 0.600000
 Number of Sinks = 10
 Number of Gates = 0
 Number of Loads = 10
 Added 1 Repeaters (B: 0 I: 1). Built 1 Repeater Levels for driver u_main_controller_top/u_main_controller/clock_gate_line_offsets_reg_22/GCLK
 Phase delay: (max r/f: nan/0.166321  min r/f: nan/0.166321) : u_main_controller_top/u_main_controller/clock_gate_line_offsets_reg_22/CLK
-------------------------------------------------------------
 Echelon 2 gate by gate clock synthesis
 Gate level 10 clock tree synthesis
 Driving pin = u_main_controller_top/u_main_controller/clock_gate_outorder_reg_34/GCLK
 Clocks: 
     system_clk (func)
     test_clk (func)
 Design rule constraints:
     max transition = 0.080000
     max capacitance = 0.600000
 Number of Sinks = 4
 Number of Gates = 0
 Number of Loads = 4
 Added 0 Repeaters (B: 0 I: 0). Built 0 Repeater Levels for driver u_main_controller_top/u_main_controller/clock_gate_outorder_reg_34/GCLK
 Phase delay: (max r/f: nan/0.242043  min r/f: nan/0.242043) : u_main_controller_top/u_main_controller/clock_gate_outorder_reg_34/CLK
-------------------------------------------------------------
 Echelon 2 gate by gate clock synthesis
 Gate level 10 clock tree synthesis
 Driving pin = u_main_controller_top/u_main_controller/clock_gate_outorder_reg_36/GCLK
 Clocks: 
     system_clk (func)
     test_clk (func)
 Design rule constraints:
     max transition = 0.080000
     max capacitance = 0.600000
 Number of Sinks = 4
 Number of Gates = 0
 Number of Loads = 4
 Added 0 Repeaters (B: 0 I: 0). Built 0 Repeater Levels for driver u_main_controller_top/u_main_controller/clock_gate_outorder_reg_36/GCLK
 Phase delay: (max r/f: nan/0.242596  min r/f: nan/0.242596) : u_main_controller_top/u_main_controller/clock_gate_outorder_reg_36/CLK
-------------------------------------------------------------
 Echelon 2 gate by gate clock synthesis
 Gate level 10 clock tree synthesis
 Driving pin = u_main_controller_top/u_main_controller/clock_gate_outorder_reg_45/GCLK
 Clocks: 
     system_clk (func)
     test_clk (func)
 Design rule constraints:
     max transition = 0.080000
     max capacitance = 0.600000
 Number of Sinks = 4
 Number of Gates = 0
 Number of Loads = 4
 Added 0 Repeaters (B: 0 I: 0). Built 0 Repeater Levels for driver u_main_controller_top/u_main_controller/clock_gate_outorder_reg_45/GCLK
 Phase delay: (max r/f: nan/0.253410  min r/f: nan/0.253410) : u_main_controller_top/u_main_controller/clock_gate_outorder_reg_45/CLK
-------------------------------------------------------------
 Echelon 2 gate by gate clock synthesis
 Gate level 10 clock tree synthesis
 Driving pin = u_main_controller_top/u_main_controller/clock_gate_ptr_inc_reg/GCLK
 Clocks: 
     system_clk (func)
     test_clk (func)
 Design rule constraints:
     max transition = 0.080000
     max capacitance = 0.600000
 Number of Sinks = 6
 Number of Gates = 0
 Number of Loads = 6
 Added 0 Repeaters (B: 0 I: 0). Built 0 Repeater Levels for driver u_main_controller_top/u_main_controller/clock_gate_ptr_inc_reg/GCLK
 Phase delay: (max r/f: nan/0.228310  min r/f: nan/0.228310) : u_main_controller_top/u_main_controller/clock_gate_ptr_inc_reg/CLK
-------------------------------------------------------------
 Echelon 2 gate by gate clock synthesis
 Gate level 10 clock tree synthesis
 Driving pin = u_main_controller_top/u_main_controller/clock_gate_u_ctrue_e_delay/count_reg_48/GCLK
 Clocks: 
     system_clk (func)
     test_clk (func)
 Design rule constraints:
     max transition = 0.080000
     max capacitance = 0.600000
 Number of Sinks = 4
 Number of Gates = 0
 Number of Loads = 4
 Added 0 Repeaters (B: 0 I: 0). Built 0 Repeater Levels for driver u_main_controller_top/u_main_controller/clock_gate_u_ctrue_e_delay/count_reg_48/GCLK
 Phase delay: (max r/f: nan/0.244846  min r/f: nan/0.244846) : u_main_controller_top/u_main_controller/clock_gate_u_ctrue_e_delay/count_reg_48/CLK
-------------------------------------------------------------
 Echelon 2 gate by gate clock synthesis
 Gate level 10 clock tree synthesis
 Driving pin = u_main_controller_top/u_main_controller/clock_gate_u_ctrue_e_delay/count_reg_49/GCLK
 Clocks: 
     system_clk (func)
     test_clk (func)
 Design rule constraints:
     max transition = 0.080000
     max capacitance = 0.600000
 Number of Sinks = 5
 Number of Gates = 0
 Number of Loads = 5
 Added 0 Repeaters (B: 0 I: 0). Built 0 Repeater Levels for driver u_main_controller_top/u_main_controller/clock_gate_u_ctrue_e_delay/count_reg_49/GCLK
 Phase delay: (max r/f: nan/0.250416  min r/f: nan/0.250416) : u_main_controller_top/u_main_controller/clock_gate_u_ctrue_e_delay/count_reg_49/CLK
-------------------------------------------------------------
 Echelon 2 gate by gate clock synthesis
 Gate level 10 clock tree synthesis
 Driving pin = u_main_controller_top/u_main_controller/clock_gate_u_ctrue_to_ITO_delay/count_reg_54/GCLK
 Clocks: 
     system_clk (func)
     test_clk (func)
 Design rule constraints:
     max transition = 0.080000
     max capacitance = 0.600000
 Number of Sinks = 4
 Number of Gates = 0
 Number of Loads = 4
 Added 0 Repeaters (B: 0 I: 0). Built 0 Repeater Levels for driver u_main_controller_top/u_main_controller/clock_gate_u_ctrue_to_ITO_delay/count_reg_54/GCLK
 Phase delay: (max r/f: nan/0.244255  min r/f: nan/0.244255) : u_main_controller_top/u_main_controller/clock_gate_u_ctrue_to_ITO_delay/count_reg_54/CLK
-------------------------------------------------------------
 Echelon 2 gate by gate clock synthesis
 Gate level 10 clock tree synthesis
 Driving pin = u_main_controller_top/u_main_controller/clock_gate_outorder_reg_33/GCLK
 Clocks: 
     system_clk (func)
     test_clk (func)
 Design rule constraints:
     max transition = 0.080000
     max capacitance = 0.600000
 Number of Sinks = 4
 Number of Gates = 0
 Number of Loads = 4
 Added 0 Repeaters (B: 0 I: 0). Built 0 Repeater Levels for driver u_main_controller_top/u_main_controller/clock_gate_outorder_reg_33/GCLK
 Phase delay: (max r/f: nan/0.176964  min r/f: nan/0.176964) : u_main_controller_top/u_main_controller/clock_gate_outorder_reg_33/CLK
-------------------------------------------------------------
 Echelon 2 gate by gate clock synthesis
 Gate level 10 clock tree synthesis
 Driving pin = u_main_controller_top/u_main_controller/clock_gate_outorder_reg_38/GCLK
 Clocks: 
     system_clk (func)
     test_clk (func)
 Design rule constraints:
     max transition = 0.080000
     max capacitance = 0.600000
 Number of Sinks = 4
 Number of Gates = 0
 Number of Loads = 4
 Added 0 Repeaters (B: 0 I: 0). Built 0 Repeater Levels for driver u_main_controller_top/u_main_controller/clock_gate_outorder_reg_38/GCLK
 Phase delay: (max r/f: nan/0.175247  min r/f: nan/0.175247) : u_main_controller_top/u_main_controller/clock_gate_outorder_reg_38/CLK
-------------------------------------------------------------
 Echelon 2 gate by gate clock synthesis
 Gate level 10 clock tree synthesis
 Driving pin = u_main_controller_top/u_main_controller/clock_gate_outorder_reg_43/GCLK
 Clocks: 
     system_clk (func)
     test_clk (func)
 Design rule constraints:
     max transition = 0.080000
     max capacitance = 0.600000
 Number of Sinks = 4
 Number of Gates = 0
 Number of Loads = 4
 Added 0 Repeaters (B: 0 I: 0). Built 0 Repeater Levels for driver u_main_controller_top/u_main_controller/clock_gate_outorder_reg_43/GCLK
 Phase delay: (max r/f: nan/0.180569  min r/f: nan/0.180569) : u_main_controller_top/u_main_controller/clock_gate_outorder_reg_43/CLK
-------------------------------------------------------------
 Echelon 2 gate by gate clock synthesis
 Gate level 10 clock tree synthesis
 Driving pin = u_main_controller_top/u_main_controller/clock_gate_init_ewa_stop_reg/GCLK
 Clocks: 
     system_clk (func)
     test_clk (func)
 Design rule constraints:
     max transition = 0.080000
     max capacitance = 0.600000
 Number of Sinks = 12
 Number of Gates = 0
 Number of Loads = 12
 Added 0 Repeaters (B: 0 I: 0). Built 0 Repeater Levels for driver u_main_controller_top/u_main_controller/clock_gate_init_ewa_stop_reg/GCLK
 Phase delay: (max r/f: nan/0.201168  min r/f: nan/0.201168) : u_main_controller_top/u_main_controller/clock_gate_init_ewa_stop_reg/CLK
-------------------------------------------------------------
 Echelon 2 gate by gate clock synthesis
 Gate level 10 clock tree synthesis
 Driving pin = u_main_controller_top/u_main_controller/clock_gate_init_ewa_reg/GCLK
 Clocks: 
     system_clk (func)
     test_clk (func)
 Design rule constraints:
     max transition = 0.080000
     max capacitance = 0.600000
 Number of Sinks = 12
 Number of Gates = 0
 Number of Loads = 12
 Driver sized from CGLNPRX2_RVT to CGLNPRX2_LVT
 Added 1 Repeaters (B: 0 I: 1). Built 1 Repeater Levels for driver u_main_controller_top/u_main_controller/clock_gate_init_ewa_reg/GCLK
 Phase delay: (max r/f: nan/0.147190  min r/f: nan/0.147190) : u_main_controller_top/u_main_controller/clock_gate_init_ewa_reg/CLK
-------------------------------------------------------------
 Echelon 2 gate by gate clock synthesis
 Gate level 10 clock tree synthesis
 Driving pin = u_main_controller_top/u_main_controller/clock_gate_new_e_addr_reg/GCLK
 Clocks: 
     system_clk (func)
     test_clk (func)
 Design rule constraints:
     max transition = 0.080000
     max capacitance = 0.600000
 Number of Sinks = 11
 Number of Gates = 0
 Number of Loads = 11
 Driver sized from CGLNPRX2_HVT to CGLNPRX2_LVT
 Added 1 Repeaters (B: 0 I: 1). Built 1 Repeater Levels for driver u_main_controller_top/u_main_controller/clock_gate_new_e_addr_reg/GCLK
 Phase delay: (max r/f: nan/0.146217  min r/f: nan/0.146217) : u_main_controller_top/u_main_controller/clock_gate_new_e_addr_reg/CLK
-------------------------------------------------------------
 Echelon 2 gate by gate clock synthesis
 Gate level 10 clock tree synthesis
 Driving pin = u_main_controller_top/u_main_controller/clock_gate_ITO_update_reg/GCLK
 Clocks: 
     system_clk (func)
     test_clk (func)
 Design rule constraints:
     max transition = 0.080000
     max capacitance = 0.600000
 Number of Sinks = 4
 Number of Gates = 0
 Number of Loads = 4
 Added 0 Repeaters (B: 0 I: 0). Built 0 Repeater Levels for driver u_main_controller_top/u_main_controller/clock_gate_ITO_update_reg/GCLK
 Phase delay: (max r/f: nan/0.194759  min r/f: nan/0.194759) : u_main_controller_top/u_main_controller/clock_gate_ITO_update_reg/CLK
-------------------------------------------------------------
 Echelon 2 gate by gate clock synthesis
 Gate level 10 clock tree synthesis
 Driving pin = u_main_controller_top/u_main_controller/clock_gate_address_count_early_reg/GCLK
 Clocks: 
     system_clk (func)
     test_clk (func)
 Design rule constraints:
     max transition = 0.080000
     max capacitance = 0.600000
 Number of Sinks = 12
 Number of Gates = 0
 Number of Loads = 12
 Driver sized from CGLNPRX2_RVT to CGLNPRX2_LVT
 Added 1 Repeaters (B: 0 I: 1). Built 1 Repeater Levels for driver u_main_controller_top/u_main_controller/clock_gate_address_count_early_reg/GCLK
 Phase delay: (max r/f: nan/0.148945  min r/f: nan/0.148945) : u_main_controller_top/u_main_controller/clock_gate_address_count_early_reg/CLK
-------------------------------------------------------------
 Echelon 2 gate by gate clock synthesis
 Gate level 10 clock tree synthesis
 Driving pin = u_main_controller_top/u_main_controller/clock_gate_macslp1_acc_reg/GCLK
 Clocks: 
     system_clk (func)
     test_clk (func)
 Design rule constraints:
     max transition = 0.080000
     max capacitance = 0.600000
 Number of Sinks = 16
 Number of Gates = 0
 Number of Loads = 16
 Driver sized from CGLNPRX2_RVT to CGLNPRX2_LVT
 Added 1 Repeaters (B: 0 I: 1). Built 1 Repeater Levels for driver u_main_controller_top/u_main_controller/clock_gate_macslp1_acc_reg/GCLK
 Phase delay: (max r/f: nan/0.149231  min r/f: nan/0.149231) : u_main_controller_top/u_main_controller/clock_gate_macslp1_acc_reg/CLK
-------------------------------------------------------------
 Echelon 2 gate by gate clock synthesis
 Gate level 10 clock tree synthesis
 Driving pin = u_main_controller_top/u_main_controller/clock_gate_ptr_count_e_reg/GCLK
 Clocks: 
     system_clk (func)
     test_clk (func)
 Design rule constraints:
     max transition = 0.080000
     max capacitance = 0.600000
 Number of Sinks = 18
 Number of Gates = 0
 Number of Loads = 18
 Driver sized from CGLNPRX2_RVT to CGLNPRX2_LVT
 Added 1 Repeaters (B: 0 I: 1). Built 1 Repeater Levels for driver u_main_controller_top/u_main_controller/clock_gate_ptr_count_e_reg/GCLK
 Phase delay: (max r/f: nan/0.152969  min r/f: nan/0.152969) : u_main_controller_top/u_main_controller/clock_gate_ptr_count_e_reg/CLK
-------------------------------------------------------------
 Echelon 2 gate by gate clock synthesis
 Gate level 10 clock tree synthesis
 Driving pin = u_main_controller_top/u_main_controller/clock_gate_max_address_count_long_line_p1_reg/GCLK
 Clocks: 
     system_clk (func)
     test_clk (func)
 Design rule constraints:
     max transition = 0.080000
     max capacitance = 0.600000
 Number of Sinks = 12
 Number of Gates = 0
 Number of Loads = 12
 Driver sized from CGLNPRX2_RVT to CGLNPRX2_LVT
 Added 1 Repeaters (B: 0 I: 1). Built 1 Repeater Levels for driver u_main_controller_top/u_main_controller/clock_gate_max_address_count_long_line_p1_reg/GCLK
 Phase delay: (max r/f: nan/0.146255  min r/f: nan/0.146255) : u_main_controller_top/u_main_controller/clock_gate_max_address_count_long_line_p1_reg/CLK
-------------------------------------------------------------
 Echelon 2 gate by gate clock synthesis
 Gate level 10 clock tree synthesis
 Driving pin = u_main_controller_top/u_main_controller/clock_gate_rdaddress_addr_din_reg/GCLK
 Clocks: 
     system_clk (func)
     test_clk (func)
 Design rule constraints:
     max transition = 0.080000
     max capacitance = 0.600000
 Number of Sinks = 17
 Number of Gates = 0
 Number of Loads = 17
 Driver sized from CGLNPRX2_RVT to CGLNPRX2_LVT
 Added 1 Repeaters (B: 0 I: 1). Built 1 Repeater Levels for driver u_main_controller_top/u_main_controller/clock_gate_rdaddress_addr_din_reg/GCLK
 Phase delay: (max r/f: nan/0.153503  min r/f: nan/0.153503) : u_main_controller_top/u_main_controller/clock_gate_rdaddress_addr_din_reg/CLK
-------------------------------------------------------------
 Echelon 2 gate by gate clock synthesis
 Gate level 10 clock tree synthesis
 Driving pin = u_main_controller_top/u_main_controller/clock_gate_lout_count_early_new_reg/GCLK
 Clocks: 
     system_clk (func)
     test_clk (func)
 Design rule constraints:
     max transition = 0.080000
     max capacitance = 0.600000
 Number of Sinks = 16
 Number of Gates = 0
 Number of Loads = 16
 Driver sized from CGLNPRX2_HVT to CGLNPRX2_LVT
 Added 1 Repeaters (B: 0 I: 1). Built 1 Repeater Levels for driver u_main_controller_top/u_main_controller/clock_gate_lout_count_early_new_reg/GCLK
 Phase delay: (max r/f: nan/0.150337  min r/f: nan/0.150337) : u_main_controller_top/u_main_controller/clock_gate_lout_count_early_new_reg/CLK
-------------------------------------------------------------
 Echelon 2 gate by gate clock synthesis
 Gate level 10 clock tree synthesis
 Driving pin = u_main_controller_top/u_main_controller/clock_gate_rdaddress_addr_din_w1_reg/GCLK
 Clocks: 
     system_clk (func)
     test_clk (func)
 Design rule constraints:
     max transition = 0.080000
     max capacitance = 0.600000
 Number of Sinks = 17
 Number of Gates = 0
 Number of Loads = 17
 Driver sized from CGLNPRX2_HVT to CGLNPRX2_LVT
 Added 1 Repeaters (B: 0 I: 1). Built 1 Repeater Levels for driver u_main_controller_top/u_main_controller/clock_gate_rdaddress_addr_din_w1_reg/GCLK
 Phase delay: (max r/f: nan/0.151691  min r/f: nan/0.151691) : u_main_controller_top/u_main_controller/clock_gate_rdaddress_addr_din_w1_reg/CLK
-------------------------------------------------------------
 Echelon 2 gate by gate clock synthesis
 Gate level 10 clock tree synthesis
 Driving pin = u_main_controller_top/clock_gate_u_rst_framesync/numcor_reg/GCLK
 Clocks: 
     system_clk (func)
     test_clk (func)
 Design rule constraints:
     max transition = 0.080000
     max capacitance = 0.600000
 Number of Sinks = 12
 Number of Gates = 0
 Number of Loads = 12
 Driver sized from CGLNPRX2_RVT to CGLNPRX2_LVT
 Added 1 Repeaters (B: 0 I: 1). Built 1 Repeater Levels for driver u_main_controller_top/clock_gate_u_rst_framesync/numcor_reg/GCLK
 Phase delay: (max r/f: nan/0.146446  min r/f: nan/0.146446) : u_main_controller_top/clock_gate_u_rst_framesync/numcor_reg/CLK
-------------------------------------------------------------
 Echelon 2 gate by gate clock synthesis
 Gate level 10 clock tree synthesis
 Driving pin = u_main_controller_top/clock_gate_u_rst_framesync/cf_offset_reg/GCLK
 Clocks: 
     system_clk (func)
     test_clk (func)
 Design rule constraints:
     max transition = 0.080000
     max capacitance = 0.600000
 Number of Sinks = 21
 Number of Gates = 0
 Number of Loads = 21
 Driver sized from CGLNPRX2_RVT to CGLNPRX2_LVT
 Added 1 Repeaters (B: 0 I: 1). Built 1 Repeater Levels for driver u_main_controller_top/clock_gate_u_rst_framesync/cf_offset_reg/GCLK
 Phase delay: (max r/f: nan/0.154514  min r/f: nan/0.154514) : u_main_controller_top/clock_gate_u_rst_framesync/cf_offset_reg/CLK
-------------------------------------------------------------
 Echelon 2 gate by gate clock synthesis
 Gate level 10 clock tree synthesis
 Driving pin = u_main_controller_top/clock_gate_u_rst_framesync/countdown_reg/GCLK
 Clocks: 
     system_clk (func)
     test_clk (func)
 Design rule constraints:
     max transition = 0.080000
     max capacitance = 0.600000
 Number of Sinks = 13
 Number of Gates = 0
 Number of Loads = 13
 Driver sized from CGLNPRX2_RVT to CGLNPRX2_LVT
 Added 1 Repeaters (B: 0 I: 1). Built 1 Repeater Levels for driver u_main_controller_top/clock_gate_u_rst_framesync/countdown_reg/GCLK
 Phase delay: (max r/f: nan/0.148201  min r/f: nan/0.148201) : u_main_controller_top/clock_gate_u_rst_framesync/countdown_reg/CLK
-------------------------------------------------------------
 Echelon 2 gate by gate clock synthesis
 Gate level 10 clock tree synthesis
 Driving pin = u_main_controller_top/clock_gate_u_rst_framesync/frame_count_late_reg/GCLK
 Clocks: 
     system_clk (func)
     test_clk (func)
 Design rule constraints:
     max transition = 0.080000
     max capacitance = 0.600000
 Number of Sinks = 13
 Number of Gates = 0
 Number of Loads = 13
 Driver sized from CGLNPRX2_RVT to CGLNPRX2_LVT
 Added 1 Repeaters (B: 0 I: 1). Built 1 Repeater Levels for driver u_main_controller_top/clock_gate_u_rst_framesync/frame_count_late_reg/GCLK
 Phase delay: (max r/f: nan/0.148659  min r/f: nan/0.148659) : u_main_controller_top/clock_gate_u_rst_framesync/frame_count_late_reg/CLK
-------------------------------------------------------------
 Echelon 2 gate by gate clock synthesis
 Gate level 10 clock tree synthesis
 Driving pin = u_main_controller_top/clock_gate_u_rst_framesync/frame_count_early_reg/GCLK
 Clocks: 
     system_clk (func)
     test_clk (func)
 Design rule constraints:
     max transition = 0.080000
     max capacitance = 0.600000
 Number of Sinks = 13
 Number of Gates = 0
 Number of Loads = 13
 Driver sized from CGLNPRX2_HVT to CGLNPRX2_LVT
 Added 1 Repeaters (B: 0 I: 1). Built 1 Repeater Levels for driver u_main_controller_top/clock_gate_u_rst_framesync/frame_count_early_reg/GCLK
 Phase delay: (max r/f: nan/0.147190  min r/f: nan/0.147190) : u_main_controller_top/clock_gate_u_rst_framesync/frame_count_early_reg/CLK
-------------------------------------------------------------
 Echelon 2 gate by gate clock synthesis
 Gate level 10 clock tree synthesis
 Driving pin = u_main_controller_top/u_main_controller/u_fifo_sync_d256x11_f116_ewa_mem/u_rf_d256x11_f116_wrap/clock_gate_u_rf_d256x11_f116_bist/bist_addr_reg/GCLK
 Clocks: 
     system_clk (func)
     test_clk (func)
 Design rule constraints:
     max transition = 0.080000
     max capacitance = 0.600000
 Number of Sinks = 8
 Number of Gates = 0
 Number of Loads = 8
 Added 0 Repeaters (B: 0 I: 0). Built 0 Repeater Levels for driver u_main_controller_top/u_main_controller/u_fifo_sync_d256x11_f116_ewa_mem/u_rf_d256x11_f116_wrap/clock_gate_u_rf_d256x11_f116_bist/bist_addr_reg/GCLK
 Phase delay: (max r/f: nan/0.180988  min r/f: nan/0.180988) : u_main_controller_top/u_main_controller/u_fifo_sync_d256x11_f116_ewa_mem/u_rf_d256x11_f116_wrap/clock_gate_u_rf_d256x11_f116_bist/bist_addr_reg/CLK
-------------------------------------------------------------
 Echelon 2 gate by gate clock synthesis
 Gate level 10 clock tree synthesis
 Driving pin = u_main_controller_top/u_main_controller/u_fifo_sync_d256x11_f116_ewa_mem/clock_gate_rd_pointer_reg/GCLK
 Clocks: 
     system_clk (func)
     test_clk (func)
 Design rule constraints:
     max transition = 0.080000
     max capacitance = 0.600000
 Number of Sinks = 8
 Number of Gates = 0
 Number of Loads = 8
 Driver sized from CGLNPRX2_HVT to CGLNPRX2_LVT
 Added 1 Repeaters (B: 0 I: 1). Built 1 Repeater Levels for driver u_main_controller_top/u_main_controller/u_fifo_sync_d256x11_f116_ewa_mem/clock_gate_rd_pointer_reg/GCLK
 Phase delay: (max r/f: nan/0.143757  min r/f: nan/0.143757) : u_main_controller_top/u_main_controller/u_fifo_sync_d256x11_f116_ewa_mem/clock_gate_rd_pointer_reg/CLK
-------------------------------------------------------------
 Echelon 2 gate by gate clock synthesis
 Gate level 10 clock tree synthesis
 Driving pin = u_main_controller_top/u_main_controller/u_fifo_sync_d256x11_f116_ewa_mem/clock_gate_status_pointer_reg/GCLK
 Clocks: 
     system_clk (func)
     test_clk (func)
 Design rule constraints:
     max transition = 0.080000
     max capacitance = 0.600000
 Number of Sinks = 8
 Number of Gates = 0
 Number of Loads = 8
 Added 0 Repeaters (B: 0 I: 0). Built 0 Repeater Levels for driver u_main_controller_top/u_main_controller/u_fifo_sync_d256x11_f116_ewa_mem/clock_gate_status_pointer_reg/GCLK
 Phase delay: (max r/f: nan/0.187855  min r/f: nan/0.187855) : u_main_controller_top/u_main_controller/u_fifo_sync_d256x11_f116_ewa_mem/clock_gate_status_pointer_reg/CLK
-------------------------------------------------------------
 Echelon 2 gate by gate clock synthesis
 Gate level 10 clock tree synthesis
 Driving pin = u_main_controller_top/u_main_controller/u_fifo_sync_d256x11_f116_ewa_mem/clock_gate_wr_pointer_reg/GCLK
 Clocks: 
     system_clk (func)
     test_clk (func)
 Design rule constraints:
     max transition = 0.080000
     max capacitance = 0.600000
 Number of Sinks = 8
 Number of Gates = 0
 Number of Loads = 8
 Driver sized from CGLNPRX2_HVT to CGLNPRX2_LVT
 Added 1 Repeaters (B: 0 I: 1). Built 1 Repeater Levels for driver u_main_controller_top/u_main_controller/u_fifo_sync_d256x11_f116_ewa_mem/clock_gate_wr_pointer_reg/GCLK
 Phase delay: (max r/f: nan/0.142860  min r/f: nan/0.142860) : u_main_controller_top/u_main_controller/u_fifo_sync_d256x11_f116_ewa_mem/clock_gate_wr_pointer_reg/CLK
-------------------------------------------------------------
 Echelon 2 gate by gate clock synthesis
 Gate level 10 clock tree synthesis
 Driving pin = u_main_controller_top/u_main_controller/u_sr_d512x72f116_MMS0_wrap/clock_gate_u_sr_d512x72f116_MMS0_bist/bist_addr_reg/GCLK
 Clocks: 
     system_clk (func)
     test_clk (func)
 Design rule constraints:
     max transition = 0.080000
     max capacitance = 0.600000
 Number of Sinks = 9
 Number of Gates = 0
 Number of Loads = 9
 Added 0 Repeaters (B: 0 I: 0). Built 0 Repeater Levels for driver u_main_controller_top/u_main_controller/u_sr_d512x72f116_MMS0_wrap/clock_gate_u_sr_d512x72f116_MMS0_bist/bist_addr_reg/GCLK
 Phase delay: (max r/f: nan/0.187092  min r/f: nan/0.187092) : u_main_controller_top/u_main_controller/u_sr_d512x72f116_MMS0_wrap/clock_gate_u_sr_d512x72f116_MMS0_bist/bist_addr_reg/CLK
-------------------------------------------------------------
 Echelon 2 gate by gate clock synthesis
 Gate level 10 clock tree synthesis
 Driving pin = u_main_controller_top/u_main_controller/u_sr_d512x72f116_MMS1_wrap/clock_gate_u_sr_d512x72f116_MMS1_bist/bist_addr_reg/GCLK
 Clocks: 
     system_clk (func)
     test_clk (func)
 Design rule constraints:
     max transition = 0.080000
     max capacitance = 0.600000
 Number of Sinks = 9
 Number of Gates = 0
 Number of Loads = 9
 Added 0 Repeaters (B: 0 I: 0). Built 0 Repeater Levels for driver u_main_controller_top/u_main_controller/u_sr_d512x72f116_MMS1_wrap/clock_gate_u_sr_d512x72f116_MMS1_bist/bist_addr_reg/GCLK
 Phase delay: (max r/f: nan/0.186024  min r/f: nan/0.186024) : u_main_controller_top/u_main_controller/u_sr_d512x72f116_MMS1_wrap/clock_gate_u_sr_d512x72f116_MMS1_bist/bist_addr_reg/CLK
-------------------------------------------------------------
 Echelon 2 gate by gate clock synthesis
 Gate level 10 clock tree synthesis
 Driving pin = u_main_controller_top/u_main_controller/u_address_fifo/u_rf_d256x17_f166_wrap/clock_gate_u_rf_d256x17_f166_bist/bist_2nd_reg/GCLK
 Clocks: 
     system_clk (func)
     test_clk (func)
 Design rule constraints:
     max transition = 0.080000
     max capacitance = 0.600000
 Number of Sinks = 3
 Number of Gates = 0
 Number of Loads = 3
 Added 0 Repeaters (B: 0 I: 0). Built 0 Repeater Levels for driver u_main_controller_top/u_main_controller/u_address_fifo/u_rf_d256x17_f166_wrap/clock_gate_u_rf_d256x17_f166_bist/bist_2nd_reg/GCLK
 Phase delay: (max r/f: nan/0.217171  min r/f: nan/0.217171) : u_main_controller_top/u_main_controller/u_address_fifo/u_rf_d256x17_f166_wrap/clock_gate_u_rf_d256x17_f166_bist/bist_2nd_reg/CLK
-------------------------------------------------------------
 Echelon 2 gate by gate clock synthesis
 Gate level 10 clock tree synthesis
 Driving pin = u_main_controller_top/u_main_controller/u_fifo_sync_d16x50_f116_ptr_ud_fifo/clock_gate_rd_pointer_reg/GCLK
 Clocks: 
     system_clk (func)
     test_clk (func)
 Design rule constraints:
     max transition = 0.080000
     max capacitance = 0.600000
 Number of Sinks = 4
 Number of Gates = 0
 Number of Loads = 4
 Added 0 Repeaters (B: 0 I: 0). Built 0 Repeater Levels for driver u_main_controller_top/u_main_controller/u_fifo_sync_d16x50_f116_ptr_ud_fifo/clock_gate_rd_pointer_reg/GCLK
 Phase delay: (max r/f: nan/0.242634  min r/f: nan/0.242634) : u_main_controller_top/u_main_controller/u_fifo_sync_d16x50_f116_ptr_ud_fifo/clock_gate_rd_pointer_reg/CLK
-------------------------------------------------------------
 Echelon 2 gate by gate clock synthesis
 Gate level 10 clock tree synthesis
 Driving pin = u_main_controller_top/u_main_controller/u_fifo_sync_d16x50_f116_ptr_ud_fifo/clock_gate_wr_pointer_reg/GCLK
 Clocks: 
     system_clk (func)
     test_clk (func)
 Design rule constraints:
     max transition = 0.080000
     max capacitance = 0.600000
 Number of Sinks = 4
 Number of Gates = 0
 Number of Loads = 4
 Added 0 Repeaters (B: 0 I: 0). Built 0 Repeater Levels for driver u_main_controller_top/u_main_controller/u_fifo_sync_d16x50_f116_ptr_ud_fifo/clock_gate_wr_pointer_reg/GCLK
 Phase delay: (max r/f: nan/0.248241  min r/f: nan/0.248241) : u_main_controller_top/u_main_controller/u_fifo_sync_d16x50_f116_ptr_ud_fifo/clock_gate_wr_pointer_reg/CLK
-------------------------------------------------------------
 Echelon 2 gate by gate clock synthesis
 Gate level 10 clock tree synthesis
 Driving pin = u_main_controller_top/u_main_controller/clock_gate_bits_reg/GCLK
 Clocks: 
     system_clk (func)
     test_clk (func)
 Design rule constraints:
     max transition = 0.080000
     max capacitance = 0.600000
 Number of Sinks = 6
 Number of Gates = 0
 Number of Loads = 6
 Added 0 Repeaters (B: 0 I: 0). Built 0 Repeater Levels for driver u_main_controller_top/u_main_controller/clock_gate_bits_reg/GCLK
 Phase delay: (max r/f: nan/0.259914  min r/f: nan/0.259914) : u_main_controller_top/u_main_controller/clock_gate_bits_reg/CLK
-------------------------------------------------------------
 Echelon 2 gate by gate clock synthesis
 Gate level 10 clock tree synthesis
 Driving pin = u_main_controller_top/u_main_controller/clock_gate_active_numrows_early_reg/GCLK
 Clocks: 
     system_clk (func)
     test_clk (func)
 Design rule constraints:
     max transition = 0.080000
     max capacitance = 0.600000
 Number of Sinks = 5
 Number of Gates = 0
 Number of Loads = 5
 Added 0 Repeaters (B: 0 I: 0). Built 0 Repeater Levels for driver u_main_controller_top/u_main_controller/clock_gate_active_numrows_early_reg/GCLK
 Phase delay: (max r/f: nan/0.227261  min r/f: nan/0.227261) : u_main_controller_top/u_main_controller/clock_gate_active_numrows_early_reg/CLK
-------------------------------------------------------------
 Echelon 2 gate by gate clock synthesis
 Gate level 10 clock tree synthesis
 Driving pin = u_main_controller_top/u_main_controller/clock_gate_line_update_count_reg/GCLK
 Clocks: 
     system_clk (func)
     test_clk (func)
 Design rule constraints:
     max transition = 0.080000
     max capacitance = 0.600000
 Number of Sinks = 5
 Number of Gates = 0
 Number of Loads = 5
 Added 0 Repeaters (B: 0 I: 0). Built 0 Repeater Levels for driver u_main_controller_top/u_main_controller/clock_gate_line_update_count_reg/GCLK
 Phase delay: (max r/f: nan/0.257473  min r/f: nan/0.257473) : u_main_controller_top/u_main_controller/clock_gate_line_update_count_reg/CLK
-------------------------------------------------------------
 Echelon 2 gate by gate clock synthesis
 Gate level 10 clock tree synthesis
 Driving pin = u_main_controller_top/u_main_controller/clock_gate_outorder_reg/GCLK
 Clocks: 
     system_clk (func)
     test_clk (func)
 Design rule constraints:
     max transition = 0.080000
     max capacitance = 0.600000
 Number of Sinks = 4
 Number of Gates = 0
 Number of Loads = 4
 Added 0 Repeaters (B: 0 I: 0). Built 0 Repeater Levels for driver u_main_controller_top/u_main_controller/clock_gate_outorder_reg/GCLK
 Phase delay: (max r/f: nan/0.241947  min r/f: nan/0.241947) : u_main_controller_top/u_main_controller/clock_gate_outorder_reg/CLK
-------------------------------------------------------------
 Echelon 2 gate by gate clock synthesis
 Gate level 10 clock tree synthesis
 Driving pin = u_main_controller_top/u_main_controller/clock_gate_mm_count_reg/GCLK
 Clocks: 
     system_clk (func)
     test_clk (func)
 Design rule constraints:
     max transition = 0.080000
     max capacitance = 0.600000
 Number of Sinks = 28
 Number of Gates = 0
 Number of Loads = 28
 Driver sized from CGLNPRX2_RVT to CGLNPRX2_LVT
 Added 1 Repeaters (B: 0 I: 1). Built 1 Repeater Levels for driver u_main_controller_top/u_main_controller/clock_gate_mm_count_reg/GCLK
 Phase delay: (max r/f: nan/0.172558  min r/f: nan/0.172558) : u_main_controller_top/u_main_controller/clock_gate_mm_count_reg/CLK
-------------------------------------------------------------
 Echelon 2 gate by gate clock synthesis
 Gate level 10 clock tree synthesis
 Driving pin = u_main_controller_top/u_main_controller/clock_gate_outorder_reg_32/GCLK
 Clocks: 
     system_clk (func)
     test_clk (func)
 Design rule constraints:
     max transition = 0.080000
     max capacitance = 0.600000
 Number of Sinks = 4
 Number of Gates = 0
 Number of Loads = 4
 Added 0 Repeaters (B: 0 I: 0). Built 0 Repeater Levels for driver u_main_controller_top/u_main_controller/clock_gate_outorder_reg_32/GCLK
 Phase delay: (max r/f: nan/0.231915  min r/f: nan/0.231915) : u_main_controller_top/u_main_controller/clock_gate_outorder_reg_32/CLK
-------------------------------------------------------------
 Echelon 2 gate by gate clock synthesis
 Gate level 10 clock tree synthesis
 Driving pin = u_main_controller_top/u_main_controller/clock_gate_outorder_reg_40/GCLK
 Clocks: 
     system_clk (func)
     test_clk (func)
 Design rule constraints:
     max transition = 0.080000
     max capacitance = 0.600000
 Number of Sinks = 4
 Number of Gates = 0
 Number of Loads = 4
 Added 0 Repeaters (B: 0 I: 0). Built 0 Repeater Levels for driver u_main_controller_top/u_main_controller/clock_gate_outorder_reg_40/GCLK
 Phase delay: (max r/f: nan/0.243511  min r/f: nan/0.243511) : u_main_controller_top/u_main_controller/clock_gate_outorder_reg_40/CLK
-------------------------------------------------------------
 Echelon 2 gate by gate clock synthesis
 Gate level 10 clock tree synthesis
 Driving pin = u_main_controller_top/u_main_controller/clock_gate_outorder_reg_39/GCLK
 Clocks: 
     system_clk (func)
     test_clk (func)
 Design rule constraints:
     max transition = 0.080000
     max capacitance = 0.600000
 Number of Sinks = 4
 Number of Gates = 0
 Number of Loads = 4
 Added 0 Repeaters (B: 0 I: 0). Built 0 Repeater Levels for driver u_main_controller_top/u_main_controller/clock_gate_outorder_reg_39/GCLK
 Phase delay: (max r/f: nan/0.247288  min r/f: nan/0.247288) : u_main_controller_top/u_main_controller/clock_gate_outorder_reg_39/CLK
-------------------------------------------------------------
 Echelon 2 gate by gate clock synthesis
 Gate level 5 clock tree synthesis
 Driving pin = u_clk_gen/clock_gate_u_power_manager/count_reg/GCLK
 Clocks: 
     system_clk (func)
 Design rule constraints:
     max transition = 0.080000
     max capacitance = 0.600000
 Number of Sinks = 32
 Number of Gates = 0
 Number of Loads = 32
 Driver sized from CGLNPRX2_RVT to CGLNPRX2_LVT
 Added 1 Repeaters (B: 0 I: 1). Built 1 Repeater Levels for driver u_clk_gen/clock_gate_u_power_manager/count_reg/GCLK
 Phase delay: (max r/f: nan/0.156994  min r/f: nan/0.156994) : u_clk_gen/clock_gate_u_power_manager/count_reg/CLK
-------------------------------------------------------------
 Echelon 2 gate by gate clock synthesis
 Gate level 5 clock tree synthesis
 Driving pin = clock_gate_u_i2c_control/u_DI2CSB/R00005_reg/GCLK
 Clocks: 
     system_clk (func)
 Design rule constraints:
     max transition = 0.080000
     max capacitance = 0.600000
 Number of Sinks = 7
 Number of Gates = 0
 Number of Loads = 7
 Added 0 Repeaters (B: 0 I: 0). Built 0 Repeater Levels for driver clock_gate_u_i2c_control/u_DI2CSB/R00005_reg/GCLK
 Phase delay: (max r/f: nan/0.173836  min r/f: nan/0.173836) : clock_gate_u_i2c_control/u_DI2CSB/R00005_reg/CLK
-------------------------------------------------------------
 Echelon 2 gate by gate clock synthesis
 Gate level 5 clock tree synthesis
 Driving pin = clock_gate_u_register_map_control/final_choice_reg/GCLK
 Clocks: 
     system_clk (func)
 Design rule constraints:
     max transition = 0.080000
     max capacitance = 0.600000
 Number of Sinks = 31
 Number of Gates = 0
 Number of Loads = 31
 Added 1 Repeaters (B: 0 I: 1). Built 1 Repeater Levels for driver clock_gate_u_register_map_control/final_choice_reg/GCLK
 Phase delay: (max r/f: nan/0.169296  min r/f: nan/0.169296) : clock_gate_u_register_map_control/final_choice_reg/CLK
-------------------------------------------------------------
 Echelon 2 gate by gate clock synthesis
 Gate level 5 clock tree synthesis
 Driving pin = u_main_controller_top/u_main_controller/clock_gate_cur_static_mem_section_reg/GCLK
 Clocks: 
     system_clk (func)
 Design rule constraints:
     max transition = 0.080000
     max capacitance = 0.600000
 Number of Sinks = 3
 Number of Gates = 0
 Number of Loads = 3
 Added 0 Repeaters (B: 0 I: 0). Built 0 Repeater Levels for driver u_main_controller_top/u_main_controller/clock_gate_cur_static_mem_section_reg/GCLK
 Phase delay: (max r/f: nan/0.210342  min r/f: nan/0.210342) : u_main_controller_top/u_main_controller/clock_gate_cur_static_mem_section_reg/CLK
-------------------------------------------------------------
 Echelon 2 gate by gate clock synthesis
 Gate level 5 clock tree synthesis
 Driving pin = u_main_controller_top/u_main_controller/clock_gate_eram_write_addr_usba_reg/GCLK
 Clocks: 
     system_clk (func)
 Design rule constraints:
     max transition = 0.080000
     max capacitance = 0.600000
 Number of Sinks = 48
 Number of Gates = 0
 Number of Loads = 48
 Driver sized from CGLNPRX2_RVT to CGLNPRX8_LVT
 Added 2 Repeaters (B: 0 I: 2). Built 1 Repeater Levels for driver u_main_controller_top/u_main_controller/clock_gate_eram_write_addr_usba_reg/GCLK
 Phase delay: (max r/f: nan/0.187664  min r/f: nan/0.187664) : u_main_controller_top/u_main_controller/clock_gate_eram_write_addr_usba_reg/CLK
-------------------------------------------------------------
 Echelon 2 gate by gate clock synthesis
 Gate level 5 clock tree synthesis
 Driving pin = u_main_controller_top/u_main_controller/clock_gate_ewa_static_count_reg/GCLK
 Clocks: 
     system_clk (func)
 Design rule constraints:
     max transition = 0.080000
     max capacitance = 0.600000
 Number of Sinks = 4
 Number of Gates = 0
 Number of Loads = 4
 Added 0 Repeaters (B: 0 I: 0). Built 0 Repeater Levels for driver u_main_controller_top/u_main_controller/clock_gate_ewa_static_count_reg/GCLK
 Phase delay: (max r/f: nan/0.208435  min r/f: nan/0.208435) : u_main_controller_top/u_main_controller/clock_gate_ewa_static_count_reg/CLK
-------------------------------------------------------------
 Echelon 2 gate by gate clock synthesis
 Gate level 5 clock tree synthesis
 Driving pin = u_main_controller_top/u_main_controller/clock_gate_ewa_static_din1_reg/GCLK
 Clocks: 
     system_clk (func)
 Design rule constraints:
     max transition = 0.080000
     max capacitance = 0.600000
 Number of Sinks = 16
 Number of Gates = 0
 Number of Loads = 16
 Driver sized from CGLNPRX2_HVT to CGLNPRX2_LVT
 Added 1 Repeaters (B: 0 I: 1). Built 1 Repeater Levels for driver u_main_controller_top/u_main_controller/clock_gate_ewa_static_din1_reg/GCLK
 Phase delay: (max r/f: nan/0.152168  min r/f: nan/0.152168) : u_main_controller_top/u_main_controller/clock_gate_ewa_static_din1_reg/CLK
-------------------------------------------------------------
 Echelon 2 gate by gate clock synthesis
 Gate level 5 clock tree synthesis
 Driving pin = u_main_controller_top/u_main_controller/clock_gate_load_count_reg/GCLK
 Clocks: 
     system_clk (func)
 Design rule constraints:
     max transition = 0.080000
     max capacitance = 0.600000
 Number of Sinks = 4
 Number of Gates = 0
 Number of Loads = 4
 Added 0 Repeaters (B: 0 I: 0). Built 0 Repeater Levels for driver u_main_controller_top/u_main_controller/clock_gate_load_count_reg/GCLK
 Phase delay: (max r/f: nan/0.210819  min r/f: nan/0.210819) : u_main_controller_top/u_main_controller/clock_gate_load_count_reg/CLK
-------------------------------------------------------------
 Echelon 2 gate by gate clock synthesis
 Gate level 5 clock tree synthesis
 Driving pin = u_main_controller_top/u_main_controller/clock_gate_load_global_parameters_cnt_reg/GCLK
 Clocks: 
     system_clk (func)
 Design rule constraints:
     max transition = 0.080000
     max capacitance = 0.600000
 Number of Sinks = 4
 Number of Gates = 0
 Number of Loads = 4
 Added 0 Repeaters (B: 0 I: 0). Built 0 Repeater Levels for driver u_main_controller_top/u_main_controller/clock_gate_load_global_parameters_cnt_reg/GCLK
 Phase delay: (max r/f: nan/0.220451  min r/f: nan/0.220451) : u_main_controller_top/u_main_controller/clock_gate_load_global_parameters_cnt_reg/CLK
-------------------------------------------------------------
 Echelon 2 gate by gate clock synthesis
 Gate level 5 clock tree synthesis
 Driving pin = u_main_controller_top/u_main_controller/clock_gate_load_parameters_din_reg/GCLK
 Clocks: 
     system_clk (func)
 Design rule constraints:
     max transition = 0.080000
     max capacitance = 0.600000
 Number of Sinks = 34
 Number of Gates = 0
 Number of Loads = 34
 Driver sized from CGLNPRX2_HVT to CGLNPRX8_LVT
 Added 2 Repeaters (B: 0 I: 2). Built 1 Repeater Levels for driver u_main_controller_top/u_main_controller/clock_gate_load_parameters_din_reg/GCLK
 Phase delay: (max r/f: nan/0.184956  min r/f: nan/0.184956) : u_main_controller_top/u_main_controller/clock_gate_load_parameters_din_reg/CLK
-------------------------------------------------------------
 Echelon 2 gate by gate clock synthesis
 Gate level 5 clock tree synthesis
 Driving pin = u_main_controller_top/u_main_controller/clock_gate_load_parameters_cnt_reg/GCLK
 Clocks: 
     system_clk (func)
 Design rule constraints:
     max transition = 0.080000
     max capacitance = 0.600000
 Number of Sinks = 4
 Number of Gates = 0
 Number of Loads = 4
 Added 0 Repeaters (B: 0 I: 0). Built 0 Repeater Levels for driver u_main_controller_top/u_main_controller/clock_gate_load_parameters_cnt_reg/GCLK
 Phase delay: (max r/f: nan/0.209751  min r/f: nan/0.209751) : u_main_controller_top/u_main_controller/clock_gate_load_parameters_cnt_reg/CLK
-------------------------------------------------------------
 Echelon 2 gate by gate clock synthesis
 Gate level 5 clock tree synthesis
 Driving pin = u_main_controller_top/u_main_controller/clock_gate_mirror_mem_din_0_reg/GCLK
 Clocks: 
     system_clk (func)
 Design rule constraints:
     max transition = 0.080000
     max capacitance = 0.600000
 Number of Sinks = 216
 Number of Gates = 0
 Number of Loads = 216
 Driver sized from CGLNPRX2_HVT to CGLNPRX2_LVT
 Added 15 Repeaters (B: 0 I: 15). Built 3 Repeater Levels for driver u_main_controller_top/u_main_controller/clock_gate_mirror_mem_din_0_reg/GCLK
 Phase delay: (max r/f: nan/0.225525  min r/f: nan/0.225525) : u_main_controller_top/u_main_controller/clock_gate_mirror_mem_din_0_reg/CLK
-------------------------------------------------------------
 Echelon 2 gate by gate clock synthesis
 Gate level 5 clock tree synthesis
 Driving pin = u_datapath/u_gamma_flash_fifo_control/clock_gate_fifo_din_reg/GCLK
 Clocks: 
     system_clk (func)
 Design rule constraints:
     max transition = 0.080000
     max capacitance = 0.600000
 Number of Sinks = 28
 Number of Gates = 0
 Number of Loads = 28
 Driver sized from CGLNPRX8_RVT to CGLNPRX2_LVT
 Added 1 Repeaters (B: 0 I: 1). Built 1 Repeater Levels for driver u_datapath/u_gamma_flash_fifo_control/clock_gate_fifo_din_reg/GCLK
 Phase delay: (max r/f: nan/0.171871  min r/f: nan/0.171871) : u_datapath/u_gamma_flash_fifo_control/clock_gate_fifo_din_reg/CLK
-------------------------------------------------------------
 Echelon 2 gate by gate clock synthesis
 Gate level 5 clock tree synthesis
 Driving pin = u_datapath/u_gamma_flash_fifo_control/u_load_mem_fifo/clock_gate_u_wptr_full_load_mem_fifo/wbin_reg/GCLK
 Clocks: 
     system_clk (func)
 Design rule constraints:
     max transition = 0.080000
     max capacitance = 0.600000
 Number of Sinks = 5
 Number of Gates = 0
 Number of Loads = 5
 Added 0 Repeaters (B: 0 I: 0). Built 0 Repeater Levels for driver u_datapath/u_gamma_flash_fifo_control/u_load_mem_fifo/clock_gate_u_wptr_full_load_mem_fifo/wbin_reg/GCLK
 Phase delay: (max r/f: nan/0.213604  min r/f: nan/0.213604) : u_datapath/u_gamma_flash_fifo_control/u_load_mem_fifo/clock_gate_u_wptr_full_load_mem_fifo/wbin_reg/CLK
-------------------------------------------------------------
 Echelon 2 gate by gate clock synthesis
 Gate level 5 clock tree synthesis
 Driving pin = clock_gate_u_register_map_control/choice_P_reg/GCLK
 Clocks: 
     system_clk (func)
 Design rule constraints:
     max transition = 0.080000
     max capacitance = 0.600000
 Number of Sinks = 24
 Number of Gates = 0
 Number of Loads = 24
 Driver sized from CGLNPRX2_RVT to CGLNPRX2_LVT
 Added 1 Repeaters (B: 0 I: 1). Built 1 Repeater Levels for driver clock_gate_u_register_map_control/choice_P_reg/GCLK
 Phase delay: (max r/f: nan/0.171204  min r/f: nan/0.171204) : clock_gate_u_register_map_control/choice_P_reg/CLK
-------------------------------------------------------------
 Echelon 2 gate by gate clock synthesis
 Gate level 5 clock tree synthesis
 Driving pin = clock_gate_u_register_map_control/choice_I_reg/GCLK
 Clocks: 
     system_clk (func)
 Design rule constraints:
     max transition = 0.080000
     max capacitance = 0.600000
 Number of Sinks = 24
 Number of Gates = 0
 Number of Loads = 24
 Driver sized from CGLNPRX2_RVT to CGLNPRX2_LVT
 Added 1 Repeaters (B: 0 I: 1). Built 1 Repeater Levels for driver clock_gate_u_register_map_control/choice_I_reg/GCLK
 Phase delay: (max r/f: nan/0.170326  min r/f: nan/0.170326) : clock_gate_u_register_map_control/choice_I_reg/CLK
-------------------------------------------------------------
 Echelon 2 gate by gate clock synthesis
 Gate level 5 clock tree synthesis
 Driving pin = clock_gate_u_register_map_control/choice_5f_reg/GCLK
 Clocks: 
     system_clk (func)
 Design rule constraints:
     max transition = 0.080000
     max capacitance = 0.600000
 Number of Sinks = 24
 Number of Gates = 0
 Number of Loads = 24
 Driver sized from CGLNPRX2_RVT to CGLNPRX2_LVT
 Added 1 Repeaters (B: 0 I: 1). Built 1 Repeater Levels for driver clock_gate_u_register_map_control/choice_5f_reg/GCLK
 Phase delay: (max r/f: nan/0.171413  min r/f: nan/0.171413) : clock_gate_u_register_map_control/choice_5f_reg/CLK
-------------------------------------------------------------
 Echelon 2 gate by gate clock synthesis
 Gate level 5 clock tree synthesis
 Driving pin = clock_gate_u_register_map_control/choice_30_reg/GCLK
 Clocks: 
     system_clk (func)
 Design rule constraints:
     max transition = 0.080000
     max capacitance = 0.600000
 Number of Sinks = 24
 Number of Gates = 0
 Number of Loads = 24
 Driver sized from CGLNPRX2_RVT to CGLNPRX2_LVT
 Added 1 Repeaters (B: 0 I: 1). Built 1 Repeater Levels for driver clock_gate_u_register_map_control/choice_30_reg/GCLK
 Phase delay: (max r/f: nan/0.167561  min r/f: nan/0.167561) : clock_gate_u_register_map_control/choice_30_reg/CLK
-------------------------------------------------------------
 Echelon 2 gate by gate clock synthesis
 Gate level 5 clock tree synthesis
 Driving pin = clock_gate_u_register_map_control/choice_31_reg/GCLK
 Clocks: 
     system_clk (func)
 Design rule constraints:
     max transition = 0.080000
     max capacitance = 0.600000
 Number of Sinks = 24
 Number of Gates = 0
 Number of Loads = 24
 Driver sized from CGLNPRX2_RVT to CGLNPRX2_LVT
 Added 1 Repeaters (B: 0 I: 1). Built 1 Repeater Levels for driver clock_gate_u_register_map_control/choice_31_reg/GCLK
 Phase delay: (max r/f: nan/0.169544  min r/f: nan/0.169544) : clock_gate_u_register_map_control/choice_31_reg/CLK
-------------------------------------------------------------
 Echelon 2 gate by gate clock synthesis
 Gate level 5 clock tree synthesis
 Driving pin = clock_gate_u_register_map_control/choice_F_reg/GCLK
 Clocks: 
     system_clk (func)
 Design rule constraints:
     max transition = 0.080000
     max capacitance = 0.600000
 Number of Sinks = 24
 Number of Gates = 0
 Number of Loads = 24
 Driver sized from CGLNPRX2_RVT to CGLNPRX2_LVT
 Added 1 Repeaters (B: 0 I: 1). Built 1 Repeater Levels for driver clock_gate_u_register_map_control/choice_F_reg/GCLK
 Phase delay: (max r/f: nan/0.171070  min r/f: nan/0.171070) : clock_gate_u_register_map_control/choice_F_reg/CLK
-------------------------------------------------------------
 Echelon 2 gate by gate clock synthesis
 Gate level 5 clock tree synthesis
 Driving pin = clock_gate_u_register_map_control/choice_3f_reg/GCLK
 Clocks: 
     system_clk (func)
 Design rule constraints:
     max transition = 0.080000
     max capacitance = 0.600000
 Number of Sinks = 24
 Number of Gates = 0
 Number of Loads = 24
 Driver sized from CGLNPRX2_RVT to CGLNPRX2_LVT
 Added 2 Repeaters (B: 0 I: 2). Built 1 Repeater Levels for driver clock_gate_u_register_map_control/choice_3f_reg/GCLK
 Phase delay: (max r/f: nan/0.165730  min r/f: nan/0.165730) : clock_gate_u_register_map_control/choice_3f_reg/CLK
-------------------------------------------------------------
 Echelon 2 gate by gate clock synthesis
 Gate level 5 clock tree synthesis
 Driving pin = clock_gate_u_register_map_control/choice_X_reg/GCLK
 Clocks: 
     system_clk (func)
 Design rule constraints:
     max transition = 0.080000
     max capacitance = 0.600000
 Number of Sinks = 24
 Number of Gates = 0
 Number of Loads = 24
 Driver sized from CGLNPRX2_RVT to CGLNPRX2_LVT
 Added 1 Repeaters (B: 0 I: 1). Built 1 Repeater Levels for driver clock_gate_u_register_map_control/choice_X_reg/GCLK
 Phase delay: (max r/f: nan/0.172462  min r/f: nan/0.172462) : clock_gate_u_register_map_control/choice_X_reg/CLK
-------------------------------------------------------------
 Echelon 2 gate by gate clock synthesis
 Gate level 5 clock tree synthesis
 Driving pin = clock_gate_u_register_map_control/choice_O_reg/GCLK
 Clocks: 
     system_clk (func)
 Design rule constraints:
     max transition = 0.080000
     max capacitance = 0.600000
 Number of Sinks = 24
 Number of Gates = 0
 Number of Loads = 24
 Driver sized from CGLNPRX2_RVT to CGLNPRX2_LVT
 Added 1 Repeaters (B: 0 I: 1). Built 1 Repeater Levels for driver clock_gate_u_register_map_control/choice_O_reg/GCLK
 Phase delay: (max r/f: nan/0.169888  min r/f: nan/0.169888) : clock_gate_u_register_map_control/choice_O_reg/CLK
-------------------------------------------------------------
 Echelon 2 gate by gate clock synthesis
 Gate level 5 clock tree synthesis
 Driving pin = clock_gate_u_register_map_control/choice_60_reg/GCLK
 Clocks: 
     system_clk (func)
 Design rule constraints:
     max transition = 0.080000
     max capacitance = 0.600000
 Number of Sinks = 24
 Number of Gates = 0
 Number of Loads = 24
 Driver sized from CGLNPRX2_RVT to CGLNPRX2_LVT
 Added 1 Repeaters (B: 0 I: 1). Built 1 Repeater Levels for driver clock_gate_u_register_map_control/choice_60_reg/GCLK
 Phase delay: (max r/f: nan/0.169296  min r/f: nan/0.169296) : clock_gate_u_register_map_control/choice_60_reg/CLK
-------------------------------------------------------------
 Echelon 2 gate by gate clock synthesis
 Gate level 5 clock tree synthesis
 Driving pin = clock_gate_u_register_map_control/choice_N_reg/GCLK
 Clocks: 
     system_clk (func)
 Design rule constraints:
     max transition = 0.080000
     max capacitance = 0.600000
 Number of Sinks = 24
 Number of Gates = 0
 Number of Loads = 24
 Driver sized from CGLNPRX2_RVT to CGLNPRX2_LVT
 Added 1 Repeaters (B: 0 I: 1). Built 1 Repeater Levels for driver clock_gate_u_register_map_control/choice_N_reg/GCLK
 Phase delay: (max r/f: nan/0.171604  min r/f: nan/0.171604) : clock_gate_u_register_map_control/choice_N_reg/CLK
-------------------------------------------------------------
 Echelon 2 gate by gate clock synthesis
 Gate level 5 clock tree synthesis
 Driving pin = clock_gate_u_register_map_control/choice_36_reg/GCLK
 Clocks: 
     system_clk (func)
 Design rule constraints:
     max transition = 0.080000
     max capacitance = 0.600000
 Number of Sinks = 24
 Number of Gates = 0
 Number of Loads = 24
 Driver sized from CGLNPRX2_RVT to CGLNPRX2_LVT
 Added 1 Repeaters (B: 0 I: 1). Built 1 Repeater Levels for driver clock_gate_u_register_map_control/choice_36_reg/GCLK
 Phase delay: (max r/f: nan/0.171356  min r/f: nan/0.171356) : clock_gate_u_register_map_control/choice_36_reg/CLK
-------------------------------------------------------------
 Echelon 2 gate by gate clock synthesis
 Gate level 5 clock tree synthesis
 Driving pin = clock_gate_u_register_map_control/choice_37_reg/GCLK
 Clocks: 
     system_clk (func)
 Design rule constraints:
     max transition = 0.080000
     max capacitance = 0.600000
 Number of Sinks = 24
 Number of Gates = 0
 Number of Loads = 24
 Driver sized from CGLNPRX2_RVT to CGLNPRX2_LVT
 Added 1 Repeaters (B: 0 I: 1). Built 1 Repeater Levels for driver clock_gate_u_register_map_control/choice_37_reg/GCLK
 Phase delay: (max r/f: nan/0.168762  min r/f: nan/0.168762) : clock_gate_u_register_map_control/choice_37_reg/CLK
-------------------------------------------------------------
 Echelon 2 gate by gate clock synthesis
 Gate level 5 clock tree synthesis
 Driving pin = clock_gate_u_register_map_control/choice_38_reg/GCLK
 Clocks: 
     system_clk (func)
 Design rule constraints:
     max transition = 0.080000
     max capacitance = 0.600000
 Number of Sinks = 24
 Number of Gates = 0
 Number of Loads = 24
 Driver sized from CGLNPRX2_RVT to CGLNPRX2_LVT
 Added 1 Repeaters (B: 0 I: 1). Built 1 Repeater Levels for driver clock_gate_u_register_map_control/choice_38_reg/GCLK
 Phase delay: (max r/f: nan/0.172043  min r/f: nan/0.172043) : clock_gate_u_register_map_control/choice_38_reg/CLK
-------------------------------------------------------------
 Echelon 2 gate by gate clock synthesis
 Gate level 5 clock tree synthesis
 Driving pin = clock_gate_u_register_map_control/choice_Y_reg/GCLK
 Clocks: 
     system_clk (func)
 Design rule constraints:
     max transition = 0.080000
     max capacitance = 0.600000
 Number of Sinks = 24
 Number of Gates = 0
 Number of Loads = 24
 Driver sized from CGLNPRX2_RVT to CGLNPRX2_LVT
 Added 1 Repeaters (B: 0 I: 1). Built 1 Repeater Levels for driver clock_gate_u_register_map_control/choice_Y_reg/GCLK
 Phase delay: (max r/f: nan/0.169792  min r/f: nan/0.169792) : clock_gate_u_register_map_control/choice_Y_reg/CLK
-------------------------------------------------------------
 Echelon 2 gate by gate clock synthesis
 Gate level 5 clock tree synthesis
 Driving pin = clock_gate_u_register_map_control/choice_G_reg/GCLK
 Clocks: 
     system_clk (func)
 Design rule constraints:
     max transition = 0.080000
     max capacitance = 0.600000
 Number of Sinks = 24
 Number of Gates = 0
 Number of Loads = 24
 Driver sized from CGLNPRX2_RVT to CGLNPRX2_LVT
 Added 1 Repeaters (B: 0 I: 1). Built 1 Repeater Levels for driver clock_gate_u_register_map_control/choice_G_reg/GCLK
 Phase delay: (max r/f: nan/0.165920  min r/f: nan/0.165920) : clock_gate_u_register_map_control/choice_G_reg/CLK
-------------------------------------------------------------
 Echelon 2 gate by gate clock synthesis
 Gate level 5 clock tree synthesis
 Driving pin = clock_gate_u_register_map_control/choice_2f_reg/GCLK
 Clocks: 
     system_clk (func)
 Design rule constraints:
     max transition = 0.080000
     max capacitance = 0.600000
 Number of Sinks = 24
 Number of Gates = 0
 Number of Loads = 24
 Driver sized from CGLNPRX2_RVT to CGLNPRX2_LVT
 Added 1 Repeaters (B: 0 I: 1). Built 1 Repeater Levels for driver clock_gate_u_register_map_control/choice_2f_reg/GCLK
 Phase delay: (max r/f: nan/0.168858  min r/f: nan/0.168858) : clock_gate_u_register_map_control/choice_2f_reg/CLK
-------------------------------------------------------------
 Echelon 2 gate by gate clock synthesis
 Gate level 5 clock tree synthesis
 Driving pin = clock_gate_u_register_map_control/choice_3e_reg/GCLK
 Clocks: 
     system_clk (func)
 Design rule constraints:
     max transition = 0.080000
     max capacitance = 0.600000
 Number of Sinks = 24
 Number of Gates = 0
 Number of Loads = 24
 Driver sized from CGLNPRX2_RVT to CGLNPRX2_LVT
 Added 1 Repeaters (B: 0 I: 1). Built 1 Repeater Levels for driver clock_gate_u_register_map_control/choice_3e_reg/GCLK
 Phase delay: (max r/f: nan/0.167503  min r/f: nan/0.167503) : clock_gate_u_register_map_control/choice_3e_reg/CLK
-------------------------------------------------------------
 Echelon 2 gate by gate clock synthesis
 Gate level 5 clock tree synthesis
 Driving pin = clock_gate_u_register_map_control/choice_2e_reg/GCLK
 Clocks: 
     system_clk (func)
 Design rule constraints:
     max transition = 0.080000
     max capacitance = 0.600000
 Number of Sinks = 24
 Number of Gates = 0
 Number of Loads = 24
 Driver sized from CGLNPRX2_RVT to CGLNPRX2_LVT
 Added 1 Repeaters (B: 0 I: 1). Built 1 Repeater Levels for driver clock_gate_u_register_map_control/choice_2e_reg/GCLK
 Phase delay: (max r/f: nan/0.171814  min r/f: nan/0.171814) : clock_gate_u_register_map_control/choice_2e_reg/CLK
-------------------------------------------------------------
 Echelon 2 gate by gate clock synthesis
 Gate level 5 clock tree synthesis
 Driving pin = clock_gate_u_register_map_control/choice_5e_reg/GCLK
 Clocks: 
     system_clk (func)
 Design rule constraints:
     max transition = 0.080000
     max capacitance = 0.600000
 Number of Sinks = 24
 Number of Gates = 0
 Number of Loads = 24
 Driver sized from CGLNPRX2_RVT to CGLNPRX2_LVT
 Added 1 Repeaters (B: 0 I: 1). Built 1 Repeater Levels for driver clock_gate_u_register_map_control/choice_5e_reg/GCLK
 Phase delay: (max r/f: nan/0.169926  min r/f: nan/0.169926) : clock_gate_u_register_map_control/choice_5e_reg/CLK
-------------------------------------------------------------
 Echelon 2 gate by gate clock synthesis
 Gate level 5 clock tree synthesis
 Driving pin = clock_gate_u_register_map_control/choice_3d_reg/GCLK
 Clocks: 
     system_clk (func)
 Design rule constraints:
     max transition = 0.080000
     max capacitance = 0.600000
 Number of Sinks = 24
 Number of Gates = 0
 Number of Loads = 24
 Driver sized from CGLNPRX2_RVT to CGLNPRX2_LVT
 Added 1 Repeaters (B: 0 I: 1). Built 1 Repeater Levels for driver clock_gate_u_register_map_control/choice_3d_reg/GCLK
 Phase delay: (max r/f: nan/0.168476  min r/f: nan/0.168476) : clock_gate_u_register_map_control/choice_3d_reg/CLK
-------------------------------------------------------------
 Echelon 2 gate by gate clock synthesis
 Gate level 5 clock tree synthesis
 Driving pin = clock_gate_u_register_map_control/choice_33_reg/GCLK
 Clocks: 
     system_clk (func)
 Design rule constraints:
     max transition = 0.080000
     max capacitance = 0.600000
 Number of Sinks = 24
 Number of Gates = 0
 Number of Loads = 24
 Driver sized from CGLNPRX2_RVT to CGLNPRX2_LVT
 Added 1 Repeaters (B: 0 I: 1). Built 1 Repeater Levels for driver clock_gate_u_register_map_control/choice_33_reg/GCLK
 Phase delay: (max r/f: nan/0.168152  min r/f: nan/0.168152) : clock_gate_u_register_map_control/choice_33_reg/CLK
-------------------------------------------------------------
 Echelon 2 gate by gate clock synthesis
 Gate level 5 clock tree synthesis
 Driving pin = clock_gate_u_register_map_control/choice_3a_reg/GCLK
 Clocks: 
     system_clk (func)
 Design rule constraints:
     max transition = 0.080000
     max capacitance = 0.600000
 Number of Sinks = 24
 Number of Gates = 0
 Number of Loads = 24
 Driver sized from CGLNPRX2_RVT to CGLNPRX2_LVT
 Added 1 Repeaters (B: 0 I: 1). Built 1 Repeater Levels for driver clock_gate_u_register_map_control/choice_3a_reg/GCLK
 Phase delay: (max r/f: nan/0.168934  min r/f: nan/0.168934) : clock_gate_u_register_map_control/choice_3a_reg/CLK
-------------------------------------------------------------
 Echelon 2 gate by gate clock synthesis
 Gate level 5 clock tree synthesis
 Driving pin = clock_gate_u_register_map_control/choice_35_reg/GCLK
 Clocks: 
     system_clk (func)
 Design rule constraints:
     max transition = 0.080000
     max capacitance = 0.600000
 Number of Sinks = 24
 Number of Gates = 0
 Number of Loads = 24
 Driver sized from CGLNPRX2_RVT to CGLNPRX2_LVT
 Added 1 Repeaters (B: 0 I: 1). Built 1 Repeater Levels for driver clock_gate_u_register_map_control/choice_35_reg/GCLK
 Phase delay: (max r/f: nan/0.166855  min r/f: nan/0.166855) : clock_gate_u_register_map_control/choice_35_reg/CLK
-------------------------------------------------------------
 Echelon 2 gate by gate clock synthesis
 Gate level 5 clock tree synthesis
 Driving pin = clock_gate_u_register_map_control/choice_34_reg/GCLK
 Clocks: 
     system_clk (func)
 Design rule constraints:
     max transition = 0.080000
     max capacitance = 0.600000
 Number of Sinks = 24
 Number of Gates = 0
 Number of Loads = 24
 Driver sized from CGLNPRX2_RVT to CGLNPRX2_LVT
 Added 1 Repeaters (B: 0 I: 1). Built 1 Repeater Levels for driver clock_gate_u_register_map_control/choice_34_reg/GCLK
 Phase delay: (max r/f: nan/0.166798  min r/f: nan/0.166798) : clock_gate_u_register_map_control/choice_34_reg/CLK
-------------------------------------------------------------
 Echelon 2 gate by gate clock synthesis
 Gate level 5 clock tree synthesis
 Driving pin = clock_gate_u_register_map_control/choice_Q_reg/GCLK
 Clocks: 
     system_clk (func)
 Design rule constraints:
     max transition = 0.080000
     max capacitance = 0.600000
 Number of Sinks = 24
 Number of Gates = 0
 Number of Loads = 24
 Driver sized from CGLNPRX2_RVT to CGLNPRX2_LVT
 Added 1 Repeaters (B: 0 I: 1). Built 1 Repeater Levels for driver clock_gate_u_register_map_control/choice_Q_reg/GCLK
 Phase delay: (max r/f: nan/0.172939  min r/f: nan/0.172939) : clock_gate_u_register_map_control/choice_Q_reg/CLK
-------------------------------------------------------------
 Echelon 2 gate by gate clock synthesis
 Gate level 5 clock tree synthesis
 Driving pin = clock_gate_u_register_map_control/choice_56_reg/GCLK
 Clocks: 
     system_clk (func)
 Design rule constraints:
     max transition = 0.080000
     max capacitance = 0.600000
 Number of Sinks = 24
 Number of Gates = 0
 Number of Loads = 24
 Driver sized from CGLNPRX2_RVT to CGLNPRX2_LVT
 Added 1 Repeaters (B: 0 I: 1). Built 1 Repeater Levels for driver clock_gate_u_register_map_control/choice_56_reg/GCLK
 Phase delay: (max r/f: nan/0.166550  min r/f: nan/0.166550) : clock_gate_u_register_map_control/choice_56_reg/CLK
-------------------------------------------------------------
 Echelon 2 gate by gate clock synthesis
 Gate level 5 clock tree synthesis
 Driving pin = clock_gate_u_register_map_control/choice_52_reg/GCLK
 Clocks: 
     system_clk (func)
 Design rule constraints:
     max transition = 0.080000
     max capacitance = 0.600000
 Number of Sinks = 24
 Number of Gates = 0
 Number of Loads = 24
 Driver sized from CGLNPRX2_RVT to CGLNPRX2_LVT
 Added 1 Repeaters (B: 0 I: 1). Built 1 Repeater Levels for driver clock_gate_u_register_map_control/choice_52_reg/GCLK
 Phase delay: (max r/f: nan/0.170307  min r/f: nan/0.170307) : clock_gate_u_register_map_control/choice_52_reg/CLK
-------------------------------------------------------------
 Echelon 2 gate by gate clock synthesis
 Gate level 5 clock tree synthesis
 Driving pin = clock_gate_u_register_map_control/choice_T_reg/GCLK
 Clocks: 
     system_clk (func)
 Design rule constraints:
     max transition = 0.080000
     max capacitance = 0.600000
 Number of Sinks = 24
 Number of Gates = 0
 Number of Loads = 24
 Driver sized from CGLNPRX2_RVT to CGLNPRX2_LVT
 Added 1 Repeaters (B: 0 I: 1). Built 1 Repeater Levels for driver clock_gate_u_register_map_control/choice_T_reg/GCLK
 Phase delay: (max r/f: nan/0.169868  min r/f: nan/0.169868) : clock_gate_u_register_map_control/choice_T_reg/CLK
-------------------------------------------------------------
 Echelon 2 gate by gate clock synthesis
 Gate level 5 clock tree synthesis
 Driving pin = clock_gate_u_register_map_control/choice_5a_reg/GCLK
 Clocks: 
     system_clk (func)
 Design rule constraints:
     max transition = 0.080000
     max capacitance = 0.600000
 Number of Sinks = 24
 Number of Gates = 0
 Number of Loads = 24
 Driver sized from CGLNPRX2_RVT to CGLNPRX2_LVT
 Added 1 Repeaters (B: 0 I: 1). Built 1 Repeater Levels for driver clock_gate_u_register_map_control/choice_5a_reg/GCLK
 Phase delay: (max r/f: nan/0.171356  min r/f: nan/0.171356) : clock_gate_u_register_map_control/choice_5a_reg/CLK
-------------------------------------------------------------
 Echelon 2 gate by gate clock synthesis
 Gate level 5 clock tree synthesis
 Driving pin = clock_gate_u_register_map_control/choice_04_reg/GCLK
 Clocks: 
     system_clk (func)
 Design rule constraints:
     max transition = 0.080000
     max capacitance = 0.600000
 Number of Sinks = 24
 Number of Gates = 0
 Number of Loads = 24
 Driver sized from CGLNPRX2_RVT to CGLNPRX2_LVT
 Added 1 Repeaters (B: 0 I: 1). Built 1 Repeater Levels for driver clock_gate_u_register_map_control/choice_04_reg/GCLK
 Phase delay: (max r/f: nan/0.168648  min r/f: nan/0.168648) : clock_gate_u_register_map_control/choice_04_reg/CLK
-------------------------------------------------------------
 Echelon 2 gate by gate clock synthesis
 Gate level 5 clock tree synthesis
 Driving pin = clock_gate_u_register_map_control/choice_B_reg/GCLK
 Clocks: 
     system_clk (func)
 Design rule constraints:
     max transition = 0.080000
     max capacitance = 0.600000
 Number of Sinks = 24
 Number of Gates = 0
 Number of Loads = 24
 Driver sized from CGLNPRX2_RVT to CGLNPRX2_LVT
 Added 1 Repeaters (B: 0 I: 1). Built 1 Repeater Levels for driver clock_gate_u_register_map_control/choice_B_reg/GCLK
 Phase delay: (max r/f: nan/0.171757  min r/f: nan/0.171757) : clock_gate_u_register_map_control/choice_B_reg/CLK
-------------------------------------------------------------
 Echelon 2 gate by gate clock synthesis
 Gate level 5 clock tree synthesis
 Driving pin = clock_gate_u_register_map_control/choice_L_reg/GCLK
 Clocks: 
     system_clk (func)
 Design rule constraints:
     max transition = 0.080000
     max capacitance = 0.600000
 Number of Sinks = 24
 Number of Gates = 0
 Number of Loads = 24
 Driver sized from CGLNPRX2_RVT to CGLNPRX2_LVT
 Added 1 Repeaters (B: 0 I: 1). Built 1 Repeater Levels for driver clock_gate_u_register_map_control/choice_L_reg/GCLK
 Phase delay: (max r/f: nan/0.169201  min r/f: nan/0.169201) : clock_gate_u_register_map_control/choice_L_reg/CLK
-------------------------------------------------------------
 Echelon 2 gate by gate clock synthesis
 Gate level 5 clock tree synthesis
 Driving pin = clock_gate_u_register_map_control/choice_M_reg/GCLK
 Clocks: 
     system_clk (func)
 Design rule constraints:
     max transition = 0.080000
     max capacitance = 0.600000
 Number of Sinks = 24
 Number of Gates = 0
 Number of Loads = 24
 Driver sized from CGLNPRX2_RVT to CGLNPRX2_LVT
 Added 1 Repeaters (B: 0 I: 1). Built 1 Repeater Levels for driver clock_gate_u_register_map_control/choice_M_reg/GCLK
 Phase delay: (max r/f: nan/0.171738  min r/f: nan/0.171738) : clock_gate_u_register_map_control/choice_M_reg/CLK
-------------------------------------------------------------
 Echelon 2 gate by gate clock synthesis
 Gate level 5 clock tree synthesis
 Driving pin = clock_gate_u_register_map_control/choice_5b_reg/GCLK
 Clocks: 
     system_clk (func)
 Design rule constraints:
     max transition = 0.080000
     max capacitance = 0.600000
 Number of Sinks = 24
 Number of Gates = 0
 Number of Loads = 24
 Driver sized from CGLNPRX2_RVT to CGLNPRX2_LVT
 Added 1 Repeaters (B: 0 I: 1). Built 1 Repeater Levels for driver clock_gate_u_register_map_control/choice_5b_reg/GCLK
 Phase delay: (max r/f: nan/0.167789  min r/f: nan/0.167789) : clock_gate_u_register_map_control/choice_5b_reg/CLK
-------------------------------------------------------------
 Echelon 2 gate by gate clock synthesis
 Gate level 5 clock tree synthesis
 Driving pin = clock_gate_u_register_map_control/choice_J_reg/GCLK
 Clocks: 
     system_clk (func)
 Design rule constraints:
     max transition = 0.080000
     max capacitance = 0.600000
 Number of Sinks = 24
 Number of Gates = 0
 Number of Loads = 24
 Driver sized from CGLNPRX2_RVT to CGLNPRX2_LVT
 Added 1 Repeaters (B: 0 I: 1). Built 1 Repeater Levels for driver clock_gate_u_register_map_control/choice_J_reg/GCLK
 Phase delay: (max r/f: nan/0.170898  min r/f: nan/0.170898) : clock_gate_u_register_map_control/choice_J_reg/CLK
-------------------------------------------------------------
 Echelon 2 gate by gate clock synthesis
 Gate level 5 clock tree synthesis
 Driving pin = clock_gate_u_register_map_control/choice_E_reg/GCLK
 Clocks: 
     system_clk (func)
 Design rule constraints:
     max transition = 0.080000
     max capacitance = 0.600000
 Number of Sinks = 24
 Number of Gates = 0
 Number of Loads = 24
 Driver sized from CGLNPRX2_RVT to CGLNPRX2_LVT
 Added 1 Repeaters (B: 0 I: 1). Built 1 Repeater Levels for driver clock_gate_u_register_map_control/choice_E_reg/GCLK
 Phase delay: (max r/f: nan/0.167503  min r/f: nan/0.167503) : clock_gate_u_register_map_control/choice_E_reg/CLK
-------------------------------------------------------------
 Echelon 2 gate by gate clock synthesis
 Gate level 5 clock tree synthesis
 Driving pin = clock_gate_u_register_map_control/choice_D_reg/GCLK
 Clocks: 
     system_clk (func)
 Design rule constraints:
     max transition = 0.080000
     max capacitance = 0.600000
 Number of Sinks = 24
 Number of Gates = 0
 Number of Loads = 24
 Driver sized from CGLNPRX2_RVT to CGLNPRX2_LVT
 Added 1 Repeaters (B: 0 I: 1). Built 1 Repeater Levels for driver clock_gate_u_register_map_control/choice_D_reg/GCLK
 Phase delay: (max r/f: nan/0.168724  min r/f: nan/0.168724) : clock_gate_u_register_map_control/choice_D_reg/CLK
-------------------------------------------------------------
 Echelon 2 gate by gate clock synthesis
 Gate level 5 clock tree synthesis
 Driving pin = clock_gate_u_register_map_control/choice_C_reg/GCLK
 Clocks: 
     system_clk (func)
 Design rule constraints:
     max transition = 0.080000
     max capacitance = 0.600000
 Number of Sinks = 24
 Number of Gates = 0
 Number of Loads = 24
 Driver sized from CGLNPRX2_RVT to CGLNPRX2_LVT
 Added 1 Repeaters (B: 0 I: 1). Built 1 Repeater Levels for driver clock_gate_u_register_map_control/choice_C_reg/GCLK
 Phase delay: (max r/f: nan/0.167618  min r/f: nan/0.167618) : clock_gate_u_register_map_control/choice_C_reg/CLK
-------------------------------------------------------------
 Echelon 2 gate by gate clock synthesis
 Gate level 5 clock tree synthesis
 Driving pin = clock_gate_u_register_map_control/choice_43_reg/GCLK
 Clocks: 
     system_clk (func)
 Design rule constraints:
     max transition = 0.080000
     max capacitance = 0.600000
 Number of Sinks = 24
 Number of Gates = 0
 Number of Loads = 24
 Driver sized from CGLNPRX2_RVT to CGLNPRX2_LVT
 Added 1 Repeaters (B: 0 I: 1). Built 1 Repeater Levels for driver clock_gate_u_register_map_control/choice_43_reg/GCLK
 Phase delay: (max r/f: nan/0.168552  min r/f: nan/0.168552) : clock_gate_u_register_map_control/choice_43_reg/CLK
-------------------------------------------------------------
 Echelon 2 gate by gate clock synthesis
 Gate level 5 clock tree synthesis
 Driving pin = clock_gate_u_register_map_control/choice_5d_reg/GCLK
 Clocks: 
     system_clk (func)
 Design rule constraints:
     max transition = 0.080000
     max capacitance = 0.600000
 Number of Sinks = 24
 Number of Gates = 0
 Number of Loads = 24
 Driver sized from CGLNPRX2_RVT to CGLNPRX2_LVT
 Added 1 Repeaters (B: 0 I: 1). Built 1 Repeater Levels for driver clock_gate_u_register_map_control/choice_5d_reg/GCLK
 Phase delay: (max r/f: nan/0.168991  min r/f: nan/0.168991) : clock_gate_u_register_map_control/choice_5d_reg/CLK
-------------------------------------------------------------
 Echelon 2 gate by gate clock synthesis
 Gate level 5 clock tree synthesis
 Driving pin = clock_gate_u_register_map_control/choice_R_reg/GCLK
 Clocks: 
     system_clk (func)
 Design rule constraints:
     max transition = 0.080000
     max capacitance = 0.600000
 Number of Sinks = 24
 Number of Gates = 0
 Number of Loads = 24
 Driver sized from CGLNPRX2_RVT to CGLNPRX2_LVT
 Added 1 Repeaters (B: 0 I: 1). Built 1 Repeater Levels for driver clock_gate_u_register_map_control/choice_R_reg/GCLK
 Phase delay: (max r/f: nan/0.170422  min r/f: nan/0.170422) : clock_gate_u_register_map_control/choice_R_reg/CLK
-------------------------------------------------------------
 Echelon 2 gate by gate clock synthesis
 Gate level 5 clock tree synthesis
 Driving pin = clock_gate_u_register_map_control/choice_V_reg/GCLK
 Clocks: 
     system_clk (func)
 Design rule constraints:
     max transition = 0.080000
     max capacitance = 0.600000
 Number of Sinks = 24
 Number of Gates = 0
 Number of Loads = 24
 Driver sized from CGLNPRX2_RVT to CGLNPRX2_LVT
 Added 1 Repeaters (B: 0 I: 1). Built 1 Repeater Levels for driver clock_gate_u_register_map_control/choice_V_reg/GCLK
 Phase delay: (max r/f: nan/0.173016  min r/f: nan/0.173016) : clock_gate_u_register_map_control/choice_V_reg/CLK
-------------------------------------------------------------
 Echelon 2 gate by gate clock synthesis
 Gate level 5 clock tree synthesis
 Driving pin = clock_gate_u_register_map_control/choice_53_reg/GCLK
 Clocks: 
     system_clk (func)
 Design rule constraints:
     max transition = 0.080000
     max capacitance = 0.600000
 Number of Sinks = 24
 Number of Gates = 0
 Number of Loads = 24
 Driver sized from CGLNPRX2_RVT to CGLNPRX2_LVT
 Added 1 Repeaters (B: 0 I: 1). Built 1 Repeater Levels for driver clock_gate_u_register_map_control/choice_53_reg/GCLK
 Phase delay: (max r/f: nan/0.166893  min r/f: nan/0.166893) : clock_gate_u_register_map_control/choice_53_reg/CLK
-------------------------------------------------------------
 Echelon 2 gate by gate clock synthesis
 Gate level 5 clock tree synthesis
 Driving pin = clock_gate_u_register_map_control/choice_55_reg/GCLK
 Clocks: 
     system_clk (func)
 Design rule constraints:
     max transition = 0.080000
     max capacitance = 0.600000
 Number of Sinks = 24
 Number of Gates = 0
 Number of Loads = 24
 Driver sized from CGLNPRX2_RVT to CGLNPRX2_LVT
 Added 1 Repeaters (B: 0 I: 1). Built 1 Repeater Levels for driver clock_gate_u_register_map_control/choice_55_reg/GCLK
 Phase delay: (max r/f: nan/0.166512  min r/f: nan/0.166512) : clock_gate_u_register_map_control/choice_55_reg/CLK
-------------------------------------------------------------
 Echelon 2 gate by gate clock synthesis
 Gate level 5 clock tree synthesis
 Driving pin = clock_gate_u_register_map_control/choice_54_reg/GCLK
 Clocks: 
     system_clk (func)
 Design rule constraints:
     max transition = 0.080000
     max capacitance = 0.600000
 Number of Sinks = 24
 Number of Gates = 0
 Number of Loads = 24
 Driver sized from CGLNPRX2_RVT to CGLNPRX2_LVT
 Added 1 Repeaters (B: 0 I: 1). Built 1 Repeater Levels for driver clock_gate_u_register_map_control/choice_54_reg/GCLK
 Phase delay: (max r/f: nan/0.169029  min r/f: nan/0.169029) : clock_gate_u_register_map_control/choice_54_reg/CLK
-------------------------------------------------------------
 Echelon 2 gate by gate clock synthesis
 Gate level 5 clock tree synthesis
 Driving pin = clock_gate_u_register_map_control/choice_03_reg/GCLK
 Clocks: 
     system_clk (func)
 Design rule constraints:
     max transition = 0.080000
     max capacitance = 0.600000
 Number of Sinks = 24
 Number of Gates = 0
 Number of Loads = 24
 Added 1 Repeaters (B: 0 I: 1). Built 1 Repeater Levels for driver clock_gate_u_register_map_control/choice_03_reg/GCLK
 Phase delay: (max r/f: nan/0.172462  min r/f: nan/0.172462) : clock_gate_u_register_map_control/choice_03_reg/CLK
-------------------------------------------------------------
 Echelon 2 gate by gate clock synthesis
 Gate level 5 clock tree synthesis
 Driving pin = clock_gate_u_register_map_control/choice_W_reg/GCLK
 Clocks: 
     system_clk (func)
 Design rule constraints:
     max transition = 0.080000
     max capacitance = 0.600000
 Number of Sinks = 24
 Number of Gates = 0
 Number of Loads = 24
 Driver sized from CGLNPRX2_RVT to CGLNPRX2_LVT
 Added 1 Repeaters (B: 0 I: 1). Built 1 Repeater Levels for driver clock_gate_u_register_map_control/choice_W_reg/GCLK
 Phase delay: (max r/f: nan/0.166702  min r/f: nan/0.166702) : clock_gate_u_register_map_control/choice_W_reg/CLK
-------------------------------------------------------------
 Echelon 2 gate by gate clock synthesis
 Gate level 5 clock tree synthesis
 Driving pin = clock_gate_u_register_map_control/choice_5c_reg/GCLK
 Clocks: 
     system_clk (func)
 Design rule constraints:
     max transition = 0.080000
     max capacitance = 0.600000
 Number of Sinks = 24
 Number of Gates = 0
 Number of Loads = 24
 Driver sized from CGLNPRX2_RVT to CGLNPRX2_LVT
 Added 1 Repeaters (B: 0 I: 1). Built 1 Repeater Levels for driver clock_gate_u_register_map_control/choice_5c_reg/GCLK
 Phase delay: (max r/f: nan/0.167866  min r/f: nan/0.167866) : clock_gate_u_register_map_control/choice_5c_reg/CLK
-------------------------------------------------------------
 Echelon 2 gate by gate clock synthesis
 Gate level 5 clock tree synthesis
 Driving pin = clock_gate_u_register_map_control/choice_05_reg/GCLK
 Clocks: 
     system_clk (func)
 Design rule constraints:
     max transition = 0.080000
     max capacitance = 0.600000
 Number of Sinks = 24
 Number of Gates = 0
 Number of Loads = 24
 Driver sized from CGLNPRX2_RVT to CGLNPRX2_LVT
 Added 1 Repeaters (B: 0 I: 1). Built 1 Repeater Levels for driver clock_gate_u_register_map_control/choice_05_reg/GCLK
 Phase delay: (max r/f: nan/0.167999  min r/f: nan/0.167999) : clock_gate_u_register_map_control/choice_05_reg/CLK
-------------------------------------------------------------
 Echelon 2 gate by gate clock synthesis
 Gate level 5 clock tree synthesis
 Driving pin = clock_gate_u_register_map_control/choice_U_reg/GCLK
 Clocks: 
     system_clk (func)
 Design rule constraints:
     max transition = 0.080000
     max capacitance = 0.600000
 Number of Sinks = 24
 Number of Gates = 0
 Number of Loads = 24
 Driver sized from CGLNPRX2_RVT to CGLNPRX2_LVT
 Added 1 Repeaters (B: 0 I: 1). Built 1 Repeater Levels for driver clock_gate_u_register_map_control/choice_U_reg/GCLK
 Phase delay: (max r/f: nan/0.167179  min r/f: nan/0.167179) : clock_gate_u_register_map_control/choice_U_reg/CLK
-------------------------------------------------------------
 Echelon 2 gate by gate clock synthesis
 Gate level 5 clock tree synthesis
 Driving pin = clock_gate_u_i2c_control/i2c_in1_reg/GCLK
 Clocks: 
     system_clk (func)
 Design rule constraints:
     max transition = 0.080000
     max capacitance = 0.600000
 Number of Sinks = 8
 Number of Gates = 0
 Number of Loads = 8
 Added 0 Repeaters (B: 0 I: 0). Built 0 Repeater Levels for driver clock_gate_u_i2c_control/i2c_in1_reg/GCLK
 Phase delay: (max r/f: nan/0.169220  min r/f: nan/0.169220) : clock_gate_u_i2c_control/i2c_in1_reg/CLK
-------------------------------------------------------------
 Echelon 2 gate by gate clock synthesis
 Gate level 5 clock tree synthesis
 Driving pin = clock_gate_u_i2c_control/i2c_choice_reg/GCLK
 Clocks: 
     system_clk (func)
 Design rule constraints:
     max transition = 0.080000
     max capacitance = 0.600000
 Number of Sinks = 32
 Number of Gates = 0
 Number of Loads = 32
 Driver sized from CGLNPRX2_RVT to CGLNPRX2_LVT
 Added 1 Repeaters (B: 0 I: 1). Built 1 Repeater Levels for driver clock_gate_u_i2c_control/i2c_choice_reg/GCLK
 Phase delay: (max r/f: nan/0.168400  min r/f: nan/0.168400) : clock_gate_u_i2c_control/i2c_choice_reg/CLK
-------------------------------------------------------------
 Echelon 2 gate by gate clock synthesis
 Gate level 5 clock tree synthesis
 Driving pin = clock_gate_u_i2c_control/i2c_in3_reg/GCLK
 Clocks: 
     system_clk (func)
 Design rule constraints:
     max transition = 0.080000
     max capacitance = 0.600000
 Number of Sinks = 16
 Number of Gates = 0
 Number of Loads = 16
 Driver sized from CGLNPRX2_RVT to CGLNPRX2_LVT
 Added 1 Repeaters (B: 0 I: 1). Built 1 Repeater Levels for driver clock_gate_u_i2c_control/i2c_in3_reg/GCLK
 Phase delay: (max r/f: nan/0.149307  min r/f: nan/0.149307) : clock_gate_u_i2c_control/i2c_in3_reg/CLK
-------------------------------------------------------------
 Echelon 2 gate by gate clock synthesis
 Gate level 5 clock tree synthesis
 Driving pin = clock_gate_u_i2c_control/i2c_in2_reg/GCLK
 Clocks: 
     system_clk (func)
 Design rule constraints:
     max transition = 0.080000
     max capacitance = 0.600000
 Number of Sinks = 8
 Number of Gates = 0
 Number of Loads = 8
 Added 0 Repeaters (B: 0 I: 0). Built 0 Repeater Levels for driver clock_gate_u_i2c_control/i2c_in2_reg/GCLK
 Phase delay: (max r/f: nan/0.173683  min r/f: nan/0.173683) : clock_gate_u_i2c_control/i2c_in2_reg/CLK
-------------------------------------------------------------
 Echelon 2 gate by gate clock synthesis
 Gate level 5 clock tree synthesis
 Driving pin = clock_gate_u_i2c_control/u_DI2CSB/R0000C_reg/GCLK
 Clocks: 
     system_clk (func)
 Design rule constraints:
     max transition = 0.080000
     max capacitance = 0.600000
 Number of Sinks = 8
 Number of Gates = 0
 Number of Loads = 8
 Added 0 Repeaters (B: 0 I: 0). Built 0 Repeater Levels for driver clock_gate_u_i2c_control/u_DI2CSB/R0000C_reg/GCLK
 Phase delay: (max r/f: nan/0.173855  min r/f: nan/0.173855) : clock_gate_u_i2c_control/u_DI2CSB/R0000C_reg/CLK
-------------------------------------------------------------
 Echelon 2 gate by gate clock synthesis
 Gate level 5 clock tree synthesis
 Driving pin = clock_gate_u_register_map_control/choice_K_reg/GCLK
 Clocks: 
     system_clk (func)
 Design rule constraints:
     max transition = 0.080000
     max capacitance = 0.600000
 Number of Sinks = 24
 Number of Gates = 0
 Number of Loads = 24
 Driver sized from CGLNPRX2_RVT to CGLNPRX2_LVT
 Added 1 Repeaters (B: 0 I: 1). Built 1 Repeater Levels for driver clock_gate_u_register_map_control/choice_K_reg/GCLK
 Phase delay: (max r/f: nan/0.165653  min r/f: nan/0.165653) : clock_gate_u_register_map_control/choice_K_reg/CLK
-------------------------------------------------------------
 Echelon 2 gate by gate clock synthesis
 Gate level 5 clock tree synthesis
 Driving pin = clock_gate_u_register_map_control/choice_Z_reg/GCLK
 Clocks: 
     system_clk (func)
 Design rule constraints:
     max transition = 0.080000
     max capacitance = 0.600000
 Number of Sinks = 24
 Number of Gates = 0
 Number of Loads = 24
 Driver sized from CGLNPRX2_RVT to CGLNPRX2_LVT
 Added 1 Repeaters (B: 0 I: 1). Built 1 Repeater Levels for driver clock_gate_u_register_map_control/choice_Z_reg/GCLK
 Phase delay: (max r/f: nan/0.166607  min r/f: nan/0.166607) : clock_gate_u_register_map_control/choice_Z_reg/CLK
-------------------------------------------------------------
 Echelon 2 gate by gate clock synthesis
 Gate level 5 clock tree synthesis
 Driving pin = clock_gate_u_register_map_control/choice_S_reg/GCLK
 Clocks: 
     system_clk (func)
 Design rule constraints:
     max transition = 0.080000
     max capacitance = 0.600000
 Number of Sinks = 24
 Number of Gates = 0
 Number of Loads = 24
 Driver sized from CGLNPRX2_RVT to CGLNPRX2_LVT
 Added 1 Repeaters (B: 0 I: 1). Built 1 Repeater Levels for driver clock_gate_u_register_map_control/choice_S_reg/GCLK
 Phase delay: (max r/f: nan/0.171242  min r/f: nan/0.171242) : clock_gate_u_register_map_control/choice_S_reg/CLK
-------------------------------------------------------------
 Echelon 2 gate by gate clock synthesis
 Gate level 5 clock tree synthesis
 Driving pin = clock_gate_u_register_map_control/choice_A_reg/GCLK
 Clocks: 
     system_clk (func)
 Design rule constraints:
     max transition = 0.080000
     max capacitance = 0.600000
 Number of Sinks = 20
 Number of Gates = 0
 Number of Loads = 20
 Driver sized from CGLNPRX2_RVT to CGLNPRX2_LVT
 Added 1 Repeaters (B: 0 I: 1). Built 1 Repeater Levels for driver clock_gate_u_register_map_control/choice_A_reg/GCLK
 Phase delay: (max r/f: nan/0.169563  min r/f: nan/0.169563) : clock_gate_u_register_map_control/choice_A_reg/CLK
-------------------------------------------------------------
 Echelon 2 gate by gate clock synthesis
 Gate level 5 clock tree synthesis
 Driving pin = clock_gate_u_register_map_control/choice_41_reg/GCLK
 Clocks: 
     system_clk (func)
 Design rule constraints:
     max transition = 0.080000
     max capacitance = 0.600000
 Number of Sinks = 24
 Number of Gates = 0
 Number of Loads = 24
 Driver sized from CGLNPRX2_RVT to CGLNPRX2_LVT
 Added 1 Repeaters (B: 0 I: 1). Built 1 Repeater Levels for driver clock_gate_u_register_map_control/choice_41_reg/GCLK
 Phase delay: (max r/f: nan/0.166283  min r/f: nan/0.166283) : clock_gate_u_register_map_control/choice_41_reg/CLK
-------------------------------------------------------------
 Echelon 2 gate by gate clock synthesis
 Gate level 5 clock tree synthesis
 Driving pin = clock_gate_u_register_map_control/choice_H_reg/GCLK
 Clocks: 
     system_clk (func)
 Design rule constraints:
     max transition = 0.080000
     max capacitance = 0.600000
 Number of Sinks = 24
 Number of Gates = 0
 Number of Loads = 24
 Driver sized from CGLNPRX2_RVT to CGLNPRX2_LVT
 Added 1 Repeaters (B: 0 I: 1). Built 1 Repeater Levels for driver clock_gate_u_register_map_control/choice_H_reg/GCLK
 Phase delay: (max r/f: nan/0.170631  min r/f: nan/0.170631) : clock_gate_u_register_map_control/choice_H_reg/CLK
-------------------------------------------------------------
 Echelon 2 gate by gate clock synthesis
 Gate level 5 clock tree synthesis
 Driving pin = clock_gate_u_register_map_control/choice_32_reg/GCLK
 Clocks: 
     system_clk (func)
 Design rule constraints:
     max transition = 0.080000
     max capacitance = 0.600000
 Number of Sinks = 24
 Number of Gates = 0
 Number of Loads = 24
 Driver sized from CGLNPRX2_RVT to CGLNPRX2_LVT
 Added 1 Repeaters (B: 0 I: 1). Built 1 Repeater Levels for driver clock_gate_u_register_map_control/choice_32_reg/GCLK
 Phase delay: (max r/f: nan/0.169888  min r/f: nan/0.169888) : clock_gate_u_register_map_control/choice_32_reg/CLK
-------------------------------------------------------------
 Echelon 2 gate by gate clock synthesis
 Gate level 5 clock tree synthesis
 Driving pin = clock_gate_u_register_map_control/choice_3c_reg/GCLK
 Clocks: 
     system_clk (func)
 Design rule constraints:
     max transition = 0.080000
     max capacitance = 0.600000
 Number of Sinks = 24
 Number of Gates = 0
 Number of Loads = 24
 Added 1 Repeaters (B: 0 I: 1). Built 1 Repeater Levels for driver clock_gate_u_register_map_control/choice_3c_reg/GCLK
 Phase delay: (max r/f: nan/0.169601  min r/f: nan/0.169601) : clock_gate_u_register_map_control/choice_3c_reg/CLK
-------------------------------------------------------------
 Echelon 2 gate by gate clock synthesis
 Gate level 5 clock tree synthesis
 Driving pin = clock_gate_u_register_map_control/choice_3b_reg/GCLK
 Clocks: 
     system_clk (func)
 Design rule constraints:
     max transition = 0.080000
     max capacitance = 0.600000
 Number of Sinks = 24
 Number of Gates = 0
 Number of Loads = 24
 Driver sized from CGLNPRX2_RVT to CGLNPRX2_LVT
 Added 1 Repeaters (B: 0 I: 1). Built 1 Repeater Levels for driver clock_gate_u_register_map_control/choice_3b_reg/GCLK
 Phase delay: (max r/f: nan/0.170021  min r/f: nan/0.170021) : clock_gate_u_register_map_control/choice_3b_reg/CLK
-------------------------------------------------------------
 Echelon 2 gate by gate clock synthesis
 Gate level 5 clock tree synthesis
 Driving pin = clock_gate_u_register_map_control/choice_40_reg/GCLK
 Clocks: 
     system_clk (func)
 Design rule constraints:
     max transition = 0.080000
     max capacitance = 0.600000
 Number of Sinks = 24
 Number of Gates = 0
 Number of Loads = 24
 Driver sized from CGLNPRX2_RVT to CGLNPRX2_LVT
 Added 1 Repeaters (B: 0 I: 1). Built 1 Repeater Levels for driver clock_gate_u_register_map_control/choice_40_reg/GCLK
 Phase delay: (max r/f: nan/0.173817  min r/f: nan/0.173817) : clock_gate_u_register_map_control/choice_40_reg/CLK
-------------------------------------------------------------
 Echelon 2 gate by gate clock synthesis
 Gate level 5 clock tree synthesis
 Driving pin = clock_gate_u_register_map_control/choice_A_reg_7/GCLK
 Clocks: 
     system_clk (func)
 Design rule constraints:
     max transition = 0.080000
     max capacitance = 0.600000
 Number of Sinks = 4
 Number of Gates = 0
 Number of Loads = 4
 Added 0 Repeaters (B: 0 I: 0). Built 0 Repeater Levels for driver clock_gate_u_register_map_control/choice_A_reg_7/GCLK
 Phase delay: (max r/f: nan/0.234013  min r/f: nan/0.234013) : clock_gate_u_register_map_control/choice_A_reg_7/CLK
-------------------------------------------------------------
 Echelon 2 gate by gate clock synthesis
 Gate level 5 clock tree synthesis
 Driving pin = clock_gate_u_i2c_control/wr_count_reg/GCLK
 Clocks: 
     system_clk (func)
 Design rule constraints:
     max transition = 0.080000
     max capacitance = 0.600000
 Number of Sinks = 5
 Number of Gates = 0
 Number of Loads = 5
 Added 0 Repeaters (B: 0 I: 0). Built 0 Repeater Levels for driver clock_gate_u_i2c_control/wr_count_reg/GCLK
 Phase delay: (max r/f: nan/0.165482  min r/f: nan/0.165482) : clock_gate_u_i2c_control/wr_count_reg/CLK
-------------------------------------------------------------
 Echelon 2 gate by gate clock synthesis
 Gate level 8 clock tree synthesis
 Driving pin = clock_gate_u_flash_control/wordcount_reg/GCLK
 Clocks: 
     system_clk (func)
 Design rule constraints:
     max transition = 0.080000
     max capacitance = 0.600000
 Number of Sinks = 14
 Number of Gates = 0
 Number of Loads = 14
 Driver sized from CGLNPRX2_RVT to CGLNPRX2_LVT
 Added 1 Repeaters (B: 0 I: 1). Built 1 Repeater Levels for driver clock_gate_u_flash_control/wordcount_reg/GCLK
 Phase delay: (max r/f: nan/0.150490  min r/f: nan/0.150490) : clock_gate_u_flash_control/wordcount_reg/CLK
-------------------------------------------------------------
 Echelon 2 gate by gate clock synthesis
 Gate level 8 clock tree synthesis
 Driving pin = clock_gate_u_flash_control/regpage_reg/GCLK
 Clocks: 
     system_clk (func)
 Design rule constraints:
     max transition = 0.080000
     max capacitance = 0.600000
 Number of Sinks = 3
 Number of Gates = 0
 Number of Loads = 3
 Added 0 Repeaters (B: 0 I: 0). Built 0 Repeater Levels for driver clock_gate_u_flash_control/regpage_reg/GCLK
 Phase delay: (max r/f: nan/0.159321  min r/f: nan/0.159321) : clock_gate_u_flash_control/regpage_reg/CLK
-------------------------------------------------------------
 Echelon 2 gate by gate clock synthesis
 Gate level 8 clock tree synthesis
 Driving pin = clock_gate_u_freq_detect/u_gen_vsync/count_reg_16/GCLK
 Clocks: 
     system_clk (func)
 Design rule constraints:
     max transition = 0.080000
     max capacitance = 0.600000
 Number of Sinks = 5
 Number of Gates = 0
 Number of Loads = 5
 Added 0 Repeaters (B: 0 I: 0). Built 0 Repeater Levels for driver clock_gate_u_freq_detect/u_gen_vsync/count_reg_16/GCLK
 Phase delay: (max r/f: nan/0.216618  min r/f: nan/0.216618) : clock_gate_u_freq_detect/u_gen_vsync/count_reg_16/CLK
-------------------------------------------------------------
 Echelon 2 gate by gate clock synthesis
 Gate level 8 clock tree synthesis
 Driving pin = clock_gate_u_freq_detect/u_gen_vsync/count_reg_15/GCLK
 Clocks: 
     system_clk (func)
 Design rule constraints:
     max transition = 0.080000
     max capacitance = 0.600000
 Number of Sinks = 4
 Number of Gates = 0
 Number of Loads = 4
 Added 0 Repeaters (B: 0 I: 0). Built 0 Repeater Levels for driver clock_gate_u_freq_detect/u_gen_vsync/count_reg_15/GCLK
 Phase delay: (max r/f: nan/0.210552  min r/f: nan/0.210552) : clock_gate_u_freq_detect/u_gen_vsync/count_reg_15/CLK
-------------------------------------------------------------
 Echelon 2 gate by gate clock synthesis
 Gate level 8 clock tree synthesis
 Driving pin = clock_gate_u_freq_detect/u_gen_vsync/count_reg_14/GCLK
 Clocks: 
     system_clk (func)
 Design rule constraints:
     max transition = 0.080000
     max capacitance = 0.600000
 Number of Sinks = 5
 Number of Gates = 0
 Number of Loads = 5
 Added 0 Repeaters (B: 0 I: 0). Built 0 Repeater Levels for driver clock_gate_u_freq_detect/u_gen_vsync/count_reg_14/GCLK
 Phase delay: (max r/f: nan/0.212059  min r/f: nan/0.212059) : clock_gate_u_freq_detect/u_gen_vsync/count_reg_14/CLK
-------------------------------------------------------------
 Echelon 2 gate by gate clock synthesis
 Gate level 8 clock tree synthesis
 Driving pin = clock_gate_u_freq_detect/u_gen_vsync/count_reg_13/GCLK
 Clocks: 
     system_clk (func)
 Design rule constraints:
     max transition = 0.080000
     max capacitance = 0.600000
 Number of Sinks = 5
 Number of Gates = 0
 Number of Loads = 5
 Added 0 Repeaters (B: 0 I: 0). Built 0 Repeater Levels for driver clock_gate_u_freq_detect/u_gen_vsync/count_reg_13/GCLK
 Phase delay: (max r/f: nan/0.212898  min r/f: nan/0.212898) : clock_gate_u_freq_detect/u_gen_vsync/count_reg_13/CLK
-------------------------------------------------------------
 Echelon 2 gate by gate clock synthesis
 Gate level 8 clock tree synthesis
 Driving pin = clock_gate_u_freq_detect/u_gen_vsync/count_reg_12/GCLK
 Clocks: 
     system_clk (func)
 Design rule constraints:
     max transition = 0.080000
     max capacitance = 0.600000
 Number of Sinks = 5
 Number of Gates = 0
 Number of Loads = 5
 Added 0 Repeaters (B: 0 I: 0). Built 0 Repeater Levels for driver clock_gate_u_freq_detect/u_gen_vsync/count_reg_12/GCLK
 Phase delay: (max r/f: nan/0.229588  min r/f: nan/0.229588) : clock_gate_u_freq_detect/u_gen_vsync/count_reg_12/CLK
-------------------------------------------------------------
 Echelon 2 gate by gate clock synthesis
 Gate level 8 clock tree synthesis
 Driving pin = clock_gate_u_freq_detect/u_gen_vsync/count_reg/GCLK
 Clocks: 
     system_clk (func)
 Design rule constraints:
     max transition = 0.080000
     max capacitance = 0.600000
 Number of Sinks = 5
 Number of Gates = 0
 Number of Loads = 5
 Added 0 Repeaters (B: 0 I: 0). Built 0 Repeater Levels for driver clock_gate_u_freq_detect/u_gen_vsync/count_reg/GCLK
 Phase delay: (max r/f: nan/0.213490  min r/f: nan/0.213490) : clock_gate_u_freq_detect/u_gen_vsync/count_reg/CLK
-------------------------------------------------------------
 Echelon 2 gate by gate clock synthesis
 Gate level 8 clock tree synthesis
 Driving pin = clock_gate_u_freq_detect/level_0_reg/GCLK
 Clocks: 
     system_clk (func)
 Design rule constraints:
     max transition = 0.080000
     max capacitance = 0.600000
 Number of Sinks = 126
 Number of Gates = 0
 Number of Loads = 126
 Added 12 Repeaters (B: 0 I: 12). Built 3 Repeater Levels for driver clock_gate_u_freq_detect/level_0_reg/GCLK
 Phase delay: (max r/f: nan/0.247955  min r/f: nan/0.247955) : clock_gate_u_freq_detect/level_0_reg/CLK
-------------------------------------------------------------
 Echelon 2 gate by gate clock synthesis
 Gate level 8 clock tree synthesis
 Driving pin = clock_gate_u_freq_detect/freq_reg/GCLK
 Clocks: 
     system_clk (func)
 Design rule constraints:
     max transition = 0.080000
     max capacitance = 0.600000
 Number of Sinks = 4
 Number of Gates = 0
 Number of Loads = 4
 Added 0 Repeaters (B: 0 I: 0). Built 0 Repeater Levels for driver clock_gate_u_freq_detect/freq_reg/GCLK
 Phase delay: (max r/f: nan/0.278778  min r/f: nan/0.278778) : clock_gate_u_freq_detect/freq_reg/CLK
-------------------------------------------------------------
 Echelon 2 gate by gate clock synthesis
 Gate level 8 clock tree synthesis
 Driving pin = clock_gate_u_freq_detect/count1_reg/GCLK
 Clocks: 
     system_clk (func)
 Design rule constraints:
     max transition = 0.080000
     max capacitance = 0.600000
 Number of Sinks = 59
 Number of Gates = 0
 Number of Loads = 59
 Driver sized from CGLNPRX8_RVT to CGLNPRX8_LVT
 Added 3 Repeaters (B: 0 I: 3). Built 1 Repeater Levels for driver clock_gate_u_freq_detect/count1_reg/GCLK
 Phase delay: (max r/f: nan/0.194454  min r/f: nan/0.194454) : clock_gate_u_freq_detect/count1_reg/CLK
-------------------------------------------------------------
 Echelon 2 gate by gate clock synthesis
 Gate level 8 clock tree synthesis
 Driving pin = clock_gate_u_flash_control/u_flash_control_counter/sd_count_reg/GCLK
 Clocks: 
     system_clk (func)
 Design rule constraints:
     max transition = 0.080000
     max capacitance = 0.600000
 Number of Sinks = 6
 Number of Gates = 0
 Number of Loads = 6
 Added 1 Repeaters (B: 0 I: 1). Built 1 Repeater Levels for driver clock_gate_u_flash_control/u_flash_control_counter/sd_count_reg/GCLK
 Phase delay: (max r/f: nan/0.154209  min r/f: nan/0.154209) : clock_gate_u_flash_control/u_flash_control_counter/sd_count_reg/CLK
-------------------------------------------------------------
 Echelon 2 gate by gate clock synthesis
 Gate level 8 clock tree synthesis
 Driving pin = clock_gate_u_flash_control/u_flash_control_counter/count_reg/GCLK
 Clocks: 
     system_clk (func)
 Design rule constraints:
     max transition = 0.080000
     max capacitance = 0.600000
 Number of Sinks = 9
 Number of Gates = 0
 Number of Loads = 9
 Added 0 Repeaters (B: 0 I: 0). Built 0 Repeater Levels for driver clock_gate_u_flash_control/u_flash_control_counter/count_reg/GCLK
 Phase delay: (max r/f: nan/0.170784  min r/f: nan/0.170784) : clock_gate_u_flash_control/u_flash_control_counter/count_reg/CLK
-------------------------------------------------------------
 Echelon 2 gate by gate clock synthesis
 Gate level 8 clock tree synthesis
 Driving pin = clock_gate_u_flash_control/step1_reg_11/GCLK
 Clocks: 
     system_clk (func)
 Design rule constraints:
     max transition = 0.080000
     max capacitance = 0.600000
 Number of Sinks = 24
 Number of Gates = 0
 Number of Loads = 24
 Added 2 Repeaters (B: 0 I: 2). Built 1 Repeater Levels for driver clock_gate_u_flash_control/step1_reg_11/GCLK
 Phase delay: (max r/f: nan/0.162926  min r/f: nan/0.162926) : clock_gate_u_flash_control/step1_reg_11/CLK
-------------------------------------------------------------
 Echelon 2 gate by gate clock synthesis
 Gate level 8 clock tree synthesis
 Driving pin = clock_gate_u_flash_control/step1_reg_10/GCLK
 Clocks: 
     system_clk (func)
 Design rule constraints:
     max transition = 0.080000
     max capacitance = 0.600000
 Number of Sinks = 48
 Number of Gates = 0
 Number of Loads = 48
 Driver sized from CGLNPRX8_RVT to CGLNPRX8_LVT
 Added 2 Repeaters (B: 0 I: 2). Built 1 Repeater Levels for driver clock_gate_u_flash_control/step1_reg_10/GCLK
 Phase delay: (max r/f: nan/0.190563  min r/f: nan/0.190563) : clock_gate_u_flash_control/step1_reg_10/CLK
-------------------------------------------------------------
 Echelon 2 gate by gate clock synthesis
 Gate level 8 clock tree synthesis
 Driving pin = clock_gate_u_flash_control/step1_reg/GCLK
 Clocks: 
     system_clk (func)
 Design rule constraints:
     max transition = 0.080000
     max capacitance = 0.600000
 Number of Sinks = 24
 Number of Gates = 0
 Number of Loads = 24
 Driver sized from CGLNPRX2_RVT to CGLNPRX2_LVT
 Added 2 Repeaters (B: 0 I: 2). Built 1 Repeater Levels for driver clock_gate_u_flash_control/step1_reg/GCLK
 Phase delay: (max r/f: nan/0.169868  min r/f: nan/0.169868) : clock_gate_u_flash_control/step1_reg/CLK
-------------------------------------------------------------
 Echelon 2 gate by gate clock synthesis
 Gate level 8 clock tree synthesis
 Driving pin = clock_gate_u_flash_control/startup_dly_reg/GCLK
 Clocks: 
     system_clk (func)
 Design rule constraints:
     max transition = 0.080000
     max capacitance = 0.600000
 Number of Sinks = 5
 Number of Gates = 0
 Number of Loads = 5
 Added 0 Repeaters (B: 0 I: 0). Built 0 Repeater Levels for driver clock_gate_u_flash_control/startup_dly_reg/GCLK
 Phase delay: (max r/f: nan/0.230885  min r/f: nan/0.230885) : clock_gate_u_flash_control/startup_dly_reg/CLK
-------------------------------------------------------------
 Echelon 2 gate by gate clock synthesis
 Gate level 8 clock tree synthesis
 Driving pin = clock_gate_u_flash_control/skipcount_reg/GCLK
 Clocks: 
     system_clk (func)
 Design rule constraints:
     max transition = 0.080000
     max capacitance = 0.600000
 Number of Sinks = 7
 Number of Gates = 0
 Number of Loads = 7
 Added 0 Repeaters (B: 0 I: 0). Built 0 Repeater Levels for driver clock_gate_u_flash_control/skipcount_reg/GCLK
 Phase delay: (max r/f: nan/0.218563  min r/f: nan/0.218563) : clock_gate_u_flash_control/skipcount_reg/CLK
-------------------------------------------------------------
 Echelon 2 gate by gate clock synthesis
 Gate level 8 clock tree synthesis
 Driving pin = clock_gate_u_flash_control/sg1_reg/GCLK
 Clocks: 
     system_clk (func)
 Design rule constraints:
     max transition = 0.080000
     max capacitance = 0.600000
 Number of Sinks = 5
 Number of Gates = 0
 Number of Loads = 5
 Added 0 Repeaters (B: 0 I: 0). Built 0 Repeater Levels for driver clock_gate_u_flash_control/sg1_reg/GCLK
 Phase delay: (max r/f: nan/0.227718  min r/f: nan/0.227718) : clock_gate_u_flash_control/sg1_reg/CLK
-------------------------------------------------------------
 Echelon 2 gate by gate clock synthesis
 Gate level 8 clock tree synthesis
 Driving pin = clock_gate_u_flash_control/read_count_reg/GCLK
 Clocks: 
     system_clk (func)
 Design rule constraints:
     max transition = 0.080000
     max capacitance = 0.600000
 Number of Sinks = 4
 Number of Gates = 0
 Number of Loads = 4
 Added 0 Repeaters (B: 0 I: 0). Built 0 Repeater Levels for driver clock_gate_u_flash_control/read_count_reg/GCLK
 Phase delay: (max r/f: nan/0.211182  min r/f: nan/0.211182) : clock_gate_u_flash_control/read_count_reg/CLK
-------------------------------------------------------------
 Echelon 2 gate by gate clock synthesis
 Gate level 8 clock tree synthesis
 Driving pin = clock_gate_u_flash_control/rd_sched_addr_reg/GCLK
 Clocks: 
     system_clk (func)
 Design rule constraints:
     max transition = 0.080000
     max capacitance = 0.600000
 Number of Sinks = 11
 Number of Gates = 0
 Number of Loads = 11
 Driver sized from CGLNPRX2_RVT to CGLNPRX2_LVT
 Added 1 Repeaters (B: 0 I: 1). Built 1 Repeater Levels for driver clock_gate_u_flash_control/rd_sched_addr_reg/GCLK
 Phase delay: (max r/f: nan/0.151196  min r/f: nan/0.151196) : clock_gate_u_flash_control/rd_sched_addr_reg/CLK
-------------------------------------------------------------
 Echelon 2 gate by gate clock synthesis
 Gate level 8 clock tree synthesis
 Driving pin = clock_gate_u_flash_control/pagecount_reg/GCLK
 Clocks: 
     system_clk (func)
 Design rule constraints:
     max transition = 0.080000
     max capacitance = 0.600000
 Number of Sinks = 7
 Number of Gates = 0
 Number of Loads = 7
 Added 0 Repeaters (B: 0 I: 0). Built 0 Repeater Levels for driver clock_gate_u_flash_control/pagecount_reg/GCLK
 Phase delay: (max r/f: nan/0.143776  min r/f: nan/0.143776) : clock_gate_u_flash_control/pagecount_reg/CLK
-------------------------------------------------------------
 Echelon 2 gate by gate clock synthesis
 Gate level 8 clock tree synthesis
 Driving pin = clock_gate_u_flash_control/flashcontrol_addr_reg/GCLK
 Clocks: 
     system_clk (func)
 Design rule constraints:
     max transition = 0.080000
     max capacitance = 0.600000
 Number of Sinks = 11
 Number of Gates = 0
 Number of Loads = 11
 Added 1 Repeaters (B: 0 I: 1). Built 1 Repeater Levels for driver clock_gate_u_flash_control/flashcontrol_addr_reg/GCLK
 Phase delay: (max r/f: nan/0.151920  min r/f: nan/0.151920) : clock_gate_u_flash_control/flashcontrol_addr_reg/CLK
-------------------------------------------------------------
 Echelon 2 gate by gate clock synthesis
 Gate level 8 clock tree synthesis
 Driving pin = clock_gate_u_flash_control/flash2control_dout_reg_9/GCLK
 Clocks: 
     system_clk (func)
 Design rule constraints:
     max transition = 0.080000
     max capacitance = 0.600000
 Number of Sinks = 24
 Number of Gates = 0
 Number of Loads = 24
 Driver sized from CGLNPRX8_HVT to CGLNPRX2_LVT
 Added 1 Repeaters (B: 0 I: 1). Built 1 Repeater Levels for driver clock_gate_u_flash_control/flash2control_dout_reg_9/GCLK
 Phase delay: (max r/f: nan/0.167847  min r/f: nan/0.167847) : clock_gate_u_flash_control/flash2control_dout_reg_9/CLK
-------------------------------------------------------------
 Echelon 2 gate by gate clock synthesis
 Gate level 8 clock tree synthesis
 Driving pin = clock_gate_u_flash_control/flash2control_dout_reg_8/GCLK
 Clocks: 
     system_clk (func)
 Design rule constraints:
     max transition = 0.080000
     max capacitance = 0.600000
 Number of Sinks = 24
 Number of Gates = 0
 Number of Loads = 24
 Driver sized from CGLNPRX8_RVT to CGLNPRX2_LVT
 Added 1 Repeaters (B: 0 I: 1). Built 1 Repeater Levels for driver clock_gate_u_flash_control/flash2control_dout_reg_8/GCLK
 Phase delay: (max r/f: nan/0.168381  min r/f: nan/0.168381) : clock_gate_u_flash_control/flash2control_dout_reg_8/CLK
-------------------------------------------------------------
 Echelon 2 gate by gate clock synthesis
 Gate level 8 clock tree synthesis
 Driving pin = clock_gate_u_flash_control/flash2control_dout_reg/GCLK
 Clocks: 
     system_clk (func)
 Design rule constraints:
     max transition = 0.080000
     max capacitance = 0.600000
 Number of Sinks = 24
 Number of Gates = 0
 Number of Loads = 24
 Driver sized from CGLNPRX2_HVT to CGLNPRX2_LVT
 Added 1 Repeaters (B: 0 I: 1). Built 1 Repeater Levels for driver clock_gate_u_flash_control/flash2control_dout_reg/GCLK
 Phase delay: (max r/f: nan/0.169449  min r/f: nan/0.169449) : clock_gate_u_flash_control/flash2control_dout_reg/CLK
-------------------------------------------------------------
 Echelon 2 gate by gate clock synthesis
 Gate level 8 clock tree synthesis
 Driving pin = clock_gate_u_flash_control/outreg3_reg/GCLK
 Clocks: 
     system_clk (func)
 Design rule constraints:
     max transition = 0.080000
     max capacitance = 0.600000
 Number of Sinks = 81
 Number of Gates = 0
 Number of Loads = 81
 Driver sized from CGLNPRX8_RVT to CGLNPRX8_LVT
 Added 4 Repeaters (B: 0 I: 4). Built 1 Repeater Levels for driver clock_gate_u_flash_control/outreg3_reg/GCLK
 Phase delay: (max r/f: nan/0.212040  min r/f: nan/0.212040) : clock_gate_u_flash_control/outreg3_reg/CLK
-------------------------------------------------------------
 Echelon 2 gate by gate clock synthesis
 Gate level 8 clock tree synthesis
 Driving pin = clock_gate_u_flash_control/choice_ver_reg/GCLK
 Clocks: 
     system_clk (func)
 Design rule constraints:
     max transition = 0.080000
     max capacitance = 0.600000
 Number of Sinks = 24
 Number of Gates = 0
 Number of Loads = 24
 Driver sized from CGLNPRX2_RVT to CGLNPRX2_LVT
 Added 1 Repeaters (B: 0 I: 1). Built 1 Repeater Levels for driver clock_gate_u_flash_control/choice_ver_reg/GCLK
 Phase delay: (max r/f: nan/0.165405  min r/f: nan/0.165405) : clock_gate_u_flash_control/choice_ver_reg/CLK
-------------------------------------------------------------
 Echelon 2 gate by gate clock synthesis
 Gate level 8 clock tree synthesis
 Driving pin = clock_gate_u_flash_control/bitcount_reg/GCLK
 Clocks: 
     system_clk (func)
 Design rule constraints:
     max transition = 0.080000
     max capacitance = 0.600000
 Number of Sinks = 6
 Number of Gates = 0
 Number of Loads = 6
 Added 0 Repeaters (B: 0 I: 0). Built 0 Repeater Levels for driver clock_gate_u_flash_control/bitcount_reg/GCLK
 Phase delay: (max r/f: nan/0.216541  min r/f: nan/0.216541) : clock_gate_u_flash_control/bitcount_reg/CLK
-------------------------------------------------------------
 Echelon 2 gate by gate clock synthesis
 Gate level 8 clock tree synthesis
 Driving pin = clock_gate_u_flash_control/outreg1_reg/GCLK
 Clocks: 
     system_clk (func)
 Design rule constraints:
     max transition = 0.080000
     max capacitance = 0.600000
 Number of Sinks = 32
 Number of Gates = 0
 Number of Loads = 32
 Added 1 Repeaters (B: 0 I: 1). Built 1 Repeater Levels for driver clock_gate_u_flash_control/outreg1_reg/GCLK
 Phase delay: (max r/f: nan/0.175686  min r/f: nan/0.175686) : clock_gate_u_flash_control/outreg1_reg/CLK
-------------------------------------------------------------
 Echelon 2 gate by gate clock synthesis
 Gate level 8 clock tree synthesis
 Driving pin = clock_gate_u_flash_control/dout_reg/GCLK
 Clocks: 
     system_clk (func)
 Design rule constraints:
     max transition = 0.080000
     max capacitance = 0.600000
 Number of Sinks = 32
 Number of Gates = 0
 Number of Loads = 32
 Driver sized from CGLNPRX2_HVT to CGLNPRX2_LVT
 Added 1 Repeaters (B: 0 I: 1). Built 1 Repeater Levels for driver clock_gate_u_flash_control/dout_reg/GCLK
 Phase delay: (max r/f: nan/0.170135  min r/f: nan/0.170135) : clock_gate_u_flash_control/dout_reg/CLK
-------------------------------------------------------------
 Echelon 2 gate by gate clock synthesis
 Gate level 8 clock tree synthesis
 Driving pin = clock_gate_u_flash_control/choice_reg/GCLK
 Clocks: 
     system_clk (func)
 Design rule constraints:
     max transition = 0.080000
     max capacitance = 0.600000
 Number of Sinks = 32
 Number of Gates = 0
 Number of Loads = 32
 Driver sized from CGLNPRX8_HVT to CGLNPRX2_LVT
 Added 1 Repeaters (B: 0 I: 1). Built 1 Repeater Levels for driver clock_gate_u_flash_control/choice_reg/GCLK
 Phase delay: (max r/f: nan/0.169888  min r/f: nan/0.169888) : clock_gate_u_flash_control/choice_reg/CLK
-------------------------------------------------------------
 Echelon 2 gate by gate clock synthesis
 Gate level 8 clock tree synthesis
 Driving pin = clock_gate_u_flash_control/outreg2_reg/GCLK
 Clocks: 
     system_clk (func)
 Design rule constraints:
     max transition = 0.080000
     max capacitance = 0.600000
 Number of Sinks = 32
 Number of Gates = 0
 Number of Loads = 32
 Driver sized from CGLNPRX2_RVT to CGLNPRX2_LVT
 Added 1 Repeaters (B: 0 I: 1). Built 1 Repeater Levels for driver clock_gate_u_flash_control/outreg2_reg/GCLK
 Phase delay: (max r/f: nan/0.169544  min r/f: nan/0.169544) : clock_gate_u_flash_control/outreg2_reg/CLK
-------------------------------------------------------------
 Echelon 2 gate by gate clock synthesis
 Gate level 8 clock tree synthesis
 Driving pin = clock_gate_u_flash_control/flash_to_gamma_reg/GCLK
 Clocks: 
     system_clk (func)
 Design rule constraints:
     max transition = 0.080000
     max capacitance = 0.600000
 Number of Sinks = 32
 Number of Gates = 0
 Number of Loads = 32
 Driver sized from CGLNPRX8_RVT to CGLNPRX2_LVT
 Added 1 Repeaters (B: 0 I: 1). Built 1 Repeater Levels for driver clock_gate_u_flash_control/flash_to_gamma_reg/GCLK
 Phase delay: (max r/f: nan/0.171967  min r/f: nan/0.171967) : clock_gate_u_flash_control/flash_to_gamma_reg/CLK
-------------------------------------------------------------
 Echelon 2 gate by gate clock synthesis
 Gate level 8 clock tree synthesis
 Driving pin = clock_gate_u_flash_control/sendout_reg/GCLK
 Clocks: 
     system_clk (func)
 Design rule constraints:
     max transition = 0.080000
     max capacitance = 0.600000
 Number of Sinks = 32
 Number of Gates = 0
 Number of Loads = 32
 Driver sized from CGLNPRX2_HVT to CGLNPRX2_LVT
 Added 1 Repeaters (B: 0 I: 1). Built 1 Repeater Levels for driver clock_gate_u_flash_control/sendout_reg/GCLK
 Phase delay: (max r/f: nan/0.169067  min r/f: nan/0.169067) : clock_gate_u_flash_control/sendout_reg/CLK
-------------------------------------------------------------
 Echelon 2 gate by gate clock synthesis
 Gate level 3 clock tree synthesis
 Driving pin = clock_gate_pll1_count_reg/GCLK
 Clocks: 
     system_clk (func)
 Design rule constraints:
     max transition = 0.080000
     max capacitance = 0.600000
 Number of Sinks = 7
 Number of Gates = 0
 Number of Loads = 7
 Added 0 Repeaters (B: 0 I: 0). Built 0 Repeater Levels for driver clock_gate_pll1_count_reg/GCLK
 Phase delay: (max r/f: nan/0.146103  min r/f: nan/0.146103) : clock_gate_pll1_count_reg/CLK
-------------------------------------------------------------
 Echelon 2 gate by gate clock synthesis
 Gate level 3 clock tree synthesis
 Driving pin = clock_gate_pll2_count_reg/GCLK
 Clocks: 
     system_clk (func)
 Design rule constraints:
     max transition = 0.080000
     max capacitance = 0.600000
 Number of Sinks = 7
 Number of Gates = 0
 Number of Loads = 7
 Added 0 Repeaters (B: 0 I: 0). Built 0 Repeater Levels for driver clock_gate_pll2_count_reg/GCLK
 Phase delay: (max r/f: nan/0.176792  min r/f: nan/0.176792) : clock_gate_pll2_count_reg/CLK
Processing Echelon 3
Recomputing criticality for non-critical echelon 3
Processing parameter set (max_tran 0.080000 max_cap 0.600000)
Using layer M5 for buffering distances
   10% ...   20% ...   30% ...   40% ...   50% ...   60% ...Number of Drivers Sized: 2 [33.33%]

-------------------------------------------------------------
 Echelon 3 gate by gate clock synthesis
 Gate level 1 clock tree synthesis
 Driving pin = comp_clk
 Clocks: 
     comp_clk (func)
 Design rule constraints:
     max transition = 0.080000
     max capacitance = 0.600000
 Number of Sinks = 2
 Number of Gates = 2
 Number of Loads = 4
 Loads with existing phase delay = 2
  1. Phase delay = (max r/f: 0.329838/__  min r/f: 0.329838/__) : u_clk_gen/u_clock_gen/ctmi_154/A1
  2. Phase delay = (max r/f: 0.125351/__  min r/f: 0.125351/__) : u_clk_gen/u_clock_gen/C374/ctmi_24/A1
 Added 1 Repeaters (B: 0 I: 1). Built 1 Repeater Levels for driver comp_clk
 Phase delay: (max r/f: 0.365467/0.179558  min r/f: 0.365467/0.179558) : comp_clk
-------------------------------------------------------------
 Echelon 3 gate by gate clock synthesis
 Gate level 1 clock tree synthesis
 Driving pin = pixel_clk
 Clocks: 
     pixel_clk (func)
 Design rule constraints:
     max transition = 0.080000
     max capacitance = 0.600000
 Number of Sinks = 0
 Number of Gates = 1
 Number of Loads = 1
 Loads with existing phase delay = 1
  1. Phase delay = (max r/f: 0.357895/__  min r/f: 0.357895/__) : ctmi_34369/A2
 Added 0 Repeaters (B: 0 I: 0). Built 0 Repeater Levels for driver pixel_clk
 Phase delay: (max r/f: 0.387840/nan  min r/f: 0.387840/nan) : pixel_clk
-------------------------------------------------------------
 Echelon 3 gate by gate clock synthesis
 Gate level 15 clock tree synthesis
 Driving pin = CTS_ZCTSINV_74730_59994/Y
 Clocks: 
     pll1_clk_in (func)
 Design rule constraints:
     max transition = 0.080000
     max capacitance = 0.600000
 Number of Sinks = 0
 Number of Gates = 190
 Number of Loads = 190
 Loads with existing phase delay = 190
    1. Phase delay = (max r/f: __/0.256901  min r/f: __/0.256901) : u_datapath/u_gamma_correction/clock_gate_u_video_synthesis/burst_count_reg/CLK
    2. Phase delay = (max r/f: __/0.254784  min r/f: __/0.254784) : u_datapath/u_gamma_correction/clock_gate_current_limit_reg/CLK
    3. Phase delay = (max r/f: __/0.251770  min r/f: __/0.251770) : u_datapath/u_gamma_correction/clock_gate_u_video_synthesis/pixel_counter/count_reg_103/CLK
    4. Phase delay = (max r/f: __/0.251064  min r/f: __/0.251064) : u_datapath/u_gamma_correction/clock_gate_ms_pos_mem_b_reg_42/CLK
    5. Phase delay = (max r/f: __/0.251064  min r/f: __/0.251064) : u_datapath/u_gamma_correction/clock_gate_u_video_synthesis/line_counter/count_reg_102/CLK
    6. Phase delay = (max r/f: __/0.250893  min r/f: __/0.250893) : u_datapath/u_gamma_correction/clock_gate_ms_pos_mem_b_reg_54/CLK
    7. Phase delay = (max r/f: __/0.250778  min r/f: __/0.250778) : u_datapath/u_gamma_correction/clock_gate_u_video_synthesis/line_counter/count_reg_100/CLK
    8. Phase delay = (max r/f: __/0.249863  min r/f: __/0.249863) : u_datapath/u_gamma_correction/clock_gate_u_video_synthesis/pixel_counter/count_reg_105/CLK
    9. Phase delay = (max r/f: __/0.249653  min r/f: __/0.249653) : u_datapath/u_gamma_correction/clock_gate_ms_pos_mem_b_reg_38/CLK
   10. Phase delay = (max r/f: __/0.249329  min r/f: __/0.249329) : u_datapath/u_gamma_correction/clock_gate_ms_pos_mem_a_reg_14/CLK
   11. Phase delay = (max r/f: __/0.249271  min r/f: __/0.249271) : u_datapath/u_gamma_correction/clock_gate_ms_pos_mem_a_reg_30/CLK
   12. Phase delay = (max r/f: __/0.249119  min r/f: __/0.249119) : u_datapath/u_gamma_correction/clock_gate_u_video_synthesis/counter1/count_reg_95/CLK
   13. Phase delay = (max r/f: __/0.248775  min r/f: __/0.248775) : u_datapath/u_input_line_buffer_control/u_input_line_buffer_r/u_sr_d1kx16_f166_wrap0/clock_gate_u_sr_d1kx16_f166_bist/bist_2nd_reg/CLK
   14. Phase delay = (max r/f: __/0.248680  min r/f: __/0.248680) : u_datapath/u_gamma_correction/clock_gate_ms_pos_mem_b_reg_57/CLK
   15. Phase delay = (max r/f: __/0.248451  min r/f: __/0.248451) : u_datapath/u_gamma_correction/clock_gate_u_video_synthesis/counter1/count_reg_97/CLK
   16. Phase delay = (max r/f: __/0.248146  min r/f: __/0.248146) : u_datapath/clock_gate_u_SDR_controller/u_counter2/count_reg_7/CLK
   17. Phase delay = (max r/f: __/0.247860  min r/f: __/0.247860) : u_datapath/u_gamma_correction/clock_gate_u_video_synthesis/counter1/count_reg_96/CLK
   18. Phase delay = (max r/f: __/0.247517  min r/f: __/0.247517) : u_datapath/u_gamma_correction/clock_gate_ms_pos_mem_b_reg_34/CLK
   19. Phase delay = (max r/f: __/0.247173  min r/f: __/0.247173) : u_datapath/u_gamma_correction/clock_gate_ms_pos_mem_c_reg_92/CLK
   20. Phase delay = (max r/f: __/0.246449  min r/f: __/0.246449) : u_datapath/u_gamma_correction/clock_gate_ms_pos_mem_c_reg_65/CLK
   21. Phase delay = (max r/f: __/0.246429  min r/f: __/0.246429) : u_datapath/u_gamma_correction/clock_gate_ms_pos_mem_b_reg_61/CLK
   22. Phase delay = (max r/f: __/0.246410  min r/f: __/0.246410) : u_datapath/u_gamma_correction/clock_gate_ms_pos_mem_c_reg_88/CLK
   23. Phase delay = (max r/f: __/0.246220  min r/f: __/0.246220) : u_datapath/u_gamma_correction/clock_gate_ms_pos_mem_c_reg_76/CLK
   24. Phase delay = (max r/f: __/0.246124  min r/f: __/0.246124) : u_datapath/u_gamma_correction/clock_gate_u_video_synthesis/counter1/count_reg_98/CLK
   25. Phase delay = (max r/f: __/0.245476  min r/f: __/0.245476) : u_datapath/u_gamma_correction/clock_gate_ms_pos_mem_c_reg_66/CLK
   26. Phase delay = (max r/f: __/0.245380  min r/f: __/0.245380) : u_datapath/u_gamma_correction/clock_gate_ms_pos_mem_c_reg_67/CLK
   27. Phase delay = (max r/f: __/0.245152  min r/f: __/0.245152) : u_datapath/u_gamma_correction/clock_gate_ms_pos_mem_c_reg_75/CLK
   28. Phase delay = (max r/f: __/0.244884  min r/f: __/0.244884) : u_datapath/u_gamma_correction/clock_gate_ms_pos_mem_b_reg_43/CLK
   29. Phase delay = (max r/f: __/0.244350  min r/f: __/0.244350) : u_datapath/u_gamma_correction/clock_gate_u_video_synthesis/pixel_counter/count_reg_104/CLK
   30. Phase delay = (max r/f: __/0.243855  min r/f: __/0.243855) : u_datapath/u_gamma_correction/clock_gate_u_video_synthesis/line_counter/count_reg_101/CLK
   31. Phase delay = (max r/f: __/0.243130  min r/f: __/0.243130) : u_datapath/u_gamma_correction/clock_gate_compensation_table_read_data_reg/CLK
   32. Phase delay = (max r/f: __/0.242901  min r/f: __/0.242901) : u_datapath/u_input_line_buffer_control/clock_gate_plane_reg/CLK
   33. Phase delay = (max r/f: __/0.242500  min r/f: __/0.242500) : u_datapath/clock_gate_u_SDR_controller/last_com_reg/CLK
   34. Phase delay = (max r/f: __/0.242443  min r/f: __/0.242443) : u_datapath/clock_gate_u_SDR_controller/count_u_reg/CLK
   35. Phase delay = (max r/f: __/0.242062  min r/f: __/0.242062) : u_datapath/u_gamma_correction/clock_gate_bit_count_reg/CLK
   36. Phase delay = (max r/f: __/0.240498  min r/f: __/0.240498) : u_datapath/clock_gate_u_SDR_controller/u_counter2/count_reg_6/CLK
   37. Phase delay = (max r/f: __/0.236664  min r/f: __/0.236664) : u_datapath/u_gamma_correction/clock_gate_u_video_synthesis/gcount_reg/CLK
   38. Phase delay = (max r/f: __/0.236607  min r/f: __/0.236607) : u_datapath/clock_gate_u_rotating_cache_control/rc1/count_reg/CLK
   39. Phase delay = (max r/f: __/0.234013  min r/f: __/0.234013) : u_datapath/u_input_line_buffer_control/u_input_line_buffer_g/u_sr_d1kx16_f166_wrap1/clock_gate_u_sr_d1kx16_f166_bist/bist_2nd_reg/CLK
   40. Phase delay = (max r/f: __/0.233631  min r/f: __/0.233631) : u_datapath/u_gamma_correction/u_sr_d1kx16_f166c_compensation_table_1_wrap/clock_gate_u_sr_d1kx16_f166c_bist/bist_2nd_reg/CLK
   41. Phase delay = (max r/f: __/0.232792  min r/f: __/0.232792) : u_datapath/clock_gate_u_rotating_cache_control/rc2/count_reg/CLK
   42. Phase delay = (max r/f: __/0.232201  min r/f: __/0.232201) : u_datapath/u_gamma_correction/u_sr_d1kx16_f166c_compensation_table_0_wrap/clock_gate_u_sr_d1kx16_f166c_bist/bist_2nd_reg/CLK
   43. Phase delay = (max r/f: __/0.228138  min r/f: __/0.228138) : u_datapath/clock_gate_color_id_out_reg/CLK
   44. Phase delay = (max r/f: __/0.226250  min r/f: __/0.226250) : u_datapath/clock_gate_u_rotating_cache_control/rc2/mem0_reg/CLK
   45. Phase delay = (max r/f: __/0.222855  min r/f: __/0.222855) : u_datapath/clock_gate_u_rotating_cache_control/rc1/mem0_reg/CLK
   46. Phase delay = (max r/f: __/0.222473  min r/f: __/0.222473) : u_datapath/u_input_line_buffer_control/clock_gate_pixel_group_g_reg/CLK
   47. Phase delay = (max r/f: __/0.221958  min r/f: __/0.221958) : u_datapath/clock_gate_u_rotating_cache_control/count1_reg/CLK
   48. Phase delay = (max r/f: __/0.221691  min r/f: __/0.221691) : u_datapath/u_input_line_buffer_control/clock_gate_pixel_group_b_reg/CLK
   49. Phase delay = (max r/f: __/0.221672  min r/f: __/0.221672) : u_datapath/u_input_line_buffer_control/clock_gate_delay_countdown_reg/CLK
   50. Phase delay = (max r/f: __/0.221500  min r/f: __/0.221500) : u_datapath/u_input_line_buffer_control/clock_gate_pixel_group2_reg/CLK
   51. Phase delay = (max r/f: __/0.221138  min r/f: __/0.221138) : u_datapath/u_gamma_correction/clock_gate_u_video_synthesis/pixel_counter/count_reg/CLK
   52. Phase delay = (max r/f: __/0.220490  min r/f: __/0.220490) : u_datapath/clock_gate_u_SDR_controller/count_l_reg/CLK
   53. Phase delay = (max r/f: __/0.219936  min r/f: __/0.219936) : u_datapath/u_gamma_correction/clock_gate_u_video_synthesis/counter1/count_reg_99/CLK
   54. Phase delay = (max r/f: __/0.218506  min r/f: __/0.218506) : u_datapath/u_gamma_flash_fifo_control/u_load_mem_fifo/clock_gate_u_rptr_empty_load_mem_fifo/rbin_reg/CLK
   55. Phase delay = (max r/f: __/0.218353  min r/f: __/0.218353) : u_datapath/clock_gate_u_SDR_controller/u_counter2/count_reg_5/CLK
   56. Phase delay = (max r/f: __/0.217991  min r/f: __/0.217991) : u_datapath/u_gamma_correction/clock_gate_u_video_synthesis/line_counter/count_reg/CLK
   57. Phase delay = (max r/f: __/0.217838  min r/f: __/0.217838) : u_datapath/u_gamma_correction/clock_gate_u_video_synthesis/counter1/count_reg/CLK
   58. Phase delay = (max r/f: __/0.217571  min r/f: __/0.217571) : u_datapath/u_input_line_buffer_control/u_input_line_buffer_b/u_sr_d1kx16_f166_wrap1/clock_gate_u_sr_d1kx16_f166_bist/bist_2nd_reg/CLK
   59. Phase delay = (max r/f: __/0.217514  min r/f: __/0.217514) : u_datapath/clock_gate_u_SDR_controller/u_counter1/count_reg_2/CLK
   60. Phase delay = (max r/f: __/0.217228  min r/f: __/0.217228) : u_datapath/clock_gate_u_SDR_controller/u_counter1/count_reg/CLK
   61. Phase delay = (max r/f: __/0.217133  min r/f: __/0.217133) : u_datapath/u_gamma_flash_fifo_control/clock_gate_pause_reg/CLK
   62. Phase delay = (max r/f: __/0.216446  min r/f: __/0.216446) : u_datapath/u_gamma_correction/u_sr_d1kx16_f166c_compensation_table_2_wrap/clock_gate_u_sr_d1kx16_f166c_bist/bist_2nd_reg/CLK
   63. Phase delay = (max r/f: __/0.216370  min r/f: __/0.216370) : u_datapath/clock_gate_u_SDR_controller/u_counter1/count_reg_4/CLK
   64. Phase delay = (max r/f: __/0.213604  min r/f: __/0.213604) : u_datapath/clock_gate_u_SDR_controller/u_counter1/count_reg_3/CLK
   65. Phase delay = (max r/f: __/0.212212  min r/f: __/0.212212) : u_datapath/u_gamma_correction/clock_gate_toggle3a_reg/CLK
   66. Phase delay = (max r/f: __/0.210037  min r/f: __/0.210037) : u_datapath/u_color_interleaver/clock_gate_read_address_reg/CLK
   67. Phase delay = (max r/f: __/0.200119  min r/f: __/0.200119) : u_datapath/clock_gate_u_rotating_cache_control/rc1/A0_reg/CLK
   68. Phase delay = (max r/f: __/0.198574  min r/f: __/0.198574) : u_datapath/clock_gate_u_rotating_cache_control/rc2/A0_reg/CLK
   69. Phase delay = (max r/f: __/0.191727  min r/f: __/0.191727) : u_main_controller_top/u_main_controller/u_address_fifo/clock_gate_u_rptr_empty_address_fifo/rbin_reg/CLK
   70. Phase delay = (max r/f: __/0.189800  min r/f: __/0.189800) : u_datapath/u_output_fifo_control/u_output_fifo_0/clock_gate_inc_value_reg/CLK
   71. Phase delay = (max r/f: __/0.189152  min r/f: __/0.189152) : u_datapath/u_gamma_correction/clock_gate_u_video_synthesis/cycle_count_reg/CLK
   72. Phase delay = (max r/f: __/0.183258  min r/f: __/0.183258) : u_datapath/u_input_line_buffer_control/u_input_line_buffer_r/u_sr_d1kx16_f166_wrap0/clock_gate_u_sr_d1kx16_f166_bist/bist_addr_reg/CLK
   73. Phase delay = (max r/f: __/0.178032  min r/f: __/0.178032) : u_datapath/u_input_line_buffer_control/clock_gate_dout_reg/CLK
   74. Phase delay = (max r/f: __/0.174923  min r/f: __/0.174923) : u_datapath/u_input_line_buffer_control/clock_gate_erase_count_reg/CLK
   75. Phase delay = (max r/f: __/0.172749  min r/f: __/0.172749) : u_datapath/u_gamma_flash_fifo_control/clock_gate_flash_to_gamma_post_fifo_reg/CLK
   76. Phase delay = (max r/f: __/0.172710  min r/f: __/0.172710) : u_datapath/u_gamma_flash_fifo_control/u_load_mem_fifo/clock_gate_rdata2_reg/CLK
   77. Phase delay = (max r/f: __/0.172157  min r/f: __/0.172157) : u_datapath/u_input_line_buffer_control/u_input_line_buffer_r/u_sr_d1kx16_f166_wrap1/clock_gate_u_sr_d1kx16_f166_bist/bist_2nd_reg/CLK
   78. Phase delay = (max r/f: __/0.170364  min r/f: __/0.170364) : u_datapath/u_input_line_buffer_control/clock_gate_addr_end_reg/CLK
   79. Phase delay = (max r/f: __/0.169735  min r/f: __/0.169735) : u_datapath/u_input_line_buffer_control/clock_gate_done_count_reg/CLK
   80. Phase delay = (max r/f: __/0.169601  min r/f: __/0.169601) : u_datapath/u_gamma_correction/clock_gate_ms_pos_mem_c_reg_73/CLK
   81. Phase delay = (max r/f: __/0.169334  min r/f: __/0.169334) : u_datapath/u_gamma_correction/clock_gate_ms_pos_mem_c_reg_77/CLK
   82. Phase delay = (max r/f: __/0.168953  min r/f: __/0.168953) : u_datapath/clock_gate_u_rotating_cache_control/rc2/address_reg/CLK
   83. Phase delay = (max r/f: __/0.168610  min r/f: __/0.168610) : u_datapath/u_gamma_correction/clock_gate_ms_pos_mem_c_reg_81/CLK
   84. Phase delay = (max r/f: __/0.168610  min r/f: __/0.168610) : u_datapath/clock_gate_u_rotating_cache_control/rc1/address_reg/CLK
   85. Phase delay = (max r/f: __/0.168400  min r/f: __/0.168400) : u_datapath/u_gamma_correction/clock_gate_ms_pos_mem_c_reg_86/CLK
   86. Phase delay = (max r/f: __/0.168018  min r/f: __/0.168018) : u_datapath/u_gamma_correction/clock_gate_ms_pos_mem_b_reg_49/CLK
   87. Phase delay = (max r/f: __/0.167580  min r/f: __/0.167580) : u_datapath/u_gamma_correction/clock_gate_ms_pos_mem_c_reg_78/CLK
   88. Phase delay = (max r/f: __/0.167503  min r/f: __/0.167503) : u_datapath/u_gamma_correction/clock_gate_ms_pos_mem_c_reg_91/CLK
   89. Phase delay = (max r/f: __/0.167313  min r/f: __/0.167313) : u_datapath/u_input_line_buffer_control/clock_gate_pixel_group_r_reg/CLK
   90. Phase delay = (max r/f: __/0.167274  min r/f: __/0.167274) : u_datapath/u_gamma_correction/clock_gate_ms_pos_mem_b_reg_55/CLK
   91. Phase delay = (max r/f: __/0.167217  min r/f: __/0.167217) : u_datapath/u_gamma_correction/clock_gate_ms_pos_mem_b_reg_48/CLK
   92. Phase delay = (max r/f: __/0.167198  min r/f: __/0.167198) : u_datapath/u_gamma_correction/clock_gate_ms_pos_mem_c_reg_72/CLK
   93. Phase delay = (max r/f: __/0.167027  min r/f: __/0.167027) : u_datapath/u_gamma_correction/clock_gate_ms_pos_mem_b_reg_53/CLK
   94. Phase delay = (max r/f: __/0.167007  min r/f: __/0.167007) : u_datapath/u_gamma_correction/clock_gate_ms_pos_mem_b_reg_51/CLK
   95. Phase delay = (max r/f: __/0.166931  min r/f: __/0.166931) : u_datapath/u_gamma_correction/clock_gate_ms_pos_mem_a_reg_20/CLK
   96. Phase delay = (max r/f: __/0.166931  min r/f: __/0.166931) : u_datapath/u_gamma_correction/clock_gate_ms_pos_mem_c_reg_84/CLK
   97. Phase delay = (max r/f: __/0.166893  min r/f: __/0.166893) : u_datapath/u_gamma_correction/clock_gate_ms_pos_mem_b_reg_63/CLK
   98. Phase delay = (max r/f: __/0.166721  min r/f: __/0.166721) : u_datapath/u_gamma_correction/clock_gate_ms_pos_mem_c_reg_68/CLK
   99. Phase delay = (max r/f: __/0.166073  min r/f: __/0.166073) : u_datapath/u_gamma_correction/u_sr_d1kx16_f166g_gamma_wrap/clock_gate_u_sr_d1kx16_f166g_bist/bist_addr_reg/CLK
  100. Phase delay = (max r/f: __/0.165958  min r/f: __/0.165958) : u_datapath/u_gamma_correction/clock_gate_ms_pos_mem_a_reg_2/CLK
  101. Phase delay = (max r/f: __/0.165787  min r/f: __/0.165787) : u_datapath/u_gamma_correction/clock_gate_ms_pos_mem_a_reg_26/CLK
  102. Phase delay = (max r/f: __/0.165730  min r/f: __/0.165730) : u_datapath/u_gamma_correction/clock_gate_ms_pos_mem_a_reg_19/CLK
  103. Phase delay = (max r/f: __/0.165577  min r/f: __/0.165577) : u_datapath/u_gamma_correction/clock_gate_ms_pos_mem_a_reg_32/CLK
  104. Phase delay = (max r/f: __/0.165462  min r/f: __/0.165462) : u_datapath/u_gamma_correction/clock_gate_ms_pos_mem_a_reg_4/CLK
  105. Phase delay = (max r/f: __/0.165367  min r/f: __/0.165367) : u_datapath/u_gamma_correction/clock_gate_ms_pos_mem_a_reg_3/CLK
  106. Phase delay = (max r/f: __/0.165157  min r/f: __/0.165157) : u_datapath/u_gamma_correction/clock_gate_ms_pos_mem_a_reg_31/CLK
  107. Phase delay = (max r/f: __/0.165081  min r/f: __/0.165081) : u_datapath/u_gamma_correction/clock_gate_ms_pos_mem_c_reg_79/CLK
  108. Phase delay = (max r/f: __/0.165062  min r/f: __/0.165062) : u_datapath/u_gamma_correction/clock_gate_ms_pos_mem_a_reg_6/CLK
  109. Phase delay = (max r/f: __/0.165062  min r/f: __/0.165062) : u_datapath/u_gamma_correction/clock_gate_ms_pos_mem_c_reg_94/CLK
  110. Phase delay = (max r/f: __/0.165005  min r/f: __/0.165005) : u_datapath/u_gamma_correction/clock_gate_ms_pos_mem_c_reg_71/CLK
  111. Phase delay = (max r/f: __/0.164909  min r/f: __/0.164909) : u_datapath/u_gamma_correction/clock_gate_ms_pos_mem_a_reg_16/CLK
  112. Phase delay = (max r/f: __/0.164909  min r/f: __/0.164909) : u_main_controller_top/u_main_controller/u_address_fifo/clock_gate_rdata2_reg/CLK
  113. Phase delay = (max r/f: __/0.164890  min r/f: __/0.164890) : u_datapath/u_gamma_correction/clock_gate_ms_pos_mem_b_reg_44/CLK
  114. Phase delay = (max r/f: __/0.164871  min r/f: __/0.164871) : u_datapath/u_gamma_correction/clock_gate_ms_pos_mem_a_reg_10/CLK
  115. Phase delay = (max r/f: __/0.164871  min r/f: __/0.164871) : u_datapath/u_gamma_correction/clock_gate_ms_pos_mem_b_reg_52/CLK
  116. Phase delay = (max r/f: __/0.164757  min r/f: __/0.164757) : u_datapath/u_gamma_correction/clock_gate_ms_pos_mem_a_reg_13/CLK
  117. Phase delay = (max r/f: __/0.164719  min r/f: __/0.164719) : u_datapath/u_gamma_correction/clock_gate_ms_pos_mem_c_reg_80/CLK
  118. Phase delay = (max r/f: __/0.164642  min r/f: __/0.164642) : u_datapath/u_gamma_correction/clock_gate_ms_pos_mem_a_reg_21/CLK
  119. Phase delay = (max r/f: __/0.164566  min r/f: __/0.164566) : u_datapath/u_gamma_correction/clock_gate_ms_pos_mem_a_reg_9/CLK
  120. Phase delay = (max r/f: __/0.164509  min r/f: __/0.164509) : u_datapath/u_gamma_correction/clock_gate_ms_pos_mem_a_reg_8/CLK
  121. Phase delay = (max r/f: __/0.164433  min r/f: __/0.164433) : u_datapath/u_gamma_correction/clock_gate_ms_pos_mem_b_reg_40/CLK
  122. Phase delay = (max r/f: __/0.164394  min r/f: __/0.164394) : u_datapath/u_gamma_correction/clock_gate_ms_pos_mem_b_reg_37/CLK
  123. Phase delay = (max r/f: __/0.164242  min r/f: __/0.164242) : u_datapath/u_gamma_correction/clock_gate_ms_pos_mem_b_reg_39/CLK
  124. Phase delay = (max r/f: __/0.164165  min r/f: __/0.164165) : u_datapath/u_gamma_correction/clock_gate_ms_pos_mem_a_reg_11/CLK
  125. Phase delay = (max r/f: __/0.164146  min r/f: __/0.164146) : u_datapath/u_gamma_correction/clock_gate_ms_pos_mem_a_reg_5/CLK
  126. Phase delay = (max r/f: __/0.164146  min r/f: __/0.164146) : u_datapath/u_gamma_correction/clock_gate_ms_pos_mem_a_reg_29/CLK
  127. Phase delay = (max r/f: __/0.164070  min r/f: __/0.164070) : u_datapath/u_input_line_buffer_control/clock_gate_plane_group_b_reg/CLK
  128. Phase delay = (max r/f: __/0.164013  min r/f: __/0.164013) : u_datapath/u_gamma_correction/clock_gate_ms_pos_mem_a_reg_27/CLK
  129. Phase delay = (max r/f: __/0.163994  min r/f: __/0.163994) : u_datapath/u_gamma_correction/clock_gate_ms_pos_mem_a_reg_22/CLK
  130. Phase delay = (max r/f: __/0.163918  min r/f: __/0.163918) : u_datapath/u_gamma_correction/clock_gate_ms_pos_mem_c_reg_64/CLK
  131. Phase delay = (max r/f: __/0.163822  min r/f: __/0.163822) : u_datapath/u_gamma_correction/clock_gate_ms_pos_mem_a_reg_17/CLK
  132. Phase delay = (max r/f: __/0.163765  min r/f: __/0.163765) : u_datapath/u_gamma_correction/clock_gate_ms_pos_mem_b_reg_59/CLK
  133. Phase delay = (max r/f: __/0.163746  min r/f: __/0.163746) : u_datapath/u_gamma_correction/clock_gate_ms_pos_mem_a_reg_23/CLK
  134. Phase delay = (max r/f: __/0.163689  min r/f: __/0.163689) : u_datapath/u_gamma_correction/clock_gate_ms_pos_mem_a_reg_15/CLK
  135. Phase delay = (max r/f: __/0.163689  min r/f: __/0.163689) : u_datapath/u_gamma_correction/clock_gate_ms_pos_mem_c_reg_90/CLK
  136. Phase delay = (max r/f: __/0.163670  min r/f: __/0.163670) : u_datapath/u_gamma_correction/clock_gate_ms_pos_mem_b_reg_36/CLK
  137. Phase delay = (max r/f: __/0.163651  min r/f: __/0.163651) : u_datapath/u_gamma_correction/clock_gate_ms_pos_mem_b_reg_50/CLK
  138. Phase delay = (max r/f: __/0.163651  min r/f: __/0.163651) : u_datapath/u_gamma_correction/clock_gate_ms_pos_mem_b_reg_60/CLK
  139. Phase delay = (max r/f: __/0.163631  min r/f: __/0.163631) : u_datapath/u_gamma_correction/clock_gate_ms_pos_mem_a_reg_24/CLK
  140. Phase delay = (max r/f: __/0.163631  min r/f: __/0.163631) : u_datapath/u_gamma_correction/clock_gate_ms_pos_mem_b_reg_58/CLK
  141. Phase delay = (max r/f: __/0.163612  min r/f: __/0.163612) : u_datapath/u_gamma_correction/clock_gate_ms_pos_mem_b_reg_56/CLK
  142. Phase delay = (max r/f: __/0.163593  min r/f: __/0.163593) : u_datapath/u_gamma_correction/clock_gate_ms_pos_mem_a_reg_7/CLK
  143. Phase delay = (max r/f: __/0.163536  min r/f: __/0.163536) : u_datapath/u_gamma_correction/clock_gate_ms_pos_mem_b_reg_45/CLK
  144. Phase delay = (max r/f: __/0.163517  min r/f: __/0.163517) : u_datapath/u_gamma_correction/clock_gate_ms_pos_mem_a_reg/CLK
  145. Phase delay = (max r/f: __/0.163498  min r/f: __/0.163498) : u_datapath/u_gamma_correction/clock_gate_ms_pos_mem_c_reg_85/CLK
  146. Phase delay = (max r/f: __/0.163479  min r/f: __/0.163479) : u_datapath/u_gamma_correction/clock_gate_ms_pos_mem_c_reg_93/CLK
  147. Phase delay = (max r/f: __/0.163403  min r/f: __/0.163403) : u_datapath/u_gamma_correction/clock_gate_ms_pos_mem_b_reg_35/CLK
  148. Phase delay = (max r/f: __/0.163403  min r/f: __/0.163403) : u_datapath/u_gamma_correction/clock_gate_ms_pos_mem_c_reg_87/CLK
  149. Phase delay = (max r/f: __/0.163364  min r/f: __/0.163364) : u_datapath/u_input_line_buffer_control/u_input_line_buffer_g/u_sr_d1kx16_f166_wrap0/clock_gate_u_sr_d1kx16_f166_bist/bist_addr_reg/CLK
  150. Phase delay = (max r/f: __/0.163231  min r/f: __/0.163231) : u_datapath/u_gamma_correction/clock_gate_ms_pos_mem_a_reg_12/CLK
  151. Phase delay = (max r/f: __/0.163231  min r/f: __/0.163231) : u_datapath/u_gamma_correction/clock_gate_ms_pos_mem_b_reg_46/CLK
  152. Phase delay = (max r/f: __/0.163212  min r/f: __/0.163212) : u_datapath/u_gamma_correction/clock_gate_ms_pos_mem_b_reg_33/CLK
  153. Phase delay = (max r/f: __/0.163193  min r/f: __/0.163193) : u_datapath/u_gamma_correction/clock_gate_ms_pos_mem_b_reg_41/CLK
  154. Phase delay = (max r/f: __/0.163155  min r/f: __/0.163155) : u_datapath/u_gamma_correction/clock_gate_ms_pos_mem_b_reg/CLK
  155. Phase delay = (max r/f: __/0.163136  min r/f: __/0.163136) : u_datapath/u_gamma_correction/clock_gate_ms_pos_mem_c_reg_82/CLK
  156. Phase delay = (max r/f: __/0.163116  min r/f: __/0.163116) : u_datapath/u_gamma_correction/clock_gate_ms_pos_mem_a_reg_25/CLK
  157. Phase delay = (max r/f: __/0.163078  min r/f: __/0.163078) : u_datapath/u_gamma_correction/u_sr_d1kx16_f166c_compensation_table_1_wrap/clock_gate_u_sr_d1kx16_f166c_bist/bist_addr_reg/CLK
  158. Phase delay = (max r/f: __/0.163059  min r/f: __/0.163059) : u_datapath/u_gamma_correction/clock_gate_ms_pos_mem_b_reg_47/CLK
  159. Phase delay = (max r/f: __/0.162983  min r/f: __/0.162983) : u_datapath/u_gamma_correction/clock_gate_ms_pos_mem_c_reg/CLK
  160. Phase delay = (max r/f: __/0.162888  min r/f: __/0.162888) : u_datapath/u_gamma_correction/clock_gate_ms_pos_mem_c_reg_70/CLK
  161. Phase delay = (max r/f: __/0.162582  min r/f: __/0.162582) : u_datapath/u_gamma_correction/clock_gate_ms_pos_mem_c_reg_69/CLK
  162. Phase delay = (max r/f: __/0.162582  min r/f: __/0.162582) : u_datapath/u_gamma_correction/clock_gate_ms_pos_mem_c_reg_89/CLK
  163. Phase delay = (max r/f: __/0.162487  min r/f: __/0.162487) : u_datapath/u_gamma_correction/clock_gate_ms_pos_mem_c_reg_83/CLK
  164. Phase delay = (max r/f: __/0.162468  min r/f: __/0.162468) : u_datapath/u_gamma_correction/clock_gate_ms_pos_mem_a_reg_18/CLK
  165. Phase delay = (max r/f: __/0.161896  min r/f: __/0.161896) : u_datapath/u_gamma_correction/clock_gate_ms_pos_mem_c_reg_74/CLK
  166. Phase delay = (max r/f: __/0.161839  min r/f: __/0.161839) : u_datapath/u_gamma_correction/clock_gate_ms_pos_mem_a_reg_28/CLK
  167. Phase delay = (max r/f: __/0.161781  min r/f: __/0.161781) : u_datapath/clock_gate_u_SDR_controller/read_enable2_delay_reg/CLK
  168. Phase delay = (max r/f: __/0.161629  min r/f: __/0.161629) : u_datapath/u_gamma_correction/clock_gate_gamma_to_flash_reg_1/CLK
  169. Phase delay = (max r/f: __/0.161514  min r/f: __/0.161514) : u_datapath/u_input_line_buffer_control/u_input_line_buffer_b/u_sr_d1kx16_f166_wrap0/clock_gate_u_sr_d1kx16_f166_bist/bist_addr_reg/CLK
  170. Phase delay = (max r/f: __/0.161476  min r/f: __/0.161476) : u_datapath/u_gamma_correction/clock_gate_ms_cnt_reg/CLK
  171. Phase delay = (max r/f: __/0.161419  min r/f: __/0.161419) : u_datapath/u_gamma_correction/clock_gate_gamma_to_flash_reg/CLK
  172. Phase delay = (max r/f: __/0.160923  min r/f: __/0.160923) : u_datapath/u_input_line_buffer_control/u_input_line_buffer_g/u_sr_d1kx16_f166_wrap1/clock_gate_u_sr_d1kx16_f166_bist/bist_addr_reg/CLK
  173. Phase delay = (max r/f: __/0.160885  min r/f: __/0.160885) : u_datapath/u_gamma_correction/u_sr_d1kx16_f166c_compensation_table_2_wrap/clock_gate_u_sr_d1kx16_f166c_bist/bist_addr_reg/CLK
  174. Phase delay = (max r/f: __/0.160599  min r/f: __/0.160599) : u_datapath/u_input_line_buffer_control/clock_gate_plane_group_g_reg/CLK
  175. Phase delay = (max r/f: __/0.160542  min r/f: __/0.160542) : u_datapath/u_gamma_correction/u_sr_d1kx16_f166c_compensation_table_0_wrap/clock_gate_u_sr_d1kx16_f166c_bist/bist_addr_reg/CLK
  176. Phase delay = (max r/f: __/0.160122  min r/f: __/0.160122) : u_datapath/clock_gate_u_SDR_controller/loop_ad_reg/CLK
  177. Phase delay = (max r/f: __/0.159760  min r/f: __/0.159760) : u_datapath/u_gamma_correction/clock_gate_ms_pos_mem_b_reg_62/CLK
  178. Phase delay = (max r/f: __/0.152760  min r/f: __/0.152760) : u_datapath/u_gamma_correction/u_sr_d1kx16_f166g_gamma_wrap/clock_gate_u_sr_d1kx16_f166g_bist/bist_2nd_reg/CLK
  179. Phase delay = (max r/f: __/0.152340  min r/f: __/0.152340) : u_datapath/u_input_line_buffer_control/u_input_line_buffer_g/u_sr_d1kx16_f166_wrap0/clock_gate_u_sr_d1kx16_f166_bist/bist_2nd_reg/CLK
  180. Phase delay = (max r/f: __/0.151958  min r/f: __/0.151958) : u_datapath/u_input_line_buffer_control/u_input_line_buffer_b/u_sr_d1kx16_f166_wrap0/clock_gate_u_sr_d1kx16_f166_bist/bist_2nd_reg/CLK
  181. Phase delay = (max r/f: __/0.149269  min r/f: __/0.149269) : u_datapath/u_input_line_buffer_control/u_input_line_buffer_r/u_sr_d1kx16_f166_wrap1/clock_gate_u_sr_d1kx16_f166_bist/bist_addr_reg/CLK
  182. Phase delay = (max r/f: __/0.148411  min r/f: __/0.148411) : u_datapath/u_input_line_buffer_control/clock_gate_plane_group_r_reg/CLK
  183. Phase delay = (max r/f: __/0.147877  min r/f: __/0.147877) : u_datapath/u_input_line_buffer_control/clock_gate_line_d1_reg/CLK
  184. Phase delay = (max r/f: __/0.146217  min r/f: __/0.146217) : u_datapath/u_input_line_buffer_control/clock_gate_line_reg/CLK
  185. Phase delay = (max r/f: __/0.146103  min r/f: __/0.146103) : u_datapath/u_input_line_buffer_control/clock_gate_rd_addr1_reg/CLK
  186. Phase delay = (max r/f: __/0.146008  min r/f: __/0.146008) : u_datapath/u_gamma_correction/clock_gate_line_num_reg/CLK
  187. Phase delay = (max r/f: __/0.145741  min r/f: __/0.145741) : u_datapath/u_output_fifo_control/u_output_fifo_0/clock_gate_wr_addr_reg/CLK
  188. Phase delay = (max r/f: __/0.145397  min r/f: __/0.145397) : u_datapath/u_output_fifo_control/u_output_fifo_1/clock_gate_wr_addr_reg/CLK
  189. Phase delay = (max r/f: __/0.144768  min r/f: __/0.144768) : u_datapath/u_input_line_buffer_control/u_input_line_buffer_b/u_sr_d1kx16_f166_wrap1/clock_gate_u_sr_d1kx16_f166_bist/bist_addr_reg/CLK
  190. Phase delay = (max r/f: __/0.143204  min r/f: __/0.143204) : u_datapath/u_output_fifo_control/u_output_fifo_1/clock_gate_inc_value_reg/CLK
 Added 20 Repeaters (B: 0 I: 20). Built 4 Repeater Levels for driver CTS_ZCTSINV_74730_59994/Y
 Phase delay: (max r/f: 0.339794/nan  min r/f: 0.339794/nan) : CTS_ZCTSINV_74730_59994/A
-------------------------------------------------------------
 Echelon 3 gate by gate clock synthesis
 Gate level 13 clock tree synthesis
 Driving pin = u_main_controller_top/u_main_controller/CTS_ZCTSINV_459_59646/Y
 Clocks: 
     pll2_clk_in (func)
 Design rule constraints:
     max transition = 0.080000
     max capacitance = 0.600000
 Number of Sinks = 0
 Number of Gates = 16
 Number of Loads = 16
 Loads with existing phase delay = 16
   1. Phase delay = (max r/f: __/0.215416  min r/f: __/0.215416) : u_main_controller_top/u_main_controller/clock_gate_u_output_buf/ptr_shiftout_reg/CLK
   2. Phase delay = (max r/f: __/0.214901  min r/f: __/0.214901) : u_main_controller_top/u_main_controller/clock_gate_output_valid_dly_reg/CLK
   3. Phase delay = (max r/f: __/0.212116  min r/f: __/0.212116) : u_datapath/u_output_fifo_control/u_output_fifo_0/u_sr_d1kx32_f233_wrap/clock_gate_u_sr_d1kx32_f233_bist/bist_2nd_reg/CLK
   4. Phase delay = (max r/f: __/0.207958  min r/f: __/0.207958) : u_main_controller_top/u_main_controller/clock_gate_u_output_buf/shift_cnt_reg/CLK
   5. Phase delay = (max r/f: __/0.206661  min r/f: __/0.206661) : u_datapath/u_output_fifo_control/u_output_fifo_1/u_sr_d1kx32_f233_wrap/clock_gate_u_sr_d1kx32_f233_bist/bist_2nd_reg/CLK
   6. Phase delay = (max r/f: __/0.174599  min r/f: __/0.174599) : u_datapath/u_output_fifo_control/u_output_fifo_1/u_sr_d1kx32_f233_wrap/clock_gate_u_sr_d1kx32_f233_bist/bist_addr_reg/CLK
   7. Phase delay = (max r/f: __/0.172825  min r/f: __/0.172825) : u_datapath/u_output_fifo_control/u_output_fifo_0/u_sr_d1kx32_f233_wrap/clock_gate_u_sr_d1kx32_f233_bist/bist_addr_reg/CLK
   8. Phase delay = (max r/f: __/0.172501  min r/f: __/0.172501) : u_datapath/u_output_fifo_control/clock_gate_out_count_reg/CLK
   9. Phase delay = (max r/f: __/0.169563  min r/f: __/0.169563) : u_datapath/clock_gate_u_shiftout/out_f_L_reg/CLK
  10. Phase delay = (max r/f: __/0.169468  min r/f: __/0.169468) : u_datapath/clock_gate_u_shiftout/buffer_in2_reg/CLK
  11. Phase delay = (max r/f: __/0.168247  min r/f: __/0.168247) : u_datapath/clock_gate_u_shiftout/out_f2_L_reg/CLK
  12. Phase delay = (max r/f: __/0.160770  min r/f: __/0.160770) : u_datapath/clock_gate_u_shiftout/out_f1_reg/CLK
  13. Phase delay = (max r/f: __/0.160675  min r/f: __/0.160675) : u_datapath/clock_gate_u_shiftout/out_f1_reg_1/CLK
  14. Phase delay = (max r/f: __/0.146732  min r/f: __/0.146732) : u_datapath/u_output_fifo_control/u_output_fifo_0/clock_gate_rd_addr_reg/CLK
  15. Phase delay = (max r/f: __/0.143700  min r/f: __/0.143700) : u_datapath/u_output_fifo_control/u_output_fifo_1/clock_gate_rd_addr_reg/CLK
  16. Phase delay = (max r/f: __/0.141907  min r/f: __/0.141907) : u_datapath/u_output_fifo_control/clock_gate_address_count_reg/CLK
 Driver sized from INVX16_LVT to INVX32_LVT
 Added 0 Repeaters (B: 0 I: 0). Built 0 Repeater Levels for driver u_main_controller_top/u_main_controller/CTS_ZCTSINV_459_59646/Y
 Phase delay: (max r/f: 0.253448/nan  min r/f: 0.253448/nan) : u_main_controller_top/u_main_controller/CTS_ZCTSINV_459_59646/A
-------------------------------------------------------------
 Echelon 3 gate by gate clock synthesis
 Gate level 4 clock tree synthesis
 Driving pin = u_clk_gen/ctmi_453/Y
 Clocks: 
     system_clk (func)
 Design rule constraints:
     max transition = 0.080000
     max capacitance = 0.600000
 Number of Sinks = 0
 Number of Gates = 1
 Number of Loads = 1
 Loads with existing phase delay = 1
  1. Phase delay = (max r/f: __/0.156994  min r/f: __/0.156994) : u_clk_gen/clock_gate_u_power_manager/count_reg/CLK
 Driver sized from INVX4_HVT to INVX4_LVT
 Added 0 Repeaters (B: 0 I: 0). Built 0 Repeater Levels for driver u_clk_gen/ctmi_453/Y
 Phase delay: (max r/f: 0.159245/nan  min r/f: 0.159245/nan) : u_clk_gen/ctmi_453/A
-------------------------------------------------------------
 Echelon 3 gate by gate clock synthesis
 Gate level 7 clock tree synthesis
 Driving pin = CTS_ctosc_drc_onroute_inst_60757/Y
 Clocks: 
     system_clk (func)
 Design rule constraints:
     max transition = 0.080000
     max capacitance = 0.600000
 Number of Sinks = 0
 Number of Gates = 35
 Number of Loads = 35
 Loads with existing phase delay = 35
   1. Phase delay = (max r/f: __/0.278778  min r/f: __/0.278778) : clock_gate_u_freq_detect/freq_reg/CLK
   2. Phase delay = (max r/f: __/0.247955  min r/f: __/0.247955) : clock_gate_u_freq_detect/level_0_reg/CLK
   3. Phase delay = (max r/f: __/0.230885  min r/f: __/0.230885) : clock_gate_u_flash_control/startup_dly_reg/CLK
   4. Phase delay = (max r/f: __/0.229588  min r/f: __/0.229588) : clock_gate_u_freq_detect/u_gen_vsync/count_reg_12/CLK
   5. Phase delay = (max r/f: __/0.227718  min r/f: __/0.227718) : clock_gate_u_flash_control/sg1_reg/CLK
   6. Phase delay = (max r/f: __/0.218563  min r/f: __/0.218563) : clock_gate_u_flash_control/skipcount_reg/CLK
   7. Phase delay = (max r/f: __/0.216618  min r/f: __/0.216618) : clock_gate_u_freq_detect/u_gen_vsync/count_reg_16/CLK
   8. Phase delay = (max r/f: __/0.216541  min r/f: __/0.216541) : clock_gate_u_flash_control/bitcount_reg/CLK
   9. Phase delay = (max r/f: __/0.213490  min r/f: __/0.213490) : clock_gate_u_freq_detect/u_gen_vsync/count_reg/CLK
  10. Phase delay = (max r/f: __/0.212898  min r/f: __/0.212898) : clock_gate_u_freq_detect/u_gen_vsync/count_reg_13/CLK
  11. Phase delay = (max r/f: __/0.212059  min r/f: __/0.212059) : clock_gate_u_freq_detect/u_gen_vsync/count_reg_14/CLK
  12. Phase delay = (max r/f: __/0.212040  min r/f: __/0.212040) : clock_gate_u_flash_control/outreg3_reg/CLK
  13. Phase delay = (max r/f: __/0.211182  min r/f: __/0.211182) : clock_gate_u_flash_control/read_count_reg/CLK
  14. Phase delay = (max r/f: __/0.210552  min r/f: __/0.210552) : clock_gate_u_freq_detect/u_gen_vsync/count_reg_15/CLK
  15. Phase delay = (max r/f: __/0.194454  min r/f: __/0.194454) : clock_gate_u_freq_detect/count1_reg/CLK
  16. Phase delay = (max r/f: __/0.190563  min r/f: __/0.190563) : clock_gate_u_flash_control/step1_reg_10/CLK
  17. Phase delay = (max r/f: __/0.175686  min r/f: __/0.175686) : clock_gate_u_flash_control/outreg1_reg/CLK
  18. Phase delay = (max r/f: __/0.171967  min r/f: __/0.171967) : clock_gate_u_flash_control/flash_to_gamma_reg/CLK
  19. Phase delay = (max r/f: __/0.170784  min r/f: __/0.170784) : clock_gate_u_flash_control/u_flash_control_counter/count_reg/CLK
  20. Phase delay = (max r/f: __/0.170135  min r/f: __/0.170135) : clock_gate_u_flash_control/dout_reg/CLK
  21. Phase delay = (max r/f: __/0.169888  min r/f: __/0.169888) : clock_gate_u_flash_control/choice_reg/CLK
  22. Phase delay = (max r/f: __/0.169868  min r/f: __/0.169868) : clock_gate_u_flash_control/step1_reg/CLK
  23. Phase delay = (max r/f: __/0.169544  min r/f: __/0.169544) : clock_gate_u_flash_control/outreg2_reg/CLK
  24. Phase delay = (max r/f: __/0.169449  min r/f: __/0.169449) : clock_gate_u_flash_control/flash2control_dout_reg/CLK
  25. Phase delay = (max r/f: __/0.169067  min r/f: __/0.169067) : clock_gate_u_flash_control/sendout_reg/CLK
  26. Phase delay = (max r/f: __/0.168381  min r/f: __/0.168381) : clock_gate_u_flash_control/flash2control_dout_reg_8/CLK
  27. Phase delay = (max r/f: __/0.167847  min r/f: __/0.167847) : clock_gate_u_flash_control/flash2control_dout_reg_9/CLK
  28. Phase delay = (max r/f: __/0.165405  min r/f: __/0.165405) : clock_gate_u_flash_control/choice_ver_reg/CLK
  29. Phase delay = (max r/f: __/0.162926  min r/f: __/0.162926) : clock_gate_u_flash_control/step1_reg_11/CLK
  30. Phase delay = (max r/f: __/0.159321  min r/f: __/0.159321) : clock_gate_u_flash_control/regpage_reg/CLK
  31. Phase delay = (max r/f: __/0.154209  min r/f: __/0.154209) : clock_gate_u_flash_control/u_flash_control_counter/sd_count_reg/CLK
  32. Phase delay = (max r/f: __/0.151920  min r/f: __/0.151920) : clock_gate_u_flash_control/flashcontrol_addr_reg/CLK
  33. Phase delay = (max r/f: __/0.151196  min r/f: __/0.151196) : clock_gate_u_flash_control/rd_sched_addr_reg/CLK
  34. Phase delay = (max r/f: __/0.150490  min r/f: __/0.150490) : clock_gate_u_flash_control/wordcount_reg/CLK
  35. Phase delay = (max r/f: __/0.143776  min r/f: __/0.143776) : clock_gate_u_flash_control/pagecount_reg/CLK
 Added 3 Repeaters (B: 0 I: 3). Built 2 Repeater Levels for driver CTS_ctosc_drc_onroute_inst_60757/Y
 Phase delay: (max r/f: 0.321846/nan  min r/f: 0.321846/nan) : CTS_ctosc_drc_onroute_inst_60757/A
Processing Echelon 4
Recomputing criticality for non-critical echelon 4
Processing parameter set (max_tran 0.080000 max_cap 0.600000)
Using layer M5 for buffering distances
   10% ...Number of Drivers Sized: 0 [0.00%]

-------------------------------------------------------------
 Echelon 4 gate by gate clock synthesis
 Gate level 8 clock tree synthesis
 Driving pin = u_clk_gen/u_clock_gen/C388/ctmi_34/Y
 Clocks: 
     system_clk (func)
     test_clk (func)
 Design rule constraints:
     max transition = 0.080000
     max capacitance = 0.600000
 Number of Sinks = 1860
 Number of Gates = 168
 Number of Loads = 2028
 Loads with existing phase delay = 168
    1. Phase delay = (max r/f: __/0.266056  min r/f: __/0.266056) : u_main_controller_top/u_main_controller/u_fifo_sync_d64x29_f116_ctrl_fifo/clock_gate_status_pointer_reg/CLK
    2. Phase delay = (max r/f: __/0.259914  min r/f: __/0.259914) : u_main_controller_top/u_main_controller/clock_gate_bits_reg/CLK
    3. Phase delay = (max r/f: __/0.259094  min r/f: __/0.259094) : u_main_controller_top/u_main_controller/u_fifo_sync_d64x29_f116_ctrl_fifo/clock_gate_rd_pointer_reg/CLK
    4. Phase delay = (max r/f: __/0.257740  min r/f: __/0.257740) : u_main_controller_top/u_main_controller/u_fifo_sync_d64x14_f116_line_mem/clock_gate_wr_pointer_reg/CLK
    5. Phase delay = (max r/f: __/0.257607  min r/f: __/0.257607) : u_main_controller_top/u_main_controller/u_fifo_sync_d64x29_f116_ctrl_fifo/clock_gate_wr_pointer_reg/CLK
    6. Phase delay = (max r/f: __/0.257473  min r/f: __/0.257473) : u_main_controller_top/u_main_controller/clock_gate_line_update_count_reg/CLK
    7. Phase delay = (max r/f: __/0.257034  min r/f: __/0.257034) : u_main_controller_top/u_main_controller/clock_gate_u_ctrue_n_delay/count_reg_52/CLK
    8. Phase delay = (max r/f: __/0.256557  min r/f: __/0.256557) : u_main_controller_top/u_main_controller/u_sr_d512x72f116_MMS2_wrap/clock_gate_u_sr_d512x72f116_MMS2_bist/bist_2nd_reg/CLK
    9. Phase delay = (max r/f: __/0.253830  min r/f: __/0.253830) : u_main_controller_top/u_main_controller/clock_gate_out_count_reg/CLK
   10. Phase delay = (max r/f: __/0.253410  min r/f: __/0.253410) : u_main_controller_top/u_main_controller/clock_gate_outorder_reg_45/CLK
   11. Phase delay = (max r/f: __/0.252762  min r/f: __/0.252762) : u_main_controller_top/u_main_controller/clock_gate_u_ctrue_n_delay/count_reg_50/CLK
   12. Phase delay = (max r/f: __/0.252438  min r/f: __/0.252438) : clock_gate_u_reset_control/u_counter2/count_reg_22/CLK
   13. Phase delay = (max r/f: __/0.251827  min r/f: __/0.251827) : clock_gate_u_reset_control/u_counter2/count_reg_24/CLK
   14. Phase delay = (max r/f: __/0.251331  min r/f: __/0.251331) : u_main_controller_top/u_main_controller/clock_gate_u_ctrue_n_delay/count_reg/CLK
   15. Phase delay = (max r/f: __/0.251141  min r/f: __/0.251141) : u_main_controller_top/clock_gate_u_rst_framesync/frame60cnt_reg/CLK
   16. Phase delay = (max r/f: __/0.250492  min r/f: __/0.250492) : clock_gate_u_reset_control/u_counter2/count_reg_23/CLK
   17. Phase delay = (max r/f: __/0.250416  min r/f: __/0.250416) : u_main_controller_top/u_main_controller/clock_gate_u_ctrue_e_delay/count_reg_49/CLK
   18. Phase delay = (max r/f: __/0.248241  min r/f: __/0.248241) : u_main_controller_top/u_main_controller/u_fifo_sync_d16x50_f116_ptr_ud_fifo/clock_gate_wr_pointer_reg/CLK
   19. Phase delay = (max r/f: __/0.247288  min r/f: __/0.247288) : u_main_controller_top/u_main_controller/clock_gate_outorder_reg_39/CLK
   20. Phase delay = (max r/f: __/0.245686  min r/f: __/0.245686) : u_main_controller_top/u_main_controller/clock_gate_bufmap2_addr_reg/CLK
   21. Phase delay = (max r/f: __/0.245609  min r/f: __/0.245609) : u_main_controller_top/u_main_controller/u_fifo_sync_d16x50_f116_ptr_ud_fifo/clock_gate_status_pointer_reg/CLK
   22. Phase delay = (max r/f: __/0.245323  min r/f: __/0.245323) : u_main_controller_top/u_main_controller/clock_gate_outorder_reg_35/CLK
   23. Phase delay = (max r/f: __/0.245171  min r/f: __/0.245171) : u_main_controller_top/u_main_controller/clock_gate_ew_new_eindx_reg/CLK
   24. Phase delay = (max r/f: __/0.244846  min r/f: __/0.244846) : u_main_controller_top/u_main_controller/clock_gate_u_ctrue_e_delay/count_reg_48/CLK
   25. Phase delay = (max r/f: __/0.244656  min r/f: __/0.244656) : u_main_controller_top/u_main_controller/clock_gate_blanking_count_reg/CLK
   26. Phase delay = (max r/f: __/0.244255  min r/f: __/0.244255) : u_main_controller_top/u_main_controller/clock_gate_u_ctrue_to_ITO_delay/count_reg_54/CLK
   27. Phase delay = (max r/f: __/0.243988  min r/f: __/0.243988) : u_main_controller_top/u_main_controller/clock_gate_shutdown_count_reg/CLK
   28. Phase delay = (max r/f: __/0.243511  min r/f: __/0.243511) : u_main_controller_top/u_main_controller/clock_gate_outorder_reg_40/CLK
   29. Phase delay = (max r/f: __/0.243092  min r/f: __/0.243092) : clock_gate_u_reset_control/u_counter2/count_reg_25/CLK
   30. Phase delay = (max r/f: __/0.242634  min r/f: __/0.242634) : u_main_controller_top/u_main_controller/u_fifo_sync_d16x50_f116_ptr_ud_fifo/clock_gate_rd_pointer_reg/CLK
   31. Phase delay = (max r/f: __/0.242596  min r/f: __/0.242596) : u_main_controller_top/u_main_controller/clock_gate_outorder_reg_36/CLK
   32. Phase delay = (max r/f: __/0.242043  min r/f: __/0.242043) : u_main_controller_top/u_main_controller/clock_gate_outorder_reg_34/CLK
   33. Phase delay = (max r/f: __/0.241947  min r/f: __/0.241947) : u_main_controller_top/u_main_controller/clock_gate_outorder_reg/CLK
   34. Phase delay = (max r/f: __/0.238152  min r/f: __/0.238152) : u_main_controller_top/u_main_controller/clock_gate_currentcolor_reg/CLK
   35. Phase delay = (max r/f: __/0.234947  min r/f: __/0.234947) : u_main_controller_top/u_main_controller/clock_gate_init_ewar_reg/CLK
   36. Phase delay = (max r/f: __/0.234547  min r/f: __/0.234547) : u_main_controller_top/u_main_controller/u_sr_d512x72f116_MMS0_wrap/clock_gate_u_sr_d512x72f116_MMS0_bist/bist_2nd_reg/CLK
   37. Phase delay = (max r/f: __/0.233593  min r/f: __/0.233593) : u_main_controller_top/u_main_controller/u_fifo_sync_d256x11_f116_ewa_mem/u_rf_d256x11_f116_wrap/clock_gate_u_rf_d256x11_f116_bist/bist_2nd_reg/CLK
   38. Phase delay = (max r/f: __/0.233402  min r/f: __/0.233402) : u_main_controller_top/u_main_controller/u_sr_d512x72f116_MMS1_wrap/clock_gate_u_sr_d512x72f116_MMS1_bist/bist_2nd_reg/CLK
   39. Phase delay = (max r/f: __/0.231915  min r/f: __/0.231915) : u_main_controller_top/u_main_controller/clock_gate_outorder_reg_32/CLK
   40. Phase delay = (max r/f: __/0.228310  min r/f: __/0.228310) : u_main_controller_top/u_main_controller/clock_gate_ptr_inc_reg/CLK
   41. Phase delay = (max r/f: __/0.228214  min r/f: __/0.228214) : u_main_controller_top/u_main_controller/u_fifo_sync_d64x14_f116_line_mem/clock_gate_rd_pointer_reg/CLK
   42. Phase delay = (max r/f: __/0.227890  min r/f: __/0.227890) : u_main_controller_top/u_main_controller/clock_gate_u_ctrue_e_delay/count_reg/CLK
   43. Phase delay = (max r/f: __/0.227509  min r/f: __/0.227509) : u_main_controller_top/u_main_controller/u_fifo_sync_d64x14_f116_line_mem/clock_gate_status_pointer_reg/CLK
   44. Phase delay = (max r/f: __/0.227413  min r/f: __/0.227413) : u_main_controller_top/u_main_controller/clock_gate_ptr_ud_outword_reg/CLK
   45. Phase delay = (max r/f: __/0.227261  min r/f: __/0.227261) : u_main_controller_top/u_main_controller/clock_gate_active_numrows_early_reg/CLK
   46. Phase delay = (max r/f: __/0.225868  min r/f: __/0.225868) : u_main_controller_top/u_main_controller/clock_gate_u_ctrue_to_ITO_delay5/count_reg_56/CLK
   47. Phase delay = (max r/f: __/0.225468  min r/f: __/0.225468) : u_main_controller_top/u_main_controller/clock_gate_u_ctrue_e_delay/count_reg_47/CLK
   48. Phase delay = (max r/f: __/0.225391  min r/f: __/0.225391) : u_main_controller_top/u_main_controller/clock_gate_u_ctrue_to_ITO_delay5/count_reg_58/CLK
   49. Phase delay = (max r/f: __/0.225048  min r/f: __/0.225048) : clock_gate_u_reset_control/u_delay/count_reg_28/CLK
   50. Phase delay = (max r/f: __/0.224514  min r/f: __/0.224514) : u_main_controller_top/u_main_controller/clock_gate_init_bit_reg/CLK
   51. Phase delay = (max r/f: __/0.224514  min r/f: __/0.224514) : u_main_controller_top/u_main_controller/clock_gate_u_ctrue_to_ITO_delay/count_reg/CLK
   52. Phase delay = (max r/f: __/0.224419  min r/f: __/0.224419) : u_main_controller_top/u_main_controller/clock_gate_u_ctrue_to_ITO_delay/count_reg_55/CLK
   53. Phase delay = (max r/f: __/0.224400  min r/f: __/0.224400) : clock_gate_u_reset_control/u_counter1/count_reg_17/CLK
   54. Phase delay = (max r/f: __/0.224037  min r/f: __/0.224037) : clock_gate_u_reset_control/u_delay/count_reg_31/CLK
   55. Phase delay = (max r/f: __/0.224018  min r/f: __/0.224018) : clock_gate_u_reset_control/u_counter1/count_reg_18/CLK
   56. Phase delay = (max r/f: __/0.223827  min r/f: __/0.223827) : clock_gate_u_reset_control/u_delay/count_reg_29/CLK
   57. Phase delay = (max r/f: __/0.223675  min r/f: __/0.223675) : clock_gate_u_reset_control/u_counter1/count_reg_19/CLK
   58. Phase delay = (max r/f: __/0.223160  min r/f: __/0.223160) : u_main_controller_top/u_main_controller/clock_gate_u_ctrue_to_ITO_delay5/count_reg/CLK
   59. Phase delay = (max r/f: __/0.222683  min r/f: __/0.222683) : clock_gate_u_reset_control/u_delay/count_reg_27/CLK
   60. Phase delay = (max r/f: __/0.221062  min r/f: __/0.221062) : u_main_controller_top/u_main_controller/clock_gate_ce4_reg/CLK
   61. Phase delay = (max r/f: __/0.221024  min r/f: __/0.221024) : clock_gate_u_reset_control/u_delay/count_reg/CLK
   62. Phase delay = (max r/f: __/0.220451  min r/f: __/0.220451) : clock_gate_u_reset_control/u_counter1/count_reg/CLK
   63. Phase delay = (max r/f: __/0.219917  min r/f: __/0.219917) : u_main_controller_top/u_main_controller/clock_gate_u_ctrue_to_ITO_delay/count_reg_53/CLK
   64. Phase delay = (max r/f: __/0.219479  min r/f: __/0.219479) : clock_gate_u_reset_control/u_counter2/count_reg_26/CLK
   65. Phase delay = (max r/f: __/0.217609  min r/f: __/0.217609) : clock_gate_u_reset_control/u_delay/count_reg_30/CLK
   66. Phase delay = (max r/f: __/0.217171  min r/f: __/0.217171) : u_main_controller_top/u_main_controller/u_address_fifo/u_rf_d256x17_f166_wrap/clock_gate_u_rf_d256x17_f166_bist/bist_2nd_reg/CLK
   67. Phase delay = (max r/f: __/0.217113  min r/f: __/0.217113) : clock_gate_u_reset_control/u_counter2/count_reg/CLK
   68. Phase delay = (max r/f: __/0.216923  min r/f: __/0.216923) : clock_gate_u_reset_control/u_counter1/count_reg_21/CLK
   69. Phase delay = (max r/f: __/0.214977  min r/f: __/0.214977) : u_main_controller_top/u_main_controller/clock_gate_u_ctrue_n_delay/count_reg_51/CLK
   70. Phase delay = (max r/f: __/0.214920  min r/f: __/0.214920) : u_main_controller_top/u_main_controller/clock_gate_u_ctrue_to_ITO_delay5/count_reg_57/CLK
   71. Phase delay = (max r/f: __/0.212345  min r/f: __/0.212345) : u_main_controller_top/u_main_controller/clock_gate_DOUT_STATIC_NEXTCOLOR_reg/CLK
   72. Phase delay = (max r/f: __/0.211182  min r/f: __/0.211182) : u_main_controller_top/u_main_controller/u_sr_d512x72f116_MM0_wrap/clock_gate_u_sr_d512x72f116_MM0_bist/bist_2nd_reg/CLK
   73. Phase delay = (max r/f: __/0.210876  min r/f: __/0.210876) : u_main_controller_top/clock_gate_u_rst_framesync/frame_count_reg/CLK
   74. Phase delay = (max r/f: __/0.209770  min r/f: __/0.209770) : clock_gate_u_reset_control/u_counter1/count_reg_20/CLK
   75. Phase delay = (max r/f: __/0.208054  min r/f: __/0.208054) : u_main_controller_top/u_main_controller/clock_gate_blue_parameters_reg/CLK
   76. Phase delay = (max r/f: __/0.203533  min r/f: __/0.203533) : u_main_controller_top/u_main_controller/clock_gate_init_line_counter_reg/CLK
   77. Phase delay = (max r/f: __/0.201168  min r/f: __/0.201168) : u_main_controller_top/u_main_controller/clock_gate_init_ewa_stop_reg/CLK
   78. Phase delay = (max r/f: __/0.199509  min r/f: __/0.199509) : u_main_controller_top/u_main_controller/clock_gate_init_done_lc_reg/CLK
   79. Phase delay = (max r/f: __/0.197392  min r/f: __/0.197392) : u_main_controller_top/u_main_controller/clock_gate_init_eram_pause_start_reg/CLK
   80. Phase delay = (max r/f: __/0.197258  min r/f: __/0.197258) : u_main_controller_top/u_main_controller/clock_gate_init_line_reg/CLK
   81. Phase delay = (max r/f: __/0.195103  min r/f: __/0.195103) : u_main_controller_top/u_main_controller/clock_gate_red_parameters2_reg/CLK
   82. Phase delay = (max r/f: __/0.194759  min r/f: __/0.194759) : u_main_controller_top/u_main_controller/clock_gate_ITO_update_reg/CLK
   83. Phase delay = (max r/f: __/0.194244  min r/f: __/0.194244) : u_main_controller_top/u_main_controller/clock_gate_WR_ADDR_reg/CLK
   84. Phase delay = (max r/f: __/0.194092  min r/f: __/0.194092) : u_main_controller_top/u_main_controller/u_address_fifo/clock_gate_u_wptr_full_address_fifo/wbin_reg/CLK
   85. Phase delay = (max r/f: __/0.193329  min r/f: __/0.193329) : u_main_controller_top/u_main_controller/u_sr_d512x72f116_MM0_wrap/clock_gate_u_sr_d512x72f116_MM0_bist/bist_addr_reg/CLK
   86. Phase delay = (max r/f: __/0.192013  min r/f: __/0.192013) : u_main_controller_top/u_main_controller/clock_gate_buffer_size_reg/CLK
   87. Phase delay = (max r/f: __/0.189762  min r/f: __/0.189762) : u_main_controller_top/u_main_controller/clock_gate_blue_parameters2_reg/CLK
   88. Phase delay = (max r/f: __/0.189095  min r/f: __/0.189095) : u_main_controller_top/u_main_controller/clock_gate_red_parameters_reg/CLK
   89. Phase delay = (max r/f: __/0.188942  min r/f: __/0.188942) : u_main_controller_top/u_main_controller/clock_gate_code_count1_reg/CLK
   90. Phase delay = (max r/f: __/0.187855  min r/f: __/0.187855) : u_main_controller_top/u_main_controller/u_fifo_sync_d256x11_f116_ewa_mem/clock_gate_status_pointer_reg/CLK
   91. Phase delay = (max r/f: __/0.187092  min r/f: __/0.187092) : u_main_controller_top/u_main_controller/u_sr_d512x72f116_MMS0_wrap/clock_gate_u_sr_d512x72f116_MMS0_bist/bist_addr_reg/CLK
   92. Phase delay = (max r/f: __/0.187092  min r/f: __/0.187092) : clock_gate_u_reset_control/lastframe_reg/CLK
   93. Phase delay = (max r/f: __/0.187016  min r/f: __/0.187016) : u_main_controller_top/u_main_controller/clock_gate_green_parameters_reg/CLK
   94. Phase delay = (max r/f: __/0.186195  min r/f: __/0.186195) : u_main_controller_top/u_main_controller/clock_gate_outorder_reg_37/CLK
   95. Phase delay = (max r/f: __/0.186024  min r/f: __/0.186024) : u_main_controller_top/u_main_controller/u_sr_d512x72f116_MMS1_wrap/clock_gate_u_sr_d512x72f116_MMS1_bist/bist_addr_reg/CLK
   96. Phase delay = (max r/f: __/0.185509  min r/f: __/0.185509) : u_main_controller_top/u_main_controller/clock_gate_buffer_sizes_reg_4/CLK
   97. Phase delay = (max r/f: __/0.184288  min r/f: __/0.184288) : u_main_controller_top/u_main_controller/clock_gate_ewa_addr_reg/CLK
   98. Phase delay = (max r/f: __/0.183372  min r/f: __/0.183372) : u_main_controller_top/u_main_controller/clock_gate_green_parameters2_reg/CLK
   99. Phase delay = (max r/f: __/0.182362  min r/f: __/0.182362) : u_main_controller_top/u_main_controller/clock_gate_global_parameters_reg/CLK
  100. Phase delay = (max r/f: __/0.180988  min r/f: __/0.180988) : u_main_controller_top/u_main_controller/u_fifo_sync_d256x11_f116_ewa_mem/u_rf_d256x11_f116_wrap/clock_gate_u_rf_d256x11_f116_bist/bist_addr_reg/CLK
  101. Phase delay = (max r/f: __/0.180569  min r/f: __/0.180569) : u_main_controller_top/u_main_controller/clock_gate_outorder_reg_43/CLK
  102. Phase delay = (max r/f: __/0.179749  min r/f: __/0.179749) : u_main_controller_top/u_main_controller/clock_gate_line_offsets_reg_21/CLK
  103. Phase delay = (max r/f: __/0.177383  min r/f: __/0.177383) : u_main_controller_top/u_main_controller/clock_gate_line_offsets_reg_19/CLK
  104. Phase delay = (max r/f: __/0.176964  min r/f: __/0.176964) : u_main_controller_top/u_main_controller/clock_gate_outorder_reg_33/CLK
  105. Phase delay = (max r/f: __/0.175686  min r/f: __/0.175686) : u_main_controller_top/u_main_controller/clock_gate_line_offsets_reg_26/CLK
  106. Phase delay = (max r/f: __/0.175247  min r/f: __/0.175247) : u_main_controller_top/u_main_controller/clock_gate_outorder_reg_38/CLK
  107. Phase delay = (max r/f: __/0.175095  min r/f: __/0.175095) : u_main_controller_top/u_main_controller/clock_gate_outorder_reg_41/CLK
  108. Phase delay = (max r/f: __/0.174446  min r/f: __/0.174446) : u_main_controller_top/u_main_controller/clock_gate_buffer_sizes_reg_5/CLK
  109. Phase delay = (max r/f: __/0.174332  min r/f: __/0.174332) : u_main_controller_top/u_main_controller/clock_gate_active_numrows_early_reg_1/CLK
  110. Phase delay = (max r/f: __/0.172558  min r/f: __/0.172558) : u_main_controller_top/u_main_controller/clock_gate_mm_count_reg/CLK
  111. Phase delay = (max r/f: __/0.172482  min r/f: __/0.172482) : u_main_controller_top/u_main_controller/clock_gate_line_offsets_reg_29/CLK
  112. Phase delay = (max r/f: __/0.172024  min r/f: __/0.172024) : u_main_controller_top/u_main_controller/clock_gate_buffer_sizes_reg_14/CLK
  113. Phase delay = (max r/f: __/0.171967  min r/f: __/0.171967) : u_main_controller_top/u_main_controller/clock_gate_buffer_sizes_reg_12/CLK
  114. Phase delay = (max r/f: __/0.170841  min r/f: __/0.170841) : u_main_controller_top/u_main_controller/clock_gate_line_offsets_reg_28/CLK
  115. Phase delay = (max r/f: __/0.170727  min r/f: __/0.170727) : u_main_controller_top/u_main_controller/clock_gate_buffer_sizes_reg_3/CLK
  116. Phase delay = (max r/f: __/0.170517  min r/f: __/0.170517) : u_main_controller_top/u_main_controller/clock_gate_currentbuf_stop_reg/CLK
  117. Phase delay = (max r/f: __/0.170326  min r/f: __/0.170326) : u_main_controller_top/u_main_controller/clock_gate_buffer_sizes_reg/CLK
  118. Phase delay = (max r/f: __/0.170231  min r/f: __/0.170231) : u_main_controller_top/u_main_controller/clock_gate_line_offsets_reg_31/CLK
  119. Phase delay = (max r/f: __/0.169640  min r/f: __/0.169640) : u_main_controller_top/u_main_controller/clock_gate_buffer_sizes_reg_2/CLK
  120. Phase delay = (max r/f: __/0.169449  min r/f: __/0.169449) : u_main_controller_top/u_main_controller/clock_gate_buffer_sizes_reg_16/CLK
  121. Phase delay = (max r/f: __/0.169163  min r/f: __/0.169163) : u_main_controller_top/u_main_controller/clock_gate_line_count_reg/CLK
  122. Phase delay = (max r/f: __/0.168400  min r/f: __/0.168400) : u_main_controller_top/u_main_controller/clock_gate_line_offsets_reg_25/CLK
  123. Phase delay = (max r/f: __/0.168133  min r/f: __/0.168133) : u_main_controller_top/u_main_controller/clock_gate_color_order2_reg/CLK
  124. Phase delay = (max r/f: __/0.167656  min r/f: __/0.167656) : u_main_controller_top/u_main_controller/clock_gate_line_offsets_reg_30/CLK
  125. Phase delay = (max r/f: __/0.167027  min r/f: __/0.167027) : u_main_controller_top/u_main_controller/clock_gate_buffer_sizes_reg_11/CLK
  126. Phase delay = (max r/f: __/0.166855  min r/f: __/0.166855) : u_main_controller_top/u_main_controller/clock_gate_line_offsets_reg_27/CLK
  127. Phase delay = (max r/f: __/0.166759  min r/f: __/0.166759) : u_main_controller_top/u_main_controller/clock_gate_ewaddr_del_reg/CLK
  128. Phase delay = (max r/f: __/0.166321  min r/f: __/0.166321) : u_main_controller_top/u_main_controller/clock_gate_line_offsets_reg_22/CLK
  129. Phase delay = (max r/f: __/0.165482  min r/f: __/0.165482) : u_main_controller_top/u_main_controller/clock_gate_line_offsets_reg_18/CLK
  130. Phase delay = (max r/f: __/0.164528  min r/f: __/0.164528) : u_main_controller_top/u_main_controller/clock_gate_line_offsets_reg_17/CLK
  131. Phase delay = (max r/f: __/0.162296  min r/f: __/0.162296) : u_main_controller_top/u_main_controller/u_address_fifo/u_rf_d256x17_f166_wrap/clock_gate_u_rf_d256x17_f166_bist/bist_addr_reg/CLK
  132. Phase delay = (max r/f: __/0.157185  min r/f: __/0.157185) : u_main_controller_top/u_main_controller/clock_gate_line_offsets_reg_20/CLK
  133. Phase delay = (max r/f: __/0.157185  min r/f: __/0.157185) : u_main_controller_top/u_main_controller/clock_gate_outorder_reg_44/CLK
  134. Phase delay = (max r/f: __/0.156403  min r/f: __/0.156403) : u_main_controller_top/u_main_controller/clock_gate_buffer_sizes_reg_7/CLK
  135. Phase delay = (max r/f: __/0.154533  min r/f: __/0.154533) : u_main_controller_top/u_main_controller/clock_gate_line_offsets_reg_24/CLK
  136. Phase delay = (max r/f: __/0.154514  min r/f: __/0.154514) : u_main_controller_top/clock_gate_u_rst_framesync/cf_offset_reg/CLK
  137. Phase delay = (max r/f: __/0.153599  min r/f: __/0.153599) : u_main_controller_top/u_main_controller/u_sr_d512x72f116_MMS2_wrap/clock_gate_u_sr_d512x72f116_MMS2_bist/bist_addr_reg/CLK
  138. Phase delay = (max r/f: __/0.153542  min r/f: __/0.153542) : u_main_controller_top/u_main_controller/clock_gate_buffer_sizes_reg_15/CLK
  139. Phase delay = (max r/f: __/0.153503  min r/f: __/0.153503) : u_main_controller_top/u_main_controller/clock_gate_line_offsets_reg/CLK
  140. Phase delay = (max r/f: __/0.153503  min r/f: __/0.153503) : u_main_controller_top/u_main_controller/clock_gate_rdaddress_addr_din_reg/CLK
  141. Phase delay = (max r/f: __/0.152969  min r/f: __/0.152969) : u_main_controller_top/u_main_controller/clock_gate_ptr_count_e_reg/CLK
  142. Phase delay = (max r/f: __/0.152664  min r/f: __/0.152664) : u_main_controller_top/u_main_controller/clock_gate_buffer_sizes_reg_6/CLK
  143. Phase delay = (max r/f: __/0.152512  min r/f: __/0.152512) : u_main_controller_top/u_main_controller/clock_gate_outorder_reg_46/CLK
  144. Phase delay = (max r/f: __/0.152473  min r/f: __/0.152473) : u_main_controller_top/u_main_controller/clock_gate_bufe_reg/CLK
  145. Phase delay = (max r/f: __/0.151901  min r/f: __/0.151901) : u_main_controller_top/u_main_controller/clock_gate_buffer_sizes_reg_9/CLK
  146. Phase delay = (max r/f: __/0.151691  min r/f: __/0.151691) : u_main_controller_top/u_main_controller/clock_gate_rdaddress_addr_din_w1_reg/CLK
  147. Phase delay = (max r/f: __/0.150833  min r/f: __/0.150833) : u_main_controller_top/u_main_controller/clock_gate_buffer_sizes_reg_13/CLK
  148. Phase delay = (max r/f: __/0.150547  min r/f: __/0.150547) : u_main_controller_top/u_main_controller/clock_gate_buffer_sizes_reg_8/CLK
  149. Phase delay = (max r/f: __/0.150337  min r/f: __/0.150337) : u_main_controller_top/u_main_controller/clock_gate_lout_count_early_new_reg/CLK
  150. Phase delay = (max r/f: __/0.149994  min r/f: __/0.149994) : u_main_controller_top/u_main_controller/clock_gate_ewa_din_reg/CLK
  151. Phase delay = (max r/f: __/0.149746  min r/f: __/0.149746) : u_main_controller_top/u_main_controller/clock_gate_outorder_reg_42/CLK
  152. Phase delay = (max r/f: __/0.149326  min r/f: __/0.149326) : u_main_controller_top/u_main_controller/clock_gate_eaddr_current_reg/CLK
  153. Phase delay = (max r/f: __/0.149250  min r/f: __/0.149250) : u_main_controller_top/u_main_controller/clock_gate_line_offsets_reg_23/CLK
  154. Phase delay = (max r/f: __/0.149231  min r/f: __/0.149231) : u_main_controller_top/u_main_controller/clock_gate_macslp1_acc_reg/CLK
  155. Phase delay = (max r/f: __/0.148945  min r/f: __/0.148945) : u_main_controller_top/u_main_controller/clock_gate_address_count_early_reg/CLK
  156. Phase delay = (max r/f: __/0.148945  min r/f: __/0.148945) : u_main_controller_top/u_main_controller/clock_gate_buffer_sizes_reg_10/CLK
  157. Phase delay = (max r/f: __/0.148659  min r/f: __/0.148659) : u_main_controller_top/clock_gate_u_rst_framesync/frame_count_late_reg/CLK
  158. Phase delay = (max r/f: __/0.148430  min r/f: __/0.148430) : u_main_controller_top/u_main_controller/clock_gate_field_count_reg/CLK
  159. Phase delay = (max r/f: __/0.148201  min r/f: __/0.148201) : u_main_controller_top/clock_gate_u_rst_framesync/countdown_reg/CLK
  160. Phase delay = (max r/f: __/0.148125  min r/f: __/0.148125) : u_main_controller_top/u_main_controller/clock_gate_buffer_count_reg/CLK
  161. Phase delay = (max r/f: __/0.147190  min r/f: __/0.147190) : u_main_controller_top/clock_gate_u_rst_framesync/frame_count_early_reg/CLK
  162. Phase delay = (max r/f: __/0.147190  min r/f: __/0.147190) : u_main_controller_top/u_main_controller/clock_gate_init_ewa_reg/CLK
  163. Phase delay = (max r/f: __/0.146580  min r/f: __/0.146580) : u_main_controller_top/u_main_controller/clock_gate_ew_newptr_reg/CLK
  164. Phase delay = (max r/f: __/0.146446  min r/f: __/0.146446) : u_main_controller_top/clock_gate_u_rst_framesync/numcor_reg/CLK
  165. Phase delay = (max r/f: __/0.146255  min r/f: __/0.146255) : u_main_controller_top/u_main_controller/clock_gate_max_address_count_long_line_p1_reg/CLK
  166. Phase delay = (max r/f: __/0.146217  min r/f: __/0.146217) : u_main_controller_top/u_main_controller/clock_gate_new_e_addr_reg/CLK
  167. Phase delay = (max r/f: __/0.143757  min r/f: __/0.143757) : u_main_controller_top/u_main_controller/u_fifo_sync_d256x11_f116_ewa_mem/clock_gate_rd_pointer_reg/CLK
  168. Phase delay = (max r/f: __/0.142860  min r/f: __/0.142860) : u_main_controller_top/u_main_controller/u_fifo_sync_d256x11_f116_ewa_mem/clock_gate_wr_pointer_reg/CLK
 Added 128 Repeaters (B: 0 I: 128). Built 10 Repeater Levels for driver u_clk_gen/u_clock_gen/C388/ctmi_34/Y
 Phase delay: (max r/f: 0.559998/nan  min r/f: 0.559998/nan) : u_clk_gen/u_clock_gen/C388/ctmi_34/A1
Processing Echelon 5
Recomputing criticality for non-critical echelon 5
Processing parameter set (max_tran 0.080000 max_cap 0.600000)
Using layer M5 for buffering distances
 Uninit phase delay returned for pin u_clk_gen/CTS_u_clock_gen_panel_clk_gate_vip59117/A
 Uninit phase delay returned for pin u_clk_gen/CTS_u_clock_gen_panel_clk_gate_vip59117/A
   10% ...   20% ...   30% ...   40% ...Number of Drivers Sized: 0 [0.00%]

-------------------------------------------------------------
 Echelon 5 gate by gate clock synthesis
 Gate level 13 clock tree synthesis
 Driving pin = u_clk_gen/u_clock_gen/C386/ctmi_36/Y
 Clocks: 
     pll1_clk_in (func)
 Design rule constraints:
     max transition = 0.080000
     max capacitance = 0.600000
 Number of Sinks = 2077
 Number of Gates = 1
 Number of Loads = 2078
Warning: Exception 'clock_source/master' is applied 1 times . (CTS-080)
 Loads with existing phase delay = 1
  1. Phase delay = (max r/f: 0.339794/__  min r/f: 0.339794/__) : CTS_ZCTSINV_74730_59994/A
 Added 121 Repeaters (B: 0 I: 121). Built 6 Repeater Levels for driver u_clk_gen/u_clock_gen/C386/ctmi_36/Y
 Phase delay: (max r/f: 0.549297/nan  min r/f: 0.549297/nan) : u_clk_gen/u_clock_gen/C386/ctmi_36/A1
-------------------------------------------------------------
 Echelon 5 gate by gate clock synthesis
 Gate level 11 clock tree synthesis
 Driving pin = u_clk_gen/u_clock_gen/ctmi_159/Y
 Clocks: 
     pll2_clk_in (func)
 Design rule constraints:
     max transition = 0.080000
     max capacitance = 0.600000
 Number of Sinks = 475
 Number of Gates = 2
 Number of Loads = 477
 Number of ignore loads = 1
Warning: Exception 'clock_source/master' is applied 1 times . (CTS-080)
 Loads with existing phase delay = 2
  1. Phase delay = (max r/f: 0.253448/__  min r/f: 0.253448/__) : u_main_controller_top/u_main_controller/CTS_ZCTSINV_459_59646/A
  2. Phase delay = (max r/f: 0.224590/__  min r/f: 0.224590/__) : u_clk_gen/u_clock_gen/C377/ctmi_33/A1
 Added 32 Repeaters (B: 0 I: 32). Built 6 Repeater Levels for driver u_clk_gen/u_clock_gen/ctmi_159/Y
 Phase delay: (max r/f: 0.498676/0.472279  min r/f: 0.498676/0.472279) : u_clk_gen/u_clock_gen/ctmi_159/A2
-------------------------------------------------------------
 Echelon 5 gate by gate clock synthesis
 Gate level 7 clock tree synthesis
 Driving pin = u_clk_gen/u_clock_gen/ctmi_152/Y
 Clocks: 
     system_clk (func)
 Design rule constraints:
     max transition = 0.080000
     max capacitance = 0.600000
 Number of Sinks = 0
 Number of Gates = 1
 Number of Loads = 1
 Loads with existing phase delay = 1
  1. Phase delay = (max r/f: 0.559998/__  min r/f: 0.559998/__) : u_clk_gen/u_clock_gen/C388/ctmi_34/A1
 Added 0 Repeaters (B: 0 I: 0). Built 0 Repeater Levels for driver u_clk_gen/u_clock_gen/ctmi_152/Y
 Phase delay: (max r/f: nan/0.603867  min r/f: nan/0.603867) : u_clk_gen/u_clock_gen/ctmi_152/A3
-------------------------------------------------------------
 Echelon 5 gate by gate clock synthesis
 Gate level 5 clock tree synthesis
 Driving pin = u_clk_gen/u_clock_gen/C389/ctmi_31/Y
 Clocks: 
     system_clk (func)
 Design rule constraints:
     max transition = 0.080000
     max capacitance = 0.600000
 Number of Sinks = 483
 Number of Gates = 1
 Number of Loads = 484
Warning: Exception 'clock_source/master' is applied 1 times . (CTS-080)
 Loads with existing phase delay = 1
  1. Phase delay = (max r/f: 0.321846/__  min r/f: 0.321846/__) : CTS_ctosc_drc_onroute_inst_60757/A
 Added 27 Repeaters (B: 0 I: 27). Built 4 Repeater Levels for driver u_clk_gen/u_clock_gen/C389/ctmi_31/Y
 Phase delay: (max r/f: 0.559063/nan  min r/f: 0.559063/nan) : u_clk_gen/u_clock_gen/C389/ctmi_31/A1
Processing Echelon 6
Recomputing criticality for non-critical echelon 6
Processing parameter set (max_tran 0.080000 max_cap 0.600000)
Using layer M5 for buffering distances
   10% ...   20% ...   30% ...Number of Drivers Sized: 1 [33.33%]

Processing parameter set (max_tran 0.500000 max_cap 0.600000)
Using layer M5 for buffering distances
   10% ...Number of Drivers Sized: 0 [0.00%]

-------------------------------------------------------------
 Echelon 6 gate by gate clock synthesis
 Gate level 12 clock tree synthesis
 Driving pin = u_clk_gen/u_clock_gen/ctmi_150/Y
 Clocks: 
     pll1_clk_in (func)
 Design rule constraints:
     max transition = 0.080000
     max capacitance = 0.600000
 Number of Sinks = 0
 Number of Gates = 1
 Number of Loads = 1
 Loads with existing phase delay = 1
  1. Phase delay = (max r/f: 0.549297/__  min r/f: 0.549297/__) : u_clk_gen/u_clock_gen/C386/ctmi_36/A1
 Added 0 Repeaters (B: 0 I: 0). Built 0 Repeater Levels for driver u_clk_gen/u_clock_gen/ctmi_150/Y
 Phase delay: (max r/f: nan/0.593700  min r/f: nan/0.593700) : u_clk_gen/u_clock_gen/ctmi_150/A3
-------------------------------------------------------------
 Echelon 6 gate by gate clock synthesis
 Gate level 10 clock tree synthesis
 Driving pin = u_clk_gen/u_clock_gen/ctmi_160/Y
 Clocks: 
     pll2_clk_in (func)
 Design rule constraints:
     max transition = 0.500000
     max capacitance = 0.600000
 Number of Sinks = 0
 Number of Gates = 1
 Number of Loads = 1
 Loads with existing phase delay = 1
  1. Phase delay = (max r/f: 0.498676/0.472279  min r/f: 0.498676/0.472279) : u_clk_gen/u_clock_gen/ctmi_159/A2
 Added 0 Repeaters (B: 0 I: 0). Built 0 Repeater Levels for driver u_clk_gen/u_clock_gen/ctmi_160/Y
 Phase delay: (max r/f: 0.546360/0.563660  min r/f: 0.546360/0.563660) : u_clk_gen/u_clock_gen/ctmi_160/A2
-------------------------------------------------------------
 Echelon 6 gate by gate clock synthesis
 Gate level 6 clock tree synthesis
 Driving pin = u_clk_gen/u_clock_gen/ctmi_140/Y
 Clocks: 
     system_clk (func)
 Design rule constraints:
     max transition = 0.080000
     max capacitance = 0.600000
 Number of Sinks = 0
 Number of Gates = 2
 Number of Loads = 2
 Loads with existing phase delay = 2
  1. Phase delay = (max r/f: 0.126877/__  min r/f: 0.126877/__) : u_clk_gen/u_clock_gen/C373/ctmi_28/A1
  2. Phase delay = (max r/f: __/0.603867  min r/f: __/0.603867) : u_clk_gen/u_clock_gen/ctmi_152/A3
 Driver sized from INVX4_HVT to INVX16_LVT
 Added 0 Repeaters (B: 0 I: 0). Built 0 Repeater Levels for driver u_clk_gen/u_clock_gen/ctmi_140/Y
 Phase delay: (max r/f: 0.599556/0.142784  min r/f: 0.599556/0.142784) : u_clk_gen/u_clock_gen/ctmi_140/A
-------------------------------------------------------------
 Echelon 6 gate by gate clock synthesis
 Gate level 4 clock tree synthesis
 Driving pin = u_clk_gen/u_clock_gen/ctmi_153/Y
 Clocks: 
     system_clk (func)
 Design rule constraints:
     max transition = 0.080000
     max capacitance = 0.600000
 Number of Sinks = 0
 Number of Gates = 1
 Number of Loads = 1
 Loads with existing phase delay = 1
  1. Phase delay = (max r/f: 0.559063/__  min r/f: 0.559063/__) : u_clk_gen/u_clock_gen/C389/ctmi_31/A1
 Added 0 Repeaters (B: 0 I: 0). Built 0 Repeater Levels for driver u_clk_gen/u_clock_gen/ctmi_153/Y
 Phase delay: (max r/f: nan/0.632763  min r/f: nan/0.632763) : u_clk_gen/u_clock_gen/ctmi_153/A3
Processing Echelon 7
Recomputing criticality for non-critical echelon 7
Processing parameter set (max_tran 0.500000 max_cap 0.600000)
Using layer M5 for buffering distances
   10% ...   20% ...Number of Drivers Sized: 0 [0.00%]

-------------------------------------------------------------
 Echelon 7 gate by gate clock synthesis
 Gate level 9 clock tree synthesis
 Driving pin = u_clk_gen/u_clock_gen/panel_clk_q1_reg/Q
 Clocks: 
     pll2_clk_in (func)
 Design rule constraints:
     max transition = 0.500000
     max capacitance = 0.600000
 Number of Sinks = 0
 Number of Gates = 1
 Number of Loads = 1
 Loads with existing phase delay = 1
  1. Phase delay = (max r/f: 0.546360/0.563660  min r/f: 0.546360/0.563660) : u_clk_gen/u_clock_gen/ctmi_160/A2
 Added 0 Repeaters (B: 0 I: 0). Built 0 Repeater Levels for driver u_clk_gen/u_clock_gen/panel_clk_q1_reg/Q
 Phase delay: (max r/f: 0.802078/nan  min r/f: 0.802078/nan) : u_clk_gen/u_clock_gen/panel_clk_q1_reg/CLK
-------------------------------------------------------------
 Echelon 7 gate by gate clock synthesis
 Gate level 7 clock tree synthesis
 Driving pin = u_clk_gen/u_clock_gen/panel_clk_q_reg/Q
 Clocks: 
     pll2_clk_in (func)
 Design rule constraints:
     max transition = 0.500000
     max capacitance = 0.600000
 Number of Sinks = 0
 Number of Gates = 1
 Number of Loads = 1
 Number of ignore loads = 1
 Loads with existing phase delay = 1
  1. Phase delay = (max r/f: 0.543518/0.562668  min r/f: 0.543518/0.562668) : u_clk_gen/u_clock_gen/ctmi_160/A3
 Added 0 Repeaters (B: 0 I: 0). Built 0 Repeater Levels for driver u_clk_gen/u_clock_gen/panel_clk_q_reg/Q
 Phase delay: (max r/f: 0.842361/nan  min r/f: 0.842361/nan) : u_clk_gen/u_clock_gen/panel_clk_q_reg/CLK
Processing Echelon 8
Recomputing criticality for non-critical echelon 8
Processing parameter set (max_tran 0.080000 max_cap 0.600000)
Using layer M5 for buffering distances
 Uninit phase delay returned for pin u_clk_gen/u_clock_gen/ctmi_153/A3
 Uninit phase delay returned for pin u_clk_gen/u_clock_gen/ctmi_150/A3
   10% ...   20% ...   30% ...Number of Drivers Sized: 0 [0.00%]

Processing parameter set (max_tran 0.500000 max_cap 0.600000)
Using layer M5 for buffering distances
   10% ...Number of Drivers Sized: 0 [0.00%]

-------------------------------------------------------------
 Echelon 8 gate by gate clock synthesis
 Gate level 10 clock tree synthesis
 Driving pin = u_clk_gen/u_clock_gen/ctmi_148/Y
 Clocks: 
     pll1_clk_in (func)
     system_clk (func)
 Design rule constraints:
     max transition = 0.080000
     max capacitance = 0.600000
 Number of Sinks = 3
 Number of Gates = 2
 Number of Loads = 5
 Number of ignore loads = 1
 Loads with existing phase delay = 2
  1. Phase delay = (max r/f: 0.125618/__  min r/f: 0.125618/__) : u_clk_gen/u_clock_gen/C371/ctmi_26/A1
  2. Phase delay = (max r/f: __/0.593700  min r/f: __/0.593700) : u_clk_gen/u_clock_gen/ctmi_150/A3
 Added 2 Repeaters (B: 0 I: 2). Built 2 Repeater Levels for driver u_clk_gen/u_clock_gen/ctmi_148/Y
 Phase delay: (max r/f: 0.798454/nan  min r/f: 0.798454/nan) : u_clk_gen/u_clock_gen/ctmi_148/A5
-------------------------------------------------------------
 Echelon 8 gate by gate clock synthesis
 Gate level 8 clock tree synthesis
 Driving pin = u_clk_gen/u_clock_gen/C372/ctmi_27/Y
 Clocks: 
     test_clk (func)
 Design rule constraints:
     max transition = 0.080000
     max capacitance = 0.600000
 Number of Sinks = 1
 Number of Gates = 0
 Number of Loads = 1
 Added 0 Repeaters (B: 0 I: 0). Built 0 Repeater Levels for driver u_clk_gen/u_clock_gen/C372/ctmi_27/Y
 Phase delay: (max r/f: 0.140209/nan  min r/f: 0.140209/nan) : u_clk_gen/u_clock_gen/C372/ctmi_27/A2
-------------------------------------------------------------
 Echelon 8 gate by gate clock synthesis
 Gate level 4 clock tree synthesis
 Driving pin = u_clk_gen/u_panel_clk_by2/system_clk_div2_reg/Q
 Clocks: 
     system_clk (func)
 Design rule constraints:
     max transition = 0.500000
     max capacitance = 0.600000
 Number of Sinks = 3
 Number of Gates = 1
 Number of Loads = 4
Warning: Exception 'clock_source/master' is applied 1 times . (CTS-080)
 Loads with existing phase delay = 1
  1. Phase delay = (max r/f: 0.599556/0.142784  min r/f: 0.599556/0.142784) : u_clk_gen/u_clock_gen/ctmi_140/A
 Added 2 Repeaters (B: 0 I: 2). Built 2 Repeater Levels for driver u_clk_gen/u_panel_clk_by2/system_clk_div2_reg/Q
 Phase delay: (max r/f: 0.934944/nan  min r/f: 0.934944/nan) : u_clk_gen/u_panel_clk_by2/system_clk_div2_reg/CLK
-------------------------------------------------------------
 Echelon 8 gate by gate clock synthesis
 Gate level 2 clock tree synthesis
 Driving pin = u_clk_gen/u_clock_gen/C382/ctmi_29/Y
 Clocks: 
     system_clk (func)
     test_clk (func)
 Design rule constraints:
     max transition = 0.080000
     max capacitance = 0.600000
 Number of Sinks = 1
 Number of Gates = 2
 Number of Loads = 3
 Loads with existing phase delay = 2
  1. Phase delay = (max r/f: 0.127392/__  min r/f: 0.127392/__) : u_clk_gen/u_clock_gen/C375/ctmi_30/A1
  2. Phase delay = (max r/f: __/0.632763  min r/f: __/0.632763) : u_clk_gen/u_clock_gen/ctmi_153/A3
 Added 2 Repeaters (B: 0 I: 2). Built 2 Repeater Levels for driver u_clk_gen/u_clock_gen/C382/ctmi_29/Y
 Phase delay: (max r/f: 0.811882/0.321674  min r/f: 0.811882/0.321674) : u_clk_gen/u_clock_gen/C382/ctmi_29/A1
Processing Echelon 9
Recomputing criticality for non-critical echelon 9
Processing parameter set (max_tran 0.500000 max_cap 0.600000)
Using layer M5 for buffering distances
   10% ...   20% ...Number of Drivers Sized: 0 [0.00%]

-------------------------------------------------------------
 Echelon 9 gate by gate clock synthesis
 Gate level 9 clock tree synthesis
 Driving pin = u_clk_gen/u_clock_gen/sdram_clk_sel_q3_reg/QN
 Clocks: 
     pll1_clk_in (func)
 Design rule constraints:
     max transition = 0.500000
     max capacitance = 0.600000
 Number of Sinks = 0
 Number of Gates = 1
 Number of Loads = 1
 Loads with existing phase delay = 1
  1. Phase delay = (max r/f: 0.798454/__  min r/f: 0.798454/__) : u_clk_gen/u_clock_gen/ctmi_148/A5
 Added 0 Repeaters (B: 0 I: 0). Built 0 Repeater Levels for driver u_clk_gen/u_clock_gen/sdram_clk_sel_q3_reg/QN
 Phase delay: (max r/f: 1.109142/nan  min r/f: 1.109142/nan) : u_clk_gen/u_clock_gen/sdram_clk_sel_q3_reg/CLK
-------------------------------------------------------------
 Echelon 9 gate by gate clock synthesis
 Gate level 9 clock tree synthesis
 Driving pin = u_clk_gen/u_clock_gen/sdram_clk_sel_q3_reg/Q
 Clocks: 
     pll1_clk_in (func)
 Design rule constraints:
     max transition = 0.500000
     max capacitance = 0.600000
 Number of Sinks = 0
 Number of Gates = 2
 Number of Loads = 2
 Loads with existing phase delay = 2
  1. Phase delay = (max r/f: 0.838680/__  min r/f: 0.838680/__) : u_clk_gen/u_clock_gen/ctmi_148/A1
  2. Phase delay = (max r/f: 0.826797/__  min r/f: 0.826797/__) : u_clk_gen/u_clock_gen/ctmi_148/A3
 Added 0 Repeaters (B: 0 I: 0). Built 0 Repeater Levels for driver u_clk_gen/u_clock_gen/sdram_clk_sel_q3_reg/Q
 Phase delay: (max r/f: 1.109142/nan  min r/f: 1.109142/nan) : u_clk_gen/u_clock_gen/sdram_clk_sel_q3_reg/CLK
Processing Echelon 10
Recomputing criticality for non-critical echelon 10
Processing parameter set (max_tran 0.080000 max_cap 0.600000)
Using layer M5 for buffering distances
 Uninit phase delay returned for pin u_clk_gen/u_clock_gen/C372/ctmi_27/A1
 Uninit phase delay returned for pin u_clk_gen/u_clock_gen/ctmi_159/A1
 Uninit phase delay returned for pin u_clk_gen/u_clock_gen/panel_clk_q_reg/CLK
   10% ...   20% ...   30% ...Number of Drivers Sized: 0 [0.00%]

-------------------------------------------------------------
 Echelon 10 gate by gate clock synthesis
 Gate level 8 clock tree synthesis
 Driving pin = u_clk_gen/u_clock_gen/C367/ctmi_20/Y
 Clocks: 
     test_clk (func)
 Design rule constraints:
     max transition = 0.080000
     max capacitance = 0.600000
 Number of Sinks = 1
 Number of Gates = 0
 Number of Loads = 1
 Added 0 Repeaters (B: 0 I: 0). Built 0 Repeater Levels for driver u_clk_gen/u_clock_gen/C367/ctmi_20/Y
 Phase delay: (max r/f: 0.140781/nan  min r/f: 0.140781/nan) : u_clk_gen/u_clock_gen/C367/ctmi_20/A2
-------------------------------------------------------------
 Echelon 10 gate by gate clock synthesis
 Gate level 6 clock tree synthesis
 Driving pin = u_clk_gen/u_clock_gen/ctmi_156/Y
 Clocks: 
     pll2_clk_in (func)
     system_clk (func)
 Design rule constraints:
     max transition = 0.080000
     max capacitance = 0.600000
 Number of Sinks = 3
 Number of Gates = 2
 Number of Loads = 5
 Loads with existing phase delay = 3
  1. Phase delay = (max r/f: 0.926247/__  min r/f: 0.926247/__) : u_clk_gen/u_clock_gen/C372/ctmi_27/A1
  2. Phase delay = (max r/f: 0.842361/__  min r/f: 0.842361/__) : u_clk_gen/u_clock_gen/panel_clk_q_reg/CLK
  3. Phase delay = (max r/f: 0.506458/0.492020  min r/f: 0.506458/0.492020) : u_clk_gen/u_clock_gen/ctmi_159/A1
 Added 2 Repeaters (B: 0 I: 2). Built 2 Repeater Levels for driver u_clk_gen/u_clock_gen/ctmi_156/Y
 Phase delay: (max r/f: 1.015739/1.127567  min r/f: 1.015739/1.127567) : u_clk_gen/u_clock_gen/ctmi_156/A5
-------------------------------------------------------------
 Echelon 10 gate by gate clock synthesis
 Gate level 2 clock tree synthesis
 Driving pin = u_clk_gen/u_clock_gen/C384/ctmi_37/Y
 Clocks: 
     system_clk (func)
 Design rule constraints:
     max transition = 0.080000
     max capacitance = 0.600000
 Number of Sinks = 7
 Number of Gates = 2
 Number of Loads = 9
Warning: Exception 'clock_source/master' is applied 1 times . (CTS-080)
 Loads with existing phase delay = 2
  1. Phase delay = (max r/f: 0.934944/__  min r/f: 0.934944/__) : u_clk_gen/u_panel_clk_by2/system_clk_div2_reg/CLK
  2. Phase delay = (max r/f: 0.159245/__  min r/f: 0.159245/__) : u_clk_gen/ctmi_453/A
 Added 2 Repeaters (B: 0 I: 2). Built 2 Repeater Levels for driver u_clk_gen/u_clock_gen/C384/ctmi_37/Y
 Phase delay: (max r/f: 1.104527/nan  min r/f: 1.104527/nan) : u_clk_gen/u_clock_gen/C384/ctmi_37/A1
Processing Echelon 11
Recomputing criticality for non-critical echelon 11
Processing parameter set (max_tran 0.500000 max_cap 0.600000)
Using layer M5 for buffering distances
   10% ...   20% ...   30% ...Number of Drivers Sized: 0 [0.00%]

-------------------------------------------------------------
 Echelon 11 gate by gate clock synthesis
 Gate level 5 clock tree synthesis
 Driving pin = u_clk_gen/u_clock_gen/panel_clk_sel_q3_reg/QN
 Clocks: 
     pll2_clk_in (func)
 Design rule constraints:
     max transition = 0.500000
     max capacitance = 0.600000
 Number of Sinks = 0
 Number of Gates = 1
 Number of Loads = 1
 Loads with existing phase delay = 1
  1. Phase delay = (max r/f: 1.015739/1.127567  min r/f: 1.015739/1.127567) : u_clk_gen/u_clock_gen/ctmi_156/A5
 Added 0 Repeaters (B: 0 I: 0). Built 0 Repeater Levels for driver u_clk_gen/u_clock_gen/panel_clk_sel_q3_reg/QN
 Phase delay: (max r/f: 1.417465/nan  min r/f: 1.417465/nan) : u_clk_gen/u_clock_gen/panel_clk_sel_q3_reg/CLK
-------------------------------------------------------------
 Echelon 11 gate by gate clock synthesis
 Gate level 5 clock tree synthesis
 Driving pin = u_clk_gen/u_clock_gen/panel_clk_sel_q3_reg/Q
 Clocks: 
     pll2_clk_in (func)
 Design rule constraints:
     max transition = 0.500000
     max capacitance = 0.600000
 Number of Sinks = 0
 Number of Gates = 2
 Number of Loads = 2
 Loads with existing phase delay = 2
  1. Phase delay = (max r/f: 1.056347/1.160011  min r/f: 1.056347/1.160011) : u_clk_gen/u_clock_gen/ctmi_156/A1
  2. Phase delay = (max r/f: 1.044502/1.144104  min r/f: 1.044502/1.144104) : u_clk_gen/u_clock_gen/ctmi_156/A3
 Added 0 Repeaters (B: 0 I: 0). Built 0 Repeater Levels for driver u_clk_gen/u_clock_gen/panel_clk_sel_q3_reg/Q
 Phase delay: (max r/f: 1.417465/nan  min r/f: 1.417465/nan) : u_clk_gen/u_clock_gen/panel_clk_sel_q3_reg/CLK
-------------------------------------------------------------
 Echelon 11 gate by gate clock synthesis
 Gate level 9 clock tree synthesis
 Driving pin = u_clk_gen/u_clock_gen/A43593/Y
 Clocks: 
     system_clk (func)
 Design rule constraints:
     max transition = 0.500000
     max capacitance = 0.600000
 Number of Sinks = 0
 Number of Gates = 1
 Number of Loads = 1
 Number of ignore loads = 2
 Loads with existing phase delay = 1
  1. Phase delay = (max r/f: 1.101952/1.102200  min r/f: 1.101952/1.102200) : u_clk_gen/u_clock_gen/C384/ctmi_37/S0
 Added 0 Repeaters (B: 0 I: 0). Built 0 Repeater Levels for driver u_clk_gen/u_clock_gen/A43593/Y
 Phase delay: (max r/f: 1.181870/1.184502  min r/f: 1.181870/1.184502) : u_clk_gen/u_clock_gen/A43593/A2
Processing Echelon 12
Recomputing criticality for non-critical echelon 12
Processing parameter set (max_tran 0.080000 max_cap 0.600000)
Using layer M5 for buffering distances
 Uninit phase delay returned for pin u_clk_gen/u_clock_gen/C367/ctmi_20/A1
   10% ...   20% ...Number of Drivers Sized: 0 [0.00%]

Processing parameter set (max_tran 0.500000 max_cap 0.600000)
Using layer M5 for buffering distances
   10% ...Number of Drivers Sized: 0 [0.00%]

-------------------------------------------------------------
 Echelon 12 gate by gate clock synthesis
 Gate level 6 clock tree synthesis
 Driving pin = u_clk_gen/ctmi_494/Y
 Clocks: 
     pll1_clk_in (func)
     system_clk (func)
 Design rule constraints:
     max transition = 0.080000
     max capacitance = 0.600000
 Number of Sinks = 2
 Number of Gates = 2
 Number of Loads = 4
 Loads with existing phase delay = 2
  1. Phase delay = (max r/f: 1.251183/__  min r/f: 1.251183/__) : u_clk_gen/u_clock_gen/C367/ctmi_20/A1
  2. Phase delay = (max r/f: 0.795479/0.354290  min r/f: 0.795479/0.354290) : u_clk_gen/u_clock_gen/ctmi_148/A6
 Added 2 Repeaters (B: 0 I: 2). Built 2 Repeater Levels for driver u_clk_gen/ctmi_494/Y
 Phase delay: (max r/f: 1.491146/1.491985  min r/f: 1.491146/1.491985) : u_clk_gen/ctmi_494/S1
-------------------------------------------------------------
 Echelon 12 gate by gate clock synthesis
 Gate level 4 clock tree synthesis
 Driving pin = u_clk_gen/u_clock_gen/C369/ctmi_22/Y
 Clocks: 
     test_clk (func)
 Design rule constraints:
     max transition = 0.080000
     max capacitance = 0.600000
 Number of Sinks = 1
 Number of Gates = 0
 Number of Loads = 1
 Added 0 Repeaters (B: 0 I: 0). Built 0 Repeater Levels for driver u_clk_gen/u_clock_gen/C369/ctmi_22/Y
 Phase delay: (max r/f: 0.142403/nan  min r/f: 0.142403/nan) : u_clk_gen/u_clock_gen/C369/ctmi_22/A2
-------------------------------------------------------------
 Echelon 12 gate by gate clock synthesis
 Gate level 8 clock tree synthesis
 Driving pin = u_clk_gen/u_clock_gen/ctmi_39208/Y
 Clocks: 
     system_clk (func)
 Design rule constraints:
     max transition = 0.500000
     max capacitance = 0.600000
 Number of Sinks = 0
 Number of Gates = 1
 Number of Loads = 1
 Loads with existing phase delay = 1
  1. Phase delay = (max r/f: 1.181870/1.184502  min r/f: 1.181870/1.184502) : u_clk_gen/u_clock_gen/A43593/A2
 Added 2 Repeaters (B: 0 I: 2). Built 2 Repeater Levels for driver u_clk_gen/u_clock_gen/ctmi_39208/Y
 Phase delay: (max r/f: 1.274853/1.282253  min r/f: 1.274853/1.282253) : u_clk_gen/u_clock_gen/ctmi_39208/A1
Processing Echelon 13
Recomputing criticality for non-critical echelon 13
Processing parameter set (max_tran 0.500000 max_cap 0.600000)
Using layer M5 for buffering distances
   10% ...   20% ...   30% ...Number of Drivers Sized: 0 [0.00%]

-------------------------------------------------------------
 Echelon 13 gate by gate clock synthesis
 Gate level 5 clock tree synthesis
 Driving pin = u_clk_gen/u_pll_mux/pll1_ld_q3_reg/Q
 Clocks: 
     pll1_clk_in (func)
 Design rule constraints:
     max transition = 0.500000
     max capacitance = 0.600000
 Number of Sinks = 0
 Number of Gates = 1
 Number of Loads = 1
 Loads with existing phase delay = 1
  1. Phase delay = (max r/f: 1.491146/1.491985  min r/f: 1.491146/1.491985) : u_clk_gen/ctmi_494/S1
 Added 0 Repeaters (B: 0 I: 0). Built 0 Repeater Levels for driver u_clk_gen/u_pll_mux/pll1_ld_q3_reg/Q
 Phase delay: (max r/f: 1.777706/nan  min r/f: 1.777706/nan) : u_clk_gen/u_pll_mux/pll1_ld_q3_reg/CLK
-------------------------------------------------------------
 Echelon 13 gate by gate clock synthesis
 Gate level 7 clock tree synthesis
 Driving pin = u_register_map_control/choice_44_reg[11]/Q
 Clocks: 
     system_clk (func)
 Design rule constraints:
     max transition = 0.500000
     max capacitance = 0.600000
 Number of Sinks = 0
 Number of Gates = 1
 Number of Loads = 1
 Number of ignore loads = 1
 Loads with existing phase delay = 1
  1. Phase delay = (max r/f: 1.274853/1.282253  min r/f: 1.274853/1.282253) : u_clk_gen/u_clock_gen/ctmi_39208/A1
 Added 0 Repeaters (B: 0 I: 0). Built 0 Repeater Levels for driver u_register_map_control/choice_44_reg[11]/Q
 Phase delay: (max r/f: 1.565590/nan  min r/f: 1.565590/nan) : u_register_map_control/choice_44_reg[11]/CLK
-------------------------------------------------------------
 Echelon 13 gate by gate clock synthesis
 Gate level 7 clock tree synthesis
 Driving pin = u_register_map_control/choice_44_reg[10]/Q
 Clocks: 
     system_clk (func)
 Design rule constraints:
     max transition = 0.500000
     max capacitance = 0.600000
 Number of Sinks = 0
 Number of Gates = 1
 Number of Loads = 1
 Number of ignore loads = 1
 Loads with existing phase delay = 1
  1. Phase delay = (max r/f: 1.268539/1.273460  min r/f: 1.268539/1.273460) : u_clk_gen/u_clock_gen/ctmi_39208/A2
 Added 0 Repeaters (B: 0 I: 0). Built 0 Repeater Levels for driver u_register_map_control/choice_44_reg[10]/Q
 Phase delay: (max r/f: 1.559067/nan  min r/f: 1.559067/nan) : u_register_map_control/choice_44_reg[10]/CLK
Processing Echelon 14
Recomputing criticality for non-critical echelon 14
Processing parameter set (max_tran 0.080000 max_cap 0.600000)
Using layer M5 for buffering distances
   10% ...   20% ...Number of Drivers Sized: 0 [0.00%]

-------------------------------------------------------------
 Echelon 14 gate by gate clock synthesis
 Gate level 4 clock tree synthesis
 Driving pin = u_clk_gen/u_pll_mux/C88/ctmi_7/Y
 Clocks: 
     test_clk (func)
 Design rule constraints:
     max transition = 0.080000
     max capacitance = 0.600000
 Number of Sinks = 1
 Number of Gates = 0
 Number of Loads = 1
 Added 0 Repeaters (B: 0 I: 0). Built 0 Repeater Levels for driver u_clk_gen/u_pll_mux/C88/ctmi_7/Y
 Phase delay: (max r/f: 0.140896/nan  min r/f: 0.140896/nan) : u_clk_gen/u_pll_mux/C88/ctmi_7/A2
-------------------------------------------------------------
 Echelon 14 gate by gate clock synthesis
 Gate level 2 clock tree synthesis
 Driving pin = ctmi_34317/Y
 Clocks: 
     pll2_clk_in (func)
 Design rule constraints:
     max transition = 0.080000
     max capacitance = 0.600000
 Number of Sinks = 4
 Number of Gates = 3
 Number of Loads = 7
 Loads with existing phase delay = 3
  1. Phase delay = (max r/f: 1.561146/__  min r/f: 1.561146/__) : u_clk_gen/u_clock_gen/C369/ctmi_22/A1
  2. Phase delay = (max r/f: 1.013794/1.127663  min r/f: 1.013794/1.127663) : u_clk_gen/u_clock_gen/ctmi_156/A6
  3. Phase delay = (max r/f: 0.144405/__  min r/f: 0.144405/__) : u_clk_gen/u_pll_mux/C89/ctmi_8/A1
 Added 2 Repeaters (B: 0 I: 2). Built 2 Repeater Levels for driver ctmi_34317/Y
 Phase delay: (max r/f: 1.210766/1.787434  min r/f: 1.210766/1.787434) : ctmi_34317/A2
Processing Echelon 15
Recomputing criticality for non-critical echelon 15
Processing parameter set (max_tran 0.080000 max_cap 0.600000)
Using layer M5 for buffering distances
   10% ...   20% ...   30% ...Number of Drivers Sized: 1 [33.33%]

-------------------------------------------------------------
 Echelon 15 gate by gate clock synthesis
 Gate level 1 clock tree synthesis
 Driving pin = pll2_clk_in
 Clocks: 
     pll2_clk_in (func)
 Design rule constraints:
     max transition = 0.080000
     max capacitance = 0.600000
 Number of Sinks = 1
 Number of Gates = 1
 Number of Loads = 2
 Loads with existing phase delay = 1
  1. Phase delay = (max r/f: 1.210766/1.787434  min r/f: 1.210766/1.787434) : ctmi_34317/A2
 Added 0 Repeaters (B: 0 I: 0). Built 0 Repeater Levels for driver pll2_clk_in
 Phase delay: (max r/f: 1.238194/1.819019  min r/f: 1.238194/1.819019) : pll2_clk_in
-------------------------------------------------------------
 Echelon 15 gate by gate clock synthesis
 Gate level 5 clock tree synthesis
 Driving pin = clock_gate_u_register_map_control/choice_44_reg/GCLK
 Clocks: 
     system_clk (func)
 Design rule constraints:
     max transition = 0.080000
     max capacitance = 0.600000
 Number of Sinks = 22
 Number of Gates = 2
 Number of Loads = 24
 Loads with existing phase delay = 2
  1. Phase delay = (max r/f: 1.565590/__  min r/f: 1.565590/__) : u_register_map_control/choice_44_reg[11]/CLK
  2. Phase delay = (max r/f: 1.559067/__  min r/f: 1.559067/__) : u_register_map_control/choice_44_reg[10]/CLK
 Driver sized from CGLNPRX2_RVT to CGLNPRX2_LVT
 Added 3 Repeaters (B: 0 I: 3). Built 3 Repeater Levels for driver clock_gate_u_register_map_control/choice_44_reg/GCLK
 Phase delay: (max r/f: nan/1.702652  min r/f: nan/1.702652) : clock_gate_u_register_map_control/choice_44_reg/CLK
-------------------------------------------------------------
 Echelon 15 gate by gate clock synthesis
 Gate level 2 clock tree synthesis
 Driving pin = ctmi_36381/Y
 Clocks: 
     test_clk (func)
 Design rule constraints:
     max transition = 0.080000
     max capacitance = 0.600000
 Number of Sinks = 0
 Number of Gates = 15
 Number of Loads = 15
 Number of ignore loads = 1
 Loads with existing phase delay = 15
   1. Phase delay = (max r/f: 0.574665/__  min r/f: 0.574665/__) : u_clk_gen/u_clock_gen/C388/ctmi_34/A2
   2. Phase delay = (max r/f: 0.191631/0.318928  min r/f: 0.191631/0.318928) : u_clk_gen/u_clock_gen/C382/ctmi_29/A2
   3. Phase delay = (max r/f: 0.188866/__  min r/f: 0.188866/__) : u_clk_gen/u_clock_gen/C368/ctmi_21/A2
   4. Phase delay = (max r/f: 0.143242/__  min r/f: 0.143242/__) : u_clk_gen/u_clock_gen/C375/ctmi_30/A2
   5. Phase delay = (max r/f: 0.143147/__  min r/f: 0.143147/__) : u_clk_gen/u_pll_mux/C89/ctmi_8/A2
   6. Phase delay = (max r/f: 0.143051/__  min r/f: 0.143051/__) : u_clk_gen/u_pll_mux/C87/ctmi_6/A2
   7. Phase delay = (max r/f: 0.142403/__  min r/f: 0.142403/__) : u_clk_gen/u_clock_gen/C369/ctmi_22/A2
   8. Phase delay = (max r/f: 0.142288/__  min r/f: 0.142288/__) : u_clk_gen/u_clock_gen/C376/ctmi_25/A2
   9. Phase delay = (max r/f: 0.142155/__  min r/f: 0.142155/__) : u_clk_gen/u_clock_gen/C374/ctmi_24/A2
  10. Phase delay = (max r/f: 0.141983/__  min r/f: 0.141983/__) : u_clk_gen/u_clock_gen/C373/ctmi_28/A2
  11. Phase delay = (max r/f: 0.140896/__  min r/f: 0.140896/__) : u_clk_gen/u_pll_mux/C88/ctmi_7/A2
  12. Phase delay = (max r/f: 0.140781/__  min r/f: 0.140781/__) : u_clk_gen/u_clock_gen/C367/ctmi_20/A2
  13. Phase delay = (max r/f: 0.140381/__  min r/f: 0.140381/__) : u_clk_gen/u_clock_gen/C370/ctmi_23/A2
  14. Phase delay = (max r/f: 0.140209/__  min r/f: 0.140209/__) : u_clk_gen/u_clock_gen/C372/ctmi_27/A2
  15. Phase delay = (max r/f: 0.140171/__  min r/f: 0.140171/__) : u_clk_gen/u_clock_gen/C371/ctmi_26/A2
 Added 2 Repeaters (B: 0 I: 2). Built 2 Repeater Levels for driver ctmi_36381/Y
 Phase delay: (max r/f: 0.800896/0.594730  min r/f: 0.800896/0.594730) : ctmi_36381/A2
Processing Echelon 16
Recomputing criticality for non-critical echelon 16
Processing parameter set (max_tran 0.080000 max_cap 0.600000)
Using layer M5 for buffering distances
   10% ...   20% ...   30% ...Number of Drivers Sized: 1 [33.33%]

-------------------------------------------------------------
 Echelon 16 gate by gate clock synthesis
 Gate level 2 clock tree synthesis
 Driving pin = ctmi_36750/Y
 Clocks: 
     pll1_clk_in (func)
 Design rule constraints:
     max transition = 0.080000
     max capacitance = 0.600000
 Number of Sinks = 2
 Number of Gates = 4
 Number of Loads = 6
 Number of ignore loads = 1
 Loads with existing phase delay = 4
  1. Phase delay = (max r/f: 1.919861/__  min r/f: 1.919861/__) : u_clk_gen/u_pll_mux/C88/ctmi_7/A1
  2. Phase delay = (max r/f: 1.072483/1.527348  min r/f: 1.072483/1.527348) : u_clk_gen/ctmi_494/A3
  3. Phase delay = (max r/f: 1.069660/1.533871  min r/f: 1.069660/1.533871) : u_clk_gen/ctmi_494/A4
  4. Phase delay = (max r/f: 1.060810/1.513615  min r/f: 1.060810/1.513615) : u_clk_gen/ctmi_494/A1
 Added 2 Repeaters (B: 0 I: 2). Built 2 Repeater Levels for driver ctmi_36750/Y
 Phase delay: (max r/f: 1.275673/2.174320  min r/f: 1.275673/2.174320) : ctmi_36750/A2
-------------------------------------------------------------
 Echelon 16 gate by gate clock synthesis
 Gate level 4 clock tree synthesis
 Driving pin = CTS_ZCTSINV_10194_60044/Y
 Clocks: 
     system_clk (func)
 Design rule constraints:
     max transition = 0.080000
     max capacitance = 0.600000
 Number of Sinks = 241
 Number of Gates = 82
 Number of Loads = 323
 Loads with existing phase delay = 82
   1. Phase delay = (max r/f: __/1.702652  min r/f: __/1.702652) : clock_gate_u_register_map_control/choice_44_reg/CLK
   2. Phase delay = (max r/f: __/0.234013  min r/f: __/0.234013) : clock_gate_u_register_map_control/choice_A_reg_7/CLK
   3. Phase delay = (max r/f: __/0.225525  min r/f: __/0.225525) : u_main_controller_top/u_main_controller/clock_gate_mirror_mem_din_0_reg/CLK
   4. Phase delay = (max r/f: __/0.220451  min r/f: __/0.220451) : u_main_controller_top/u_main_controller/clock_gate_load_global_parameters_cnt_reg/CLK
   5. Phase delay = (max r/f: __/0.213604  min r/f: __/0.213604) : u_datapath/u_gamma_flash_fifo_control/u_load_mem_fifo/clock_gate_u_wptr_full_load_mem_fifo/wbin_reg/CLK
   6. Phase delay = (max r/f: __/0.210819  min r/f: __/0.210819) : u_main_controller_top/u_main_controller/clock_gate_load_count_reg/CLK
   7. Phase delay = (max r/f: __/0.210342  min r/f: __/0.210342) : u_main_controller_top/u_main_controller/clock_gate_cur_static_mem_section_reg/CLK
   8. Phase delay = (max r/f: __/0.209751  min r/f: __/0.209751) : u_main_controller_top/u_main_controller/clock_gate_load_parameters_cnt_reg/CLK
   9. Phase delay = (max r/f: __/0.208435  min r/f: __/0.208435) : u_main_controller_top/u_main_controller/clock_gate_ewa_static_count_reg/CLK
  10. Phase delay = (max r/f: __/0.187664  min r/f: __/0.187664) : u_main_controller_top/u_main_controller/clock_gate_eram_write_addr_usba_reg/CLK
  11. Phase delay = (max r/f: __/0.184956  min r/f: __/0.184956) : u_main_controller_top/u_main_controller/clock_gate_load_parameters_din_reg/CLK
  12. Phase delay = (max r/f: __/0.173855  min r/f: __/0.173855) : clock_gate_u_i2c_control/u_DI2CSB/R0000C_reg/CLK
  13. Phase delay = (max r/f: __/0.173836  min r/f: __/0.173836) : clock_gate_u_i2c_control/u_DI2CSB/R00005_reg/CLK
  14. Phase delay = (max r/f: __/0.173817  min r/f: __/0.173817) : clock_gate_u_register_map_control/choice_40_reg/CLK
  15. Phase delay = (max r/f: __/0.173683  min r/f: __/0.173683) : clock_gate_u_i2c_control/i2c_in2_reg/CLK
  16. Phase delay = (max r/f: __/0.173016  min r/f: __/0.173016) : clock_gate_u_register_map_control/choice_V_reg/CLK
  17. Phase delay = (max r/f: __/0.172939  min r/f: __/0.172939) : clock_gate_u_register_map_control/choice_Q_reg/CLK
  18. Phase delay = (max r/f: __/0.172462  min r/f: __/0.172462) : clock_gate_u_register_map_control/choice_03_reg/CLK
  19. Phase delay = (max r/f: __/0.172462  min r/f: __/0.172462) : clock_gate_u_register_map_control/choice_X_reg/CLK
  20. Phase delay = (max r/f: __/0.172043  min r/f: __/0.172043) : clock_gate_u_register_map_control/choice_38_reg/CLK
  21. Phase delay = (max r/f: __/0.171871  min r/f: __/0.171871) : u_datapath/u_gamma_flash_fifo_control/clock_gate_fifo_din_reg/CLK
  22. Phase delay = (max r/f: __/0.171814  min r/f: __/0.171814) : clock_gate_u_register_map_control/choice_2e_reg/CLK
  23. Phase delay = (max r/f: __/0.171757  min r/f: __/0.171757) : clock_gate_u_register_map_control/choice_B_reg/CLK
  24. Phase delay = (max r/f: __/0.171738  min r/f: __/0.171738) : clock_gate_u_register_map_control/choice_M_reg/CLK
  25. Phase delay = (max r/f: __/0.171604  min r/f: __/0.171604) : clock_gate_u_register_map_control/choice_N_reg/CLK
  26. Phase delay = (max r/f: __/0.171413  min r/f: __/0.171413) : clock_gate_u_register_map_control/choice_5f_reg/CLK
  27. Phase delay = (max r/f: __/0.171356  min r/f: __/0.171356) : clock_gate_u_register_map_control/choice_36_reg/CLK
  28. Phase delay = (max r/f: __/0.171356  min r/f: __/0.171356) : clock_gate_u_register_map_control/choice_5a_reg/CLK
  29. Phase delay = (max r/f: __/0.171242  min r/f: __/0.171242) : clock_gate_u_register_map_control/choice_S_reg/CLK
  30. Phase delay = (max r/f: __/0.171204  min r/f: __/0.171204) : clock_gate_u_register_map_control/choice_P_reg/CLK
  31. Phase delay = (max r/f: __/0.171070  min r/f: __/0.171070) : clock_gate_u_register_map_control/choice_F_reg/CLK
  32. Phase delay = (max r/f: __/0.170898  min r/f: __/0.170898) : clock_gate_u_register_map_control/choice_J_reg/CLK
  33. Phase delay = (max r/f: __/0.170631  min r/f: __/0.170631) : clock_gate_u_register_map_control/choice_H_reg/CLK
  34. Phase delay = (max r/f: __/0.170422  min r/f: __/0.170422) : clock_gate_u_register_map_control/choice_R_reg/CLK
  35. Phase delay = (max r/f: __/0.170326  min r/f: __/0.170326) : clock_gate_u_register_map_control/choice_I_reg/CLK
  36. Phase delay = (max r/f: __/0.170307  min r/f: __/0.170307) : clock_gate_u_register_map_control/choice_52_reg/CLK
  37. Phase delay = (max r/f: __/0.170021  min r/f: __/0.170021) : clock_gate_u_register_map_control/choice_3b_reg/CLK
  38. Phase delay = (max r/f: __/0.169926  min r/f: __/0.169926) : clock_gate_u_register_map_control/choice_5e_reg/CLK
  39. Phase delay = (max r/f: __/0.169888  min r/f: __/0.169888) : clock_gate_u_register_map_control/choice_32_reg/CLK
  40. Phase delay = (max r/f: __/0.169888  min r/f: __/0.169888) : clock_gate_u_register_map_control/choice_O_reg/CLK
  41. Phase delay = (max r/f: __/0.169868  min r/f: __/0.169868) : clock_gate_u_register_map_control/choice_T_reg/CLK
  42. Phase delay = (max r/f: __/0.169792  min r/f: __/0.169792) : clock_gate_u_register_map_control/choice_Y_reg/CLK
  43. Phase delay = (max r/f: __/0.169601  min r/f: __/0.169601) : clock_gate_u_register_map_control/choice_3c_reg/CLK
  44. Phase delay = (max r/f: __/0.169563  min r/f: __/0.169563) : clock_gate_u_register_map_control/choice_A_reg/CLK
  45. Phase delay = (max r/f: __/0.169544  min r/f: __/0.169544) : clock_gate_u_register_map_control/choice_31_reg/CLK
  46. Phase delay = (max r/f: __/0.169296  min r/f: __/0.169296) : clock_gate_u_register_map_control/choice_60_reg/CLK
  47. Phase delay = (max r/f: __/0.169296  min r/f: __/0.169296) : clock_gate_u_register_map_control/final_choice_reg/CLK
  48. Phase delay = (max r/f: __/0.169220  min r/f: __/0.169220) : clock_gate_u_i2c_control/i2c_in1_reg/CLK
  49. Phase delay = (max r/f: __/0.169201  min r/f: __/0.169201) : clock_gate_u_register_map_control/choice_L_reg/CLK
  50. Phase delay = (max r/f: __/0.169029  min r/f: __/0.169029) : clock_gate_u_register_map_control/choice_54_reg/CLK
  51. Phase delay = (max r/f: __/0.168991  min r/f: __/0.168991) : clock_gate_u_register_map_control/choice_5d_reg/CLK
  52. Phase delay = (max r/f: __/0.168934  min r/f: __/0.168934) : clock_gate_u_register_map_control/choice_3a_reg/CLK
  53. Phase delay = (max r/f: __/0.168858  min r/f: __/0.168858) : clock_gate_u_register_map_control/choice_2f_reg/CLK
  54. Phase delay = (max r/f: __/0.168762  min r/f: __/0.168762) : clock_gate_u_register_map_control/choice_37_reg/CLK
  55. Phase delay = (max r/f: __/0.168724  min r/f: __/0.168724) : clock_gate_u_register_map_control/choice_D_reg/CLK
  56. Phase delay = (max r/f: __/0.168648  min r/f: __/0.168648) : clock_gate_u_register_map_control/choice_04_reg/CLK
  57. Phase delay = (max r/f: __/0.168552  min r/f: __/0.168552) : clock_gate_u_register_map_control/choice_43_reg/CLK
  58. Phase delay = (max r/f: __/0.168476  min r/f: __/0.168476) : clock_gate_u_register_map_control/choice_3d_reg/CLK
  59. Phase delay = (max r/f: __/0.168400  min r/f: __/0.168400) : clock_gate_u_i2c_control/i2c_choice_reg/CLK
  60. Phase delay = (max r/f: __/0.168152  min r/f: __/0.168152) : clock_gate_u_register_map_control/choice_33_reg/CLK
  61. Phase delay = (max r/f: __/0.167999  min r/f: __/0.167999) : clock_gate_u_register_map_control/choice_05_reg/CLK
  62. Phase delay = (max r/f: __/0.167866  min r/f: __/0.167866) : clock_gate_u_register_map_control/choice_5c_reg/CLK
  63. Phase delay = (max r/f: __/0.167789  min r/f: __/0.167789) : clock_gate_u_register_map_control/choice_5b_reg/CLK
  64. Phase delay = (max r/f: __/0.167618  min r/f: __/0.167618) : clock_gate_u_register_map_control/choice_C_reg/CLK
  65. Phase delay = (max r/f: __/0.167561  min r/f: __/0.167561) : clock_gate_u_register_map_control/choice_30_reg/CLK
  66. Phase delay = (max r/f: __/0.167503  min r/f: __/0.167503) : clock_gate_u_register_map_control/choice_3e_reg/CLK
  67. Phase delay = (max r/f: __/0.167503  min r/f: __/0.167503) : clock_gate_u_register_map_control/choice_E_reg/CLK
  68. Phase delay = (max r/f: __/0.167179  min r/f: __/0.167179) : clock_gate_u_register_map_control/choice_U_reg/CLK
  69. Phase delay = (max r/f: __/0.166893  min r/f: __/0.166893) : clock_gate_u_register_map_control/choice_53_reg/CLK
  70. Phase delay = (max r/f: __/0.166855  min r/f: __/0.166855) : clock_gate_u_register_map_control/choice_35_reg/CLK
  71. Phase delay = (max r/f: __/0.166798  min r/f: __/0.166798) : clock_gate_u_register_map_control/choice_34_reg/CLK
  72. Phase delay = (max r/f: __/0.166702  min r/f: __/0.166702) : clock_gate_u_register_map_control/choice_W_reg/CLK
  73. Phase delay = (max r/f: __/0.166607  min r/f: __/0.166607) : clock_gate_u_register_map_control/choice_Z_reg/CLK
  74. Phase delay = (max r/f: __/0.166550  min r/f: __/0.166550) : clock_gate_u_register_map_control/choice_56_reg/CLK
  75. Phase delay = (max r/f: __/0.166512  min r/f: __/0.166512) : clock_gate_u_register_map_control/choice_55_reg/CLK
  76. Phase delay = (max r/f: __/0.166283  min r/f: __/0.166283) : clock_gate_u_register_map_control/choice_41_reg/CLK
  77. Phase delay = (max r/f: __/0.165920  min r/f: __/0.165920) : clock_gate_u_register_map_control/choice_G_reg/CLK
  78. Phase delay = (max r/f: __/0.165730  min r/f: __/0.165730) : clock_gate_u_register_map_control/choice_3f_reg/CLK
  79. Phase delay = (max r/f: __/0.165653  min r/f: __/0.165653) : clock_gate_u_register_map_control/choice_K_reg/CLK
  80. Phase delay = (max r/f: __/0.165482  min r/f: __/0.165482) : clock_gate_u_i2c_control/wr_count_reg/CLK
  81. Phase delay = (max r/f: __/0.152168  min r/f: __/0.152168) : u_main_controller_top/u_main_controller/clock_gate_ewa_static_din1_reg/CLK
  82. Phase delay = (max r/f: __/0.149307  min r/f: __/0.149307) : clock_gate_u_i2c_control/i2c_in3_reg/CLK
 Driver sized from INVX32_HVT to INVX32_RVT
 Added 27 Repeaters (B: 0 I: 27). Built 5 Repeater Levels for driver CTS_ZCTSINV_10194_60044/Y
 Phase delay: (max r/f: 1.725979/nan  min r/f: 1.725979/nan) : CTS_ZCTSINV_10194_60044/A
-------------------------------------------------------------
 Echelon 16 gate by gate clock synthesis
 Gate level 1 clock tree synthesis
 Driving pin = test_clk
 Clocks: 
     test_clk (func)
 Design rule constraints:
     max transition = 0.080000
     max capacitance = 0.600000
 Number of Sinks = 0
 Number of Gates = 1
 Number of Loads = 1
 Loads with existing phase delay = 1
  1. Phase delay = (max r/f: 0.800896/0.594730  min r/f: 0.800896/0.594730) : ctmi_36381/A2
 Added 0 Repeaters (B: 0 I: 0). Built 0 Repeater Levels for driver test_clk
 Phase delay: (max r/f: 0.832383/0.629859  min r/f: 0.832383/0.629859) : test_clk
Processing Echelon 17
Recomputing criticality for non-critical echelon 17
Processing parameter set (max_tran 0.080000 max_cap 0.600000)
Using layer M5 for buffering distances
   10% ...Number of Drivers Sized: 0 [0.00%]

-------------------------------------------------------------
 Echelon 17 gate by gate clock synthesis
 Gate level 1 clock tree synthesis
 Driving pin = pll1_clk_in
 Clocks: 
     pll1_clk_in (func)
 Design rule constraints:
     max transition = 0.080000
     max capacitance = 0.600000
 Number of Sinks = 0
 Number of Gates = 1
 Number of Loads = 1
 Loads with existing phase delay = 1
  1. Phase delay = (max r/f: 1.275673/2.174320  min r/f: 1.275673/2.174320) : ctmi_36750/A2
 Added 0 Repeaters (B: 0 I: 0). Built 0 Repeater Levels for driver pll1_clk_in
 Phase delay: (max r/f: 1.303310/2.205925  min r/f: 1.303310/2.205925) : pll1_clk_in
Processing Echelon 18
Recomputing criticality for non-critical echelon 18
Processing parameter set (max_tran 0.080000 max_cap 0.600000)
Using layer M5 for buffering distances
   10% ...Number of Drivers Sized: 0 [0.00%]

-------------------------------------------------------------
 Echelon 18 gate by gate clock synthesis
 Gate level 2 clock tree synthesis
 Driving pin = u_clk_gen/u_clock_gen/C383/ctmi_32/Y
 Clocks: 
     system_clk (func)
 Design rule constraints:
     max transition = 0.080000
     max capacitance = 0.600000
 Number of Sinks = 0
 Number of Gates = 1
 Number of Loads = 1
Warning: Exception 'clock_source/master' is applied 1 times . (CTS-080)
 Loads with existing phase delay = 1
  1. Phase delay = (max r/f: 1.725979/__  min r/f: 1.725979/__) : CTS_ZCTSINV_10194_60044/A
 Added 2 Repeaters (B: 0 I: 2). Built 2 Repeater Levels for driver u_clk_gen/u_clock_gen/C383/ctmi_32/Y
 Phase delay: (max r/f: 1.945553/nan  min r/f: 1.945553/nan) : u_clk_gen/u_clock_gen/C383/ctmi_32/A1
Processing Echelon 19
Processing parameter set (max_tran 0.080000 max_cap 0.600000)
Using layer M5 for buffering distances
   10% ...Number of Drivers Sized: 0 [0.00%]

-------------------------------------------------------------
 Echelon 19 gate by gate clock synthesis
 Gate level 1 clock tree synthesis
 Driving pin = system_clk
 Clocks: 
     system_clk (func)
 Design rule constraints:
     max transition = 0.080000
     max capacitance = 0.600000
 Number of Sinks = 8
 Number of Gates = 10
 Number of Loads = 18
 Loads with existing phase delay = 10
  1. Phase delay = (max r/f: 1.945553/__  min r/f: 1.945553/__) : u_clk_gen/u_clock_gen/C383/ctmi_32/A1
  2. Phase delay = (max r/f: 1.104527/__  min r/f: 1.104527/__) : u_clk_gen/u_clock_gen/C384/ctmi_37/A1
  3. Phase delay = (max r/f: 0.811882/0.321674  min r/f: 0.811882/0.321674) : u_clk_gen/u_clock_gen/C382/ctmi_29/A1
  4. Phase delay = (max r/f: 0.486755/0.617371  min r/f: 0.486755/0.617371) : u_clk_gen/ctmi_494/A2
  5. Phase delay = (max r/f: 0.253315/0.371723  min r/f: 0.253315/0.371723) : u_clk_gen/u_clock_gen/ctmi_148/A4
  6. Phase delay = (max r/f: 0.244656/__  min r/f: 0.244656/__) : u_clk_gen/u_clock_gen/ctmi_156/A2
  7. Phase delay = (max r/f: 0.190201/__  min r/f: 0.190201/__) : u_clk_gen/u_clock_gen/C368/ctmi_21/A1
  8. Phase delay = (max r/f: 0.144310/__  min r/f: 0.144310/__) : u_clk_gen/u_pll_mux/C87/ctmi_6/A1
  9. Phase delay = (max r/f: __/0.176792  min r/f: __/0.176792) : clock_gate_pll2_count_reg/CLK
  10. Phase delay = (max r/f: __/0.146103  min r/f: __/0.146103) : clock_gate_pll1_count_reg/CLK
 Added 3 Repeaters (B: 0 I: 3). Built 2 Repeater Levels for driver system_clk
 Phase delay: (max r/f: 2.000814/0.679302  min r/f: 2.000814/0.679302) : system_clk
Information: The run time for gate-by-gate clock tree synthesis is 0 hr : 0 min : 21.57 sec, cpu time is 0 hr : 0 min : 36.76 sec. (CTS-104)
************************************************************
* CTS STEP: Latency Bottleneck Analysis
************************************************************
The longest paths are reported for the primary corner.

Information: Latency Bottleneck Path for clock 'pll1_clk_in' and skew group 'default' in mode 'func' for clock root 'pll1_clk_in': (CTS-141)
(1) pll1_clk_in [Location: (492.88, 0.14)] [Pre-CTS Fanout: 1] [Phase Delay: (Rise: 1.261177, Fall: 2.163792)]
 (2) ctmi_36750/Y [Location: (494.03, 8.83)] [Pre-CTS Fanout: 6] [Phase Delay: (Rise: 1.047535, Fall: 1.932907)]
  (3) u_clk_gen/u_pll_mux/C88/ctmi_7/A1 [Location: (523.76, 286.63)]

Information: Latency Bottleneck Path for clock 'pll2_clk_in' and skew group 'default' in mode 'func' for clock root 'pll2_clk_in': (CTS-141)
(1) pll2_clk_in [Location: (495.92, 0.14)] [Pre-CTS Fanout: 2] [Phase Delay: (Rise: 1.238194, Fall: 1.819019)]
 (2) ctmi_34317/Y [Location: (497.38, 8.83)] [Pre-CTS Fanout: 6] [Phase Delay: (Rise: 1.043148, Fall: 1.610565)]
  (3) u_clk_gen/u_clock_gen/C369/ctmi_22/A1 [Location: (535.56, 320.07)]

Information: Latency Bottleneck Path for clock 'pixel_clk' and skew group 'default' in mode 'func' for clock root 'pixel_clk': (CTS-141)
(1) pixel_clk [Location: (498.96, 0.14)] [Pre-CTS Fanout: 1] [Phase Delay: (Rise: 0.387840, Fall: nan)]
 (2) ctmi_34369/Y [Location: (500.57, 184.40)] [Pre-CTS Fanout: 3] [Phase Delay: (Rise: 0.205193, Fall: nan)]
  (3) u_clk_gen/u_clock_gen/C380/ctmi_38/Y [Location: (523.80, 293.06)] [Pre-CTS Fanout: 3] [Phase Delay: (Rise: 0.000038, Fall: nan)]
   (4) u_clk_gen/u_clock_gen/pixel_comp_clk_enq_reg/CLK [Location: (519.21, 295.76)] [SINK PIN]

Information: Latency Bottleneck Path for clock 'system_clk' and skew group 'default' in mode 'func' for clock root 'system_clk': (CTS-141)
(1) system_clk [Location: (939.86, 358.21)] [Pre-CTS Fanout: 15] [Phase Delay: (Rise: 1.985975, Fall: 0.679302)]
 (2) u_clk_gen/u_clock_gen/C383/ctmi_32/Y [Location: (537.93, 314.83)] [Pre-CTS Fanout: 1] [Phase Delay: (Rise: 1.746387, Fall: nan)]
  (3) CTS_ZCTSINV_10194_60044/Y [Location: (540.70, 309.79)] [Pre-CTS Fanout: 83] [Phase Delay: (Rise: nan, Fall: 1.690636)]
   (4) clock_gate_u_register_map_control/choice_44_reg/GCLK [Location: (415.68, 425.26)] [Pre-CTS Fanout: 1] [Phase Delay: (Rise: nan, Fall: 1.573658)]
    (5) u_register_map_control/choice_44_reg[11]/Q [Location: (413.21, 411.80)] [Pre-CTS Fanout: 1] [Phase Delay: (Rise: 1.272202, Fall: 1.279602)]
     (6) u_clk_gen/u_clock_gen/ctmi_39208/Y [Location: (414.89, 408.47)] [Pre-CTS Fanout: 1] [Phase Delay: (Rise: 1.209221, Fall: 1.212425)]
      (7) u_clk_gen/u_clock_gen/A43593/Y [Location: (534.39, 316.45)] [Pre-CTS Fanout: 1] [Phase Delay: (Rise: 1.097908, Fall: 1.097965)]
       (8) u_clk_gen/u_clock_gen/C384/ctmi_37/Y [Location: (533.68, 309.78)] [Pre-CTS Fanout: 9] [Phase Delay: (Rise: 0.938778, Fall: nan)]
        (9) u_clk_gen/u_panel_clk_by2/system_clk_div2_reg/Q [Location: (528.58, 304.79)] [Pre-CTS Fanout: 4] [Phase Delay: (Rise: 0.628891, Fall: 0.174866)]
         (10) u_clk_gen/u_clock_gen/ctmi_140/Y [Location: (523.95, 304.78)] [Pre-CTS Fanout: 2] [Phase Delay: (Rise: 0.117226, Fall: 0.583344)]
          (11) u_clk_gen/u_clock_gen/ctmi_152/Y [Location: (529.91, 301.43)] [Pre-CTS Fanout: 1] [Phase Delay: (Rise: 0.553074, Fall: nan)]
           (12) u_clk_gen/u_clock_gen/C388/ctmi_34/Y [Location: (532.95, 301.45)] [Pre-CTS Fanout: 1861] [Phase Delay: (Rise: 0.386600, Fall: nan)]
            (13) u_main_controller_top/u_main_controller/u_fifo_sync_d64x29_f116_ctrl_fifo/clock_gate_status_pointer_reg/GCLK [Location: (306.24, 686.11)] [Pre-CTS Fanout: 1] [Phase Delay: (Rise: nan, Fall: 0.043373)]
             (14) u_main_controller_top/u_main_controller/u_fifo_sync_d64x29_f116_ctrl_fifo/status_pointer_reg[5]/CLK [Location: (317.44, 683.66)] [SINK PIN]

Information: Latency Bottleneck Path for clock 'comp_clk' and skew group 'default' in mode 'func' for clock root 'comp_clk': (CTS-141)
(1) comp_clk [Location: (939.86, 324.77)] [Pre-CTS Fanout: 4] [Phase Delay: (Rise: 0.365467, Fall: 0.179558)]
 (2) u_clk_gen/u_clock_gen/ctmi_154/Y [Location: (574.87, 323.17)] [Pre-CTS Fanout: 1] [Phase Delay: (Rise: 0.196571, Fall: nan)]
  (3) u_clk_gen/u_clock_gen/C380/ctmi_38/Y [Location: (523.80, 293.06)] [Pre-CTS Fanout: 3] [Phase Delay: (Rise: 0.000038, Fall: nan)]
   (4) u_clk_gen/u_clock_gen/pixel_comp_clk_enq_reg/CLK [Location: (519.21, 295.76)] [SINK PIN]

No valid sinks to report latency bottleneck for the clock i2c_scl from root i2c_scl in mode func.
 
Information: Latency Bottleneck Path for clock 'test_clk' and skew group 'default' in mode 'func' for clock root 'test_clk': (CTS-141)
(1) test_clk [Location: (505.04, 0.14)] [Pre-CTS Fanout: 1] [Phase Delay: (Rise: 0.827385, Fall: 0.629859)]
 (2) ctmi_36381/Y [Location: (517.29, 197.77)] [Pre-CTS Fanout: 15] [Phase Delay: (Rise: 0.592117, Fall: 0.373077)]
  (3) u_clk_gen/u_clock_gen/C388/ctmi_34/Y [Location: (532.95, 301.45)] [Pre-CTS Fanout: 1861] [Phase Delay: (Rise: 0.386600, Fall: nan)]
   (4) u_main_controller_top/u_main_controller/u_fifo_sync_d64x29_f116_ctrl_fifo/clock_gate_status_pointer_reg/GCLK [Location: (306.24, 686.11)] [Pre-CTS Fanout: 1] [Phase Delay: (Rise: nan, Fall: 0.043373)]
    (5) u_main_controller_top/u_main_controller/u_fifo_sync_d64x29_f116_ctrl_fifo/status_pointer_reg[5]/CLK [Location: (317.44, 683.66)] [SINK PIN]

Information: The run time for Latency Bottleneck Analysis is 0 hr : 0 min : 0.01 sec, cpu time is 0 hr : 0 min : 0.01 sec. (CTS-104)
************************************************************
* CTS STEP: DRC Fixing Beyond Exceptions
************************************************************
Design rule constraints:
     max fanout  = 32
Num of echelons 10
  Level 0 Num Nodes: 2
  Level 1 Num Nodes: 23
  Level 2 Num Nodes: 20
  Level 3 Num Nodes: 4
  Level 4 Num Nodes: 1
  Level 5 Num Nodes: 1
  Level 6 Num Nodes: 1
  Level 7 Num Nodes: 1
  Level 8 Num Nodes: 1
  Level 9 Num Nodes: 1
Processing Echelon 1
Processing Echelon 2
ZBUF_CTS_SANITY_CHECK_FAILED: Computed and given terms are different for driver u_clk_gen/u_clock_gen/pixel_comp_clk_q_reg/Q
sizeOfNbmSinks = 2; sizeOfCtsSinks = 1
Computed Terms:
    u_clk_gen/u_clock_gen/ctmi_147/A1
    u_clk_gen/u_clock_gen/CTS_pixel_comp_clk_q_reg_Q_vtd59105/A
---------------------------------------
Reason         : user_specified_like_cbt
Num sinks      : 2
Num inv-sinks  : 0
Num buf/inv    : 0
Num buffers    : 0
Num inverters  : 0
Num non-opt BI : 0

Curr WL       : 9.132000
Ideal WL      : 9.132000
CI-Ratio      : 1.000000

Driver: P ( pin)  {518.568, 293.696} u_clk_gen/u_clock_gen/pixel_comp_clk_q_reg/Q  [CanBld]
    Sink  : P ( pin)  {521.988, 287.984} u_clk_gen/u_clock_gen/ctmi_147/A1
    Sink  : P ( pin)  {518.796, 289.883} u_clk_gen/u_clock_gen/CTS_pixel_comp_clk_q_reg_Q_vtd59105/A
ZBUF_CTS_SANITY_CHECK_FAILED: Computed and given terms are different for driver u_clk_gen/u_clock_gen/CDIBUF_12_f_44563/Y
sizeOfNbmSinks = 1; sizeOfCtsSinks = 1
Computed Terms:
    sdr_clk
---------------------------------------
Reason         : user_specified_like_cbt
Num sinks      : 1
Num inv-sinks  : 0
Num buf/inv    : 0
Num buffers    : 0
Num inverters  : 0
Num non-opt BI : 0

Curr WL       : 378.605000
Ideal WL      : 378.605000
CI-Ratio      : 1.000000

Expendable Hier Boudaries:
    u_clk_gen/sdram_clk

Driver: P ( pin)  {586.208, 360.620} u_clk_gen/u_clock_gen/CDIBUF_12_f_44563/Y  [CanBld]
    Hier  : P (port)  {586.208, 360.620} u_clk_gen/u_clock_gen/sdram_clk  [(CanBufrPrnt && HasRep) = CanBld]  < TOP == TOP >
        Sink  : P (port)  {939.865, 385.568} sdr_clk
ZBUF_CTS_SANITY_CHECK_FAILED: Computed and given terms are different for driver u_clk_gen/CDIBUF_6_f_44567/Y
sizeOfNbmSinks = 1; sizeOfCtsSinks = 1
Computed Terms:
    CTS_ZCTSINV_28_60049/A
---------------------------------------
Reason         : user_specified_like_cbt
Num sinks      : 1
Num inv-sinks  : 0
Num buf/inv    : 0
Num buffers    : 0
Num inverters  : 0
Num non-opt BI : 0

Curr WL       : 2.035000
Ideal WL      : 2.035000
CI-Ratio      : 1.000000

Driver: P ( pin)  {658.408, 400.748} u_clk_gen/CDIBUF_6_f_44567/Y  [CanBld]
    Hier  : P (port)  {658.408, 400.748} u_clk_gen/panel_clk_dly  [(CanBufrPrnt && HasRep) = CanBld]  < TOP == TOP >
        Sink  : P ( pin)  {657.230, 401.605} CTS_ZCTSINV_28_60049/A
Processing parameter set (max_tran 0.080000 max_cap 0.600000)
Using layer M5 for buffering distances
   10% ...   20% ...Number of Drivers Sized: 0 [0.00%]

Processing parameter set (max_tran 0.500000 max_cap 0.600000)
Using layer M5 for buffering distances
   10% ...   20% ...   30% ...   40% ...Number of Drivers Sized: 0 [0.00%]

-------------------------------------------------------------
 Echelon 2 exception drc fixing
 Gate level 2 clock tree synthesis
 Driving pin = u_clk_gen/u_clock_gen/pixel_clk_sel_q3_reg/Q
 Design rule constraints:
     max transition = 0.500000
     max capacitance = 0.600000
 Number of Sinks = 0
 Number of Gates = 0
 Number of Loads = 0
 Added 0 Repeaters (B: 0 I: 0). Built 0 Repeater Levels for driver u_clk_gen/u_clock_gen/pixel_clk_sel_q3_reg/Q
 Phase delay: (max r/f: 0.000000/0.000000  min r/f: 0.000000/0.000000) : u_clk_gen/u_clock_gen/pixel_clk_sel_q3_reg/Q
-------------------------------------------------------------
 Echelon 2 exception drc fixing
 Gate level 2 clock tree synthesis
 Driving pin = u_clk_gen/u_clock_gen/pixel_comp_clk_q_reg/Q
 Design rule constraints:
     max transition = 0.500000
     max capacitance = 0.600000
 Number of Sinks = 0
 Number of Gates = 0
 Number of Loads = 0
 Added 0 Repeaters (B: 0 I: 0). Built 0 Repeater Levels for driver u_clk_gen/u_clock_gen/pixel_comp_clk_q_reg/Q
 Phase delay: (max r/f: 0.000000/0.000000  min r/f: 0.000000/0.000000) : u_clk_gen/u_clock_gen/pixel_comp_clk_q_reg/Q
-------------------------------------------------------------
 Echelon 2 exception drc fixing
 Gate level 2 clock tree synthesis
 Driving pin = u_clk_gen/u_clock_gen/pixel_comp_clk_q1_reg/Q
 Design rule constraints:
     max transition = 0.500000
     max capacitance = 0.600000
 Number of Sinks = 0
 Number of Gates = 0
 Number of Loads = 0
 Added 0 Repeaters (B: 0 I: 0). Built 0 Repeater Levels for driver u_clk_gen/u_clock_gen/pixel_comp_clk_q1_reg/Q
 Phase delay: (max r/f: 0.000000/0.000000  min r/f: 0.000000/0.000000) : u_clk_gen/u_clock_gen/pixel_comp_clk_q1_reg/Q
-------------------------------------------------------------
 Echelon 2 exception drc fixing
 Gate level 4 clock tree synthesis
 Driving pin = u_clk_gen/u_clock_gen/CDIBUF_12_f_44563/Y
 Design rule constraints:
     max transition = 0.080000
     max capacitance = 0.600000
 Number of Sinks = 0
 Number of Gates = 0
 Number of Loads = 0
Warning: Exception 'clock_source/master' is applied 1 times . (CTS-080)
 Added 0 Repeaters (B: 0 I: 0). Built 0 Repeater Levels for driver u_clk_gen/u_clock_gen/CDIBUF_12_f_44563/Y
 Phase delay: (max r/f: 0.000000/0.000000  min r/f: 0.000000/0.000000) : u_clk_gen/u_clock_gen/CDIBUF_12_f_44563/Y
-------------------------------------------------------------
 Echelon 2 exception drc fixing
 Gate level 4 clock tree synthesis
 Driving pin = u_clk_gen/CDIBUF_6_f_44567/Y
 Design rule constraints:
     max transition = 0.080000
     max capacitance = 0.600000
 Number of Sinks = 0
 Number of Gates = 0
 Number of Loads = 0
Warning: Exception 'clock_source/master' is applied 1 times . (CTS-080)
 Added 0 Repeaters (B: 0 I: 0). Built 0 Repeater Levels for driver u_clk_gen/CDIBUF_6_f_44567/Y
 Phase delay: (max r/f: 0.000000/0.000000  min r/f: 0.000000/0.000000) : u_clk_gen/CDIBUF_6_f_44567/Y
-------------------------------------------------------------
 Echelon 2 exception drc fixing
 Gate level 3 clock tree synthesis
 Driving pin = u_clk_gen/u_clock_gen/CTS_A43593_Y_vip59118/Y
 Design rule constraints:
     max transition = 0.500000
     max capacitance = 0.600000
 Number of Sinks = 0
 Number of Gates = 0
 Number of Loads = 0
 Added 0 Repeaters (B: 0 I: 0). Built 0 Repeater Levels for driver u_clk_gen/u_clock_gen/CTS_A43593_Y_vip59118/Y
 Phase delay: (max r/f: 0.000000/0.000000  min r/f: 0.000000/0.000000) : u_clk_gen/u_clock_gen/CTS_A43593_Y_vip59118/Y
Processing Echelon 3
Processing parameter set (max_tran 0.080000 max_cap 0.600000)
Using layer M5 for buffering distances
   10% ...Number of Drivers Sized: 0 [0.00%]

Processing parameter set (max_tran 0.500000 max_cap 0.600000)
Using layer M5 for buffering distances
   10% ...Number of Drivers Sized: 0 [0.00%]

-------------------------------------------------------------
 Echelon 3 exception drc fixing
 Gate level 9 clock tree synthesis
 Driving pin = clock_gate_u_YCrCb2RGB/largecounter1/count_reg/GCLK
 Design rule constraints:
     max transition = 0.080000
     max capacitance = 0.600000
 Number of Sinks = 0
 Number of Gates = 0
 Number of Loads = 0
 Added 1 Repeaters (B: 0 I: 1). Built 1 Repeater Levels for driver clock_gate_u_YCrCb2RGB/largecounter1/count_reg/GCLK
 Phase delay: (max r/f: 0.000000/0.000000  min r/f: 0.000000/0.000000) : clock_gate_u_YCrCb2RGB/largecounter1/count_reg/GCLK
-------------------------------------------------------------
 Echelon 3 exception drc fixing
 Gate level 9 clock tree synthesis
 Driving pin = u_datapath/u_pixel_in_buffer/clock_gate_pixel_count_reg_4/GCLK
 Design rule constraints:
     max transition = 0.080000
     max capacitance = 0.600000
 Number of Sinks = 0
 Number of Gates = 0
 Number of Loads = 0
 Added 0 Repeaters (B: 0 I: 0). Built 0 Repeater Levels for driver u_datapath/u_pixel_in_buffer/clock_gate_pixel_count_reg_4/GCLK
 Phase delay: (max r/f: 0.000000/0.000000  min r/f: 0.000000/0.000000) : u_datapath/u_pixel_in_buffer/clock_gate_pixel_count_reg_4/GCLK
-------------------------------------------------------------
 Echelon 3 exception drc fixing
 Gate level 9 clock tree synthesis
 Driving pin = u_datapath/u_pixel_in_buffer/clock_gate_pixel_count_reg/GCLK
 Design rule constraints:
     max transition = 0.080000
     max capacitance = 0.600000
 Number of Sinks = 0
 Number of Gates = 0
 Number of Loads = 0
 Added 0 Repeaters (B: 0 I: 0). Built 0 Repeater Levels for driver u_datapath/u_pixel_in_buffer/clock_gate_pixel_count_reg/GCLK
 Phase delay: (max r/f: 0.000000/0.000000  min r/f: 0.000000/0.000000) : u_datapath/u_pixel_in_buffer/clock_gate_pixel_count_reg/GCLK
-------------------------------------------------------------
 Echelon 3 exception drc fixing
 Gate level 9 clock tree synthesis
 Driving pin = u_datapath/u_pixel_in_buffer/clock_gate_u_length_counter/count_reg_3/GCLK
 Design rule constraints:
     max transition = 0.080000
     max capacitance = 0.600000
 Number of Sinks = 0
 Number of Gates = 0
 Number of Loads = 0
 Added 0 Repeaters (B: 0 I: 0). Built 0 Repeater Levels for driver u_datapath/u_pixel_in_buffer/clock_gate_u_length_counter/count_reg_3/GCLK
 Phase delay: (max r/f: 0.000000/0.000000  min r/f: 0.000000/0.000000) : u_datapath/u_pixel_in_buffer/clock_gate_u_length_counter/count_reg_3/GCLK
-------------------------------------------------------------
 Echelon 3 exception drc fixing
 Gate level 9 clock tree synthesis
 Driving pin = u_datapath/u_pixel_in_buffer/clock_gate_u_length_counter/count_reg_2/GCLK
 Design rule constraints:
     max transition = 0.080000
     max capacitance = 0.600000
 Number of Sinks = 0
 Number of Gates = 0
 Number of Loads = 0
 Added 0 Repeaters (B: 0 I: 0). Built 0 Repeater Levels for driver u_datapath/u_pixel_in_buffer/clock_gate_u_length_counter/count_reg_2/GCLK
 Phase delay: (max r/f: 0.000000/0.000000  min r/f: 0.000000/0.000000) : u_datapath/u_pixel_in_buffer/clock_gate_u_length_counter/count_reg_2/GCLK
-------------------------------------------------------------
 Echelon 3 exception drc fixing
 Gate level 9 clock tree synthesis
 Driving pin = u_datapath/u_pixel_in_buffer/clock_gate_u_length_counter/count_reg_1/GCLK
 Design rule constraints:
     max transition = 0.080000
     max capacitance = 0.600000
 Number of Sinks = 0
 Number of Gates = 0
 Number of Loads = 0
 Added 0 Repeaters (B: 0 I: 0). Built 0 Repeater Levels for driver u_datapath/u_pixel_in_buffer/clock_gate_u_length_counter/count_reg_1/GCLK
 Phase delay: (max r/f: 0.000000/0.000000  min r/f: 0.000000/0.000000) : u_datapath/u_pixel_in_buffer/clock_gate_u_length_counter/count_reg_1/GCLK
-------------------------------------------------------------
 Echelon 3 exception drc fixing
 Gate level 9 clock tree synthesis
 Driving pin = u_datapath/u_pixel_in_buffer/clock_gate_u_length_counter/count_reg/GCLK
 Design rule constraints:
     max transition = 0.080000
     max capacitance = 0.600000
 Number of Sinks = 0
 Number of Gates = 0
 Number of Loads = 0
 Added 0 Repeaters (B: 0 I: 0). Built 0 Repeater Levels for driver u_datapath/u_pixel_in_buffer/clock_gate_u_length_counter/count_reg/GCLK
 Phase delay: (max r/f: 0.000000/0.000000  min r/f: 0.000000/0.000000) : u_datapath/u_pixel_in_buffer/clock_gate_u_length_counter/count_reg/GCLK
-------------------------------------------------------------
 Echelon 3 exception drc fixing
 Gate level 9 clock tree synthesis
 Driving pin = u_datapath/u_pixel_in_buffer/clock_gate_line_length_reg/GCLK
 Design rule constraints:
     max transition = 0.080000
     max capacitance = 0.600000
 Number of Sinks = 0
 Number of Gates = 0
 Number of Loads = 0
 Added 0 Repeaters (B: 0 I: 0). Built 0 Repeater Levels for driver u_datapath/u_pixel_in_buffer/clock_gate_line_length_reg/GCLK
 Phase delay: (max r/f: 0.000000/0.000000  min r/f: 0.000000/0.000000) : u_datapath/u_pixel_in_buffer/clock_gate_line_length_reg/GCLK
-------------------------------------------------------------
 Echelon 3 exception drc fixing
 Gate level 9 clock tree synthesis
 Driving pin = clock_gate_u_DE_generator/u_de_cycle_count/count_reg/GCLK
 Design rule constraints:
     max transition = 0.080000
     max capacitance = 0.600000
 Number of Sinks = 0
 Number of Gates = 0
 Number of Loads = 0
 Added 0 Repeaters (B: 0 I: 0). Built 0 Repeater Levels for driver clock_gate_u_DE_generator/u_de_cycle_count/count_reg/GCLK
 Phase delay: (max r/f: 0.000000/0.000000  min r/f: 0.000000/0.000000) : clock_gate_u_DE_generator/u_de_cycle_count/count_reg/GCLK
-------------------------------------------------------------
 Echelon 3 exception drc fixing
 Gate level 9 clock tree synthesis
 Driving pin = clock_gate_u_DE_generator/u_de_cycle_count/count_reg_1/GCLK
 Design rule constraints:
     max transition = 0.080000
     max capacitance = 0.600000
 Number of Sinks = 0
 Number of Gates = 0
 Number of Loads = 0
 Added 0 Repeaters (B: 0 I: 0). Built 0 Repeater Levels for driver clock_gate_u_DE_generator/u_de_cycle_count/count_reg_1/GCLK
 Phase delay: (max r/f: 0.000000/0.000000  min r/f: 0.000000/0.000000) : clock_gate_u_DE_generator/u_de_cycle_count/count_reg_1/GCLK
-------------------------------------------------------------
 Echelon 3 exception drc fixing
 Gate level 9 clock tree synthesis
 Driving pin = clock_gate_u_DE_generator/u_de_cycle_count/count_reg_2/GCLK
 Design rule constraints:
     max transition = 0.080000
     max capacitance = 0.600000
 Number of Sinks = 0
 Number of Gates = 0
 Number of Loads = 0
 Added 0 Repeaters (B: 0 I: 0). Built 0 Repeater Levels for driver clock_gate_u_DE_generator/u_de_cycle_count/count_reg_2/GCLK
 Phase delay: (max r/f: 0.000000/0.000000  min r/f: 0.000000/0.000000) : clock_gate_u_DE_generator/u_de_cycle_count/count_reg_2/GCLK
-------------------------------------------------------------
 Echelon 3 exception drc fixing
 Gate level 9 clock tree synthesis
 Driving pin = clock_gate_u_DE_generator/u_de_cycle_count/count_reg_3/GCLK
 Design rule constraints:
     max transition = 0.080000
     max capacitance = 0.600000
 Number of Sinks = 0
 Number of Gates = 0
 Number of Loads = 0
 Added 0 Repeaters (B: 0 I: 0). Built 0 Repeater Levels for driver clock_gate_u_DE_generator/u_de_cycle_count/count_reg_3/GCLK
 Phase delay: (max r/f: 0.000000/0.000000  min r/f: 0.000000/0.000000) : clock_gate_u_DE_generator/u_de_cycle_count/count_reg_3/GCLK
-------------------------------------------------------------
 Echelon 3 exception drc fixing
 Gate level 9 clock tree synthesis
 Driving pin = clock_gate_u_DE_generator/u_hsync_count/count_reg/GCLK
 Design rule constraints:
     max transition = 0.080000
     max capacitance = 0.600000
 Number of Sinks = 0
 Number of Gates = 0
 Number of Loads = 0
 Added 0 Repeaters (B: 0 I: 0). Built 0 Repeater Levels for driver clock_gate_u_DE_generator/u_hsync_count/count_reg/GCLK
 Phase delay: (max r/f: 0.000000/0.000000  min r/f: 0.000000/0.000000) : clock_gate_u_DE_generator/u_hsync_count/count_reg/GCLK
-------------------------------------------------------------
 Echelon 3 exception drc fixing
 Gate level 9 clock tree synthesis
 Driving pin = clock_gate_u_DE_generator/u_hsync_count/count_reg_4/GCLK
 Design rule constraints:
     max transition = 0.080000
     max capacitance = 0.600000
 Number of Sinks = 0
 Number of Gates = 0
 Number of Loads = 0
 Added 0 Repeaters (B: 0 I: 0). Built 0 Repeater Levels for driver clock_gate_u_DE_generator/u_hsync_count/count_reg_4/GCLK
 Phase delay: (max r/f: 0.000000/0.000000  min r/f: 0.000000/0.000000) : clock_gate_u_DE_generator/u_hsync_count/count_reg_4/GCLK
-------------------------------------------------------------
 Echelon 3 exception drc fixing
 Gate level 9 clock tree synthesis
 Driving pin = clock_gate_u_DE_generator/u_hsync_count/count_reg_5/GCLK
 Design rule constraints:
     max transition = 0.080000
     max capacitance = 0.600000
 Number of Sinks = 0
 Number of Gates = 0
 Number of Loads = 0
 Added 0 Repeaters (B: 0 I: 0). Built 0 Repeater Levels for driver clock_gate_u_DE_generator/u_hsync_count/count_reg_5/GCLK
 Phase delay: (max r/f: 0.000000/0.000000  min r/f: 0.000000/0.000000) : clock_gate_u_DE_generator/u_hsync_count/count_reg_5/GCLK
-------------------------------------------------------------
 Echelon 3 exception drc fixing
 Gate level 9 clock tree synthesis
 Driving pin = clock_gate_u_DE_generator/u_hsync_count/count_reg_6/GCLK
 Design rule constraints:
     max transition = 0.080000
     max capacitance = 0.600000
 Number of Sinks = 0
 Number of Gates = 0
 Number of Loads = 0
 Added 0 Repeaters (B: 0 I: 0). Built 0 Repeater Levels for driver clock_gate_u_DE_generator/u_hsync_count/count_reg_6/GCLK
 Phase delay: (max r/f: 0.000000/0.000000  min r/f: 0.000000/0.000000) : clock_gate_u_DE_generator/u_hsync_count/count_reg_6/GCLK
-------------------------------------------------------------
 Echelon 3 exception drc fixing
 Gate level 3 clock tree synthesis
 Driving pin = u_clk_gen/u_clock_gen/CTS_pixel_clk_vip63219/Y
 Design rule constraints:
     max transition = 0.080000
     max capacitance = 0.600000
 Number of Sinks = 0
 Number of Gates = 0
 Number of Loads = 0
 Added 0 Repeaters (B: 0 I: 0). Built 0 Repeater Levels for driver u_clk_gen/u_clock_gen/CTS_pixel_clk_vip63219/Y
 Phase delay: (max r/f: 0.000000/0.000000  min r/f: 0.000000/0.000000) : u_clk_gen/u_clock_gen/CTS_pixel_clk_vip63219/Y
-------------------------------------------------------------
 Echelon 3 exception drc fixing
 Gate level 3 clock tree synthesis
 Driving pin = u_clk_gen/u_clock_gen/CTS_ctmi_148_Y_vip59114/Y
 Design rule constraints:
     max transition = 0.080000
     max capacitance = 0.600000
 Number of Sinks = 0
 Number of Gates = 0
 Number of Loads = 0
 Added 0 Repeaters (B: 0 I: 0). Built 0 Repeater Levels for driver u_clk_gen/u_clock_gen/CTS_ctmi_148_Y_vip59114/Y
 Phase delay: (max r/f: 0.000000/0.000000  min r/f: 0.000000/0.000000) : u_clk_gen/u_clock_gen/CTS_ctmi_148_Y_vip59114/Y
-------------------------------------------------------------
 Echelon 3 exception drc fixing
 Gate level 3 clock tree synthesis
 Driving pin = u_clk_gen/CTS_u_clock_gen_panel_clk_gate_vip59116/Y
 Design rule constraints:
     max transition = 0.080000
     max capacitance = 0.600000
 Number of Sinks = 0
 Number of Gates = 0
 Number of Loads = 0
 Added 0 Repeaters (B: 0 I: 0). Built 0 Repeater Levels for driver u_clk_gen/CTS_u_clock_gen_panel_clk_gate_vip59116/Y
 Phase delay: (max r/f: 0.000000/0.000000  min r/f: 0.000000/0.000000) : u_clk_gen/CTS_u_clock_gen_panel_clk_gate_vip59116/Y
-------------------------------------------------------------
 Echelon 3 exception drc fixing
 Gate level 2 clock tree synthesis
 Driving pin = u_clk_gen/u_clock_gen/CTS_A43593_Y_vip59119/Y
 Design rule constraints:
     max transition = 0.500000
     max capacitance = 0.600000
 Number of Sinks = 0
 Number of Gates = 0
 Number of Loads = 0
 Added 0 Repeaters (B: 0 I: 0). Built 0 Repeater Levels for driver u_clk_gen/u_clock_gen/CTS_A43593_Y_vip59119/Y
 Phase delay: (max r/f: 0.000000/0.000000  min r/f: 0.000000/0.000000) : u_clk_gen/u_clock_gen/CTS_A43593_Y_vip59119/Y
Processing Echelon 4
Processing parameter set (max_tran 0.080000 max_cap 0.600000)
Using layer M5 for buffering distances
   10% ...   20% ...   30% ...   40% ...Number of Drivers Sized: 0 [0.00%]

-------------------------------------------------------------
 Echelon 4 exception drc fixing
 Gate level 8 clock tree synthesis
 Driving pin = u_datapath/u_pixel_in_buffer/ctmi_1419/Y
 Design rule constraints:
     max transition = 0.080000
     max capacitance = 0.600000
 Number of Sinks = 0
 Number of Gates = 0
 Number of Loads = 0
 Added 0 Repeaters (B: 0 I: 0). Built 0 Repeater Levels for driver u_datapath/u_pixel_in_buffer/ctmi_1419/Y
 Phase delay: (max r/f: 0.000000/0.000000  min r/f: 0.000000/0.000000) : u_datapath/u_pixel_in_buffer/ctmi_1419/Y
-------------------------------------------------------------
 Echelon 4 exception drc fixing
 Gate level 2 clock tree synthesis
 Driving pin = u_clk_gen/u_clock_gen/CTS_pixel_clk_vip63220/Y
 Design rule constraints:
     max transition = 0.080000
     max capacitance = 0.600000
 Number of Sinks = 0
 Number of Gates = 0
 Number of Loads = 0
 Added 0 Repeaters (B: 0 I: 0). Built 0 Repeater Levels for driver u_clk_gen/u_clock_gen/CTS_pixel_clk_vip63220/Y
 Phase delay: (max r/f: 0.000000/0.000000  min r/f: 0.000000/0.000000) : u_clk_gen/u_clock_gen/CTS_pixel_clk_vip63220/Y
-------------------------------------------------------------
 Echelon 4 exception drc fixing
 Gate level 2 clock tree synthesis
 Driving pin = u_clk_gen/u_clock_gen/CTS_ctmi_148_Y_vip59115/Y
 Design rule constraints:
     max transition = 0.080000
     max capacitance = 0.600000
 Number of Sinks = 0
 Number of Gates = 0
 Number of Loads = 0
 Added 0 Repeaters (B: 0 I: 0). Built 0 Repeater Levels for driver u_clk_gen/u_clock_gen/CTS_ctmi_148_Y_vip59115/Y
 Phase delay: (max r/f: 0.000000/0.000000  min r/f: 0.000000/0.000000) : u_clk_gen/u_clock_gen/CTS_ctmi_148_Y_vip59115/Y
-------------------------------------------------------------
 Echelon 4 exception drc fixing
 Gate level 2 clock tree synthesis
 Driving pin = u_clk_gen/CTS_u_clock_gen_panel_clk_gate_vip59117/Y
 Design rule constraints:
     max transition = 0.080000
     max capacitance = 0.600000
 Number of Sinks = 0
 Number of Gates = 0
 Number of Loads = 0
 Added 0 Repeaters (B: 0 I: 0). Built 0 Repeater Levels for driver u_clk_gen/CTS_u_clock_gen_panel_clk_gate_vip59117/Y
 Phase delay: (max r/f: 0.000000/0.000000  min r/f: 0.000000/0.000000) : u_clk_gen/CTS_u_clock_gen_panel_clk_gate_vip59117/Y
Processing Echelon 5
Processing Echelon 6
ZBUF_CTS_SANITY_CHECK_FAILED: Computed and given terms are different for driver u_clk_gen/u_clock_gen/C385/ctmi_35/Y
sizeOfNbmSinks = 401; sizeOfCtsSinks = 1
Computed Terms:
    u_DE_generator/active_display_reg/CLK
    u_video_in_mux/YCrCb_out_reg[2]/CLK
    u_video_in_mux/YCrCb_out_reg[1]/CLK
    u_video_in_mux/YCrCb_out_reg[0]/CLK
    u_video_in_mux/din_rgb_reg[13]/CLK
    u_video_in_mux/din_rgb_reg[12]/CLK
    u_video_in_mux/hsync_out_reg/CLK
    u_video_in_mux/YCrCb_out_reg[9]/CLK
    u_video_in_mux/YCrCb_out_reg[8]/CLK
    u_video_in_mux/YCrCb_out_reg[7]/CLK
    u_video_in_mux/YCrCb_out_reg[6]/CLK
    u_video_in_mux/YCrCb_out_reg[5]/CLK
    u_video_in_mux/YCrCb_out_reg[4]/CLK
    u_video_in_mux/YCrCb_out_reg[3]/CLK
    u_video_in_mux/fid_out_reg/CLK
    u_vsync_conditioner/vsync_d1_reg/CLK
    u_vsync_conditioner/vsync_d2_reg/CLK
    u_vsync_conditioner/de_d1_reg/CLK
    u_vsync_conditioner/de_d2_reg/CLK
    u_vsync_conditioner/vsync_out_reg/CLK
    u_DE_generator/de_out_reg/CLK
    u_DE_generator/hsync_d2_reg/CLK
    u_DE_generator/vsync_d2_reg/CLK
    u_DE_generator/hsync_reos_reg/CLK
    u_DE_generator/vsync_d1_reg/CLK
    u_DE_generator/vsync_reos_reg/CLK
    u_DE_generator/de_end_reg/CLK
    u_DE_generator/de_start_reg/CLK
    u_DE_generator/count1_rst_reg/CLK
    u_YCrCb2RGB/DE_reg/CLK
    u_DE_generator/hsync_d1_reg/CLK
    u_DE_generator/hsync_d3_reg/CLK
    u_video_in_mux/din_rgb_reg[23]/CLK
    u_video_in_mux/din_rgb_reg[22]/CLK
    u_video_in_mux/din_rgb_reg[21]/CLK
    u_video_in_mux/din_rgb_reg[20]/CLK
    u_video_in_mux/din_rgb_reg[19]/CLK
    u_video_in_mux/din_rgb_reg[18]/CLK
    u_video_in_mux/din_rgb_reg[17]/CLK
    u_video_in_mux/din_rgb_reg[16]/CLK
    u_video_in_mux/din_rgb_reg[15]/CLK
    u_video_in_mux/din_rgb_reg[14]/CLK
    u_video_in_mux/de_out_reg/CLK
    u_video_in_mux/din_rgb_reg[11]/CLK
    u_video_in_mux/din_rgb_reg[10]/CLK
    u_video_in_mux/din_rgb_reg[9]/CLK
    u_video_in_mux/din_rgb_reg[8]/CLK
    u_video_in_mux/din_rgb_reg[7]/CLK
    u_video_in_mux/din_rgb_reg[6]/CLK
    u_video_in_mux/din_rgb_reg[5]/CLK
    u_video_in_mux/din_rgb_reg[4]/CLK
    u_video_in_mux/din_rgb_reg[3]/CLK
    u_video_in_mux/din_rgb_reg[2]/CLK
    u_video_in_mux/din_rgb_reg[1]/CLK
    u_video_in_mux/din_rgb_reg[0]/CLK
    u_YCrCb2RGB/Cr_reg_reg[8]/CLK
    u_YCrCb2RGB/Cr_reg_reg[7]/CLK
    u_YCrCb2RGB/Cr_reg_reg[6]/CLK
    u_YCrCb2RGB/Cr_reg_reg[5]/CLK
    u_YCrCb2RGB/Cr_reg_reg[4]/CLK
    u_YCrCb2RGB/Cr_reg_reg[3]/CLK
    u_YCrCb2RGB/Cr_reg_reg[2]/CLK
    u_YCrCb2RGB/Cr_reg_reg[1]/CLK
    u_YCrCb2RGB/Cr_reg_reg[0]/CLK
    u_YCrCb2RGB/Cb_reg2_reg[9]/CLK
    u_YCrCb2RGB/Cb_reg2_reg[8]/CLK
    u_YCrCb2RGB/Cb_reg2_reg[7]/CLK
    u_YCrCb2RGB/Cb_reg2_reg[6]/CLK
    u_YCrCb2RGB/Cb_reg2_reg[5]/CLK
    u_YCrCb2RGB/Cb_reg2_reg[4]/CLK
    u_YCrCb2RGB/Cb_reg2_reg[3]/CLK
    u_YCrCb2RGB/Cb_reg2_reg[2]/CLK
    u_YCrCb2RGB/Cb_reg2_reg[1]/CLK
    u_YCrCb2RGB/Cb_reg2_reg[0]/CLK
    u_YCrCb2RGB/Y_reg1_reg[9]/CLK
    u_YCrCb2RGB/Y_reg1_reg[8]/CLK
    u_YCrCb2RGB/Y_reg1_reg[7]/CLK
    u_YCrCb2RGB/Y_reg1_reg[6]/CLK
    u_YCrCb2RGB/Y_reg1_reg[5]/CLK
    u_YCrCb2RGB/Y_reg1_reg[4]/CLK
    u_YCrCb2RGB/Y_reg1_reg[3]/CLK
    u_YCrCb2RGB/Y_reg1_reg[2]/CLK
    u_YCrCb2RGB/Y_reg1_reg[1]/CLK
    u_YCrCb2RGB/Y_reg1_reg[0]/CLK
    u_YCrCb2RGB/Y_reg_reg[9]/CLK
    u_YCrCb2RGB/Y_reg_reg[7]/CLK
    u_YCrCb2RGB/Y_reg_reg[6]/CLK
    u_YCrCb2RGB/Y_reg_reg[5]/CLK
    u_YCrCb2RGB/Y_reg_reg[4]/CLK
    u_YCrCb2RGB/Y_reg_reg[3]/CLK
    u_YCrCb2RGB/Y_reg_reg[2]/CLK
    u_YCrCb2RGB/Y_reg_reg[1]/CLK
    u_YCrCb2RGB/Y_reg_reg[0]/CLK
    u_YCrCb2RGB/Cb_reg1_reg[9]/CLK
    u_YCrCb2RGB/Cb_reg1_reg[8]/CLK
    u_YCrCb2RGB/Cb_reg1_reg[7]/CLK
    u_YCrCb2RGB/Cb_reg1_reg[6]/CLK
    u_YCrCb2RGB/Cb_reg1_reg[5]/CLK
    u_YCrCb2RGB/Cb_reg1_reg[4]/CLK
    u_YCrCb2RGB/Cb_reg1_reg[3]/CLK
    u_YCrCb2RGB/Y_reg_reg[8]/CLK
    u_YCrCb2RGB/Cb_reg1_reg[2]/CLK
    u_YCrCb2RGB/ce_out_reg/CLK
    u_YCrCb2RGB/X_int_reg[9]/CLK
    u_YCrCb2RGB/X_int_reg[8]/CLK
    u_YCrCb2RGB/Cb_reg1_reg[1]/CLK
    u_YCrCb2RGB/Cb_reg1_reg[0]/CLK
    u_YCrCb2RGB/Cb_reg_reg[9]/CLK
    u_YCrCb2RGB/Cb_reg_reg[8]/CLK
    u_YCrCb2RGB/Cb_reg_reg[7]/CLK
    u_YCrCb2RGB/Cb_reg_reg[6]/CLK
    u_YCrCb2RGB/Cb_reg_reg[5]/CLK
    u_YCrCb2RGB/Cb_reg_reg[4]/CLK
    u_YCrCb2RGB/Cb_reg_reg[3]/CLK
    u_YCrCb2RGB/Cb_reg_reg[2]/CLK
    u_YCrCb2RGB/Cb_reg_reg[1]/CLK
    u_YCrCb2RGB/Cb_reg_reg[0]/CLK
    u_YCrCb2RGB/X_int_reg[20]/CLK
    u_YCrCb2RGB/X_int_reg[19]/CLK
    u_YCrCb2RGB/X_int_reg[18]/CLK
    u_YCrCb2RGB/X_int_reg[17]/CLK
    u_YCrCb2RGB/X_int_reg[16]/CLK
    u_YCrCb2RGB/X_int_reg[15]/CLK
    u_YCrCb2RGB/X_int_reg[14]/CLK
    u_YCrCb2RGB/X_int_reg[13]/CLK
    u_YCrCb2RGB/X_int_reg[12]/CLK
    u_YCrCb2RGB/X_int_reg[11]/CLK
    u_YCrCb2RGB/X_int_reg[10]/CLK
    u_YCrCb2RGB/hs_os_reg/CLK
    u_YCrCb2RGB/X_int_reg[7]/CLK
    u_YCrCb2RGB/X_int_reg[6]/CLK
    u_YCrCb2RGB/X_int_reg[5]/CLK
    u_YCrCb2RGB/X_int_reg[4]/CLK
    u_YCrCb2RGB/X_int_reg[3]/CLK
    u_YCrCb2RGB/X_int_reg[2]/CLK
    u_YCrCb2RGB/X_int_reg[1]/CLK
    u_YCrCb2RGB/X_int_reg[0]/CLK
    u_YCrCb2RGB/A_int_reg[20]/CLK
    u_YCrCb2RGB/A_int_reg[19]/CLK
    u_YCrCb2RGB/A_int_reg[18]/CLK
    u_YCrCb2RGB/A_int_reg[17]/CLK
    u_YCrCb2RGB/A_int_reg[16]/CLK
    u_YCrCb2RGB/A_int_reg[15]/CLK
    u_YCrCb2RGB/A_int_reg[14]/CLK
    u_YCrCb2RGB/A_int_reg[13]/CLK
    u_YCrCb2RGB/A_int_reg[12]/CLK
    u_YCrCb2RGB/A_int_reg[11]/CLK
    u_YCrCb2RGB/A_int_reg[10]/CLK
    u_YCrCb2RGB/A_int_reg[9]/CLK
    u_YCrCb2RGB/A_int_reg[8]/CLK
    u_YCrCb2RGB/A_int_reg[7]/CLK
    u_YCrCb2RGB/A_int_reg[6]/CLK
    u_YCrCb2RGB/A_int_reg[5]/CLK
    u_YCrCb2RGB/A_int_reg[4]/CLK
    u_YCrCb2RGB/A_int_reg[3]/CLK
    u_YCrCb2RGB/A_int_reg[2]/CLK
    u_YCrCb2RGB/A_int_reg[1]/CLK
    u_YCrCb2RGB/A_int_reg[0]/CLK
    u_YCrCb2RGB/B1_int_reg[20]/CLK
    u_YCrCb2RGB/B1_int_reg[19]/CLK
    u_YCrCb2RGB/B1_int_reg[18]/CLK
    u_YCrCb2RGB/B1_int_reg[17]/CLK
    u_YCrCb2RGB/B1_int_reg[16]/CLK
    u_YCrCb2RGB/B1_int_reg[15]/CLK
    u_YCrCb2RGB/B1_int_reg[14]/CLK
    u_YCrCb2RGB/B1_int_reg[13]/CLK
    u_YCrCb2RGB/B1_int_reg[12]/CLK
    u_YCrCb2RGB/B1_int_reg[11]/CLK
    u_YCrCb2RGB/B1_int_reg[10]/CLK
    u_YCrCb2RGB/B1_int_reg[9]/CLK
    u_YCrCb2RGB/B1_int_reg[8]/CLK
    u_YCrCb2RGB/B1_int_reg[7]/CLK
    u_YCrCb2RGB/B1_int_reg[6]/CLK
    u_YCrCb2RGB/B1_int_reg[5]/CLK
    u_YCrCb2RGB/B1_int_reg[4]/CLK
    u_YCrCb2RGB/B1_int_reg[3]/CLK
    u_YCrCb2RGB/B1_int_reg[2]/CLK
    u_YCrCb2RGB/B1_int_reg[1]/CLK
    u_YCrCb2RGB/B1_int_reg[0]/CLK
    u_YCrCb2RGB/B2_int_reg[20]/CLK
    u_YCrCb2RGB/B2_int_reg[19]/CLK
    u_YCrCb2RGB/B2_int_reg[18]/CLK
    u_YCrCb2RGB/B2_int_reg[17]/CLK
    u_YCrCb2RGB/B2_int_reg[16]/CLK
    u_YCrCb2RGB/B2_int_reg[15]/CLK
    u_YCrCb2RGB/B2_int_reg[14]/CLK
    u_YCrCb2RGB/B2_int_reg[13]/CLK
    u_YCrCb2RGB/B2_int_reg[12]/CLK
    u_YCrCb2RGB/B2_int_reg[11]/CLK
    u_YCrCb2RGB/B2_int_reg[10]/CLK
    u_YCrCb2RGB/B2_int_reg[9]/CLK
    u_YCrCb2RGB/B2_int_reg[8]/CLK
    u_YCrCb2RGB/B2_int_reg[7]/CLK
    u_YCrCb2RGB/B2_int_reg[6]/CLK
    u_YCrCb2RGB/B2_int_reg[5]/CLK
    u_YCrCb2RGB/B2_int_reg[4]/CLK
    u_YCrCb2RGB/B2_int_reg[3]/CLK
    u_YCrCb2RGB/B2_int_reg[2]/CLK
    u_YCrCb2RGB/B2_int_reg[1]/CLK
    u_YCrCb2RGB/B2_int_reg[0]/CLK
    u_YCrCb2RGB/C_int_reg[20]/CLK
    u_YCrCb2RGB/C_int_reg[19]/CLK
    u_YCrCb2RGB/C_int_reg[18]/CLK
    u_YCrCb2RGB/C_int_reg[17]/CLK
    u_YCrCb2RGB/C_int_reg[16]/CLK
    u_YCrCb2RGB/C_int_reg[15]/CLK
    u_YCrCb2RGB/C_int_reg[14]/CLK
    u_YCrCb2RGB/C_int_reg[13]/CLK
    u_YCrCb2RGB/C_int_reg[12]/CLK
    u_YCrCb2RGB/C_int_reg[11]/CLK
    u_YCrCb2RGB/C_int_reg[10]/CLK
    u_YCrCb2RGB/C_int_reg[9]/CLK
    u_YCrCb2RGB/C_int_reg[8]/CLK
    u_YCrCb2RGB/C_int_reg[7]/CLK
    u_YCrCb2RGB/C_int_reg[6]/CLK
    u_YCrCb2RGB/C_int_reg[5]/CLK
    u_YCrCb2RGB/C_int_reg[4]/CLK
    u_YCrCb2RGB/C_int_reg[3]/CLK
    u_YCrCb2RGB/C_int_reg[2]/CLK
    u_YCrCb2RGB/C_int_reg[1]/CLK
    u_YCrCb2RGB/C_int_reg[0]/CLK
    u_YCrCb2RGB/B_int_reg[12]/CLK
    u_YCrCb2RGB/B_int_reg[11]/CLK
    u_YCrCb2RGB/B_int_reg[10]/CLK
    u_YCrCb2RGB/R_int_reg[20]/CLK
    u_YCrCb2RGB/R_int_reg[19]/CLK
    u_YCrCb2RGB/R_int_reg[18]/CLK
    u_YCrCb2RGB/R_int_reg[15]/CLK
    u_YCrCb2RGB/R_int_reg[10]/CLK
    u_YCrCb2RGB/G_int_reg[20]/CLK
    u_YCrCb2RGB/G_int_reg[19]/CLK
    u_YCrCb2RGB/G_int_reg[18]/CLK
    u_YCrCb2RGB/G_int_reg[17]/CLK
    u_YCrCb2RGB/G_int_reg[16]/CLK
    u_YCrCb2RGB/G_int_reg[15]/CLK
    u_YCrCb2RGB/R_int_reg[17]/CLK
    u_YCrCb2RGB/R_int_reg[16]/CLK
    u_YCrCb2RGB/G_int_reg[14]/CLK
    u_YCrCb2RGB/R_int_reg[14]/CLK
    u_YCrCb2RGB/R_int_reg[13]/CLK
    u_YCrCb2RGB/R_int_reg[12]/CLK
    u_YCrCb2RGB/R_int_reg[11]/CLK
    u_YCrCb2RGB/G_int_reg[13]/CLK
    u_YCrCb2RGB/G_int_reg[12]/CLK
    u_YCrCb2RGB/G_int_reg[11]/CLK
    u_YCrCb2RGB/G_int_reg[10]/CLK
    u_YCrCb2RGB/B_int_reg[13]/CLK
    u_datapath/rgb_data_in1_reg[21]/CLK
    u_datapath/rgb_data_in1_reg[20]/CLK
    u_datapath/rgb_data_in1_reg[19]/CLK
    u_datapath/rgb_data_in1_reg[18]/CLK
    u_datapath/rgb_data_in1_reg[17]/CLK
    u_datapath/rgb_data_in1_reg[16]/CLK
    u_datapath/rgb_data_in1_reg[15]/CLK
    u_datapath/rgb_data_in1_reg[14]/CLK
    u_datapath/rgb_data_in1_reg[13]/CLK
    u_datapath/rgb_data_in1_reg[12]/CLK
    u_datapath/rgb_data_in1_reg[11]/CLK
    u_datapath/rgb_data_in1_reg[10]/CLK
    u_datapath/rgb_data_in1_reg[9]/CLK
    u_datapath/rgb_data_in1_reg[8]/CLK
    u_datapath/rgb_data_in1_reg[7]/CLK
    u_datapath/rgb_data_in1_reg[6]/CLK
    u_datapath/rgb_data_in1_reg[5]/CLK
    u_datapath/rgb_data_in1_reg[4]/CLK
    u_datapath/rgb_data_in1_reg[3]/CLK
    u_datapath/rgb_data_in1_reg[2]/CLK
    u_datapath/rgb_data_in1_reg[1]/CLK
    u_datapath/rgb_data_in1_reg[0]/CLK
    u_datapath/rgb_data_in2_reg[22]/CLK
    u_datapath/rgb_data_in2_reg[21]/CLK
    u_datapath/rgb_data_in2_reg[20]/CLK
    u_datapath/rgb_data_in2_reg[19]/CLK
    u_datapath/rgb_data_in2_reg[18]/CLK
    u_datapath/rgb_data_in2_reg[17]/CLK
    u_datapath/rgb_data_in2_reg[16]/CLK
    u_datapath/rgb_data_in2_reg[15]/CLK
    u_datapath/rgb_data_in2_reg[14]/CLK
    u_datapath/rgb_data_in2_reg[13]/CLK
    u_datapath/rgb_data_in2_reg[12]/CLK
    u_datapath/rgb_data_in2_reg[11]/CLK
    u_datapath/rgb_data_in2_reg[10]/CLK
    u_datapath/rgb_data_in2_reg[9]/CLK
    u_datapath/rgb_data_in2_reg[8]/CLK
    u_datapath/rgb_data_in2_reg[7]/CLK
    u_datapath/rgb_data_in2_reg[6]/CLK
    u_datapath/rgb_data_in2_reg[5]/CLK
    u_datapath/rgb_data_in2_reg[4]/CLK
    u_datapath/rgb_data_in2_reg[3]/CLK
    u_datapath/rgb_data_in2_reg[2]/CLK
    u_datapath/rgb_data_in2_reg[1]/CLK
    u_datapath/rgb_data_in2_reg[0]/CLK
    u_datapath/rgb_data_in2_reg[23]/CLK
    u_datapath/de1_reg/CLK
    u_datapath/u_pixel_in_buffer/de_in2_reg/CLK
    u_datapath/u_pixel_in_buffer/length_count_en_reg/CLK
    u_datapath/u_pixel_in_buffer/write_data_reg[11]/CLK
    u_datapath/u_pixel_in_buffer/data_out_reg[22]/CLK
    u_datapath/u_pixel_in_buffer/data_out_reg[21]/CLK
    u_datapath/u_pixel_in_buffer/data_out_reg[20]/CLK
    u_datapath/u_pixel_in_buffer/data_out_reg[19]/CLK
    u_datapath/u_pixel_in_buffer/data_out_reg[18]/CLK
    u_datapath/u_pixel_in_buffer/data_out_reg[17]/CLK
    u_datapath/u_pixel_in_buffer/data_out_reg[16]/CLK
    u_datapath/u_pixel_in_buffer/data_out_reg[15]/CLK
    u_datapath/u_pixel_in_buffer/data_out_reg[14]/CLK
    u_datapath/u_pixel_in_buffer/data_out_reg[13]/CLK
    u_datapath/u_pixel_in_buffer/data_out_reg[12]/CLK
    u_datapath/u_pixel_in_buffer/data_out_reg[11]/CLK
    u_datapath/u_pixel_in_buffer/data_out_reg[10]/CLK
    u_datapath/u_pixel_in_buffer/data_out_reg[9]/CLK
    u_datapath/u_pixel_in_buffer/data_out_reg[8]/CLK
    u_datapath/u_pixel_in_buffer/data_out_reg[7]/CLK
    u_datapath/u_pixel_in_buffer/data_out_reg[6]/CLK
    u_datapath/u_pixel_in_buffer/data_out_reg[5]/CLK
    u_datapath/u_pixel_in_buffer/data_out_reg[4]/CLK
    u_datapath/u_pixel_in_buffer/data_out_reg[3]/CLK
    u_datapath/u_pixel_in_buffer/data_out_reg[2]/CLK
    u_datapath/u_pixel_in_buffer/data_out_reg[1]/CLK
    u_datapath/u_pixel_in_buffer/data_out_reg[0]/CLK
    u_datapath/u_pixel_in_buffer/write_data_reg[1]/CLK
    u_datapath/u_pixel_in_buffer/write_data_reg[0]/CLK
    u_datapath/u_pixel_in_buffer/blanking_pixels_reg[9]/CLK
    u_datapath/u_pixel_in_buffer/blanking_pixels_reg[8]/CLK
    u_datapath/u_pixel_in_buffer/blanking_pixels_reg[7]/CLK
    u_datapath/u_pixel_in_buffer/blanking_pixels_reg[6]/CLK
    u_datapath/u_pixel_in_buffer/blanking_pixels_reg[5]/CLK
    u_datapath/u_pixel_in_buffer/h_offset_reg[4]/CLK
    u_datapath/u_pixel_in_buffer/h_offset_reg[3]/CLK
    u_datapath/u_pixel_in_buffer/h_offset_reg[2]/CLK
    u_datapath/u_pixel_in_buffer/h_offset_reg[1]/CLK
    u_datapath/u_pixel_in_buffer/h_offset_reg[0]/CLK
    u_datapath/u_pixel_in_buffer/roundup_reg[4]/CLK
    u_datapath/u_pixel_in_buffer/roundup_reg[3]/CLK
    u_datapath/u_pixel_in_buffer/roundup_reg[2]/CLK
    u_datapath/u_pixel_in_buffer/roundup_reg[1]/CLK
    u_datapath/u_pixel_in_buffer/roundup_reg[0]/CLK
    u_datapath/u_pixel_in_buffer/pixel_count_reg[1]/CLK
    u_datapath/u_pixel_in_buffer/pixel_count_reg[0]/CLK
    u_datapath/u_pixel_in_buffer/buffer0_write_enable_reg/CLK
    u_datapath/u_pixel_in_buffer/buffer1_address_reg[4]/CLK
    u_datapath/u_pixel_in_buffer/buffer1_address_reg[3]/CLK
    u_datapath/u_pixel_in_buffer/buffer1_address_reg[2]/CLK
    u_datapath/u_pixel_in_buffer/buffer1_address_reg[1]/CLK
    u_datapath/u_pixel_in_buffer/buffer1_address_reg[0]/CLK
    u_datapath/u_pixel_in_buffer/buffer0_address_reg[4]/CLK
    u_datapath/u_pixel_in_buffer/buffer0_address_reg[3]/CLK
    u_datapath/u_pixel_in_buffer/buffer0_address_reg[2]/CLK
    u_datapath/u_pixel_in_buffer/buffer0_address_reg[1]/CLK
    u_datapath/u_pixel_in_buffer/buffer0_address_reg[0]/CLK
    u_datapath/u_pixel_in_buffer/write_data_reg[23]/CLK
    u_datapath/u_pixel_in_buffer/write_data_reg[22]/CLK
    u_datapath/u_pixel_in_buffer/pixel_count_enable_reg/CLK
    u_datapath/u_pixel_in_buffer/write_data_reg[21]/CLK
    u_datapath/u_pixel_in_buffer/write_data_reg[20]/CLK
    u_datapath/u_pixel_in_buffer/write_data_reg[19]/CLK
    u_datapath/u_pixel_in_buffer/write_data_reg[18]/CLK
    u_datapath/u_pixel_in_buffer/write_data_reg[17]/CLK
    u_datapath/u_pixel_in_buffer/write_data_reg[16]/CLK
    u_datapath/u_pixel_in_buffer/write_data_reg[15]/CLK
    u_datapath/u_pixel_in_buffer/write_data_reg[14]/CLK
    u_datapath/u_pixel_in_buffer/write_data_reg[13]/CLK
    u_datapath/u_pixel_in_buffer/write_data_reg[12]/CLK
    u_datapath/u_pixel_in_buffer/select_buffer0_reg/CLK
    u_datapath/u_pixel_in_buffer/length_reset_reg/CLK
    u_datapath/u_pixel_in_buffer/write_data_reg[10]/CLK
    u_datapath/u_pixel_in_buffer/write_data_reg[9]/CLK
    u_datapath/u_pixel_in_buffer/write_data_reg[8]/CLK
    u_datapath/u_pixel_in_buffer/write_data_reg[7]/CLK
    u_datapath/u_pixel_in_buffer/write_data_reg[6]/CLK
    u_datapath/u_pixel_in_buffer/write_data_reg[5]/CLK
    u_datapath/u_pixel_in_buffer/write_data_reg[4]/CLK
    u_datapath/u_pixel_in_buffer/write_data_reg[3]/CLK
    u_datapath/u_pixel_in_buffer/write_data_reg[2]/CLK
    u_datapath/u_pixel_in_buffer/bit5_dly1_reg/CLK
    u_datapath/u_pixel_in_buffer/de_out_reg/CLK
    u_datapath/u_pixel_in_buffer/ctmi_1419/A
    u_datapath/u_color_interleaver/write_address_reg[3]/CLK
    u_datapath/u_color_interleaver/write_address_reg[2]/CLK
    u_datapath/u_color_interleaver/write_address_reg[1]/CLK
    u_datapath/u_color_interleaver/write_address_reg[0]/CLK
    u_datapath/u_color_interleaver/buffer1_write_enable_reg/CLK
    u_datapath/u_color_interleaver/de_dly1_reg/CLK
    u_datapath/u_color_interleaver/clk1_ce_d1_reg/CLK
    u_datapath/u_color_interleaver/write_address_reg[4]/CLK
    u_datapath/de2_reg/CLK
    u_datapath/rgb_data_in1_reg[23]/CLK
    u_datapath/rgb_data_in1_reg[22]/CLK
    u_datapath/u_pixel_in_buffer/de_in1_reg/CLK
    u_datapath/u_pixel_in_buffer/data_out_reg[23]/CLK
    u_YCrCb2RGB/B_int_reg[20]/CLK
    u_YCrCb2RGB/B_int_reg[19]/CLK
    u_YCrCb2RGB/B_int_reg[18]/CLK
    u_YCrCb2RGB/B_int_reg[17]/CLK
    u_YCrCb2RGB/B_int_reg[16]/CLK
    u_YCrCb2RGB/B_int_reg[15]/CLK
    u_YCrCb2RGB/B_int_reg[14]/CLK
    u_YCrCb2RGB/Cr_reg_reg[9]/CLK
    u_YCrCb2RGB/hsync1_reg/CLK
    u_vsync_conditioner/inv_vsync_reg/CLK
    u_DE_generator/count1_en_reg/CLK
---------------------------------------
Reason         : user_specified_like_cbt
Num sinks      : 401
Num inv-sinks  : 0
Num buf/inv    : 0
Num buffers    : 0
Num inverters  : 0
Num non-opt BI : 0

Curr WL       : 4172.651000
Ideal WL      : 4172.651000
CI-Ratio      : 1.000000

Expendable Hier Boudaries:
    u_datapath/u_pixel_in_buffer/CTS_ZCTSNET_2
    u_datapath/u_pixel_in_buffer/CTS_ZCTSNET_4
    u_datapath/CTS_ZCTSNET_58
    u_datapath/u_pixel_in_buffer/CTS_ZCTSNET_6
    u_datapath/CTS_ZCTSNET_57
    u_datapath/u_pixel_in_buffer/CTS_ZCTSNET_5
    u_datapath/u_color_interleaver/CTS_ZCTSNET_3
    u_datapath/CTS_ZCTSNET_56
    u_datapath/CTS_ZCTSNET_54
    u_datapath/CTS_ZCTSNET_53
    u_datapath/u_pixel_in_buffer/CTS_ZCTSNET_3
    u_datapath/CTS_ZCTSNET_51
    u_datapath/u_pixel_in_buffer/CTS_ZCTSNET_1
    u_datapath/CTS_ZCTSNET_50
    u_datapath/u_pixel_in_buffer/clock
    u_datapath/u_color_interleaver/write_clock
    u_datapath/CTS_ZCTSNET_49
    u_datapath/clk1
    u_datapath/u_pixel_in_buffer/CTS_ZCTSNET_7
    u_datapath/CTS_ZCTSNET_59
    u_clk_gen/pixel_comp_clk_gate

Driver: P ( pin)  {526.320, 290.776} u_clk_gen/u_clock_gen/C385/ctmi_35/Y  [CanBld]
    Hier  : P (port)  {526.320, 290.776} u_clk_gen/u_clock_gen/pixel_comp_clk_gate  [(CanBufrPrnt && HasRep) = CanBld]  < TOP == TOP >
        Sink  : P ( pin)  {547.562, 207.653} u_datapath/u_pixel_in_buffer/ctmi_1419/A
        Sink  : P ( pin)  {592.364, 205.417} u_datapath/u_pixel_in_buffer/buffer0_write_enable_reg/CLK
        Sink  : P ( pin)  {525.788, 245.303} u_datapath/de2_reg/CLK
        Sink  : P ( pin)  {522.596, 225.239} u_video_in_mux/hsync_out_reg/CLK
        Sink  : P ( pin)  {524.617, 603.060} u_YCrCb2RGB/X_int_reg[5]/CLK
        Sink  : P ( pin)  {536.428, 669.991} u_YCrCb2RGB/Y_reg_reg[4]/CLK
        Sink  : P ( pin)  {538.708, 673.335} u_YCrCb2RGB/Cb_reg1_reg[2]/CLK
        Sink  : P ( pin)  {547.828, 670.233} u_YCrCb2RGB/Y_reg_reg[6]/CLK
        Sink  : P ( pin)  {565.764, 676.679} u_YCrCb2RGB/Y_reg1_reg[1]/CLK
        Sink  : P ( pin)  {566.524, 673.577} u_YCrCb2RGB/Cb_reg1_reg[3]/CLK
        Sink  : P ( pin)  {565.156, 670.233} u_YCrCb2RGB/hs_os_reg/CLK
        Sink  : P ( pin)  {526.092, 669.991} u_YCrCb2RGB/Y_reg_reg[7]/CLK
        Sink  : P ( pin)  {492.545, 669.940} u_YCrCb2RGB/C_int_reg[18]/CLK
        Sink  : P ( pin)  {468.529, 673.284} u_YCrCb2RGB/R_int_reg[11]/CLK
        Sink  : P ( pin)  {455.063, 686.660} u_YCrCb2RGB/C_int_reg[6]/CLK
        Sink  : P ( pin)  {453.892, 683.609} u_YCrCb2RGB/Y_reg1_reg[5]/CLK
        Sink  : P ( pin)  {454.303, 680.316} u_YCrCb2RGB/C_int_reg[4]/CLK
        Sink  : P ( pin)  {465.185, 679.972} u_YCrCb2RGB/C_int_reg[0]/CLK
        Sink  : P ( pin)  {469.289, 670.284} u_YCrCb2RGB/C_int_reg[2]/CLK
        Sink  : P ( pin)  {523.812, 666.889} u_YCrCb2RGB/Cb_reg_reg[4]/CLK
        Sink  : P ( pin)  {527.567, 606.404} u_YCrCb2RGB/A_int_reg[13]/CLK
        Sink  : P ( pin)  {479.535, 603.404} u_YCrCb2RGB/X_int_reg[11]/CLK
        Sink  : P ( pin)  {506.788, 288.775} u_vsync_conditioner/vsync_d1_reg/CLK
        Sink  : P ( pin)  {466.356, 285.431} u_vsync_conditioner/vsync_d2_reg/CLK
        Sink  : P ( pin)  {500.708, 278.743} u_vsync_conditioner/de_d2_reg/CLK
        Sink  : P ( pin)  {499.796, 275.399} u_vsync_conditioner/de_d1_reg/CLK
        Sink  : P ( pin)  {471.220, 278.743} u_DE_generator/vsync_d2_reg/CLK
        Sink  : P ( pin)  {468.940, 282.087} u_vsync_conditioner/vsync_out_reg/CLK
        Sink  : P ( pin)  {466.508, 275.399} u_video_in_mux/de_out_reg/CLK
        Sink  : P ( pin)  {469.092, 272.055} u_DE_generator/vsync_reos_reg/CLK
        Sink  : P ( pin)  {464.684, 278.985} u_DE_generator/vsync_d1_reg/CLK
        Sink  : P ( pin)  {464.380, 275.641} u_vsync_conditioner/inv_vsync_reg/CLK
        Sink  : P ( pin)  {391.268, 251.991} u_YCrCb2RGB/Cb_reg1_reg[4]/CLK
        Sink  : P ( pin)  {381.236, 251.991} u_YCrCb2RGB/Cr_reg_reg[6]/CLK
        Sink  : P ( pin)  {381.281, 255.284} u_YCrCb2RGB/A_int_reg[1]/CLK
        Sink  : P ( pin)  {440.364, 248.889} u_DE_generator/de_start_reg/CLK
        Sink  : P ( pin)  {447.204, 248.889} u_DE_generator/de_out_reg/CLK
        Sink  : P ( pin)  {452.828, 248.647} u_DE_generator/count1_en_reg/CLK
        Sink  : P ( pin)  {459.820, 248.647} u_DE_generator/hsync_reos_reg/CLK
        Sink  : P ( pin)  {466.812, 248.889} u_DE_generator/hsync_d1_reg/CLK
        Sink  : P ( pin)  {465.596, 248.647} u_DE_generator/hsync_d2_reg/CLK
        Sink  : P ( pin)  {460.276, 248.889} u_DE_generator/hsync_d3_reg/CLK
        Sink  : P ( pin)  {454.044, 245.545} u_DE_generator/count1_rst_reg/CLK
        Sink  : P ( pin)  {452.828, 251.991} u_DE_generator/active_display_reg/CLK
        Sink  : P ( pin)  {445.988, 251.991} u_DE_generator/de_end_reg/CLK
        Sink  : P ( pin)  {498.732, 272.055} u_datapath/de1_reg/CLK
        Sink  : P ( pin)  {462.663, 365.636} u_YCrCb2RGB/A_int_reg[6]/CLK
        Sink  : P ( pin)  {467.724, 349.209} u_YCrCb2RGB/Cr_reg_reg[1]/CLK
        Sink  : P ( pin)  {441.169, 389.044} u_YCrCb2RGB/A_int_reg[2]/CLK
        Sink  : P ( pin)  {437.172, 389.337} u_YCrCb2RGB/Cb_reg1_reg[9]/CLK
        Sink  : P ( pin)  {442.751, 368.980} u_YCrCb2RGB/B1_int_reg[5]/CLK
        Sink  : P ( pin)  {581.769, 205.468} u_YCrCb2RGB/A_int_reg[8]/CLK
        Sink  : P ( pin)  {583.244, 208.761} u_datapath/u_color_interleaver/write_address_reg[0]/CLK
        Sink  : P ( pin)  {525.180, 215.207} u_datapath/u_pixel_in_buffer/de_in1_reg/CLK
        Sink  : P ( pin)  {528.372, 205.175} u_datapath/u_pixel_in_buffer/length_count_en_reg/CLK
        Sink  : P ( pin)  {525.940, 208.761} u_datapath/u_pixel_in_buffer/de_in2_reg/CLK
        Sink  : P ( pin)  {524.572, 205.175} u_datapath/u_pixel_in_buffer/length_reset_reg/CLK
        Sink  : P ( pin)  {573.972, 208.761} u_datapath/u_pixel_in_buffer/pixel_count_reg[0]/CLK
        Sink  : P ( pin)  {579.900, 208.519} u_datapath/u_pixel_in_buffer/de_out_reg/CLK
        Sink  : P ( pin)  {573.972, 205.417} u_datapath/u_pixel_in_buffer/pixel_count_reg[1]/CLK
        Sink  : P ( pin)  {571.996, 205.175} u_datapath/u_pixel_in_buffer/bit5_dly1_reg/CLK
        Sink  : P ( pin)  {562.724, 201.831} u_datapath/u_pixel_in_buffer/roundup_reg[2]/CLK
        Sink  : P ( pin)  {562.724, 195.385} u_datapath/u_pixel_in_buffer/roundup_reg[0]/CLK
        Sink  : P ( pin)  {562.724, 198.729} u_datapath/u_pixel_in_buffer/roundup_reg[1]/CLK
        Sink  : P ( pin)  {562.724, 205.175} u_datapath/u_pixel_in_buffer/roundup_reg[3]/CLK
        Sink  : P ( pin)  {557.860, 205.417} u_datapath/u_pixel_in_buffer/pixel_count_enable_reg/CLK
        Sink  : P ( pin)  {562.724, 235.271} u_datapath/u_pixel_in_buffer/roundup_reg[4]/CLK
        Sink  : P ( pin)  {562.724, 238.857} u_datapath/u_pixel_in_buffer/blanking_pixels_reg[7]/CLK
        Sink  : P ( pin)  {562.724, 242.201} u_datapath/u_pixel_in_buffer/blanking_pixels_reg[6]/CLK
        Sink  : P ( pin)  {564.700, 245.545} u_datapath/u_pixel_in_buffer/blanking_pixels_reg[8]/CLK
        Sink  : P ( pin)  {562.724, 238.615} u_datapath/u_pixel_in_buffer/blanking_pixels_reg[5]/CLK
        Sink  : P ( pin)  {606.303, 325.508} u_YCrCb2RGB/X_int_reg[14]/CLK
        Sink  : P ( pin)  {605.785, 322.164} u_YCrCb2RGB/B1_int_reg[16]/CLK
        Sink  : P ( pin)  {541.596, 292.119} u_video_in_mux/fid_out_reg/CLK
        Sink  : P ( pin)  {536.732, 292.119} u_YCrCb2RGB/DE_reg/CLK
        Sink  : P ( pin)  {592.364, 292.361} u_datapath/u_pixel_in_buffer/buffer1_address_reg[4]/CLK
        Sink  : P ( pin)  {600.724, 292.361} u_datapath/u_pixel_in_buffer/h_offset_reg[0]/CLK
        Sink  : P ( pin)  {595.708, 289.017} u_datapath/u_pixel_in_buffer/buffer1_address_reg[0]/CLK
        Sink  : P ( pin)  {581.724, 248.889} u_datapath/u_pixel_in_buffer/h_offset_reg[3]/CLK
        Sink  : P ( pin)  {581.876, 255.335} u_datapath/u_pixel_in_buffer/h_offset_reg[4]/CLK
        Sink  : P ( pin)  {586.588, 255.335} u_datapath/u_pixel_in_buffer/buffer1_address_reg[2]/CLK
        Sink  : P ( pin)  {586.588, 251.991} u_datapath/u_pixel_in_buffer/buffer1_address_reg[1]/CLK
        Sink  : P ( pin)  {584.612, 252.233} u_datapath/u_pixel_in_buffer/buffer1_address_reg[3]/CLK
        Sink  : P ( pin)  {575.340, 251.991} u_datapath/u_pixel_in_buffer/h_offset_reg[1]/CLK
        Sink  : P ( pin)  {573.972, 248.647} u_datapath/u_pixel_in_buffer/h_offset_reg[2]/CLK
        Sink  : P ( pin)  {567.284, 248.647} u_datapath/u_pixel_in_buffer/blanking_pixels_reg[9]/CLK
        Sink  : P ( pin)  {521.836, 161.703} u_YCrCb2RGB/X_int_reg[8]/CLK
        Sink  : P ( pin)  {520.772, 158.601} u_YCrCb2RGB/A_int_reg[12]/CLK
        Sink  : P ( pin)  {521.228, 155.257} u_YCrCb2RGB/X_int_reg[7]/CLK
        Sink  : P ( pin)  {541.444, 51.593} u_video_in_mux/din_rgb_reg[15]/CLK
        Sink  : P ( pin)  {549.044, 48.249} u_datapath/rgb_data_in2_reg[0]/CLK
        Sink  : P ( pin)  {549.956, 44.663} u_datapath/rgb_data_in2_reg[2]/CLK
        Sink  : P ( pin)  {545.396, 44.905} u_datapath/rgb_data_in2_reg[4]/CLK
        Sink  : P ( pin)  {547.828, 41.319} u_datapath/rgb_data_in2_reg[5]/CLK
        Sink  : P ( pin)  {550.412, 48.007} u_datapath/rgb_data_in2_reg[6]/CLK
        Sink  : P ( pin)  {551.324, 61.383} u_datapath/rgb_data_in2_reg[7]/CLK
        Sink  : P ( pin)  {548.588, 41.561} u_datapath/rgb_data_in2_reg[8]/CLK
        Sink  : P ( pin)  {551.324, 58.281} u_datapath/rgb_data_in2_reg[15]/CLK
        Sink  : P ( pin)  {549.804, 34.631} u_datapath/rgb_data_in2_reg[16]/CLK
        Sink  : P ( pin)  {549.044, 34.873} u_datapath/rgb_data_in2_reg[20]/CLK
        Sink  : P ( pin)  {549.804, 37.975} u_datapath/rgb_data_in2_reg[21]/CLK
        Sink  : P ( pin)  {541.140, 44.905} u_datapath/rgb_data_in1_reg[0]/CLK
        Sink  : P ( pin)  {541.444, 48.249} u_datapath/rgb_data_in1_reg[1]/CLK
        Sink  : P ( pin)  {541.444, 41.561} u_datapath/rgb_data_in1_reg[2]/CLK
        Sink  : P ( pin)  {547.828, 51.593} u_datapath/rgb_data_in1_reg[3]/CLK
        Sink  : P ( pin)  {544.484, 41.319} u_datapath/rgb_data_in1_reg[5]/CLK
        Sink  : P ( pin)  {538.708, 48.007} u_datapath/rgb_data_in1_reg[6]/CLK
        Sink  : P ( pin)  {547.828, 58.281} u_datapath/rgb_data_in1_reg[7]/CLK
        Sink  : P ( pin)  {544.332, 37.975} u_datapath/rgb_data_in1_reg[8]/CLK
        Sink  : P ( pin)  {547.828, 58.039} u_datapath/rgb_data_in1_reg[15]/CLK
        Sink  : P ( pin)  {547.828, 51.351} u_datapath/rgb_data_in1_reg[22]/CLK
        Sink  : P ( pin)  {547.828, 54.695} u_datapath/rgb_data_in1_reg[23]/CLK
        Sink  : P ( pin)  {552.388, 37.975} u_datapath/u_pixel_in_buffer/write_data_reg[10]/CLK
        Sink  : P ( pin)  {503.292, 51.591} u_YCrCb2RGB/B_int_reg[18]/CLK
        Sink  : P ( pin)  {509.524, 51.353} u_YCrCb2RGB/B_int_reg[17]/CLK
        Sink  : P ( pin)  {502.532, 48.007} u_YCrCb2RGB/C_int_reg[16]/CLK
        Sink  : P ( pin)  {502.684, 48.249} u_YCrCb2RGB/X_int_reg[17]/CLK
        Sink  : P ( pin)  {502.076, 44.663} u_YCrCb2RGB/X_int_reg[16]/CLK
        Sink  : P ( pin)  {501.620, 41.559} u_YCrCb2RGB/B_int_reg[14]/CLK
        Sink  : P ( pin)  {494.324, 38.217} u_YCrCb2RGB/C_int_reg[15]/CLK
        Sink  : P ( pin)  {494.324, 31.529} u_YCrCb2RGB/X_int_reg[13]/CLK
        Sink  : P ( pin)  {494.324, 28.185} u_YCrCb2RGB/C_int_reg[13]/CLK
        Sink  : P ( pin)  {494.324, 34.631} u_YCrCb2RGB/X_int_reg[15]/CLK
        Sink  : P ( pin)  {494.628, 37.975} u_YCrCb2RGB/C_int_reg[14]/CLK
        Sink  : P ( pin)  {497.364, 41.319} u_YCrCb2RGB/C_int_reg[11]/CLK
        Sink  : P ( pin)  {501.772, 37.975} u_YCrCb2RGB/C_int_reg[12]/CLK
        Sink  : P ( pin)  {501.772, 38.215} u_YCrCb2RGB/B_int_reg[15]/CLK
        Sink  : P ( pin)  {506.484, 37.977} u_YCrCb2RGB/B_int_reg[13]/CLK
        Sink  : P ( pin)  {506.484, 34.871} u_YCrCb2RGB/B_int_reg[12]/CLK
        Sink  : P ( pin)  {506.484, 41.321} u_YCrCb2RGB/B_int_reg[11]/CLK
        Sink  : P ( pin)  {508.612, 41.559} u_YCrCb2RGB/B_int_reg[16]/CLK
        Sink  : P ( pin)  {508.916, 31.529} u_YCrCb2RGB/B2_int_reg[16]/CLK
        Sink  : P ( pin)  {509.068, 31.287} u_YCrCb2RGB/X_int_reg[12]/CLK
        Sink  : P ( pin)  {538.708, 21.255} u_video_in_mux/din_rgb_reg[12]/CLK
        Sink  : P ( pin)  {541.444, 18.153} u_video_in_mux/din_rgb_reg[10]/CLK
        Sink  : P ( pin)  {538.708, 11.223} u_video_in_mux/din_rgb_reg[13]/CLK
        Sink  : P ( pin)  {541.444, 11.465} u_video_in_mux/din_rgb_reg[11]/CLK
        Sink  : P ( pin)  {538.708, 17.911} u_video_in_mux/din_rgb_reg[17]/CLK
        Sink  : P ( pin)  {538.708, 14.567} u_video_in_mux/din_rgb_reg[14]/CLK
        Sink  : P ( pin)  {538.708, 24.599} u_video_in_mux/din_rgb_reg[18]/CLK
        Sink  : P ( pin)  {535.364, 27.943} u_video_in_mux/din_rgb_reg[9]/CLK
        Sink  : P ( pin)  {533.996, 28.185} u_video_in_mux/din_rgb_reg[19]/CLK
        Sink  : P ( pin)  {544.636, 21.497} u_datapath/rgb_data_in1_reg[12]/CLK
        Sink  : P ( pin)  {543.268, 21.255} u_datapath/rgb_data_in1_reg[17]/CLK
        Sink  : P ( pin)  {543.268, 14.809} u_datapath/rgb_data_in1_reg[14]/CLK
        Sink  : P ( pin)  {543.268, 14.567} u_datapath/rgb_data_in1_reg[13]/CLK
        Sink  : P ( pin)  {543.268, 17.911} u_datapath/rgb_data_in1_reg[11]/CLK
        Sink  : P ( pin)  {550.108, 24.841} u_datapath/rgb_data_in2_reg[19]/CLK
        Sink  : P ( pin)  {549.956, 24.599} u_datapath/rgb_data_in2_reg[12]/CLK
        Sink  : P ( pin)  {542.356, 24.841} u_datapath/rgb_data_in1_reg[18]/CLK
        Sink  : P ( pin)  {550.412, 31.287} u_datapath/rgb_data_in2_reg[18]/CLK
        Sink  : P ( pin)  {550.412, 28.185} u_datapath/rgb_data_in2_reg[10]/CLK
        Sink  : P ( pin)  {548.892, 27.943} u_datapath/rgb_data_in2_reg[9]/CLK
        Sink  : P ( pin)  {541.292, 27.943} u_datapath/rgb_data_in1_reg[19]/CLK
        Sink  : P ( pin)  {542.052, 31.287} u_datapath/rgb_data_in1_reg[9]/CLK
        Sink  : P ( pin)  {547.828, 31.287} u_datapath/rgb_data_in1_reg[10]/CLK
        Sink  : P ( pin)  {546.612, 31.529} u_datapath/rgb_data_in1_reg[16]/CLK
        Sink  : P ( pin)  {541.140, 31.529} u_datapath/rgb_data_in1_reg[20]/CLK
        Sink  : P ( pin)  {541.900, 34.873} u_datapath/rgb_data_in1_reg[21]/CLK
        Sink  : P ( pin)  {517.428, 28.185} u_YCrCb2RGB/R_int_reg[13]/CLK
        Sink  : P ( pin)  {517.276, 31.527} u_YCrCb2RGB/B_int_reg[10]/CLK
        Sink  : P ( pin)  {521.836, 34.631} u_YCrCb2RGB/R_int_reg[14]/CLK
        Sink  : P ( pin)  {520.620, 34.871} u_YCrCb2RGB/R_int_reg[15]/CLK
        Sink  : P ( pin)  {516.364, 34.873} u_YCrCb2RGB/A_int_reg[15]/CLK
        Sink  : P ( pin)  {509.372, 24.841} u_YCrCb2RGB/A_int_reg[14]/CLK
        Sink  : P ( pin)  {509.220, 27.943} u_YCrCb2RGB/B1_int_reg[13]/CLK
        Sink  : P ( pin)  {521.076, 21.497} u_YCrCb2RGB/B1_int_reg[14]/CLK
        Sink  : P ( pin)  {524.116, 28.183} u_YCrCb2RGB/G_int_reg[16]/CLK
        Sink  : P ( pin)  {521.836, 24.841} u_YCrCb2RGB/X_int_reg[10]/CLK
        Sink  : P ( pin)  {526.548, 27.943} u_YCrCb2RGB/R_int_reg[12]/CLK
        Sink  : P ( pin)  {526.396, 31.289} u_YCrCb2RGB/G_int_reg[10]/CLK
        Sink  : P ( pin)  {526.092, 24.601} u_YCrCb2RGB/R_int_reg[10]/CLK
        Sink  : P ( pin)  {525.636, 21.495} u_YCrCb2RGB/G_int_reg[12]/CLK
        Sink  : P ( pin)  {521.076, 21.255} u_YCrCb2RGB/B2_int_reg[12]/CLK
        Sink  : P ( pin)  {525.484, 17.913} u_YCrCb2RGB/G_int_reg[15]/CLK
        Sink  : P ( pin)  {525.484, 11.463} u_YCrCb2RGB/G_int_reg[13]/CLK
        Sink  : P ( pin)  {525.484, 14.569} u_YCrCb2RGB/G_int_reg[14]/CLK
        Sink  : P ( pin)  {525.484, 18.151} u_YCrCb2RGB/G_int_reg[11]/CLK
        Sink  : P ( pin)  {519.252, 14.809} u_YCrCb2RGB/B2_int_reg[11]/CLK
        Sink  : P ( pin)  {519.100, 18.153} u_YCrCb2RGB/B2_int_reg[13]/CLK
        Sink  : P ( pin)  {521.228, 44.663} u_YCrCb2RGB/B2_int_reg[17]/CLK
        Sink  : P ( pin)  {525.940, 44.663} u_video_in_mux/din_rgb_reg[5]/CLK
        Sink  : P ( pin)  {535.364, 44.663} u_video_in_mux/din_rgb_reg[23]/CLK
        Sink  : P ( pin)  {533.084, 44.905} u_video_in_mux/din_rgb_reg[22]/CLK
        Sink  : P ( pin)  {533.540, 51.351} u_video_in_mux/din_rgb_reg[3]/CLK
        Sink  : P ( pin)  {525.788, 48.247} u_YCrCb2RGB/G_int_reg[20]/CLK
        Sink  : P ( pin)  {525.636, 54.697} u_YCrCb2RGB/G_int_reg[19]/CLK
        Sink  : P ( pin)  {525.332, 51.593} u_video_in_mux/din_rgb_reg[7]/CLK
        Sink  : P ( pin)  {525.940, 48.007} u_video_in_mux/din_rgb_reg[6]/CLK
        Sink  : P ( pin)  {522.444, 44.903} u_YCrCb2RGB/G_int_reg[18]/CLK
        Sink  : P ( pin)  {521.228, 41.319} u_YCrCb2RGB/R_int_reg[17]/CLK
        Sink  : P ( pin)  {521.228, 38.217} u_YCrCb2RGB/R_int_reg[16]/CLK
        Sink  : P ( pin)  {533.236, 41.561} u_video_in_mux/din_rgb_reg[2]/CLK
        Sink  : P ( pin)  {536.732, 34.631} u_video_in_mux/din_rgb_reg[8]/CLK
        Sink  : P ( pin)  {535.364, 37.975} u_video_in_mux/din_rgb_reg[21]/CLK
        Sink  : P ( pin)  {535.364, 41.319} u_video_in_mux/din_rgb_reg[20]/CLK
        Sink  : P ( pin)  {531.868, 38.217} u_video_in_mux/din_rgb_reg[1]/CLK
        Sink  : P ( pin)  {528.676, 37.975} u_video_in_mux/din_rgb_reg[0]/CLK
        Sink  : P ( pin)  {527.460, 34.633} u_YCrCb2RGB/G_int_reg[17]/CLK
        Sink  : P ( pin)  {533.996, 31.529} u_video_in_mux/din_rgb_reg[16]/CLK
        Sink  : P ( pin)  {525.788, 41.319} u_video_in_mux/din_rgb_reg[4]/CLK
        Sink  : P ( pin)  {532.780, 48.249} u_datapath/rgb_data_in1_reg[4]/CLK
        Sink  : P ( pin)  {517.732, 75.001} u_YCrCb2RGB/B2_int_reg[20]/CLK
        Sink  : P ( pin)  {517.732, 71.657} u_YCrCb2RGB/C_int_reg[20]/CLK
        Sink  : P ( pin)  {518.948, 68.311} u_YCrCb2RGB/R_int_reg[20]/CLK
        Sink  : P ( pin)  {522.444, 58.041} u_YCrCb2RGB/R_int_reg[18]/CLK
        Sink  : P ( pin)  {517.580, 54.935} u_YCrCb2RGB/R_int_reg[19]/CLK
        Sink  : P ( pin)  {517.580, 64.967} u_YCrCb2RGB/B_int_reg[20]/CLK
        Sink  : P ( pin)  {509.980, 74.759} u_YCrCb2RGB/A_int_reg[20]/CLK
        Sink  : P ( pin)  {511.196, 75.001} u_YCrCb2RGB/X_int_reg[20]/CLK
        Sink  : P ( pin)  {514.388, 78.345} u_YCrCb2RGB/B1_int_reg[19]/CLK
        Sink  : P ( pin)  {519.556, 78.345} u_YCrCb2RGB/B1_int_reg[20]/CLK
        Sink  : P ( pin)  {519.252, 81.689} u_YCrCb2RGB/B2_int_reg[19]/CLK
        Sink  : P ( pin)  {508.308, 71.657} u_YCrCb2RGB/C_int_reg[19]/CLK
        Sink  : P ( pin)  {506.636, 71.415} u_YCrCb2RGB/X_int_reg[19]/CLK
        Sink  : P ( pin)  {513.324, 64.727} u_YCrCb2RGB/A_int_reg[19]/CLK
        Sink  : P ( pin)  {514.084, 61.625} u_YCrCb2RGB/B2_int_reg[18]/CLK
        Sink  : P ( pin)  {514.236, 61.383} u_YCrCb2RGB/B1_int_reg[18]/CLK
        Sink  : P ( pin)  {514.236, 54.695} u_YCrCb2RGB/B1_int_reg[17]/CLK
        Sink  : P ( pin)  {511.348, 58.281} u_YCrCb2RGB/A_int_reg[18]/CLK
        Sink  : P ( pin)  {508.004, 54.935} u_YCrCb2RGB/B_int_reg[19]/CLK
        Sink  : P ( pin)  {509.676, 54.695} u_YCrCb2RGB/C_int_reg[17]/CLK
        Sink  : P ( pin)  {506.180, 58.281} u_YCrCb2RGB/X_int_reg[18]/CLK
        Sink  : P ( pin)  {605.391, 144.932} u_YCrCb2RGB/B2_int_reg[10]/CLK
        Sink  : P ( pin)  {601.377, 144.932} u_YCrCb2RGB/X_int_reg[2]/CLK
        Sink  : P ( pin)  {592.668, 175.321} u_datapath/u_color_interleaver/buffer1_write_enable_reg/CLK
        Sink  : P ( pin)  {592.364, 181.767} u_datapath/u_color_interleaver/clk1_ce_d1_reg/CLK
        Sink  : P ( pin)  {587.804, 205.417} u_datapath/u_color_interleaver/de_dly1_reg/CLK
        Sink  : P ( pin)  {591.300, 195.385} u_datapath/u_color_interleaver/write_address_reg[4]/CLK
        Sink  : P ( pin)  {592.668, 198.487} u_datapath/u_color_interleaver/write_address_reg[3]/CLK
        Sink  : P ( pin)  {592.364, 201.831} u_datapath/u_color_interleaver/write_address_reg[2]/CLK
        Sink  : P ( pin)  {588.868, 205.175} u_datapath/u_color_interleaver/write_address_reg[1]/CLK
        Sink  : P ( pin)  {591.148, 161.945} u_datapath/u_pixel_in_buffer/data_out_reg[13]/CLK
        Sink  : P ( pin)  {589.932, 161.703} u_datapath/u_pixel_in_buffer/data_out_reg[6]/CLK
        Sink  : P ( pin)  {583.244, 161.703} u_datapath/u_pixel_in_buffer/data_out_reg[10]/CLK
        Sink  : P ( pin)  {583.244, 161.945} u_datapath/u_pixel_in_buffer/data_out_reg[23]/CLK
        Sink  : P ( pin)  {587.804, 158.601} u_datapath/u_pixel_in_buffer/data_out_reg[17]/CLK
        Sink  : P ( pin)  {587.804, 155.015} u_datapath/u_pixel_in_buffer/data_out_reg[19]/CLK
        Sink  : P ( pin)  {587.804, 151.671} u_datapath/u_pixel_in_buffer/data_out_reg[18]/CLK
        Sink  : P ( pin)  {587.804, 158.359} u_datapath/u_pixel_in_buffer/data_out_reg[16]/CLK
        Sink  : P ( pin)  {592.364, 148.327} u_datapath/u_pixel_in_buffer/data_out_reg[5]/CLK
        Sink  : P ( pin)  {588.564, 148.327} u_datapath/u_pixel_in_buffer/data_out_reg[21]/CLK
        Sink  : P ( pin)  {587.804, 148.569} u_datapath/u_pixel_in_buffer/data_out_reg[15]/CLK
        Sink  : P ( pin)  {595.708, 145.225} u_datapath/u_pixel_in_buffer/data_out_reg[4]/CLK
        Sink  : P ( pin)  {590.236, 144.983} u_datapath/u_pixel_in_buffer/data_out_reg[22]/CLK
        Sink  : P ( pin)  {592.364, 151.671} u_datapath/u_pixel_in_buffer/data_out_reg[20]/CLK
        Sink  : P ( pin)  {592.364, 158.359} u_datapath/u_pixel_in_buffer/data_out_reg[14]/CLK
        Sink  : P ( pin)  {584.764, 171.735} u_datapath/u_pixel_in_buffer/select_buffer0_reg/CLK
        Sink  : P ( pin)  {587.804, 168.633} u_datapath/u_pixel_in_buffer/buffer0_address_reg[3]/CLK
        Sink  : P ( pin)  {589.020, 165.289} u_datapath/u_pixel_in_buffer/data_out_reg[0]/CLK
        Sink  : P ( pin)  {582.180, 165.289} u_datapath/u_pixel_in_buffer/buffer0_address_reg[2]/CLK
        Sink  : P ( pin)  {589.932, 171.977} u_datapath/u_pixel_in_buffer/buffer0_address_reg[1]/CLK
        Sink  : P ( pin)  {591.300, 192.041} u_datapath/u_pixel_in_buffer/buffer0_address_reg[4]/CLK
        Sink  : P ( pin)  {592.364, 188.455} u_datapath/u_pixel_in_buffer/buffer0_address_reg[0]/CLK
        Sink  : P ( pin)  {627.780, 141.881} u_YCrCb2RGB/Y_reg1_reg[4]/CLK
        Sink  : P ( pin)  {669.732, 141.881} u_YCrCb2RGB/Y_reg1_reg[6]/CLK
        Sink  : P ( pin)  {684.932, 141.881} u_YCrCb2RGB/Cr_reg_reg[7]/CLK
        Sink  : P ( pin)  {709.297, 145.276} u_YCrCb2RGB/B1_int_reg[12]/CLK
        Sink  : P ( pin)  {710.727, 144.932} u_YCrCb2RGB/C_int_reg[7]/CLK
        Sink  : P ( pin)  {714.724, 145.225} u_YCrCb2RGB/Y_reg_reg[3]/CLK
        Sink  : P ( pin)  {714.724, 141.881} u_YCrCb2RGB/Cb_reg_reg[9]/CLK
        Sink  : P ( pin)  {705.345, 141.932} u_YCrCb2RGB/A_int_reg[7]/CLK
        Sink  : P ( pin)  {701.303, 145.276} u_YCrCb2RGB/C_int_reg[1]/CLK
        Sink  : P ( pin)  {695.268, 144.983} u_YCrCb2RGB/Cb_reg_reg[1]/CLK
        Sink  : P ( pin)  {692.684, 145.225} u_YCrCb2RGB/Cr_reg_reg[3]/CLK
        Sink  : P ( pin)  {690.708, 141.881} u_YCrCb2RGB/Cb_reg_reg[7]/CLK
        Sink  : P ( pin)  {674.095, 144.932} u_YCrCb2RGB/X_int_reg[9]/CLK
        Sink  : P ( pin)  {661.721, 111.492} u_YCrCb2RGB/B1_int_reg[9]/CLK
        Sink  : P ( pin)  {661.220, 131.607} u_datapath/u_pixel_in_buffer/data_out_reg[11]/CLK
        Sink  : P ( pin)  {661.372, 121.817} u_datapath/u_pixel_in_buffer/data_out_reg[2]/CLK
        Sink  : P ( pin)  {661.372, 108.441} u_datapath/u_pixel_in_buffer/data_out_reg[7]/CLK
        Sink  : P ( pin)  {661.372, 105.097} u_datapath/u_pixel_in_buffer/data_out_reg[3]/CLK
        Sink  : P ( pin)  {661.220, 104.855} u_datapath/u_pixel_in_buffer/data_out_reg[8]/CLK
        Sink  : P ( pin)  {661.220, 114.887} u_datapath/u_pixel_in_buffer/data_out_reg[12]/CLK
        Sink  : P ( pin)  {661.220, 118.231} u_datapath/u_pixel_in_buffer/data_out_reg[9]/CLK
        Sink  : P ( pin)  {659.852, 124.919} u_datapath/u_pixel_in_buffer/data_out_reg[1]/CLK
        Sink  : P ( pin)  {562.724, 21.255} u_datapath/u_pixel_in_buffer/write_data_reg[19]/CLK
        Sink  : P ( pin)  {562.724, 17.911} u_datapath/u_pixel_in_buffer/write_data_reg[17]/CLK
        Sink  : P ( pin)  {560.748, 21.497} u_datapath/u_pixel_in_buffer/write_data_reg[11]/CLK
        Sink  : P ( pin)  {562.724, 14.567} u_datapath/u_pixel_in_buffer/write_data_reg[13]/CLK
        Sink  : P ( pin)  {559.380, 14.809} u_datapath/u_pixel_in_buffer/write_data_reg[14]/CLK
        Sink  : P ( pin)  {558.316, 24.841} u_datapath/u_pixel_in_buffer/write_data_reg[12]/CLK
        Sink  : P ( pin)  {558.012, 34.873} u_datapath/u_pixel_in_buffer/write_data_reg[16]/CLK
        Sink  : P ( pin)  {557.100, 31.529} u_datapath/u_pixel_in_buffer/write_data_reg[18]/CLK
        Sink  : P ( pin)  {557.708, 28.185} u_datapath/u_pixel_in_buffer/write_data_reg[9]/CLK
        Sink  : P ( pin)  {553.604, 18.153} u_datapath/rgb_data_in2_reg[11]/CLK
        Sink  : P ( pin)  {550.108, 14.809} u_datapath/rgb_data_in2_reg[14]/CLK
        Sink  : P ( pin)  {549.956, 14.567} u_datapath/rgb_data_in2_reg[17]/CLK
        Sink  : P ( pin)  {549.956, 21.255} u_datapath/rgb_data_in2_reg[13]/CLK
        Sink  : P ( pin)  {562.876, 44.663} u_datapath/u_pixel_in_buffer/write_data_reg[8]/CLK
        Sink  : P ( pin)  {563.484, 44.905} u_datapath/u_pixel_in_buffer/write_data_reg[5]/CLK
        Sink  : P ( pin)  {562.724, 64.727} u_datapath/u_pixel_in_buffer/write_data_reg[3]/CLK
        Sink  : P ( pin)  {564.852, 54.937} u_datapath/u_pixel_in_buffer/write_data_reg[23]/CLK
        Sink  : P ( pin)  {564.852, 58.281} u_datapath/u_pixel_in_buffer/write_data_reg[7]/CLK
        Sink  : P ( pin)  {564.700, 61.383} u_datapath/u_pixel_in_buffer/write_data_reg[15]/CLK
        Sink  : P ( pin)  {564.852, 54.695} u_datapath/u_pixel_in_buffer/write_data_reg[22]/CLK
        Sink  : P ( pin)  {562.876, 51.351} u_datapath/u_pixel_in_buffer/write_data_reg[6]/CLK
        Sink  : P ( pin)  {562.724, 48.249} u_datapath/u_pixel_in_buffer/write_data_reg[1]/CLK
        Sink  : P ( pin)  {557.708, 44.905} u_datapath/u_pixel_in_buffer/write_data_reg[2]/CLK
        Sink  : P ( pin)  {558.316, 38.217} u_datapath/u_pixel_in_buffer/write_data_reg[21]/CLK
        Sink  : P ( pin)  {562.724, 37.975} u_datapath/u_pixel_in_buffer/write_data_reg[20]/CLK
        Sink  : P ( pin)  {558.012, 41.561} u_datapath/u_pixel_in_buffer/write_data_reg[4]/CLK
        Sink  : P ( pin)  {557.252, 48.249} u_datapath/u_pixel_in_buffer/write_data_reg[0]/CLK
        Sink  : P ( pin)  {554.364, 51.593} u_datapath/rgb_data_in2_reg[22]/CLK
        Sink  : P ( pin)  {554.364, 54.937} u_datapath/rgb_data_in2_reg[23]/CLK
        Sink  : P ( pin)  {554.364, 54.695} u_datapath/rgb_data_in2_reg[3]/CLK
        Sink  : P ( pin)  {554.364, 48.249} u_datapath/rgb_data_in2_reg[1]/CLK
        Sink  : P ( pin)  {682.652, 332.247} u_video_in_mux/YCrCb_out_reg[1]/CLK
        Sink  : P ( pin)  {680.372, 332.489} u_video_in_mux/YCrCb_out_reg[0]/CLK
        Sink  : P ( pin)  {677.940, 335.833} u_YCrCb2RGB/Cb_reg2_reg[1]/CLK
        Sink  : P ( pin)  {675.812, 332.489} u_YCrCb2RGB/Cb_reg2_reg[2]/CLK
        Sink  : P ( pin)  {671.055, 329.196} u_YCrCb2RGB/A_int_reg[10]/CLK
        Sink  : P ( pin)  {669.884, 325.559} u_YCrCb2RGB/Cb_reg2_reg[9]/CLK
        Sink  : P ( pin)  {668.972, 328.903} u_YCrCb2RGB/Cb_reg2_reg[0]/CLK
        Sink  : P ( pin)  {670.036, 332.489} u_video_in_mux/YCrCb_out_reg[9]/CLK
        Sink  : P ( pin)  {685.844, 342.521} u_YCrCb2RGB/Cb_reg2_reg[3]/CLK
        Sink  : P ( pin)  {695.268, 345.623} u_video_in_mux/YCrCb_out_reg[6]/CLK
        Sink  : P ( pin)  {701.804, 352.553} u_video_in_mux/YCrCb_out_reg[8]/CLK
        Sink  : P ( pin)  {698.460, 348.967} u_video_in_mux/YCrCb_out_reg[7]/CLK
        Sink  : P ( pin)  {694.052, 342.279} u_video_in_mux/YCrCb_out_reg[3]/CLK
        Sink  : P ( pin)  {693.900, 342.521} u_video_in_mux/YCrCb_out_reg[5]/CLK
        Sink  : P ( pin)  {685.996, 349.209} u_YCrCb2RGB/Cb_reg2_reg[8]/CLK
        Sink  : P ( pin)  {685.236, 345.623} u_YCrCb2RGB/Cb_reg2_reg[5]/CLK
        Sink  : P ( pin)  {687.364, 339.177} u_YCrCb2RGB/Cb_reg2_reg[6]/CLK
        Sink  : P ( pin)  {690.708, 335.833} u_YCrCb2RGB/Cb_reg2_reg[7]/CLK
        Sink  : P ( pin)  {690.708, 332.247} u_video_in_mux/YCrCb_out_reg[2]/CLK
        Sink  : P ( pin)  {694.508, 332.247} u_YCrCb2RGB/Cb_reg1_reg[7]/CLK
        Sink  : P ( pin)  {693.596, 329.145} u_YCrCb2RGB/Cb_reg2_reg[4]/CLK
        Sink  : P ( pin)  {693.900, 339.177} u_video_in_mux/YCrCb_out_reg[4]/CLK
        Sink  : P ( pin)  {713.767, 472.644} u_YCrCb2RGB/B1_int_reg[11]/CLK
        Sink  : P ( pin)  {840.732, 469.593} u_YCrCb2RGB/Cb_reg1_reg[0]/CLK
        Sink  : P ( pin)  {838.255, 466.300} u_YCrCb2RGB/B1_int_reg[3]/CLK
        Sink  : P ( pin)  {843.468, 466.249} u_YCrCb2RGB/Cr_reg_reg[9]/CLK
        Sink  : P ( pin)  {833.847, 469.300} u_YCrCb2RGB/X_int_reg[6]/CLK
        Sink  : P ( pin)  {751.204, 469.351} u_YCrCb2RGB/Cb_reg1_reg[5]/CLK
        Sink  : P ( pin)  {670.036, 476.281} u_YCrCb2RGB/Cr_reg_reg[0]/CLK
        Sink  : P ( pin)  {669.383, 482.676} u_YCrCb2RGB/B1_int_reg[8]/CLK
        Sink  : P ( pin)  {669.732, 486.071} u_YCrCb2RGB/Cb_reg_reg[5]/CLK
        Sink  : P ( pin)  {737.783, 519.460} u_YCrCb2RGB/B2_int_reg[9]/CLK
        Sink  : P ( pin)  {737.783, 546.212} u_YCrCb2RGB/A_int_reg[4]/CLK
        Sink  : P ( pin)  {737.783, 556.244} u_YCrCb2RGB/X_int_reg[1]/CLK
        Sink  : P ( pin)  {737.783, 539.524} u_YCrCb2RGB/X_int_reg[4]/CLK
        Sink  : P ( pin)  {733.161, 626.468} u_YCrCb2RGB/B2_int_reg[4]/CLK
        Sink  : P ( pin)  {752.572, 646.583} u_YCrCb2RGB/Y_reg1_reg[0]/CLK
        Sink  : P ( pin)  {745.687, 646.532} u_YCrCb2RGB/B1_int_reg[0]/CLK
        Sink  : P ( pin)  {737.783, 649.876} u_YCrCb2RGB/B2_int_reg[1]/CLK
        Sink  : P ( pin)  {738.740, 683.367} u_YCrCb2RGB/Cr_reg_reg[4]/CLK
        Sink  : P ( pin)  {739.804, 686.711} u_YCrCb2RGB/Cb_reg_reg[3]/CLK
        Sink  : P ( pin)  {837.343, 703.724} u_YCrCb2RGB/C_int_reg[5]/CLK
        Sink  : P ( pin)  {837.084, 707.017} u_YCrCb2RGB/Cb_reg1_reg[1]/CLK
        Sink  : P ( pin)  {838.300, 713.705} u_YCrCb2RGB/Y_reg_reg[5]/CLK
        Sink  : P ( pin)  {837.343, 700.380} u_YCrCb2RGB/A_int_reg[16]/CLK
        Sink  : P ( pin)  {837.084, 696.985} u_YCrCb2RGB/hsync1_reg/CLK
        Sink  : P ( pin)  {740.457, 706.724} u_YCrCb2RGB/B1_int_reg[7]/CLK
        Sink  : P ( pin)  {739.804, 703.431} u_YCrCb2RGB/Y_reg1_reg[3]/CLK
        Sink  : P ( pin)  {737.783, 679.972} u_YCrCb2RGB/C_int_reg[9]/CLK
        Sink  : P ( pin)  {737.783, 669.940} u_YCrCb2RGB/B2_int_reg[15]/CLK
        Sink  : P ( pin)  {203.852, 532.887} u_YCrCb2RGB/Y_reg_reg[1]/CLK
        Sink  : P ( pin)  {201.831, 572.964} u_YCrCb2RGB/A_int_reg[9]/CLK
        Sink  : P ( pin)  {202.135, 569.620} u_YCrCb2RGB/B1_int_reg[15]/CLK
        Sink  : P ( pin)  {223.308, 676.921} u_YCrCb2RGB/Cb_reg_reg[8]/CLK
        Sink  : P ( pin)  {205.980, 676.921} u_YCrCb2RGB/Y_reg1_reg[8]/CLK
        Sink  : P ( pin)  {203.852, 676.679} u_YCrCb2RGB/Cr_reg_reg[2]/CLK
        Sink  : P ( pin)  {191.191, 676.972} u_YCrCb2RGB/X_int_reg[0]/CLK
        Sink  : P ( pin)  {173.452, 676.921} u_YCrCb2RGB/Y_reg_reg[8]/CLK
        Sink  : P ( pin)  {181.401, 676.972} u_YCrCb2RGB/B2_int_reg[0]/CLK
        Sink  : P ( pin)  {185.719, 676.972} u_YCrCb2RGB/B2_int_reg[5]/CLK
        Sink  : P ( pin)  {221.636, 676.679} u_YCrCb2RGB/Y_reg_reg[0]/CLK
        Sink  : P ( pin)  {235.772, 676.921} u_YCrCb2RGB/ce_out_reg/CLK
        Sink  : P ( pin)  {242.415, 676.972} u_YCrCb2RGB/A_int_reg[5]/CLK
        Sink  : P ( pin)  {269.409, 676.972} u_YCrCb2RGB/C_int_reg[10]/CLK
        Sink  : P ( pin)  {270.428, 315.769} u_YCrCb2RGB/Y_reg1_reg[9]/CLK
        Sink  : P ( pin)  {305.799, 312.476} u_YCrCb2RGB/B1_int_reg[10]/CLK
        Sink  : P ( pin)  {325.407, 302.100} u_YCrCb2RGB/B1_int_reg[4]/CLK
        Sink  : P ( pin)  {303.063, 255.284} u_YCrCb2RGB/C_int_reg[3]/CLK
        Sink  : P ( pin)  {229.951, 322.508} u_YCrCb2RGB/B2_int_reg[3]/CLK
        Sink  : P ( pin)  {234.207, 288.724} u_YCrCb2RGB/B2_int_reg[14]/CLK
        Sink  : P ( pin)  {233.385, 289.068} u_YCrCb2RGB/C_int_reg[8]/CLK
        Sink  : P ( pin)  {229.737, 282.036} u_YCrCb2RGB/B2_int_reg[7]/CLK
        Sink  : P ( pin)  {225.329, 265.660} u_YCrCb2RGB/B2_int_reg[8]/CLK
        Sink  : P ( pin)  {223.308, 262.023} u_YCrCb2RGB/Cb_reg_reg[2]/CLK
        Sink  : P ( pin)  {223.156, 255.577} u_YCrCb2RGB/Cb_reg1_reg[8]/CLK
        Sink  : P ( pin)  {223.308, 245.303} u_YCrCb2RGB/Cb_reg_reg[6]/CLK
        Sink  : P ( pin)  {223.308, 248.889} u_YCrCb2RGB/Y_reg_reg[2]/CLK
        Sink  : P ( pin)  {222.807, 252.284} u_YCrCb2RGB/B1_int_reg[6]/CLK
        Sink  : P ( pin)  {223.263, 241.908} u_YCrCb2RGB/A_int_reg[17]/CLK
        Sink  : P ( pin)  {225.177, 228.876} u_YCrCb2RGB/A_int_reg[11]/CLK
        Sink  : P ( pin)  {223.263, 225.532} u_YCrCb2RGB/B2_int_reg[6]/CLK
        Sink  : P ( pin)  {223.308, 235.271} u_YCrCb2RGB/Cr_reg_reg[5]/CLK
        Sink  : P ( pin)  {222.503, 232.220} u_YCrCb2RGB/B1_int_reg[1]/CLK
        Sink  : P ( pin)  {223.263, 238.564} u_YCrCb2RGB/A_int_reg[0]/CLK
        Sink  : P ( pin)  {229.737, 278.692} u_YCrCb2RGB/A_int_reg[3]/CLK
        Sink  : P ( pin)  {233.751, 282.036} u_YCrCb2RGB/B2_int_reg[2]/CLK
        Sink  : P ( pin)  {233.751, 318.820} u_YCrCb2RGB/B1_int_reg[2]/CLK
        Sink  : P ( pin)  {221.180, 385.751} u_YCrCb2RGB/Y_reg_reg[9]/CLK
        Sink  : P ( pin)  {209.735, 452.924} u_YCrCb2RGB/X_int_reg[3]/CLK
        Sink  : P ( pin)  {206.132, 462.663} u_YCrCb2RGB/Y_reg1_reg[7]/CLK
        Sink  : P ( pin)  {214.492, 452.631} u_YCrCb2RGB/Cb_reg1_reg[6]/CLK
        Sink  : P ( pin)  {213.124, 449.529} u_YCrCb2RGB/Cr_reg_reg[8]/CLK
        Sink  : P ( pin)  {214.188, 432.809} u_YCrCb2RGB/Y_reg1_reg[2]/CLK
        Sink  : P ( pin)  {227.716, 362.343} u_YCrCb2RGB/Cb_reg_reg[0]/CLK
Processing parameter set (max_tran 0.080000 max_cap 0.600000)
Using layer M5 for buffering distances
   10% ...Number of Drivers Sized: 0 [0.00%]

-------------------------------------------------------------
 Echelon 6 exception drc fixing
 Gate level 6 clock tree synthesis
 Driving pin = u_clk_gen/u_clock_gen/C385/ctmi_35/Y
 Design rule constraints:
     max transition = 0.080000
     max capacitance = 0.600000
 Number of Sinks = 0
 Number of Gates = 0
 Number of Loads = 0
Warning: Exception 'clock_source/master' is applied 1 times . (CTS-080)
 Added 25 Repeaters (B: 0 I: 25). Built 4 Repeater Levels for driver u_clk_gen/u_clock_gen/C385/ctmi_35/Y
 Phase delay: (max r/f: 0.000000/0.000000  min r/f: 0.000000/0.000000) : u_clk_gen/u_clock_gen/C385/ctmi_35/Y
Processing Echelon 7
Processing parameter set (max_tran 0.080000 max_cap 0.600000)
Using layer M5 for buffering distances
   10% ...Number of Drivers Sized: 0 [0.00%]

-------------------------------------------------------------
 Echelon 7 exception drc fixing
 Gate level 5 clock tree synthesis
 Driving pin = u_clk_gen/u_clock_gen/ctmi_147/Y
 Design rule constraints:
     max transition = 0.080000
     max capacitance = 0.600000
 Number of Sinks = 0
 Number of Gates = 0
 Number of Loads = 0
 Added 0 Repeaters (B: 0 I: 0). Built 0 Repeater Levels for driver u_clk_gen/u_clock_gen/ctmi_147/Y
 Phase delay: (max r/f: 0.000000/0.000000  min r/f: 0.000000/0.000000) : u_clk_gen/u_clock_gen/ctmi_147/Y
Processing Echelon 8
Processing Echelon 9
Processing parameter set (max_tran 0.080000 max_cap 0.600000)
Using layer M5 for buffering distances
Number of Drivers Sized: 0 [0.00%]

-------------------------------------------------------------
 Echelon 9 exception drc fixing
 Gate level 3 clock tree synthesis
 Driving pin = u_clk_gen/u_clock_gen/CTS_C380/ctmi_38_Y_vip63217/Y
 Design rule constraints:
     max transition = 0.080000
     max capacitance = 0.600000
 Number of Sinks = 0
 Number of Gates = 0
 Number of Loads = 0
 Added 0 Repeaters (B: 0 I: 0). Built 0 Repeater Levels for driver u_clk_gen/u_clock_gen/CTS_C380/ctmi_38_Y_vip63217/Y
 Phase delay: (max r/f: 0.000000/0.000000  min r/f: 0.000000/0.000000) : u_clk_gen/u_clock_gen/CTS_C380/ctmi_38_Y_vip63217/Y
Processing Echelon 10
Processing parameter set (max_tran 0.080000 max_cap 0.600000)
Using layer M5 for buffering distances
   10% ...Number of Drivers Sized: 0 [0.00%]

-------------------------------------------------------------
 Echelon 10 exception drc fixing
 Gate level 2 clock tree synthesis
 Driving pin = u_clk_gen/u_clock_gen/CTS_C380/ctmi_38_Y_vip63218/Y
 Design rule constraints:
     max transition = 0.080000
     max capacitance = 0.600000
 Number of Sinks = 0
 Number of Gates = 0
 Number of Loads = 0
 Added 0 Repeaters (B: 0 I: 0). Built 0 Repeater Levels for driver u_clk_gen/u_clock_gen/CTS_C380/ctmi_38_Y_vip63218/Y
 Phase delay: (max r/f: 0.000000/0.000000  min r/f: 0.000000/0.000000) : u_clk_gen/u_clock_gen/CTS_C380/ctmi_38_Y_vip63218/Y
Information: The run time for DRC fixing beyond exceptions is 0 hr : 0 min : 1.27 sec, cpu time is 0 hr : 0 min : 1.35 sec. (CTS-104)
There are 0 buffers and 880 inverters added (total area 3763.36) by Clock Tree Synthesis.
Information: 0 out of 1539 clock cells have been moved due to NDR or via ladder related legalization rules.
Info: Clock cell and register co-legalization is disabled since advanced legalizer is disabled.
==============================Displacement Report for clock sink==============================
Clock sink moved: 772 out of 13396, orientation changed without moving: 0
Clock sink displacement max = 11.400000 um, average = 0.135786 um
Clock sink with large displacement: 43 (Threshold: 5.016000 um)
Largest displacement cells:
Clock sink inst 'u_datapath/u_gamma_correction/ms_pos_mem_a_reg[17][0]' snapped from (706.44, 415.97) (R180) to (698.38, 419.31) (R180) displacement = 11.400000 um.
Clock sink inst 'u_datapath/u_gamma_correction/ms_pos_mem_a_reg[21][0]' snapped from (728.63, 389.22) (MX) to (722.40, 394.23) (MY) displacement = 11.248000 um.
Clock sink inst 'u_main_controller_top/u_main_controller/ewa_static_count_reg[1]' snapped from (357.45, 543.04) (MX) to (360.18, 536.35) (R180) displacement = 9.424000 um.
Clock sink inst 'u_datapath/u_gamma_correction/ms_pos_mem_a_reg[29][1]' snapped from (683.79, 404.26) (R0) to (683.79, 412.62) (MX) displacement = 8.360000 um.
Clock sink inst 'u_register_map_control/choice_E_reg[4]' snapped from (389.37, 497.90) (R0) to (389.37, 506.26) (MX) displacement = 8.360000 um.
Clock sink inst 'u_datapath/u_gamma_correction/ms_pos_mem_a_reg[21][3]' snapped from (720.27, 382.53) (R180) to (728.18, 382.53) (R180) displacement = 7.904000 um.
Clock sink inst 'u_flash_control/flash2control_dout_reg[2]' snapped from (385.87, 506.26) (R180) to (388.61, 511.27) (R0) displacement = 7.752000 um.
Clock sink inst 'u_datapath/u_gamma_correction/ms_pos_mem_b_reg[20][1]' snapped from (844.76, 347.42) (MY) to (848.86, 344.07) (R0) displacement = 7.448000 um.
Clock sink inst 'u_datapath/u_gamma_correction/u_video_synthesis/burst_count_reg[0]' snapped from (550.49, 327.35) (R0) to (546.38, 324.01) (MY) displacement = 7.448000 um.
Clock sink inst 'u_register_map_control/choice_N_reg[11]' snapped from (388.61, 347.42) (R0) to (383.14, 345.74) (R180) displacement = 7.144000 um.
==============================================================================================
Information: The run time for snapping registers is 0 hr : 0 min : 0.89 sec, cpu time is 0 hr : 0 min : 0.89 sec. (CTS-104)
INFO: wire-opt feature for router enabled
Cell Min-Routing-Layer = M2
Cell Max-Routing-Layer = M7
Turn off antenna since no rule is specified
Information: Option route.detail.force_end_on_preferred_grid will be ignored since none of the layers have preferred grid. (ZRT-703)
Warning: Cannot find a default contact code for layer CO. (ZRT-022)
Warning: Net pll2_clk_in has a frontside min_layer M1 that is outside the global min/max layer range M2 - M7. (ZRT-798)
Warning: Net u_datapath/clock_gate_net_180 has a frontside min_layer M1 that is outside the global min/max layer range M2 - M7. (ZRT-798)
Warning: Net comp_clk has a frontside min_layer M1 that is outside the global min/max layer range M2 - M7. (ZRT-798)
Warning: Net clk3_n has a frontside min_layer M1 that is outside the global min/max layer range M2 - M7. (ZRT-798)
Warning: Net u_datapath/u_output_fifo_control/CTS_ZCTSNET_0 has a frontside min_layer M1 that is outside the global min/max layer range M2 - M7. (ZRT-798)
Warning: Net u_clk_gen/u_clock_gen/pixel_clk_neg has a frontside min_layer M1 that is outside the global min/max layer range M2 - M7. (ZRT-798)
Warning: Net u_clk_gen/u_clock_gen/aps_rename_4450_ has a frontside min_layer M1 that is outside the global min/max layer range M2 - M7. (ZRT-798)
Warning: Net u_clk_gen/u_clock_gen/comp_clk_neg has a frontside min_layer M1 that is outside the global min/max layer range M2 - M7. (ZRT-798)
Warning: Net u_clk_gen/system_clk_int has a frontside min_layer M1 that is outside the global min/max layer range M2 - M7. (ZRT-798)
Warning: Net u_clk_gen/u_clock_gen/pll1_clk_neg has a frontside min_layer M1 that is outside the global min/max layer range M2 - M7. (ZRT-798)
Warning: Net u_clk_gen/u_clock_gen/pixel_comp_clk_neg has a frontside min_layer M1 that is outside the global min/max layer range M2 - M7. (ZRT-798)
Warning: Net u_clk_gen/system_clk_int_div2 has a frontside min_layer M1 that is outside the global min/max layer range M2 - M7. (ZRT-798)
Warning: Net u_clk_gen/u_clock_gen/pll2_clk_neg has a frontside min_layer M1 that is outside the global min/max layer range M2 - M7. (ZRT-798)
Warning: Net u_clk_gen/u_clock_gen/sdram_clk_neg has a frontside min_layer M1 that is outside the global min/max layer range M2 - M7. (ZRT-798)
Warning: Net u_clk_gen/u_clock_gen/panel_clk_neg has a frontside min_layer M1 that is outside the global min/max layer range M2 - M7. (ZRT-798)
Warning: Net u_clk_gen/u_clock_gen/panel_clk_div2_neg has a frontside min_layer M1 that is outside the global min/max layer range M2 - M7. (ZRT-798)
Warning: Net u_clk_gen/u_clock_gen/flash_clk_neg has a frontside min_layer M1 that is outside the global min/max layer range M2 - M7. (ZRT-798)
Warning: Net u_clk_gen/u_clock_gen/CTS_ZCTSNET_25 has a frontside min_layer M1 that is outside the global min/max layer range M2 - M7. (ZRT-798)
Warning: Net u_main_controller_top/u_main_controller/u_fifo_sync_d64x14_f116_line_mem/clock_gate_net_1 has a frontside min_layer M1 that is outside the global min/max layer range M2 - M7. (ZRT-798)
Warning: Net u_main_controller_top/u_main_controller/u_fifo_sync_d64x14_f116_line_mem/clock_gate_net_2 has a frontside min_layer M1 that is outside the global min/max layer range M2 - M7. (ZRT-798)
Warning: Net u_main_controller_top/u_main_controller/u_fifo_sync_d64x14_f116_line_mem/clock_gate_net_3 has a frontside min_layer M1 that is outside the global min/max layer range M2 - M7. (ZRT-798)
Warning: Net u_datapath/u_color_interleaver/clock_gate_net_276 has a frontside min_layer M1 that is outside the global min/max layer range M2 - M7. (ZRT-798)
Warning: Net u_datapath/u_gamma_flash_fifo_control/u_load_mem_fifo/CTS_ZCTSNET_4 has a frontside min_layer M1 that is outside the global min/max layer range M2 - M7. (ZRT-798)
Warning: Net u_datapath/u_gamma_flash_fifo_control/CTS_ZCTSNET_7 has a frontside min_layer M1 that is outside the global min/max layer range M2 - M7. (ZRT-798)
Warning: Net u_datapath/u_gamma_flash_fifo_control/u_load_mem_fifo/clock_gate_net_2 has a frontside min_layer M1 that is outside the global min/max layer range M2 - M7. (ZRT-798)
Warning: Net u_datapath/u_gamma_flash_fifo_control/CTS_ZCTSNET_8 has a frontside min_layer M1 that is outside the global min/max layer range M2 - M7. (ZRT-798)
Warning: Net u_clk_gen/u_clock_gen/CTS_ZCTSNET_27 has a frontside min_layer M1 that is outside the global min/max layer range M2 - M7. (ZRT-798)
Warning: Net u_datapath/u_gamma_correction/CTS_ZCTSNET_189 has a frontside min_layer M1 that is outside the global min/max layer range M2 - M7. (ZRT-798)
Warning: Net u_datapath/u_gamma_correction/CTS_ZCTSNET_178 has a frontside min_layer M1 that is outside the global min/max layer range M2 - M7. (ZRT-798)
Warning: Net u_datapath/u_gamma_correction/clock_gate_net_1366 has a frontside min_layer M1 that is outside the global min/max layer range M2 - M7. (ZRT-798)
Warning: Net u_datapath/u_gamma_correction/CTS_ZCTSNET_190 has a frontside min_layer M1 that is outside the global min/max layer range M2 - M7. (ZRT-798)
Warning: Net u_datapath/u_gamma_correction/CTS_ZCTSNET_188 has a frontside min_layer M1 that is outside the global min/max layer range M2 - M7. (ZRT-798)
Warning: Net u_datapath/u_gamma_correction/clock_gate_net_1367 has a frontside min_layer M1 that is outside the global min/max layer range M2 - M7. (ZRT-798)
Warning: Net u_datapath/u_gamma_correction/CTS_ZCTSNET_199 has a frontside min_layer M1 that is outside the global min/max layer range M2 - M7. (ZRT-798)
Warning: Net u_datapath/u_gamma_correction/CTS_ZCTSNET_176 has a frontside min_layer M1 that is outside the global min/max layer range M2 - M7. (ZRT-798)
Warning: Net u_datapath/u_gamma_correction/CTS_ZCTSNET_202 has a frontside min_layer M1 that is outside the global min/max layer range M2 - M7. (ZRT-798)
Warning: Net u_datapath/u_gamma_correction/CTS_ZCTSNET_203 has a frontside min_layer M1 that is outside the global min/max layer range M2 - M7. (ZRT-798)
Warning: Net u_datapath/u_gamma_correction/CTS_ZCTSNET_204 has a frontside min_layer M1 that is outside the global min/max layer range M2 - M7. (ZRT-798)
Warning: Net u_datapath/u_gamma_correction/CTS_ZCTSNET_175 has a frontside min_layer M1 that is outside the global min/max layer range M2 - M7. (ZRT-798)
Warning: Net u_datapath/u_gamma_correction/CTS_ZCTSNET_0 has a frontside min_layer M1 that is outside the global min/max layer range M2 - M7. (ZRT-798)
Warning: Net u_datapath/u_gamma_correction/clock_gate_net_1469 has a frontside min_layer M1 that is outside the global min/max layer range M2 - M7. (ZRT-798)
Warning: Net u_datapath/u_gamma_correction/CTS_ZCTSNET_205 has a frontside min_layer M1 that is outside the global min/max layer range M2 - M7. (ZRT-798)
Warning: Net u_datapath/u_gamma_correction/CTS_ZCTSNET_206 has a frontside min_layer M1 that is outside the global min/max layer range M2 - M7. (ZRT-798)
Warning: Net u_datapath/u_gamma_correction/CTS_ZCTSNET_207 has a frontside min_layer M1 that is outside the global min/max layer range M2 - M7. (ZRT-798)
Warning: Net u_datapath/u_gamma_correction/CTS_ZCTSNET_179 has a frontside min_layer M1 that is outside the global min/max layer range M2 - M7. (ZRT-798)
Warning: Net u_datapath/u_gamma_correction/CTS_ZCTSNET_180 has a frontside min_layer M1 that is outside the global min/max layer range M2 - M7. (ZRT-798)
Warning: Net u_datapath/u_gamma_correction/CTS_ZCTSNET_181 has a frontside min_layer M1 that is outside the global min/max layer range M2 - M7. (ZRT-798)
Warning: Net u_datapath/u_gamma_correction/CTS_ZCTSNET_182 has a frontside min_layer M1 that is outside the global min/max layer range M2 - M7. (ZRT-798)
Warning: Net u_datapath/u_gamma_correction/CTS_ZCTSNET_11 has a frontside min_layer M1 that is outside the global min/max layer range M2 - M7. (ZRT-798)
Warning: Net u_datapath/u_gamma_correction/CTS_ZCTSNET_183 has a frontside min_layer M1 that is outside the global min/max layer range M2 - M7. (ZRT-798)
Warning: Net u_datapath/u_gamma_correction/CTS_ZCTSNET_184 has a frontside min_layer M1 that is outside the global min/max layer range M2 - M7. (ZRT-798)
Warning: Net u_datapath/u_gamma_correction/CTS_ZCTSNET_185 has a frontside min_layer M1 that is outside the global min/max layer range M2 - M7. (ZRT-798)
Warning: Net u_datapath/u_gamma_correction/CTS_ZCTSNET_186 has a frontside min_layer M1 that is outside the global min/max layer range M2 - M7. (ZRT-798)
Warning: Net u_datapath/u_gamma_correction/CTS_ZCTSNET_187 has a frontside min_layer M1 that is outside the global min/max layer range M2 - M7. (ZRT-798)
Warning: Net u_datapath/u_gamma_correction/CTS_ZCTSNET_193 has a frontside min_layer M1 that is outside the global min/max layer range M2 - M7. (ZRT-798)
Warning: Net u_datapath/u_gamma_correction/CTS_ZCTSNET_194 has a frontside min_layer M1 that is outside the global min/max layer range M2 - M7. (ZRT-798)
Warning: Net u_datapath/u_gamma_correction/CTS_ZCTSNET_191 has a frontside min_layer M1 that is outside the global min/max layer range M2 - M7. (ZRT-798)
Warning: Net u_datapath/u_input_line_buffer_control/u_input_line_buffer_g/u_sr_d1kx16_f166_wrap1/clock_gate_net_46 has a frontside min_layer M1 that is outside the global min/max layer range M2 - M7. (ZRT-798)
Warning: Net u_datapath/u_gamma_correction/CTS_ZCTSNET_192 has a frontside min_layer M1 that is outside the global min/max layer range M2 - M7. (ZRT-798)
Warning: Net u_datapath/u_input_line_buffer_control/u_input_line_buffer_g/u_sr_d1kx16_f166_wrap1/CTS_ZCTSNET_0 has a frontside min_layer M1 that is outside the global min/max layer range M2 - M7. (ZRT-798)
Warning: Net u_datapath/u_gamma_correction/CTS_ZCTSNET_195 has a frontside min_layer M1 that is outside the global min/max layer range M2 - M7. (ZRT-798)
Warning: Net u_datapath/u_gamma_correction/u_sr_d1kx16_f166g_gamma_wrap/clock_gate_net_46 has a frontside min_layer M1 that is outside the global min/max layer range M2 - M7. (ZRT-798)
Warning: Net u_datapath/u_gamma_correction/CTS_ZCTSNET_196 has a frontside min_layer M1 that is outside the global min/max layer range M2 - M7. (ZRT-798)
Warning: Net u_datapath/u_gamma_correction/u_sr_d1kx16_f166g_gamma_wrap/CTS_ZCTSNET_0 has a frontside min_layer M1 that is outside the global min/max layer range M2 - M7. (ZRT-798)
Warning: Net u_datapath/u_gamma_correction/u_sr_d1kx16_f166c_compensation_table_0_wrap/clock_gate_net_46 has a frontside min_layer M1 that is outside the global min/max layer range M2 - M7. (ZRT-798)
Warning: Net u_datapath/u_gamma_correction/u_sr_d1kx16_f166c_compensation_table_2_wrap/clock_gate_net_46 has a frontside min_layer M1 that is outside the global min/max layer range M2 - M7. (ZRT-798)
Warning: Net u_datapath/u_gamma_correction/CTS_ZCTSNET_197 has a frontside min_layer M1 that is outside the global min/max layer range M2 - M7. (ZRT-798)
Warning: Net u_datapath/u_gamma_correction/u_sr_d1kx16_f166c_compensation_table_0_wrap/CTS_ZCTSNET_8 has a frontside min_layer M1 that is outside the global min/max layer range M2 - M7. (ZRT-798)
Warning: Net u_datapath/u_gamma_correction/u_sr_d1kx16_f166c_compensation_table_2_wrap/CTS_ZCTSNET_0 has a frontside min_layer M1 that is outside the global min/max layer range M2 - M7. (ZRT-798)
Warning: Net u_datapath/u_gamma_correction/u_sr_d1kx16_f166c_compensation_table_1_wrap/clock_gate_net_46 has a frontside min_layer M1 that is outside the global min/max layer range M2 - M7. (ZRT-798)
Warning: Net u_datapath/u_gamma_correction/u_sr_d1kx16_f166c_compensation_table_1_wrap/CTS_ZCTSNET_5 has a frontside min_layer M1 that is outside the global min/max layer range M2 - M7. (ZRT-798)
Warning: Net u_datapath/u_input_line_buffer_control/u_input_line_buffer_g/u_sr_d1kx16_f166_wrap0/clock_gate_net_46 has a frontside min_layer M1 that is outside the global min/max layer range M2 - M7. (ZRT-798)
Warning: Net u_datapath/u_input_line_buffer_control/u_input_line_buffer_g/u_sr_d1kx16_f166_wrap0/CTS_ZCTSNET_0 has a frontside min_layer M1 that is outside the global min/max layer range M2 - M7. (ZRT-798)
Warning: Net u_datapath/clock_gate_net_25 has a frontside min_layer M1 that is outside the global min/max layer range M2 - M7. (ZRT-798)
Warning: Net u_datapath/CTS_ZCTSNET_141 has a frontside min_layer M1 that is outside the global min/max layer range M2 - M7. (ZRT-798)
Warning: Net u_datapath/clock_gate_net_26 has a frontside min_layer M1 that is outside the global min/max layer range M2 - M7. (ZRT-798)
Warning: Net u_main_controller_top/u_main_controller/CTS_ZCTSNET_268 has a frontside min_layer M1 that is outside the global min/max layer range M2 - M7. (ZRT-798)
Warning: Net u_datapath/clock_gate_net_27 has a frontside min_layer M1 that is outside the global min/max layer range M2 - M7. (ZRT-798)
Warning: Net u_datapath/CTS_ZCTSNET_139 has a frontside min_layer M1 that is outside the global min/max layer range M2 - M7. (ZRT-798)
Warning: Net u_datapath/clock_gate_net_28 has a frontside min_layer M1 that is outside the global min/max layer range M2 - M7. (ZRT-798)
Warning: Net u_datapath/CTS_ZCTSNET_142 has a frontside min_layer M1 that is outside the global min/max layer range M2 - M7. (ZRT-798)
Warning: Net u_datapath/CTS_ZCTSNET_143 has a frontside min_layer M1 that is outside the global min/max layer range M2 - M7. (ZRT-798)
Warning: Net u_datapath/clock_gate_net_30 has a frontside min_layer M1 that is outside the global min/max layer range M2 - M7. (ZRT-798)
Warning: Net u_datapath/CTS_ZCTSNET_140 has a frontside min_layer M1 that is outside the global min/max layer range M2 - M7. (ZRT-798)
Warning: Net u_datapath/clock_gate_net_31 has a frontside min_layer M1 that is outside the global min/max layer range M2 - M7. (ZRT-798)
Warning: Net u_datapath/CTS_ZCTSNET_137 has a frontside min_layer M1 that is outside the global min/max layer range M2 - M7. (ZRT-798)
Warning: Net u_datapath/clock_gate_net_32 has a frontside min_layer M1 that is outside the global min/max layer range M2 - M7. (ZRT-798)
Warning: Net u_datapath/clock_gate_net_20 has a frontside min_layer M1 that is outside the global min/max layer range M2 - M7. (ZRT-798)
Warning: Net u_datapath/clock_gate_net_33 has a frontside min_layer M1 that is outside the global min/max layer range M2 - M7. (ZRT-798)
Warning: Net u_main_controller_top/u_main_controller/CTS_ZCTSNET_269 has a frontside min_layer M1 that is outside the global min/max layer range M2 - M7. (ZRT-798)
Warning: Net u_main_controller_top/u_main_controller/CTS_ZCTSNET_270 has a frontside min_layer M1 that is outside the global min/max layer range M2 - M7. (ZRT-798)
Warning: Net u_datapath/clock_gate_net_4411 has a frontside min_layer M1 that is outside the global min/max layer range M2 - M7. (ZRT-798)
Warning: Net u_datapath/clock_gate_net_3111 has a frontside min_layer M1 that is outside the global min/max layer range M2 - M7. (ZRT-798)
Warning: Net u_datapath/clock_gate_net_3116 has a frontside min_layer M1 that is outside the global min/max layer range M2 - M7. (ZRT-798)
Warning: Net u_datapath/clock_gate_net_3120 has a frontside min_layer M1 that is outside the global min/max layer range M2 - M7. (ZRT-798)
Warning: Net u_datapath/clock_gate_net_3126 has a frontside min_layer M1 that is outside the global min/max layer range M2 - M7. (ZRT-798)
Warning: Net CTS_ZCTSNET_219 has a frontside min_layer M1 that is outside the global min/max layer range M2 - M7. (ZRT-798)
Warning: Net u_datapath/clock_gate_net_4417 has a frontside min_layer M1 that is outside the global min/max layer range M2 - M7. (ZRT-798)
Warning: Net u_datapath/u_output_fifo_control/CTS_ZCTSNET_12 has a frontside min_layer M1 that is outside the global min/max layer range M2 - M7. (ZRT-798)
Warning: Net u_datapath/u_input_line_buffer_control/CTS_ZCTSNET_1 has a frontside min_layer M1 that is outside the global min/max layer range M2 - M7. (ZRT-798)
Warning: Net u_datapath/u_input_line_buffer_control/CTS_ZCTSNET_52 has a frontside min_layer M1 that is outside the global min/max layer range M2 - M7. (ZRT-798)
Warning: Net u_datapath/u_input_line_buffer_control/clock_gate_net_318 has a frontside min_layer M1 that is outside the global min/max layer range M2 - M7. (ZRT-798)
Warning: Net u_datapath/u_input_line_buffer_control/clock_gate_net_317 has a frontside min_layer M1 that is outside the global min/max layer range M2 - M7. (ZRT-798)
Warning: Net u_datapath/u_input_line_buffer_control/CTS_ZCTSNET_53 has a frontside min_layer M1 that is outside the global min/max layer range M2 - M7. (ZRT-798)
Warning: Net u_datapath/u_input_line_buffer_control/CTS_ZCTSNET_0 has a frontside min_layer M1 that is outside the global min/max layer range M2 - M7. (ZRT-798)
Warning: Net u_datapath/u_input_line_buffer_control/CTS_ZCTSNET_51 has a frontside min_layer M1 that is outside the global min/max layer range M2 - M7. (ZRT-798)
Warning: Net u_datapath/u_input_line_buffer_control/CTS_ZCTSNET_5 has a frontside min_layer M1 that is outside the global min/max layer range M2 - M7. (ZRT-798)
Warning: Net u_datapath/u_input_line_buffer_control/CTS_ZCTSNET_2 has a frontside min_layer M1 that is outside the global min/max layer range M2 - M7. (ZRT-798)
Warning: Net u_datapath/u_input_line_buffer_control/clock_gate_net_325 has a frontside min_layer M1 that is outside the global min/max layer range M2 - M7. (ZRT-798)
Warning: Net u_datapath/u_input_line_buffer_control/CTS_ZCTSNET_54 has a frontside min_layer M1 that is outside the global min/max layer range M2 - M7. (ZRT-798)
Warning: Net u_datapath/u_input_line_buffer_control/CTS_ZCTSNET_48 has a frontside min_layer M1 that is outside the global min/max layer range M2 - M7. (ZRT-798)
Warning: Net u_datapath/u_input_line_buffer_control/CTS_ZCTSNET_49 has a frontside min_layer M1 that is outside the global min/max layer range M2 - M7. (ZRT-798)
Warning: Net u_datapath/u_input_line_buffer_control/clock_gate_net_329 has a frontside min_layer M1 that is outside the global min/max layer range M2 - M7. (ZRT-798)
Warning: Net u_datapath/u_input_line_buffer_control/clock_gate_net_330 has a frontside min_layer M1 that is outside the global min/max layer range M2 - M7. (ZRT-798)
Warning: Net u_datapath/u_input_line_buffer_control/CTS_ZCTSNET_50 has a frontside min_layer M1 that is outside the global min/max layer range M2 - M7. (ZRT-798)
Warning: Net u_datapath/u_input_line_buffer_control/u_input_line_buffer_r/u_sr_d1kx16_f166_wrap0/clock_gate_net_46 has a frontside min_layer M1 that is outside the global min/max layer range M2 - M7. (ZRT-798)
Warning: Net u_datapath/u_input_line_buffer_control/u_input_line_buffer_r/u_sr_d1kx16_f166_wrap0/CTS_ZCTSNET_6 has a frontside min_layer M1 that is outside the global min/max layer range M2 - M7. (ZRT-798)
Warning: Net u_datapath/u_input_line_buffer_control/u_input_line_buffer_b/u_sr_d1kx16_f166_wrap1/clock_gate_net_46 has a frontside min_layer M1 that is outside the global min/max layer range M2 - M7. (ZRT-798)
Warning: Net u_datapath/u_input_line_buffer_control/u_input_line_buffer_b/u_sr_d1kx16_f166_wrap1/CTS_ZCTSNET_6 has a frontside min_layer M1 that is outside the global min/max layer range M2 - M7. (ZRT-798)
Warning: Net u_datapath/u_input_line_buffer_control/u_input_line_buffer_r/u_sr_d1kx16_f166_wrap1/CTS_ZCTSNET_6 has a frontside min_layer M1 that is outside the global min/max layer range M2 - M7. (ZRT-798)
Warning: Net u_datapath/u_input_line_buffer_control/u_input_line_buffer_r/u_sr_d1kx16_f166_wrap1/CTS_ZCTSNET_0 has a frontside min_layer M1 that is outside the global min/max layer range M2 - M7. (ZRT-798)
Warning: Net u_datapath/u_input_line_buffer_control/u_input_line_buffer_b/u_sr_d1kx16_f166_wrap0/CTS_ZCTSNET_0 has a frontside min_layer M1 that is outside the global min/max layer range M2 - M7. (ZRT-798)
Warning: Net u_main_controller_top/u_main_controller/CTS_ZCTSNET_271 has a frontside min_layer M1 that is outside the global min/max layer range M2 - M7. (ZRT-798)
Warning: Net u_datapath/u_input_line_buffer_control/u_input_line_buffer_b/u_sr_d1kx16_f166_wrap0/clock_gate_net_46 has a frontside min_layer M1 that is outside the global min/max layer range M2 - M7. (ZRT-798)
Warning: Net u_main_controller_top/u_main_controller/u_fifo_sync_d256x11_f116_ewa_mem/u_rf_d256x11_f116_wrap/clock_gate_net_45 has a frontside min_layer M1 that is outside the global min/max layer range M2 - M7. (ZRT-798)
Warning: Net u_main_controller_top/u_main_controller/u_address_fifo/u_rf_d256x17_f166_wrap/clock_gate_net_39 has a frontside min_layer M1 that is outside the global min/max layer range M2 - M7. (ZRT-798)
Warning: Net u_main_controller_top/u_main_controller/u_address_fifo/u_rf_d256x17_f166_wrap/CTS_ZCTSNET_0 has a frontside min_layer M1 that is outside the global min/max layer range M2 - M7. (ZRT-798)
Warning: Net u_main_controller_top/u_main_controller/u_fifo_sync_d256x11_f116_ewa_mem/u_rf_d256x11_f116_wrap/CTS_ZCTSNET_0 has a frontside min_layer M1 that is outside the global min/max layer range M2 - M7. (ZRT-798)
Warning: Net u_datapath/u_gamma_flash_fifo_control/u_load_mem_fifo/clock_gate_net_4 has a frontside min_layer M1 that is outside the global min/max layer range M2 - M7. (ZRT-798)
Warning: Net u_clk_gen/CTS_ZCTSNET_8 has a frontside min_layer M1 that is outside the global min/max layer range M2 - M7. (ZRT-798)
Warning: Net u_datapath/u_output_fifo_control/u_output_fifo_0/CTS_ZCTSNET_0 has a frontside min_layer M1 that is outside the global min/max layer range M2 - M7. (ZRT-798)
Warning: Net u_datapath/u_output_fifo_control/u_output_fifo_0/CTS_ZCTSNET_8 has a frontside min_layer M1 that is outside the global min/max layer range M2 - M7. (ZRT-798)
Warning: Net u_clk_gen/u_pll_mux/sys_clk_neg has a frontside min_layer M1 that is outside the global min/max layer range M2 - M7. (ZRT-798)
Warning: Net u_datapath/u_output_fifo_control/u_output_fifo_0/CTS_ZCTSNET_9 has a frontside min_layer M1 that is outside the global min/max layer range M2 - M7. (ZRT-798)
Warning: Net u_clk_gen/u_pll_mux/pll1_out_neg has a frontside min_layer M1 that is outside the global min/max layer range M2 - M7. (ZRT-798)
Warning: Net u_clk_gen/u_pll_mux/pll2_out_neg has a frontside min_layer M1 that is outside the global min/max layer range M2 - M7. (ZRT-798)
Warning: Net u_datapath/u_output_fifo_control/u_output_fifo_1/CTS_ZCTSNET_8 has a frontside min_layer M1 that is outside the global min/max layer range M2 - M7. (ZRT-798)
Warning: Net u_datapath/u_output_fifo_control/u_output_fifo_1/CTS_ZCTSNET_9 has a frontside min_layer M1 that is outside the global min/max layer range M2 - M7. (ZRT-798)
Warning: Net u_main_controller_top/u_main_controller/u_fifo_sync_d256x11_f116_ewa_mem/CTS_ZCTSNET_6 has a frontside min_layer M1 that is outside the global min/max layer range M2 - M7. (ZRT-798)
Warning: Net u_datapath/u_output_fifo_control/u_output_fifo_1/CTS_ZCTSNET_10 has a frontside min_layer M1 that is outside the global min/max layer range M2 - M7. (ZRT-798)
Warning: Net u_main_controller_top/u_main_controller/u_fifo_sync_d16x50_f116_ptr_ud_fifo/clock_gate_net_1 has a frontside min_layer M1 that is outside the global min/max layer range M2 - M7. (ZRT-798)
Warning: Net u_datapath/u_gamma_flash_fifo_control/clock_gate_net_4 has a frontside min_layer M1 that is outside the global min/max layer range M2 - M7. (ZRT-798)
Warning: Net u_main_controller_top/u_main_controller/u_fifo_sync_d16x50_f116_ptr_ud_fifo/clock_gate_net_2 has a frontside min_layer M1 that is outside the global min/max layer range M2 - M7. (ZRT-798)
Warning: Net u_main_controller_top/u_main_controller/u_fifo_sync_d16x50_f116_ptr_ud_fifo/clock_gate_net_3 has a frontside min_layer M1 that is outside the global min/max layer range M2 - M7. (ZRT-798)
Warning: Net u_datapath/u_output_fifo_control/u_output_fifo_0/u_sr_d1kx32_f233_wrap/clock_gate_net_46 has a frontside min_layer M1 that is outside the global min/max layer range M2 - M7. (ZRT-798)
Warning: Net u_datapath/u_output_fifo_control/u_output_fifo_1/u_sr_d1kx32_f233_wrap/clock_gate_net_46 has a frontside min_layer M1 that is outside the global min/max layer range M2 - M7. (ZRT-798)
Warning: Net u_datapath/u_output_fifo_control/u_output_fifo_0/u_sr_d1kx32_f233_wrap/CTS_ZCTSNET_0 has a frontside min_layer M1 that is outside the global min/max layer range M2 - M7. (ZRT-798)
Warning: Net u_datapath/u_output_fifo_control/u_output_fifo_1/u_sr_d1kx32_f233_wrap/CTS_ZCTSNET_0 has a frontside min_layer M1 that is outside the global min/max layer range M2 - M7. (ZRT-798)
Warning: Net u_main_controller_top/u_main_controller/u_fifo_sync_d64x29_f116_ctrl_fifo/clock_gate_net_1 has a frontside min_layer M1 that is outside the global min/max layer range M2 - M7. (ZRT-798)
Warning: Net u_main_controller_top/u_main_controller/u_fifo_sync_d64x29_f116_ctrl_fifo/clock_gate_net_2 has a frontside min_layer M1 that is outside the global min/max layer range M2 - M7. (ZRT-798)
Warning: Net u_main_controller_top/u_main_controller/u_fifo_sync_d64x29_f116_ctrl_fifo/clock_gate_net_3 has a frontside min_layer M1 that is outside the global min/max layer range M2 - M7. (ZRT-798)
Warning: Net u_main_controller_top/u_main_controller/u_address_fifo/CTS_ZCTSNET_8 has a frontside min_layer M1 that is outside the global min/max layer range M2 - M7. (ZRT-798)
Warning: Net u_main_controller_top/u_main_controller/u_fifo_sync_d256x11_f116_ewa_mem/CTS_ZCTSNET_7 has a frontside min_layer M1 that is outside the global min/max layer range M2 - M7. (ZRT-798)
Warning: Net u_main_controller_top/u_main_controller/u_address_fifo/CTS_ZCTSNET_0 has a frontside min_layer M1 that is outside the global min/max layer range M2 - M7. (ZRT-798)
Warning: Net u_main_controller_top/u_main_controller/u_address_fifo/CTS_ZCTSNET_1 has a frontside min_layer M1 that is outside the global min/max layer range M2 - M7. (ZRT-798)
Warning: Net u_main_controller_top/u_main_controller/u_fifo_sync_d256x11_f116_ewa_mem/CTS_ZCTSNET_1 has a frontside min_layer M1 that is outside the global min/max layer range M2 - M7. (ZRT-798)
Warning: Net u_main_controller_top/u_main_controller/CTS_ZCTSNET_272 has a frontside min_layer M1 that is outside the global min/max layer range M2 - M7. (ZRT-798)
Warning: Net u_main_controller_top/u_main_controller/CTS_ZCTSNET_320 has a frontside min_layer M1 that is outside the global min/max layer range M2 - M7. (ZRT-798)
Warning: Net u_main_controller_top/u_main_controller/CTS_ZCTSNET_328 has a frontside min_layer M1 that is outside the global min/max layer range M2 - M7. (ZRT-798)
Warning: Net u_main_controller_top/u_main_controller/CTS_ZCTSNET_317 has a frontside min_layer M1 that is outside the global min/max layer range M2 - M7. (ZRT-798)
Warning: Net u_main_controller_top/u_main_controller/CTS_ZCTSNET_273 has a frontside min_layer M1 that is outside the global min/max layer range M2 - M7. (ZRT-798)
Warning: Net u_main_controller_top/u_main_controller/CTS_ZCTSNET_330 has a frontside min_layer M1 that is outside the global min/max layer range M2 - M7. (ZRT-798)
Warning: Net u_main_controller_top/u_main_controller/CTS_ZCTSNET_290 has a frontside min_layer M1 that is outside the global min/max layer range M2 - M7. (ZRT-798)
Warning: Net u_main_controller_top/u_main_controller/CTS_ZCTSNET_333 has a frontside min_layer M1 that is outside the global min/max layer range M2 - M7. (ZRT-798)
Warning: Net u_main_controller_top/u_main_controller/CTS_ZCTSNET_10 has a frontside min_layer M1 that is outside the global min/max layer range M2 - M7. (ZRT-798)
Warning: Net u_main_controller_top/u_main_controller/clock_gate_net_3727 has a frontside min_layer M1 that is outside the global min/max layer range M2 - M7. (ZRT-798)
Warning: Net u_main_controller_top/u_main_controller/CTS_ZCTSNET_327 has a frontside min_layer M1 that is outside the global min/max layer range M2 - M7. (ZRT-798)
Warning: Net u_main_controller_top/u_main_controller/clock_gate_net_3672 has a frontside min_layer M1 that is outside the global min/max layer range M2 - M7. (ZRT-798)
Warning: Net u_main_controller_top/u_main_controller/CTS_ZCTSNET_55 has a frontside min_layer M1 that is outside the global min/max layer range M2 - M7. (ZRT-798)
Warning: Net u_main_controller_top/u_main_controller/CTS_ZCTSNET_275 has a frontside min_layer M1 that is outside the global min/max layer range M2 - M7. (ZRT-798)
Warning: Net u_main_controller_top/u_main_controller/CTS_ZCTSNET_32 has a frontside min_layer M1 that is outside the global min/max layer range M2 - M7. (ZRT-798)
Warning: Net u_main_controller_top/u_main_controller/CTS_ZCTSNET_274 has a frontside min_layer M1 that is outside the global min/max layer range M2 - M7. (ZRT-798)
Warning: Net u_main_controller_top/u_main_controller/CTS_ZCTSNET_323 has a frontside min_layer M1 that is outside the global min/max layer range M2 - M7. (ZRT-798)
Warning: Net u_main_controller_top/u_main_controller/CTS_ZCTSNET_313 has a frontside min_layer M1 that is outside the global min/max layer range M2 - M7. (ZRT-798)
Warning: Net u_main_controller_top/u_main_controller/CTS_ZCTSNET_315 has a frontside min_layer M1 that is outside the global min/max layer range M2 - M7. (ZRT-798)
Warning: Net u_main_controller_top/u_main_controller/CTS_ZCTSNET_316 has a frontside min_layer M1 that is outside the global min/max layer range M2 - M7. (ZRT-798)
Warning: Net u_main_controller_top/u_main_controller/CTS_ZCTSNET_281 has a frontside min_layer M1 that is outside the global min/max layer range M2 - M7. (ZRT-798)
Warning: Net u_main_controller_top/u_main_controller/clock_gate_net_3675 has a frontside min_layer M1 that is outside the global min/max layer range M2 - M7. (ZRT-798)
Warning: Net u_main_controller_top/u_main_controller/CTS_ZCTSNET_60 has a frontside min_layer M1 that is outside the global min/max layer range M2 - M7. (ZRT-798)
Warning: Net u_main_controller_top/u_main_controller/CTS_ZCTSNET_312 has a frontside min_layer M1 that is outside the global min/max layer range M2 - M7. (ZRT-798)
Warning: Net u_main_controller_top/u_main_controller/clock_gate_net_3676 has a frontside min_layer M1 that is outside the global min/max layer range M2 - M7. (ZRT-798)
Warning: Net u_main_controller_top/u_main_controller/CTS_ZCTSNET_61 has a frontside min_layer M1 that is outside the global min/max layer range M2 - M7. (ZRT-798)
Warning: Net u_main_controller_top/u_main_controller/CTS_ZCTSNET_282 has a frontside min_layer M1 that is outside the global min/max layer range M2 - M7. (ZRT-798)
Warning: Net u_main_controller_top/u_main_controller/CTS_ZCTSNET_335 has a frontside min_layer M1 that is outside the global min/max layer range M2 - M7. (ZRT-798)
Warning: Net u_main_controller_top/u_main_controller/CTS_ZCTSNET_284 has a frontside min_layer M1 that is outside the global min/max layer range M2 - M7. (ZRT-798)
Warning: Net u_main_controller_top/u_main_controller/CTS_ZCTSNET_33 has a frontside min_layer M1 that is outside the global min/max layer range M2 - M7. (ZRT-798)
Warning: Net u_main_controller_top/u_main_controller/CTS_ZCTSNET_329 has a frontside min_layer M1 that is outside the global min/max layer range M2 - M7. (ZRT-798)
Warning: Net u_main_controller_top/u_main_controller/clock_gate_net_3760 has a frontside min_layer M1 that is outside the global min/max layer range M2 - M7. (ZRT-798)
Warning: Net u_main_controller_top/u_main_controller/CTS_ZCTSNET_34 has a frontside min_layer M1 that is outside the global min/max layer range M2 - M7. (ZRT-798)
Warning: Net u_main_controller_top/u_main_controller/clock_gate_net_3761 has a frontside min_layer M1 that is outside the global min/max layer range M2 - M7. (ZRT-798)
Warning: Net u_main_controller_top/u_main_controller/CTS_ZCTSNET_285 has a frontside min_layer M1 that is outside the global min/max layer range M2 - M7. (ZRT-798)
Warning: Net u_main_controller_top/u_main_controller/CTS_ZCTSNET_1 has a frontside min_layer M1 that is outside the global min/max layer range M2 - M7. (ZRT-798)
Warning: Net u_main_controller_top/u_main_controller/CTS_ZCTSNET_286 has a frontside min_layer M1 that is outside the global min/max layer range M2 - M7. (ZRT-798)
Warning: Net u_main_controller_top/u_main_controller/clock_gate_net_3763 has a frontside min_layer M1 that is outside the global min/max layer range M2 - M7. (ZRT-798)
Warning: Net u_main_controller_top/u_main_controller/CTS_ZCTSNET_35 has a frontside min_layer M1 that is outside the global min/max layer range M2 - M7. (ZRT-798)
Warning: Net u_main_controller_top/u_main_controller/CTS_ZCTSNET_332 has a frontside min_layer M1 that is outside the global min/max layer range M2 - M7. (ZRT-798)
Warning: Net u_main_controller_top/u_main_controller/CTS_ZCTSNET_276 has a frontside min_layer M1 that is outside the global min/max layer range M2 - M7. (ZRT-798)
Warning: Net u_main_controller_top/u_main_controller/CTS_ZCTSNET_292 has a frontside min_layer M1 that is outside the global min/max layer range M2 - M7. (ZRT-798)
Warning: Net u_main_controller_top/u_main_controller/clock_gate_net_3764 has a frontside min_layer M1 that is outside the global min/max layer range M2 - M7. (ZRT-798)
Warning: Net u_main_controller_top/u_main_controller/CTS_ZCTSNET_288 has a frontside min_layer M1 that is outside the global min/max layer range M2 - M7. (ZRT-798)
Warning: Net u_main_controller_top/u_main_controller/CTS_ZCTSNET_293 has a frontside min_layer M1 that is outside the global min/max layer range M2 - M7. (ZRT-798)
Warning: Net u_main_controller_top/u_main_controller/CTS_ZCTSNET_318 has a frontside min_layer M1 that is outside the global min/max layer range M2 - M7. (ZRT-798)
Warning: Net u_main_controller_top/u_main_controller/CTS_ZCTSNET_294 has a frontside min_layer M1 that is outside the global min/max layer range M2 - M7. (ZRT-798)
Warning: Net u_main_controller_top/u_main_controller/clock_gate_net_3765 has a frontside min_layer M1 that is outside the global min/max layer range M2 - M7. (ZRT-798)
Warning: Net u_main_controller_top/u_main_controller/CTS_ZCTSNET_289 has a frontside min_layer M1 that is outside the global min/max layer range M2 - M7. (ZRT-798)
Warning: Net u_main_controller_top/u_main_controller/CTS_ZCTSNET_296 has a frontside min_layer M1 that is outside the global min/max layer range M2 - M7. (ZRT-798)
Warning: Net u_main_controller_top/u_main_controller/CTS_ZCTSNET_2 has a frontside min_layer M1 that is outside the global min/max layer range M2 - M7. (ZRT-798)
Warning: Net u_main_controller_top/u_main_controller/CTS_ZCTSNET_277 has a frontside min_layer M1 that is outside the global min/max layer range M2 - M7. (ZRT-798)
Warning: Net u_main_controller_top/u_main_controller/CTS_ZCTSNET_297 has a frontside min_layer M1 that is outside the global min/max layer range M2 - M7. (ZRT-798)
Warning: Net u_main_controller_top/u_main_controller/clock_gate_net_3776 has a frontside min_layer M1 that is outside the global min/max layer range M2 - M7. (ZRT-798)
Warning: Net u_main_controller_top/u_main_controller/CTS_ZCTSNET_3 has a frontside min_layer M1 that is outside the global min/max layer range M2 - M7. (ZRT-798)
Warning: Net u_main_controller_top/u_main_controller/CTS_ZCTSNET_298 has a frontside min_layer M1 that is outside the global min/max layer range M2 - M7. (ZRT-798)
Warning: Net u_main_controller_top/u_main_controller/CTS_ZCTSNET_324 has a frontside min_layer M1 that is outside the global min/max layer range M2 - M7. (ZRT-798)
Warning: Net u_main_controller_top/u_main_controller/clock_gate_net_3768 has a frontside min_layer M1 that is outside the global min/max layer range M2 - M7. (ZRT-798)
Warning: Net u_main_controller_top/u_main_controller/CTS_ZCTSNET_299 has a frontside min_layer M1 that is outside the global min/max layer range M2 - M7. (ZRT-798)
Warning: Net u_main_controller_top/u_main_controller/CTS_ZCTSNET_278 has a frontside min_layer M1 that is outside the global min/max layer range M2 - M7. (ZRT-798)
Warning: Net u_main_controller_top/u_main_controller/clock_gate_net_3769 has a frontside min_layer M1 that is outside the global min/max layer range M2 - M7. (ZRT-798)
Warning: Net u_main_controller_top/u_main_controller/CTS_ZCTSNET_279 has a frontside min_layer M1 that is outside the global min/max layer range M2 - M7. (ZRT-798)
Warning: Net u_main_controller_top/u_main_controller/CTS_ZCTSNET_300 has a frontside min_layer M1 that is outside the global min/max layer range M2 - M7. (ZRT-798)
Warning: Net u_main_controller_top/u_main_controller/CTS_ZCTSNET_4 has a frontside min_layer M1 that is outside the global min/max layer range M2 - M7. (ZRT-798)
Warning: Net u_main_controller_top/u_main_controller/CTS_ZCTSNET_325 has a frontside min_layer M1 that is outside the global min/max layer range M2 - M7. (ZRT-798)
Warning: Net u_main_controller_top/u_main_controller/CTS_ZCTSNET_301 has a frontside min_layer M1 that is outside the global min/max layer range M2 - M7. (ZRT-798)
Warning: Net u_main_controller_top/u_main_controller/CTS_ZCTSNET_305 has a frontside min_layer M1 that is outside the global min/max layer range M2 - M7. (ZRT-798)
Warning: Net u_main_controller_top/u_main_controller/CTS_ZCTSNET_302 has a frontside min_layer M1 that is outside the global min/max layer range M2 - M7. (ZRT-798)
Warning: Net u_main_controller_top/u_main_controller/CTS_ZCTSNET_6 has a frontside min_layer M1 that is outside the global min/max layer range M2 - M7. (ZRT-798)
Warning: Net u_main_controller_top/u_main_controller/CTS_ZCTSNET_304 has a frontside min_layer M1 that is outside the global min/max layer range M2 - M7. (ZRT-798)
Warning: Net u_main_controller_top/u_main_controller/CTS_ZCTSNET_280 has a frontside min_layer M1 that is outside the global min/max layer range M2 - M7. (ZRT-798)
Warning: Net u_main_controller_top/u_main_controller/CTS_ZCTSNET_306 has a frontside min_layer M1 that is outside the global min/max layer range M2 - M7. (ZRT-798)
Warning: Net u_main_controller_top/u_main_controller/CTS_ZCTSNET_331 has a frontside min_layer M1 that is outside the global min/max layer range M2 - M7. (ZRT-798)
Warning: Net u_main_controller_top/u_main_controller/CTS_ZCTSNET_295 has a frontside min_layer M1 that is outside the global min/max layer range M2 - M7. (ZRT-798)
Warning: Net u_main_controller_top/u_main_controller/CTS_ZCTSNET_283 has a frontside min_layer M1 that is outside the global min/max layer range M2 - M7. (ZRT-798)
Warning: Net u_main_controller_top/u_main_controller/clock_gate_net_3774 has a frontside min_layer M1 that is outside the global min/max layer range M2 - M7. (ZRT-798)
Warning: Net u_main_controller_top/u_main_controller/CTS_ZCTSNET_334 has a frontside min_layer M1 that is outside the global min/max layer range M2 - M7. (ZRT-798)
Warning: Net u_main_controller_top/u_main_controller/CTS_ZCTSNET_307 has a frontside min_layer M1 that is outside the global min/max layer range M2 - M7. (ZRT-798)
Warning: Net u_main_controller_top/u_main_controller/CTS_ZCTSNET_310 has a frontside min_layer M1 that is outside the global min/max layer range M2 - M7. (ZRT-798)
Warning: Net u_main_controller_top/u_main_controller/CTS_ZCTSNET_287 has a frontside min_layer M1 that is outside the global min/max layer range M2 - M7. (ZRT-798)
Warning: Net u_main_controller_top/u_main_controller/clock_gate_net_3790 has a frontside min_layer M1 that is outside the global min/max layer range M2 - M7. (ZRT-798)
Warning: Net u_main_controller_top/u_main_controller/CTS_ZCTSNET_308 has a frontside min_layer M1 that is outside the global min/max layer range M2 - M7. (ZRT-798)
Warning: Net u_main_controller_top/u_main_controller/clock_gate_net_3817 has a frontside min_layer M1 that is outside the global min/max layer range M2 - M7. (ZRT-798)
Warning: Net u_main_controller_top/u_main_controller/CTS_ZCTSNET_309 has a frontside min_layer M1 that is outside the global min/max layer range M2 - M7. (ZRT-798)
Warning: Net u_main_controller_top/u_main_controller/u_sr_d512x72f116_MMS2_wrap/CTS_ZCTSNET_5 has a frontside min_layer M1 that is outside the global min/max layer range M2 - M7. (ZRT-798)
Warning: Net u_main_controller_top/u_main_controller/clock_gate_net_3791 has a frontside min_layer M1 that is outside the global min/max layer range M2 - M7. (ZRT-798)
Warning: Net u_main_controller_top/u_main_controller/CTS_ZCTSNET_311 has a frontside min_layer M1 that is outside the global min/max layer range M2 - M7. (ZRT-798)
Warning: Net CTS_ZCTSNET_221 has a frontside min_layer M1 that is outside the global min/max layer range M2 - M7. (ZRT-798)
Warning: Net u_main_controller_top/u_main_controller/clock_gate_net_3711 has a frontside min_layer M1 that is outside the global min/max layer range M2 - M7. (ZRT-798)
Warning: Net u_main_controller_top/u_main_controller/clock_gate_net_3752 has a frontside min_layer M1 that is outside the global min/max layer range M2 - M7. (ZRT-798)
Warning: Net u_main_controller_top/u_main_controller/clock_gate_net_3820 has a frontside min_layer M1 that is outside the global min/max layer range M2 - M7. (ZRT-798)
Warning: Net u_main_controller_top/u_main_controller/clock_gate_net_3792 has a frontside min_layer M1 that is outside the global min/max layer range M2 - M7. (ZRT-798)
Warning: Net u_main_controller_top/CTS_ZCTSNET_56 has a frontside min_layer M1 that is outside the global min/max layer range M2 - M7. (ZRT-798)
Warning: Net u_main_controller_top/u_main_controller/CTS_ZCTSNET_303 has a frontside min_layer M1 that is outside the global min/max layer range M2 - M7. (ZRT-798)
Warning: Net u_main_controller_top/u_main_controller/clock_gate_net_3712 has a frontside min_layer M1 that is outside the global min/max layer range M2 - M7. (ZRT-798)
Warning: Net u_main_controller_top/u_main_controller/CTS_ZCTSNET_322 has a frontside min_layer M1 that is outside the global min/max layer range M2 - M7. (ZRT-798)
Warning: Net u_main_controller_top/u_main_controller/clock_gate_net_3822 has a frontside min_layer M1 that is outside the global min/max layer range M2 - M7. (ZRT-798)
Warning: Net u_main_controller_top/u_main_controller/clock_gate_net_3793 has a frontside min_layer M1 that is outside the global min/max layer range M2 - M7. (ZRT-798)
Warning: Net u_main_controller_top/u_main_controller/CTS_ZCTSNET_321 has a frontside min_layer M1 that is outside the global min/max layer range M2 - M7. (ZRT-798)
Warning: Net u_main_controller_top/u_main_controller/CTS_ZCTSNET_29 has a frontside min_layer M1 that is outside the global min/max layer range M2 - M7. (ZRT-798)
Warning: Net u_main_controller_top/u_main_controller/clock_gate_net_3794 has a frontside min_layer M1 that is outside the global min/max layer range M2 - M7. (ZRT-798)
Warning: Net u_main_controller_top/u_main_controller/CTS_ZCTSNET_336 has a frontside min_layer M1 that is outside the global min/max layer range M2 - M7. (ZRT-798)
Warning: Net u_main_controller_top/u_main_controller/clock_gate_net_3824 has a frontside min_layer M1 that is outside the global min/max layer range M2 - M7. (ZRT-798)
Warning: Net u_main_controller_top/u_main_controller/clock_gate_net_3795 has a frontside min_layer M1 that is outside the global min/max layer range M2 - M7. (ZRT-798)
Warning: Net u_main_controller_top/u_main_controller/clock_gate_net_3825 has a frontside min_layer M1 that is outside the global min/max layer range M2 - M7. (ZRT-798)
Warning: Net u_main_controller_top/u_main_controller/clock_gate_net_3796 has a frontside min_layer M1 that is outside the global min/max layer range M2 - M7. (ZRT-798)
Warning: Net u_main_controller_top/u_main_controller/CTS_ZCTSNET_291 has a frontside min_layer M1 that is outside the global min/max layer range M2 - M7. (ZRT-798)
Warning: Net u_main_controller_top/CTS_ZCTSNET_57 has a frontside min_layer M1 that is outside the global min/max layer range M2 - M7. (ZRT-798)
Warning: Net u_main_controller_top/u_main_controller/clock_gate_net_3797 has a frontside min_layer M1 that is outside the global min/max layer range M2 - M7. (ZRT-798)
Warning: Net u_main_controller_top/u_main_controller/clock_gate_net_3827 has a frontside min_layer M1 that is outside the global min/max layer range M2 - M7. (ZRT-798)
Warning: Net u_main_controller_top/u_main_controller/CTS_ZCTSNET_54 has a frontside min_layer M1 that is outside the global min/max layer range M2 - M7. (ZRT-798)
Warning: Net u_main_controller_top/u_main_controller/clock_gate_net_3798 has a frontside min_layer M1 that is outside the global min/max layer range M2 - M7. (ZRT-798)
Warning: Net u_main_controller_top/CTS_ZCTSNET_58 has a frontside min_layer M1 that is outside the global min/max layer range M2 - M7. (ZRT-798)
Warning: Net u_main_controller_top/u_main_controller/clock_gate_net_3717 has a frontside min_layer M1 that is outside the global min/max layer range M2 - M7. (ZRT-798)
Warning: Net u_main_controller_top/u_main_controller/clock_gate_net_3799 has a frontside min_layer M1 that is outside the global min/max layer range M2 - M7. (ZRT-798)
Warning: Net u_main_controller_top/u_main_controller/CTS_ZCTSNET_319 has a frontside min_layer M1 that is outside the global min/max layer range M2 - M7. (ZRT-798)
Warning: Net u_main_controller_top/u_main_controller/clock_gate_net_3800 has a frontside min_layer M1 that is outside the global min/max layer range M2 - M7. (ZRT-798)
Warning: Net u_main_controller_top/u_main_controller/clock_gate_net_3719 has a frontside min_layer M1 that is outside the global min/max layer range M2 - M7. (ZRT-798)
Warning: Net u_main_controller_top/u_main_controller/clock_gate_net_3801 has a frontside min_layer M1 that is outside the global min/max layer range M2 - M7. (ZRT-798)
Warning: Net u_main_controller_top/u_main_controller/CTS_ZCTSNET_314 has a frontside min_layer M1 that is outside the global min/max layer range M2 - M7. (ZRT-798)
Warning: Net u_main_controller_top/u_main_controller/clock_gate_net_3802 has a frontside min_layer M1 that is outside the global min/max layer range M2 - M7. (ZRT-798)
Warning: Net u_main_controller_top/u_main_controller/CTS_ZCTSNET_30 has a frontside min_layer M1 that is outside the global min/max layer range M2 - M7. (ZRT-798)
Warning: Net u_main_controller_top/u_main_controller/clock_gate_net_3803 has a frontside min_layer M1 that is outside the global min/max layer range M2 - M7. (ZRT-798)
Warning: Net u_main_controller_top/u_main_controller/clock_gate_net_3804 has a frontside min_layer M1 that is outside the global min/max layer range M2 - M7. (ZRT-798)
Warning: Net u_main_controller_top/u_main_controller/clock_gate_net_3805 has a frontside min_layer M1 that is outside the global min/max layer range M2 - M7. (ZRT-798)
Warning: Net u_main_controller_top/u_main_controller/clock_gate_net_3806 has a frontside min_layer M1 that is outside the global min/max layer range M2 - M7. (ZRT-798)
Warning: Net CTS_ZCTSNET_220 has a frontside min_layer M1 that is outside the global min/max layer range M2 - M7. (ZRT-798)
Warning: Net u_main_controller_top/CTS_ZCTSNET_59 has a frontside min_layer M1 that is outside the global min/max layer range M2 - M7. (ZRT-798)
Warning: Net u_main_controller_top/u_main_controller/clock_gate_net_23446 has a frontside min_layer M1 that is outside the global min/max layer range M2 - M7. (ZRT-798)
Warning: Net u_datapath/u_gamma_correction/CTS_ZCTSNET_1 has a frontside min_layer M1 that is outside the global min/max layer range M2 - M7. (ZRT-798)
Warning: Net u_main_controller_top/u_main_controller/u_sr_d512x72f116_MMS1_wrap/CTS_ZCTSNET_0 has a frontside min_layer M1 that is outside the global min/max layer range M2 - M7. (ZRT-798)
Warning: Net u_datapath/u_gamma_correction/CTS_ZCTSNET_40 has a frontside min_layer M1 that is outside the global min/max layer range M2 - M7. (ZRT-798)
Warning: Net CTS_ZCTSNET_223 has a frontside min_layer M1 that is outside the global min/max layer range M2 - M7. (ZRT-798)
Warning: Net u_main_controller_top/u_main_controller/CTS_ZCTSNET_0 has a frontside min_layer M1 that is outside the global min/max layer range M2 - M7. (ZRT-798)
Warning: Net u_datapath/u_pixel_in_buffer/CTS_ZCTSNET_0 has a frontside min_layer M1 that is outside the global min/max layer range M2 - M7. (ZRT-798)
Warning: Net CTS_ZCTSNET_1 has a frontside min_layer M1 that is outside the global min/max layer range M2 - M7. (ZRT-798)
Warning: Net u_main_controller_top/u_main_controller/clock_gate_net_23452 has a frontside min_layer M1 that is outside the global min/max layer range M2 - M7. (ZRT-798)
Warning: Net u_datapath/u_gamma_correction/CTS_ZCTSNET_220 has a frontside min_layer M1 that is outside the global min/max layer range M2 - M7. (ZRT-798)
Warning: Net u_datapath/CTS_ZCTSNET_138 has a frontside min_layer M1 that is outside the global min/max layer range M2 - M7. (ZRT-798)
Warning: Net CTS_ZCTSNET_2 has a frontside min_layer M1 that is outside the global min/max layer range M2 - M7. (ZRT-798)
Warning: Net u_datapath/u_gamma_correction/CTS_ZCTSNET_177 has a frontside min_layer M1 that is outside the global min/max layer range M2 - M7. (ZRT-798)
Warning: Net CTS_ZCTSNET_3 has a frontside min_layer M1 that is outside the global min/max layer range M2 - M7. (ZRT-798)
Warning: Net u_datapath/u_gamma_correction/CTS_ZCTSNET_230 has a frontside min_layer M1 that is outside the global min/max layer range M2 - M7. (ZRT-798)
Warning: Net CTS_ZCTSNET_4 has a frontside min_layer M1 that is outside the global min/max layer range M2 - M7. (ZRT-798)
Warning: Net u_datapath/u_gamma_correction/CTS_ZCTSNET_198 has a frontside min_layer M1 that is outside the global min/max layer range M2 - M7. (ZRT-798)
Warning: Net u_datapath/u_gamma_correction/CTS_ZCTSNET_221 has a frontside min_layer M1 that is outside the global min/max layer range M2 - M7. (ZRT-798)
Warning: Net u_datapath/u_gamma_correction/CTS_ZCTSNET_231 has a frontside min_layer M1 that is outside the global min/max layer range M2 - M7. (ZRT-798)
Warning: Net u_datapath/u_gamma_correction/CTS_ZCTSNET_200 has a frontside min_layer M1 that is outside the global min/max layer range M2 - M7. (ZRT-798)
Warning: Net u_datapath/u_gamma_correction/CTS_ZCTSNET_232 has a frontside min_layer M1 that is outside the global min/max layer range M2 - M7. (ZRT-798)
Warning: Net CTS_ZCTSNET_222 has a frontside min_layer M1 that is outside the global min/max layer range M2 - M7. (ZRT-798)
Warning: Net u_datapath/u_gamma_correction/CTS_ZCTSNET_222 has a frontside min_layer M1 that is outside the global min/max layer range M2 - M7. (ZRT-798)
Warning: Net u_datapath/u_gamma_correction/CTS_ZCTSNET_233 has a frontside min_layer M1 that is outside the global min/max layer range M2 - M7. (ZRT-798)
Warning: Net u_datapath/u_gamma_correction/CTS_ZCTSNET_201 has a frontside min_layer M1 that is outside the global min/max layer range M2 - M7. (ZRT-798)
Warning: Net u_datapath/u_gamma_correction/CTS_ZCTSNET_44 has a frontside min_layer M1 that is outside the global min/max layer range M2 - M7. (ZRT-798)
Warning: Net u_datapath/u_gamma_correction/CTS_ZCTSNET_208 has a frontside min_layer M1 that is outside the global min/max layer range M2 - M7. (ZRT-798)
Warning: Net u_datapath/u_gamma_correction/CTS_ZCTSNET_223 has a frontside min_layer M1 that is outside the global min/max layer range M2 - M7. (ZRT-798)
Warning: Net u_datapath/u_gamma_correction/CTS_ZCTSNET_234 has a frontside min_layer M1 that is outside the global min/max layer range M2 - M7. (ZRT-798)
Warning: Net u_datapath/u_gamma_correction/CTS_ZCTSNET_224 has a frontside min_layer M1 that is outside the global min/max layer range M2 - M7. (ZRT-798)
Warning: Net u_datapath/u_gamma_correction/CTS_ZCTSNET_235 has a frontside min_layer M1 that is outside the global min/max layer range M2 - M7. (ZRT-798)
Warning: Net u_datapath/u_gamma_correction/CTS_ZCTSNET_225 has a frontside min_layer M1 that is outside the global min/max layer range M2 - M7. (ZRT-798)
Warning: Net u_main_controller_top/u_main_controller/u_sr_d512x72f116_MM0_wrap/CTS_ZCTSNET_0 has a frontside min_layer M1 that is outside the global min/max layer range M2 - M7. (ZRT-798)
Warning: Net u_datapath/u_gamma_correction/CTS_ZCTSNET_209 has a frontside min_layer M1 that is outside the global min/max layer range M2 - M7. (ZRT-798)
Warning: Net u_datapath/u_gamma_correction/CTS_ZCTSNET_236 has a frontside min_layer M1 that is outside the global min/max layer range M2 - M7. (ZRT-798)
Warning: Net u_datapath/u_gamma_correction/CTS_ZCTSNET_210 has a frontside min_layer M1 that is outside the global min/max layer range M2 - M7. (ZRT-798)
Warning: Net u_datapath/u_gamma_correction/CTS_ZCTSNET_48 has a frontside min_layer M1 that is outside the global min/max layer range M2 - M7. (ZRT-798)
Warning: Net u_datapath/u_gamma_correction/CTS_ZCTSNET_211 has a frontside min_layer M1 that is outside the global min/max layer range M2 - M7. (ZRT-798)
Warning: Net u_datapath/u_gamma_correction/CTS_ZCTSNET_49 has a frontside min_layer M1 that is outside the global min/max layer range M2 - M7. (ZRT-798)
Warning: Net u_main_controller_top/u_main_controller/u_sr_d512x72f116_MMS0_wrap/CTS_ZCTSNET_0 has a frontside min_layer M1 that is outside the global min/max layer range M2 - M7. (ZRT-798)
Warning: Net u_datapath/u_gamma_correction/CTS_ZCTSNET_226 has a frontside min_layer M1 that is outside the global min/max layer range M2 - M7. (ZRT-798)
Warning: Net u_datapath/u_gamma_correction/CTS_ZCTSNET_61 has a frontside min_layer M1 that is outside the global min/max layer range M2 - M7. (ZRT-798)
Warning: Net u_datapath/u_gamma_correction/CTS_ZCTSNET_212 has a frontside min_layer M1 that is outside the global min/max layer range M2 - M7. (ZRT-798)
Warning: Net u_datapath/u_gamma_correction/CTS_ZCTSNET_237 has a frontside min_layer M1 that is outside the global min/max layer range M2 - M7. (ZRT-798)
Warning: Net u_datapath/u_gamma_correction/CTS_ZCTSNET_86 has a frontside min_layer M1 that is outside the global min/max layer range M2 - M7. (ZRT-798)
Warning: Net u_datapath/u_gamma_correction/CTS_ZCTSNET_213 has a frontside min_layer M1 that is outside the global min/max layer range M2 - M7. (ZRT-798)
Warning: Net u_datapath/u_gamma_correction/CTS_ZCTSNET_253 has a frontside min_layer M1 that is outside the global min/max layer range M2 - M7. (ZRT-798)
Warning: Net u_datapath/u_gamma_correction/CTS_ZCTSNET_227 has a frontside min_layer M1 that is outside the global min/max layer range M2 - M7. (ZRT-798)
Warning: Net u_datapath/u_gamma_correction/CTS_ZCTSNET_214 has a frontside min_layer M1 that is outside the global min/max layer range M2 - M7. (ZRT-798)
Warning: Net u_datapath/u_gamma_correction/CTS_ZCTSNET_254 has a frontside min_layer M1 that is outside the global min/max layer range M2 - M7. (ZRT-798)
Warning: Net u_datapath/u_gamma_correction/CTS_ZCTSNET_238 has a frontside min_layer M1 that is outside the global min/max layer range M2 - M7. (ZRT-798)
Warning: Net u_datapath/u_gamma_correction/CTS_ZCTSNET_228 has a frontside min_layer M1 that is outside the global min/max layer range M2 - M7. (ZRT-798)
Warning: Net u_datapath/u_gamma_correction/CTS_ZCTSNET_215 has a frontside min_layer M1 that is outside the global min/max layer range M2 - M7. (ZRT-798)
Warning: Net u_datapath/u_gamma_correction/CTS_ZCTSNET_255 has a frontside min_layer M1 that is outside the global min/max layer range M2 - M7. (ZRT-798)
Warning: Net u_datapath/u_gamma_correction/CTS_ZCTSNET_64 has a frontside min_layer M1 that is outside the global min/max layer range M2 - M7. (ZRT-798)
Warning: Net u_datapath/u_gamma_correction/CTS_ZCTSNET_29 has a frontside min_layer M1 that is outside the global min/max layer range M2 - M7. (ZRT-798)
Warning: Net u_datapath/u_gamma_correction/CTS_ZCTSNET_229 has a frontside min_layer M1 that is outside the global min/max layer range M2 - M7. (ZRT-798)
Warning: Net u_datapath/u_gamma_correction/CTS_ZCTSNET_239 has a frontside min_layer M1 that is outside the global min/max layer range M2 - M7. (ZRT-798)
Warning: Net u_datapath/u_gamma_correction/CTS_ZCTSNET_98 has a frontside min_layer M1 that is outside the global min/max layer range M2 - M7. (ZRT-798)
Warning: Net u_datapath/u_gamma_correction/CTS_ZCTSNET_256 has a frontside min_layer M1 that is outside the global min/max layer range M2 - M7. (ZRT-798)
Warning: Net u_datapath/u_gamma_correction/CTS_ZCTSNET_216 has a frontside min_layer M1 that is outside the global min/max layer range M2 - M7. (ZRT-798)
Warning: Net u_datapath/u_gamma_correction/CTS_ZCTSNET_240 has a frontside min_layer M1 that is outside the global min/max layer range M2 - M7. (ZRT-798)
Warning: Net u_datapath/u_gamma_correction/CTS_ZCTSNET_217 has a frontside min_layer M1 that is outside the global min/max layer range M2 - M7. (ZRT-798)
Warning: Net u_datapath/u_gamma_correction/CTS_ZCTSNET_257 has a frontside min_layer M1 that is outside the global min/max layer range M2 - M7. (ZRT-798)
Warning: Net CTS_ZCTSNET_227 has a frontside min_layer M1 that is outside the global min/max layer range M2 - M7. (ZRT-798)
Warning: Net u_datapath/u_gamma_correction/CTS_ZCTSNET_218 has a frontside min_layer M1 that is outside the global min/max layer range M2 - M7. (ZRT-798)
Warning: Net u_datapath/u_gamma_correction/CTS_ZCTSNET_241 has a frontside min_layer M1 that is outside the global min/max layer range M2 - M7. (ZRT-798)
Warning: Net u_datapath/u_gamma_correction/CTS_ZCTSNET_219 has a frontside min_layer M1 that is outside the global min/max layer range M2 - M7. (ZRT-798)
Warning: Net CTS_ZCTSNET_228 has a frontside min_layer M1 that is outside the global min/max layer range M2 - M7. (ZRT-798)
Warning: Net u_datapath/u_gamma_correction/CTS_ZCTSNET_70 has a frontside min_layer M1 that is outside the global min/max layer range M2 - M7. (ZRT-798)
Warning: Net CTS_ZCTSNET_229 has a frontside min_layer M1 that is outside the global min/max layer range M2 - M7. (ZRT-798)
Warning: Net CTS_ZCTSNET_234 has a frontside min_layer M1 that is outside the global min/max layer range M2 - M7. (ZRT-798)
Warning: Net u_datapath/u_gamma_correction/CTS_ZCTSNET_242 has a frontside min_layer M1 that is outside the global min/max layer range M2 - M7. (ZRT-798)
Warning: Net u_datapath/u_gamma_correction/CTS_ZCTSNET_258 has a frontside min_layer M1 that is outside the global min/max layer range M2 - M7. (ZRT-798)
Warning: Net u_datapath/u_gamma_correction/CTS_ZCTSNET_102 has a frontside min_layer M1 that is outside the global min/max layer range M2 - M7. (ZRT-798)
Warning: Net CTS_ZCTSNET_235 has a frontside min_layer M1 that is outside the global min/max layer range M2 - M7. (ZRT-798)
Warning: Net u_datapath/u_gamma_correction/CTS_ZCTSNET_243 has a frontside min_layer M1 that is outside the global min/max layer range M2 - M7. (ZRT-798)
Warning: Net CTS_ZCTSNET_236 has a frontside min_layer M1 that is outside the global min/max layer range M2 - M7. (ZRT-798)
Warning: Net u_datapath/u_gamma_correction/CTS_ZCTSNET_244 has a frontside min_layer M1 that is outside the global min/max layer range M2 - M7. (ZRT-798)
Warning: Net CTS_ZCTSNET_230 has a frontside min_layer M1 that is outside the global min/max layer range M2 - M7. (ZRT-798)
Warning: Net u_main_controller_top/u_main_controller/CTS_ZCTSNET_326 has a frontside min_layer M1 that is outside the global min/max layer range M2 - M7. (ZRT-798)
Warning: Net CTS_ZCTSNET_237 has a frontside min_layer M1 that is outside the global min/max layer range M2 - M7. (ZRT-798)
Warning: Net CTS_ZCTSNET_231 has a frontside min_layer M1 that is outside the global min/max layer range M2 - M7. (ZRT-798)
Warning: Net CTS_ZCTSNET_224 has a frontside min_layer M1 that is outside the global min/max layer range M2 - M7. (ZRT-798)
Warning: Net u_datapath/u_gamma_correction/CTS_ZCTSNET_245 has a frontside min_layer M1 that is outside the global min/max layer range M2 - M7. (ZRT-798)
Warning: Net CTS_ZCTSNET_232 has a frontside min_layer M1 that is outside the global min/max layer range M2 - M7. (ZRT-798)
Warning: Net CTS_ZCTSNET_238 has a frontside min_layer M1 that is outside the global min/max layer range M2 - M7. (ZRT-798)
Warning: Net u_main_controller_top/CTS_ZCTSNET_60 has a frontside min_layer M1 that is outside the global min/max layer range M2 - M7. (ZRT-798)
Warning: Net u_datapath/u_gamma_correction/CTS_ZCTSNET_75 has a frontside min_layer M1 that is outside the global min/max layer range M2 - M7. (ZRT-798)
Warning: Net CTS_ZCTSNET_225 has a frontside min_layer M1 that is outside the global min/max layer range M2 - M7. (ZRT-798)
Warning: Net CTS_ZCTSNET_239 has a frontside min_layer M1 that is outside the global min/max layer range M2 - M7. (ZRT-798)
Warning: Net u_datapath/u_gamma_correction/CTS_ZCTSNET_76 has a frontside min_layer M1 that is outside the global min/max layer range M2 - M7. (ZRT-798)
Warning: Net CTS_ZCTSNET_240 has a frontside min_layer M1 that is outside the global min/max layer range M2 - M7. (ZRT-798)
Warning: Net CTS_ZCTSNET_427 has a frontside min_layer M1 that is outside the global min/max layer range M2 - M7. (ZRT-798)
Warning: Net CTS_ZCTSNET_226 has a frontside min_layer M1 that is outside the global min/max layer range M2 - M7. (ZRT-798)
Warning: Net CTS_ZCTSNET_233 has a frontside min_layer M1 that is outside the global min/max layer range M2 - M7. (ZRT-798)
Warning: Net u_datapath/u_gamma_correction/CTS_ZCTSNET_77 has a frontside min_layer M1 that is outside the global min/max layer range M2 - M7. (ZRT-798)
Warning: Net CTS_ZCTSNET_254 has a frontside min_layer M1 that is outside the global min/max layer range M2 - M7. (ZRT-798)
Warning: Net CTS_ZCTSNET_244 has a frontside min_layer M1 that is outside the global min/max layer range M2 - M7. (ZRT-798)
Warning: Net CTS_ZCTSNET_241 has a frontside min_layer M1 that is outside the global min/max layer range M2 - M7. (ZRT-798)
Warning: Net u_datapath/u_gamma_correction/CTS_ZCTSNET_246 has a frontside min_layer M1 that is outside the global min/max layer range M2 - M7. (ZRT-798)
Warning: Net CTS_ZCTSNET_242 has a frontside min_layer M1 that is outside the global min/max layer range M2 - M7. (ZRT-798)
Warning: Net CTS_ZCTSNET_255 has a frontside min_layer M1 that is outside the global min/max layer range M2 - M7. (ZRT-798)
Warning: Net u_datapath/u_gamma_correction/CTS_ZCTSNET_247 has a frontside min_layer M1 that is outside the global min/max layer range M2 - M7. (ZRT-798)
Warning: Net CTS_ZCTSNET_243 has a frontside min_layer M1 that is outside the global min/max layer range M2 - M7. (ZRT-798)
Warning: Net CTS_ZCTSNET_256 has a frontside min_layer M1 that is outside the global min/max layer range M2 - M7. (ZRT-798)
Warning: Net CTS_ZCTSNET_245 has a frontside min_layer M1 that is outside the global min/max layer range M2 - M7. (ZRT-798)
Warning: Net u_datapath/u_gamma_correction/CTS_ZCTSNET_248 has a frontside min_layer M1 that is outside the global min/max layer range M2 - M7. (ZRT-798)
Warning: Net CTS_ZCTSNET_246 has a frontside min_layer M1 that is outside the global min/max layer range M2 - M7. (ZRT-798)
Warning: Net CTS_ZCTSNET_247 has a frontside min_layer M1 that is outside the global min/max layer range M2 - M7. (ZRT-798)
Warning: Net u_datapath/u_gamma_correction/CTS_ZCTSNET_249 has a frontside min_layer M1 that is outside the global min/max layer range M2 - M7. (ZRT-798)
Warning: Net CTS_ZCTSNET_248 has a frontside min_layer M1 that is outside the global min/max layer range M2 - M7. (ZRT-798)
Warning: Net u_datapath/u_gamma_correction/CTS_ZCTSNET_250 has a frontside min_layer M1 that is outside the global min/max layer range M2 - M7. (ZRT-798)
Warning: Net CTS_ZCTSNET_249 has a frontside min_layer M1 that is outside the global min/max layer range M2 - M7. (ZRT-798)
Warning: Net CTS_ZCTSNET_250 has a frontside min_layer M1 that is outside the global min/max layer range M2 - M7. (ZRT-798)
Warning: Net u_datapath/u_gamma_correction/CTS_ZCTSNET_251 has a frontside min_layer M1 that is outside the global min/max layer range M2 - M7. (ZRT-798)
Warning: Net CTS_ZCTSNET_257 has a frontside min_layer M1 that is outside the global min/max layer range M2 - M7. (ZRT-798)
Warning: Net CTS_ZCTSNET_261 has a frontside min_layer M1 that is outside the global min/max layer range M2 - M7. (ZRT-798)
Warning: Net u_datapath/u_gamma_correction/CTS_ZCTSNET_252 has a frontside min_layer M1 that is outside the global min/max layer range M2 - M7. (ZRT-798)
Warning: Net CTS_ZCTSNET_258 has a frontside min_layer M1 that is outside the global min/max layer range M2 - M7. (ZRT-798)
Warning: Net CTS_ZCTSNET_262 has a frontside min_layer M1 that is outside the global min/max layer range M2 - M7. (ZRT-798)
Warning: Net CTS_ZCTSNET_251 has a frontside min_layer M1 that is outside the global min/max layer range M2 - M7. (ZRT-798)
Warning: Net CTS_ZCTSNET_259 has a frontside min_layer M1 that is outside the global min/max layer range M2 - M7. (ZRT-798)
Warning: Net CTS_ZCTSNET_252 has a frontside min_layer M1 that is outside the global min/max layer range M2 - M7. (ZRT-798)
Warning: Net CTS_ZCTSNET_260 has a frontside min_layer M1 that is outside the global min/max layer range M2 - M7. (ZRT-798)
Warning: Net CTS_ZCTSNET_263 has a frontside min_layer M1 that is outside the global min/max layer range M2 - M7. (ZRT-798)
Warning: Net u_datapath/u_gamma_correction/CTS_ZCTSNET_85 has a frontside min_layer M1 that is outside the global min/max layer range M2 - M7. (ZRT-798)
Warning: Net CTS_ZCTSNET_253 has a frontside min_layer M1 that is outside the global min/max layer range M2 - M7. (ZRT-798)
Warning: Net CTS_ZCTSNET_264 has a frontside min_layer M1 that is outside the global min/max layer range M2 - M7. (ZRT-798)
Warning: Net CTS_ZCTSNET_265 has a frontside min_layer M1 that is outside the global min/max layer range M2 - M7. (ZRT-798)
Warning: Net CTS_ZCTSNET_266 has a frontside min_layer M1 that is outside the global min/max layer range M2 - M7. (ZRT-798)
Warning: Net CTS_ZCTSNET_292 has a frontside min_layer M1 that is outside the global min/max layer range M2 - M7. (ZRT-798)
Warning: Net CTS_ZCTSNET_267 has a frontside min_layer M1 that is outside the global min/max layer range M2 - M7. (ZRT-798)
Warning: Net CTS_ZCTSNET_293 has a frontside min_layer M1 that is outside the global min/max layer range M2 - M7. (ZRT-798)
Warning: Net CTS_ZCTSNET_268 has a frontside min_layer M1 that is outside the global min/max layer range M2 - M7. (ZRT-798)
Warning: Net CTS_ZCTSNET_285 has a frontside min_layer M1 that is outside the global min/max layer range M2 - M7. (ZRT-798)
Warning: Net CTS_ZCTSNET_279 has a frontside min_layer M1 that is outside the global min/max layer range M2 - M7. (ZRT-798)
Warning: Net CTS_ZCTSNET_286 has a frontside min_layer M1 that is outside the global min/max layer range M2 - M7. (ZRT-798)
Warning: Net CTS_ZCTSNET_280 has a frontside min_layer M1 that is outside the global min/max layer range M2 - M7. (ZRT-798)
Warning: Net CTS_ZCTSNET_287 has a frontside min_layer M1 that is outside the global min/max layer range M2 - M7. (ZRT-798)
Warning: Net CTS_ZCTSNET_269 has a frontside min_layer M1 that is outside the global min/max layer range M2 - M7. (ZRT-798)
Warning: Net CTS_ZCTSNET_281 has a frontside min_layer M1 that is outside the global min/max layer range M2 - M7. (ZRT-798)
Warning: Net CTS_ZCTSNET_294 has a frontside min_layer M1 that is outside the global min/max layer range M2 - M7. (ZRT-798)
Warning: Net CTS_ZCTSNET_270 has a frontside min_layer M1 that is outside the global min/max layer range M2 - M7. (ZRT-798)
Warning: Net CTS_ZCTSNET_288 has a frontside min_layer M1 that is outside the global min/max layer range M2 - M7. (ZRT-798)
Warning: Net CTS_ZCTSNET_271 has a frontside min_layer M1 that is outside the global min/max layer range M2 - M7. (ZRT-798)
Warning: Net CTS_ZCTSNET_282 has a frontside min_layer M1 that is outside the global min/max layer range M2 - M7. (ZRT-798)
Warning: Net clock_gate_net_200 has a frontside min_layer M1 that is outside the global min/max layer range M2 - M7. (ZRT-798)
Warning: Net CTS_ZCTSNET_289 has a frontside min_layer M1 that is outside the global min/max layer range M2 - M7. (ZRT-798)
Warning: Net CTS_ZCTSNET_272 has a frontside min_layer M1 that is outside the global min/max layer range M2 - M7. (ZRT-798)
Warning: Net CTS_ZCTSNET_283 has a frontside min_layer M1 that is outside the global min/max layer range M2 - M7. (ZRT-798)
Warning: Net clock_gate_net_217 has a frontside min_layer M1 that is outside the global min/max layer range M2 - M7. (ZRT-798)
Warning: Net CTS_ZCTSNET_284 has a frontside min_layer M1 that is outside the global min/max layer range M2 - M7. (ZRT-798)
Warning: Net CTS_ZCTSNET_273 has a frontside min_layer M1 that is outside the global min/max layer range M2 - M7. (ZRT-798)
Warning: Net CTS_ZCTSNET_290 has a frontside min_layer M1 that is outside the global min/max layer range M2 - M7. (ZRT-798)
Warning: Net CTS_ZCTSNET_274 has a frontside min_layer M1 that is outside the global min/max layer range M2 - M7. (ZRT-798)
Warning: Net CTS_ZCTSNET_291 has a frontside min_layer M1 that is outside the global min/max layer range M2 - M7. (ZRT-798)
Warning: Net CTS_ZCTSNET_275 has a frontside min_layer M1 that is outside the global min/max layer range M2 - M7. (ZRT-798)
Warning: Net CTS_ZCTSNET_276 has a frontside min_layer M1 that is outside the global min/max layer range M2 - M7. (ZRT-798)
Warning: Net u_main_controller_top/u_main_controller/CTS_ZCTSNET_340 has a frontside min_layer M1 that is outside the global min/max layer range M2 - M7. (ZRT-798)
Warning: Net CTS_ZCTSNET_277 has a frontside min_layer M1 that is outside the global min/max layer range M2 - M7. (ZRT-798)
Warning: Net clock_gate_net_233 has a frontside min_layer M1 that is outside the global min/max layer range M2 - M7. (ZRT-798)
Warning: Net CTS_ZCTSNET_278 has a frontside min_layer M1 that is outside the global min/max layer range M2 - M7. (ZRT-798)
Warning: Net u_main_controller_top/u_main_controller/CTS_ZCTSNET_341 has a frontside min_layer M1 that is outside the global min/max layer range M2 - M7. (ZRT-798)
Warning: Net u_main_controller_top/u_main_controller/CTS_ZCTSNET_342 has a frontside min_layer M1 that is outside the global min/max layer range M2 - M7. (ZRT-798)
Warning: Net clock_gate_net_234 has a frontside min_layer M1 that is outside the global min/max layer range M2 - M7. (ZRT-798)
Warning: Net u_main_controller_top/u_main_controller/CTS_ZCTSNET_343 has a frontside min_layer M1 that is outside the global min/max layer range M2 - M7. (ZRT-798)
Warning: Net clock_gate_net_291 has a frontside min_layer M1 that is outside the global min/max layer range M2 - M7. (ZRT-798)
Warning: Net CTS_ZCTSNET_306 has a frontside min_layer M1 that is outside the global min/max layer range M2 - M7. (ZRT-798)
Warning: Net u_main_controller_top/u_main_controller/CTS_ZCTSNET_361 has a frontside min_layer M1 that is outside the global min/max layer range M2 - M7. (ZRT-798)
Warning: Net CTS_ZCTSNET_307 has a frontside min_layer M1 that is outside the global min/max layer range M2 - M7. (ZRT-798)
Warning: Net clock_gate_net_235 has a frontside min_layer M1 that is outside the global min/max layer range M2 - M7. (ZRT-798)
Warning: Net CTS_ZCTSNET_308 has a frontside min_layer M1 that is outside the global min/max layer range M2 - M7. (ZRT-798)
Warning: Net u_main_controller_top/u_main_controller/CTS_ZCTSNET_362 has a frontside min_layer M1 that is outside the global min/max layer range M2 - M7. (ZRT-798)
Warning: Net clock_gate_net_236 has a frontside min_layer M1 that is outside the global min/max layer range M2 - M7. (ZRT-798)
Warning: Net u_datapath/CTS_ZCTSNET_144 has a frontside min_layer M1 that is outside the global min/max layer range M2 - M7. (ZRT-798)
Warning: Net u_main_controller_top/u_main_controller/CTS_ZCTSNET_363 has a frontside min_layer M1 that is outside the global min/max layer range M2 - M7. (ZRT-798)
Warning: Net u_datapath/CTS_ZCTSNET_145 has a frontside min_layer M1 that is outside the global min/max layer range M2 - M7. (ZRT-798)
Warning: Net CTS_ZCTSNET_316 has a frontside min_layer M1 that is outside the global min/max layer range M2 - M7. (ZRT-798)
Warning: Net u_main_controller_top/u_main_controller/CTS_ZCTSNET_364 has a frontside min_layer M1 that is outside the global min/max layer range M2 - M7. (ZRT-798)
Warning: Net u_datapath/CTS_ZCTSNET_146 has a frontside min_layer M1 that is outside the global min/max layer range M2 - M7. (ZRT-798)
Warning: Net clock_gate_net_237 has a frontside min_layer M1 that is outside the global min/max layer range M2 - M7. (ZRT-798)
Warning: Net u_datapath/CTS_ZCTSNET_147 has a frontside min_layer M1 that is outside the global min/max layer range M2 - M7. (ZRT-798)
Warning: Net u_main_controller_top/u_main_controller/CTS_ZCTSNET_365 has a frontside min_layer M1 that is outside the global min/max layer range M2 - M7. (ZRT-798)
Warning: Net u_datapath/CTS_ZCTSNET_148 has a frontside min_layer M1 that is outside the global min/max layer range M2 - M7. (ZRT-798)
Warning: Net CTS_ZCTSNET_295 has a frontside min_layer M1 that is outside the global min/max layer range M2 - M7. (ZRT-798)
Warning: Net u_datapath/CTS_ZCTSNET_149 has a frontside min_layer M1 that is outside the global min/max layer range M2 - M7. (ZRT-798)
Warning: Net CTS_ZCTSNET_317 has a frontside min_layer M1 that is outside the global min/max layer range M2 - M7. (ZRT-798)
Warning: Net u_main_controller_top/u_main_controller/CTS_ZCTSNET_346 has a frontside min_layer M1 that is outside the global min/max layer range M2 - M7. (ZRT-798)
Warning: Net CTS_ZCTSNET_296 has a frontside min_layer M1 that is outside the global min/max layer range M2 - M7. (ZRT-798)
Warning: Net CTS_ZCTSNET_318 has a frontside min_layer M1 that is outside the global min/max layer range M2 - M7. (ZRT-798)
Warning: Net u_main_controller_top/u_main_controller/CTS_ZCTSNET_347 has a frontside min_layer M1 that is outside the global min/max layer range M2 - M7. (ZRT-798)
Warning: Net u_main_controller_top/u_main_controller/CTS_ZCTSNET_366 has a frontside min_layer M1 that is outside the global min/max layer range M2 - M7. (ZRT-798)
Warning: Net CTS_ZCTSNET_319 has a frontside min_layer M1 that is outside the global min/max layer range M2 - M7. (ZRT-798)
Warning: Net CTS_ZCTSNET_297 has a frontside min_layer M1 that is outside the global min/max layer range M2 - M7. (ZRT-798)
Warning: Net u_main_controller_top/u_main_controller/CTS_ZCTSNET_367 has a frontside min_layer M1 that is outside the global min/max layer range M2 - M7. (ZRT-798)
Warning: Net CTS_ZCTSNET_320 has a frontside min_layer M1 that is outside the global min/max layer range M2 - M7. (ZRT-798)
Warning: Net u_main_controller_top/u_main_controller/CTS_ZCTSNET_348 has a frontside min_layer M1 that is outside the global min/max layer range M2 - M7. (ZRT-798)
Warning: Net clock_gate_net_238 has a frontside min_layer M1 that is outside the global min/max layer range M2 - M7. (ZRT-798)
Warning: Net u_main_controller_top/u_main_controller/CTS_ZCTSNET_368 has a frontside min_layer M1 that is outside the global min/max layer range M2 - M7. (ZRT-798)
Warning: Net CTS_ZCTSNET_321 has a frontside min_layer M1 that is outside the global min/max layer range M2 - M7. (ZRT-798)
Warning: Net u_main_controller_top/u_main_controller/CTS_ZCTSNET_351 has a frontside min_layer M1 that is outside the global min/max layer range M2 - M7. (ZRT-798)
Warning: Net u_main_controller_top/u_main_controller/CTS_ZCTSNET_369 has a frontside min_layer M1 that is outside the global min/max layer range M2 - M7. (ZRT-798)
Warning: Net CTS_ZCTSNET_322 has a frontside min_layer M1 that is outside the global min/max layer range M2 - M7. (ZRT-798)
Warning: Net clock_gate_net_239 has a frontside min_layer M1 that is outside the global min/max layer range M2 - M7. (ZRT-798)
Warning: Net u_main_controller_top/u_main_controller/CTS_ZCTSNET_352 has a frontside min_layer M1 that is outside the global min/max layer range M2 - M7. (ZRT-798)
Warning: Net u_main_controller_top/u_main_controller/CTS_ZCTSNET_370 has a frontside min_layer M1 that is outside the global min/max layer range M2 - M7. (ZRT-798)
Warning: Net clock_gate_net_240 has a frontside min_layer M1 that is outside the global min/max layer range M2 - M7. (ZRT-798)
Warning: Net u_main_controller_top/u_main_controller/CTS_ZCTSNET_358 has a frontside min_layer M1 that is outside the global min/max layer range M2 - M7. (ZRT-798)
Warning: Net CTS_ZCTSNET_298 has a frontside min_layer M1 that is outside the global min/max layer range M2 - M7. (ZRT-798)
Warning: Net u_main_controller_top/u_main_controller/CTS_ZCTSNET_353 has a frontside min_layer M1 that is outside the global min/max layer range M2 - M7. (ZRT-798)
Warning: Net CTS_ZCTSNET_299 has a frontside min_layer M1 that is outside the global min/max layer range M2 - M7. (ZRT-798)
Warning: Net u_main_controller_top/u_main_controller/CTS_ZCTSNET_354 has a frontside min_layer M1 that is outside the global min/max layer range M2 - M7. (ZRT-798)
Warning: Net u_main_controller_top/u_main_controller/CTS_ZCTSNET_359 has a frontside min_layer M1 that is outside the global min/max layer range M2 - M7. (ZRT-798)
Warning: Net u_main_controller_top/u_main_controller/CTS_ZCTSNET_355 has a frontside min_layer M1 that is outside the global min/max layer range M2 - M7. (ZRT-798)
Warning: Net u_datapath/CTS_ZCTSNET_150 has a frontside min_layer M1 that is outside the global min/max layer range M2 - M7. (ZRT-798)
Warning: Net CTS_ZCTSNET_301 has a frontside min_layer M1 that is outside the global min/max layer range M2 - M7. (ZRT-798)
Warning: Net u_main_controller_top/u_main_controller/CTS_ZCTSNET_360 has a frontside min_layer M1 that is outside the global min/max layer range M2 - M7. (ZRT-798)
Warning: Net clock_gate_net_347 has a frontside min_layer M1 that is outside the global min/max layer range M2 - M7. (ZRT-798)
Warning: Net CTS_ZCTSNET_300 has a frontside min_layer M1 that is outside the global min/max layer range M2 - M7. (ZRT-798)
Warning: Net u_datapath/CTS_ZCTSNET_151 has a frontside min_layer M1 that is outside the global min/max layer range M2 - M7. (ZRT-798)
Warning: Net CTS_ZCTSNET_309 has a frontside min_layer M1 that is outside the global min/max layer range M2 - M7. (ZRT-798)
Warning: Net u_datapath/CTS_ZCTSNET_152 has a frontside min_layer M1 that is outside the global min/max layer range M2 - M7. (ZRT-798)
Warning: Net u_main_controller_top/u_main_controller/CTS_ZCTSNET_337 has a frontside min_layer M1 that is outside the global min/max layer range M2 - M7. (ZRT-798)
Warning: Net CTS_ZCTSNET_310 has a frontside min_layer M1 that is outside the global min/max layer range M2 - M7. (ZRT-798)
Warning: Net u_datapath/CTS_ZCTSNET_154 has a frontside min_layer M1 that is outside the global min/max layer range M2 - M7. (ZRT-798)
Warning: Net CTS_ZCTSNET_311 has a frontside min_layer M1 that is outside the global min/max layer range M2 - M7. (ZRT-798)
Warning: Net u_datapath/CTS_ZCTSNET_153 has a frontside min_layer M1 that is outside the global min/max layer range M2 - M7. (ZRT-798)
Warning: Net u_main_controller_top/u_main_controller/CTS_ZCTSNET_338 has a frontside min_layer M1 that is outside the global min/max layer range M2 - M7. (ZRT-798)
Warning: Net u_datapath/CTS_ZCTSNET_155 has a frontside min_layer M1 that is outside the global min/max layer range M2 - M7. (ZRT-798)
Warning: Net CTS_ZCTSNET_312 has a frontside min_layer M1 that is outside the global min/max layer range M2 - M7. (ZRT-798)
Warning: Net clock_gate_net_247 has a frontside min_layer M1 that is outside the global min/max layer range M2 - M7. (ZRT-798)
Warning: Net u_datapath/CTS_ZCTSNET_156 has a frontside min_layer M1 that is outside the global min/max layer range M2 - M7. (ZRT-798)
Warning: Net CTS_ZCTSNET_302 has a frontside min_layer M1 that is outside the global min/max layer range M2 - M7. (ZRT-798)
Warning: Net clock_gate_net_319 has a frontside min_layer M1 that is outside the global min/max layer range M2 - M7. (ZRT-798)
Warning: Net clock_gate_net_249 has a frontside min_layer M1 that is outside the global min/max layer range M2 - M7. (ZRT-798)
Warning: Net u_datapath/CTS_ZCTSNET_157 has a frontside min_layer M1 that is outside the global min/max layer range M2 - M7. (ZRT-798)
Warning: Net CTS_ZCTSNET_313 has a frontside min_layer M1 that is outside the global min/max layer range M2 - M7. (ZRT-798)
Warning: Net u_datapath/CTS_ZCTSNET_158 has a frontside min_layer M1 that is outside the global min/max layer range M2 - M7. (ZRT-798)
Warning: Net CTS_ZCTSNET_303 has a frontside min_layer M1 that is outside the global min/max layer range M2 - M7. (ZRT-798)
Warning: Net u_datapath/CTS_ZCTSNET_159 has a frontside min_layer M1 that is outside the global min/max layer range M2 - M7. (ZRT-798)
Warning: Net CTS_ZCTSNET_304 has a frontside min_layer M1 that is outside the global min/max layer range M2 - M7. (ZRT-798)
Warning: Net u_datapath/CTS_ZCTSNET_160 has a frontside min_layer M1 that is outside the global min/max layer range M2 - M7. (ZRT-798)
Warning: Net clock_gate_net_349 has a frontside min_layer M1 that is outside the global min/max layer range M2 - M7. (ZRT-798)
Warning: Net u_datapath/CTS_ZCTSNET_161 has a frontside min_layer M1 that is outside the global min/max layer range M2 - M7. (ZRT-798)
Warning: Net CTS_ZCTSNET_305 has a frontside min_layer M1 that is outside the global min/max layer range M2 - M7. (ZRT-798)
Warning: Net clock_gate_net_350 has a frontside min_layer M1 that is outside the global min/max layer range M2 - M7. (ZRT-798)
Warning: Net u_main_controller_top/u_main_controller/CTS_ZCTSNET_339 has a frontside min_layer M1 that is outside the global min/max layer range M2 - M7. (ZRT-798)
Warning: Net u_datapath/CTS_ZCTSNET_164 has a frontside min_layer M1 that is outside the global min/max layer range M2 - M7. (ZRT-798)
Warning: Net CTS_ZCTSNET_314 has a frontside min_layer M1 that is outside the global min/max layer range M2 - M7. (ZRT-798)
Warning: Net u_datapath/CTS_ZCTSNET_165 has a frontside min_layer M1 that is outside the global min/max layer range M2 - M7. (ZRT-798)
Warning: Net u_main_controller_top/u_main_controller/u_sr_d512x72f116_MMS0_wrap/clock_gate_net_85 has a frontside min_layer M1 that is outside the global min/max layer range M2 - M7. (ZRT-798)
Warning: Net u_datapath/CTS_ZCTSNET_166 has a frontside min_layer M1 that is outside the global min/max layer range M2 - M7. (ZRT-798)
Warning: Net u_datapath/CTS_ZCTSNET_168 has a frontside min_layer M1 that is outside the global min/max layer range M2 - M7. (ZRT-798)
Warning: Net u_datapath/CTS_ZCTSNET_169 has a frontside min_layer M1 that is outside the global min/max layer range M2 - M7. (ZRT-798)
Warning: Net u_datapath/CTS_ZCTSNET_170 has a frontside min_layer M1 that is outside the global min/max layer range M2 - M7. (ZRT-798)
Warning: Net u_datapath/CTS_ZCTSNET_171 has a frontside min_layer M1 that is outside the global min/max layer range M2 - M7. (ZRT-798)
Warning: Net u_datapath/CTS_ZCTSNET_172 has a frontside min_layer M1 that is outside the global min/max layer range M2 - M7. (ZRT-798)
Warning: Net u_datapath/CTS_ZCTSNET_167 has a frontside min_layer M1 that is outside the global min/max layer range M2 - M7. (ZRT-798)
Warning: Net u_datapath/CTS_ZCTSNET_173 has a frontside min_layer M1 that is outside the global min/max layer range M2 - M7. (ZRT-798)
Warning: Net u_datapath/CTS_ZCTSNET_174 has a frontside min_layer M1 that is outside the global min/max layer range M2 - M7. (ZRT-798)
Warning: Net u_datapath/CTS_ZCTSNET_175 has a frontside min_layer M1 that is outside the global min/max layer range M2 - M7. (ZRT-798)
Warning: Net u_datapath/CTS_ZCTSNET_176 has a frontside min_layer M1 that is outside the global min/max layer range M2 - M7. (ZRT-798)
Warning: Net u_datapath/CTS_ZCTSNET_177 has a frontside min_layer M1 that is outside the global min/max layer range M2 - M7. (ZRT-798)
Warning: Net CTS_ZCTSNET_332 has a frontside min_layer M1 that is outside the global min/max layer range M2 - M7. (ZRT-798)
Warning: Net u_main_controller_top/CTS_ZCTSNET_69 has a frontside min_layer M1 that is outside the global min/max layer range M2 - M7. (ZRT-798)
Warning: Net u_main_controller_top/CTS_ZCTSNET_71 has a frontside min_layer M1 that is outside the global min/max layer range M2 - M7. (ZRT-798)
Warning: Net u_main_controller_top/CTS_ZCTSNET_73 has a frontside min_layer M1 that is outside the global min/max layer range M2 - M7. (ZRT-798)
Warning: Net u_main_controller_top/CTS_ZCTSNET_75 has a frontside min_layer M1 that is outside the global min/max layer range M2 - M7. (ZRT-798)
Warning: Net u_main_controller_top/u_main_controller/u_sr_d512x72f116_MMS1_wrap/clock_gate_net_85 has a frontside min_layer M1 that is outside the global min/max layer range M2 - M7. (ZRT-798)
Warning: Net u_main_controller_top/u_main_controller/CTS_ZCTSNET_405 has a frontside min_layer M1 that is outside the global min/max layer range M2 - M7. (ZRT-798)
Warning: Net u_main_controller_top/u_main_controller/CTS_ZCTSNET_373 has a frontside min_layer M1 that is outside the global min/max layer range M2 - M7. (ZRT-798)
Warning: Net u_main_controller_top/CTS_ZCTSNET_76 has a frontside min_layer M1 that is outside the global min/max layer range M2 - M7. (ZRT-798)
Warning: Net u_main_controller_top/CTS_ZCTSNET_100 has a frontside min_layer M1 that is outside the global min/max layer range M2 - M7. (ZRT-798)
Warning: Net u_main_controller_top/u_main_controller/CTS_ZCTSNET_407 has a frontside min_layer M1 that is outside the global min/max layer range M2 - M7. (ZRT-798)
Warning: Net u_main_controller_top/u_main_controller/CTS_ZCTSNET_374 has a frontside min_layer M1 that is outside the global min/max layer range M2 - M7. (ZRT-798)
Warning: Net u_main_controller_top/u_main_controller/CTS_ZCTSNET_408 has a frontside min_layer M1 that is outside the global min/max layer range M2 - M7. (ZRT-798)
Warning: Net u_main_controller_top/u_main_controller/CTS_ZCTSNET_375 has a frontside min_layer M1 that is outside the global min/max layer range M2 - M7. (ZRT-798)
Warning: Net CTS_ZCTSNET_334 has a frontside min_layer M1 that is outside the global min/max layer range M2 - M7. (ZRT-798)
Warning: Net u_main_controller_top/u_main_controller/CTS_ZCTSNET_376 has a frontside min_layer M1 that is outside the global min/max layer range M2 - M7. (ZRT-798)
Warning: Net u_main_controller_top/CTS_ZCTSNET_78 has a frontside min_layer M1 that is outside the global min/max layer range M2 - M7. (ZRT-798)
Warning: Net u_main_controller_top/u_main_controller/CTS_ZCTSNET_377 has a frontside min_layer M1 that is outside the global min/max layer range M2 - M7. (ZRT-798)
Warning: Net u_main_controller_top/u_main_controller/CTS_ZCTSNET_410 has a frontside min_layer M1 that is outside the global min/max layer range M2 - M7. (ZRT-798)
Warning: Net u_datapath/CTS_ZCTSNET_196 has a frontside min_layer M1 that is outside the global min/max layer range M2 - M7. (ZRT-798)
Warning: Net u_main_controller_top/CTS_ZCTSNET_79 has a frontside min_layer M1 that is outside the global min/max layer range M2 - M7. (ZRT-798)
Warning: Net u_main_controller_top/u_main_controller/CTS_ZCTSNET_438 has a frontside min_layer M1 that is outside the global min/max layer range M2 - M7. (ZRT-798)
Warning: Net u_main_controller_top/u_main_controller/CTS_ZCTSNET_378 has a frontside min_layer M1 that is outside the global min/max layer range M2 - M7. (ZRT-798)
Warning: Net u_main_controller_top/u_main_controller/CTS_ZCTSNET_439 has a frontside min_layer M1 that is outside the global min/max layer range M2 - M7. (ZRT-798)
Warning: Net u_datapath/CTS_ZCTSNET_197 has a frontside min_layer M1 that is outside the global min/max layer range M2 - M7. (ZRT-798)
Warning: Net u_main_controller_top/CTS_ZCTSNET_101 has a frontside min_layer M1 that is outside the global min/max layer range M2 - M7. (ZRT-798)
Warning: Net u_main_controller_top/u_main_controller/CTS_ZCTSNET_379 has a frontside min_layer M1 that is outside the global min/max layer range M2 - M7. (ZRT-798)
Warning: Net u_main_controller_top/u_main_controller/CTS_ZCTSNET_412 has a frontside min_layer M1 that is outside the global min/max layer range M2 - M7. (ZRT-798)
Warning: Net u_main_controller_top/u_main_controller/CTS_ZCTSNET_380 has a frontside min_layer M1 that is outside the global min/max layer range M2 - M7. (ZRT-798)
Warning: Net u_datapath/CTS_ZCTSNET_198 has a frontside min_layer M1 that is outside the global min/max layer range M2 - M7. (ZRT-798)
Warning: Net u_main_controller_top/CTS_ZCTSNET_61 has a frontside min_layer M1 that is outside the global min/max layer range M2 - M7. (ZRT-798)
Warning: Net u_datapath/CTS_ZCTSNET_199 has a frontside min_layer M1 that is outside the global min/max layer range M2 - M7. (ZRT-798)
Warning: Net u_main_controller_top/CTS_ZCTSNET_80 has a frontside min_layer M1 that is outside the global min/max layer range M2 - M7. (ZRT-798)
Warning: Net u_main_controller_top/CTS_ZCTSNET_62 has a frontside min_layer M1 that is outside the global min/max layer range M2 - M7. (ZRT-798)
Warning: Net u_main_controller_top/u_main_controller/CTS_ZCTSNET_441 has a frontside min_layer M1 that is outside the global min/max layer range M2 - M7. (ZRT-798)
Warning: Net u_main_controller_top/u_main_controller/CTS_ZCTSNET_413 has a frontside min_layer M1 that is outside the global min/max layer range M2 - M7. (ZRT-798)
Warning: Net u_main_controller_top/u_main_controller/CTS_ZCTSNET_383 has a frontside min_layer M1 that is outside the global min/max layer range M2 - M7. (ZRT-798)
Warning: Net u_main_controller_top/CTS_ZCTSNET_81 has a frontside min_layer M1 that is outside the global min/max layer range M2 - M7. (ZRT-798)
Warning: Net u_datapath/CTS_ZCTSNET_201 has a frontside min_layer M1 that is outside the global min/max layer range M2 - M7. (ZRT-798)
Warning: Net u_main_controller_top/u_main_controller/CTS_ZCTSNET_385 has a frontside min_layer M1 that is outside the global min/max layer range M2 - M7. (ZRT-798)
Warning: Net u_main_controller_top/CTS_ZCTSNET_82 has a frontside min_layer M1 that is outside the global min/max layer range M2 - M7. (ZRT-798)
Warning: Net u_datapath/CTS_ZCTSNET_203 has a frontside min_layer M1 that is outside the global min/max layer range M2 - M7. (ZRT-798)
Warning: Net u_main_controller_top/u_main_controller/CTS_ZCTSNET_386 has a frontside min_layer M1 that is outside the global min/max layer range M2 - M7. (ZRT-798)
Warning: Net u_main_controller_top/CTS_ZCTSNET_83 has a frontside min_layer M1 that is outside the global min/max layer range M2 - M7. (ZRT-798)
Warning: Net u_main_controller_top/u_main_controller/CTS_ZCTSNET_442 has a frontside min_layer M1 that is outside the global min/max layer range M2 - M7. (ZRT-798)
Warning: Net u_main_controller_top/CTS_ZCTSNET_84 has a frontside min_layer M1 that is outside the global min/max layer range M2 - M7. (ZRT-798)
Warning: Net u_datapath/CTS_ZCTSNET_204 has a frontside min_layer M1 that is outside the global min/max layer range M2 - M7. (ZRT-798)
Warning: Net u_main_controller_top/CTS_ZCTSNET_85 has a frontside min_layer M1 that is outside the global min/max layer range M2 - M7. (ZRT-798)
Warning: Net u_main_controller_top/u_main_controller/CTS_ZCTSNET_387 has a frontside min_layer M1 that is outside the global min/max layer range M2 - M7. (ZRT-798)
Warning: Net u_main_controller_top/u_main_controller/CTS_ZCTSNET_418 has a frontside min_layer M1 that is outside the global min/max layer range M2 - M7. (ZRT-798)
Warning: Net CTS_ZCTSNET_365 has a frontside min_layer M1 that is outside the global min/max layer range M2 - M7. (ZRT-798)
Warning: Net u_main_controller_top/CTS_ZCTSNET_87 has a frontside min_layer M1 that is outside the global min/max layer range M2 - M7. (ZRT-798)
Warning: Net CTS_ZCTSNET_366 has a frontside min_layer M1 that is outside the global min/max layer range M2 - M7. (ZRT-798)
Warning: Net u_main_controller_top/CTS_ZCTSNET_64 has a frontside min_layer M1 that is outside the global min/max layer range M2 - M7. (ZRT-798)
Warning: Net CTS_ZCTSNET_367 has a frontside min_layer M1 that is outside the global min/max layer range M2 - M7. (ZRT-798)
Warning: Net clock_gate_net_331 has a frontside min_layer M1 that is outside the global min/max layer range M2 - M7. (ZRT-798)
Warning: Net CTS_ZCTSNET_368 has a frontside min_layer M1 that is outside the global min/max layer range M2 - M7. (ZRT-798)
Warning: Net u_main_controller_top/CTS_ZCTSNET_102 has a frontside min_layer M1 that is outside the global min/max layer range M2 - M7. (ZRT-798)
Warning: Net clock_gate_net_333 has a frontside min_layer M1 that is outside the global min/max layer range M2 - M7. (ZRT-798)
Warning: Net u_main_controller_top/u_main_controller/CTS_ZCTSNET_388 has a frontside min_layer M1 that is outside the global min/max layer range M2 - M7. (ZRT-798)
Warning: Net u_main_controller_top/u_main_controller/CTS_ZCTSNET_444 has a frontside min_layer M1 that is outside the global min/max layer range M2 - M7. (ZRT-798)
Warning: Net CTS_ZCTSNET_369 has a frontside min_layer M1 that is outside the global min/max layer range M2 - M7. (ZRT-798)
Warning: Net clock_gate_net_334 has a frontside min_layer M1 that is outside the global min/max layer range M2 - M7. (ZRT-798)
Warning: Net CTS_ZCTSNET_331 has a frontside min_layer M1 that is outside the global min/max layer range M2 - M7. (ZRT-798)
Warning: Net CTS_ZCTSNET_370 has a frontside min_layer M1 that is outside the global min/max layer range M2 - M7. (ZRT-798)
Warning: Net u_main_controller_top/u_main_controller/CTS_ZCTSNET_390 has a frontside min_layer M1 that is outside the global min/max layer range M2 - M7. (ZRT-798)
Warning: Net CTS_ZCTSNET_371 has a frontside min_layer M1 that is outside the global min/max layer range M2 - M7. (ZRT-798)
Warning: Net u_main_controller_top/CTS_ZCTSNET_89 has a frontside min_layer M1 that is outside the global min/max layer range M2 - M7. (ZRT-798)
Warning: Net u_main_controller_top/u_main_controller/CTS_ZCTSNET_445 has a frontside min_layer M1 that is outside the global min/max layer range M2 - M7. (ZRT-798)
Warning: Net u_main_controller_top/u_main_controller/CTS_ZCTSNET_391 has a frontside min_layer M1 that is outside the global min/max layer range M2 - M7. (ZRT-798)
Warning: Net CTS_ZCTSNET_372 has a frontside min_layer M1 that is outside the global min/max layer range M2 - M7. (ZRT-798)
Warning: Net u_main_controller_top/CTS_ZCTSNET_66 has a frontside min_layer M1 that is outside the global min/max layer range M2 - M7. (ZRT-798)
Warning: Net clock_gate_net_336 has a frontside min_layer M1 that is outside the global min/max layer range M2 - M7. (ZRT-798)
Warning: Net u_main_controller_top/u_main_controller/CTS_ZCTSNET_446 has a frontside min_layer M1 that is outside the global min/max layer range M2 - M7. (ZRT-798)
Warning: Net CTS_ZCTSNET_373 has a frontside min_layer M1 that is outside the global min/max layer range M2 - M7. (ZRT-798)
Warning: Net u_main_controller_top/u_main_controller/CTS_ZCTSNET_394 has a frontside min_layer M1 that is outside the global min/max layer range M2 - M7. (ZRT-798)
Warning: Net clock_gate_net_337 has a frontside min_layer M1 that is outside the global min/max layer range M2 - M7. (ZRT-798)
Warning: Net CTS_ZCTSNET_374 has a frontside min_layer M1 that is outside the global min/max layer range M2 - M7. (ZRT-798)
Warning: Net clock_gate_net_338 has a frontside min_layer M1 that is outside the global min/max layer range M2 - M7. (ZRT-798)
Warning: Net u_main_controller_top/u_main_controller/CTS_ZCTSNET_395 has a frontside min_layer M1 that is outside the global min/max layer range M2 - M7. (ZRT-798)
Warning: Net CTS_ZCTSNET_375 has a frontside min_layer M1 that is outside the global min/max layer range M2 - M7. (ZRT-798)
Warning: Net u_main_controller_top/u_main_controller/CTS_ZCTSNET_397 has a frontside min_layer M1 that is outside the global min/max layer range M2 - M7. (ZRT-798)
Warning: Net u_main_controller_top/u_main_controller/CTS_ZCTSNET_448 has a frontside min_layer M1 that is outside the global min/max layer range M2 - M7. (ZRT-798)
Warning: Net u_main_controller_top/u_main_controller/CTS_ZCTSNET_399 has a frontside min_layer M1 that is outside the global min/max layer range M2 - M7. (ZRT-798)
Warning: Net u_main_controller_top/u_main_controller/CTS_ZCTSNET_449 has a frontside min_layer M1 that is outside the global min/max layer range M2 - M7. (ZRT-798)
Warning: Net CTS_ZCTSNET_376 has a frontside min_layer M1 that is outside the global min/max layer range M2 - M7. (ZRT-798)
Warning: Net u_datapath/CTS_ZCTSNET_205 has a frontside min_layer M1 that is outside the global min/max layer range M2 - M7. (ZRT-798)
Warning: Net u_main_controller_top/u_main_controller/CTS_ZCTSNET_450 has a frontside min_layer M1 that is outside the global min/max layer range M2 - M7. (ZRT-798)
Warning: Net u_datapath/CTS_ZCTSNET_206 has a frontside min_layer M1 that is outside the global min/max layer range M2 - M7. (ZRT-798)
Warning: Net u_main_controller_top/CTS_ZCTSNET_91 has a frontside min_layer M1 that is outside the global min/max layer range M2 - M7. (ZRT-798)
Warning: Net CTS_ZCTSNET_377 has a frontside min_layer M1 that is outside the global min/max layer range M2 - M7. (ZRT-798)
Warning: Net u_datapath/CTS_ZCTSNET_207 has a frontside min_layer M1 that is outside the global min/max layer range M2 - M7. (ZRT-798)
Warning: Net u_main_controller_top/u_main_controller/CTS_ZCTSNET_451 has a frontside min_layer M1 that is outside the global min/max layer range M2 - M7. (ZRT-798)
Warning: Net u_main_controller_top/CTS_ZCTSNET_92 has a frontside min_layer M1 that is outside the global min/max layer range M2 - M7. (ZRT-798)
Warning: Net CTS_ZCTSNET_378 has a frontside min_layer M1 that is outside the global min/max layer range M2 - M7. (ZRT-798)
Warning: Net u_main_controller_top/u_main_controller/CTS_ZCTSNET_452 has a frontside min_layer M1 that is outside the global min/max layer range M2 - M7. (ZRT-798)
Warning: Net CTS_ZCTSNET_379 has a frontside min_layer M1 that is outside the global min/max layer range M2 - M7. (ZRT-798)
Warning: Net u_datapath/CTS_ZCTSNET_208 has a frontside min_layer M1 that is outside the global min/max layer range M2 - M7. (ZRT-798)
Warning: Net u_main_controller_top/u_main_controller/CTS_ZCTSNET_421 has a frontside min_layer M1 that is outside the global min/max layer range M2 - M7. (ZRT-798)
Warning: Net CTS_ZCTSNET_340 has a frontside min_layer M1 that is outside the global min/max layer range M2 - M7. (ZRT-798)
Warning: Net u_datapath/CTS_ZCTSNET_209 has a frontside min_layer M1 that is outside the global min/max layer range M2 - M7. (ZRT-798)
Warning: Net CTS_ZCTSNET_380 has a frontside min_layer M1 that is outside the global min/max layer range M2 - M7. (ZRT-798)
Warning: Net u_datapath/CTS_ZCTSNET_210 has a frontside min_layer M1 that is outside the global min/max layer range M2 - M7. (ZRT-798)
Warning: Net CTS_ZCTSNET_341 has a frontside min_layer M1 that is outside the global min/max layer range M2 - M7. (ZRT-798)
Warning: Net u_main_controller_top/u_main_controller/CTS_ZCTSNET_422 has a frontside min_layer M1 that is outside the global min/max layer range M2 - M7. (ZRT-798)
Warning: Net u_main_controller_top/u_main_controller/CTS_ZCTSNET_456 has a frontside min_layer M1 that is outside the global min/max layer range M2 - M7. (ZRT-798)
Warning: Net u_datapath/CTS_ZCTSNET_211 has a frontside min_layer M1 that is outside the global min/max layer range M2 - M7. (ZRT-798)
Warning: Net CTS_ZCTSNET_381 has a frontside min_layer M1 that is outside the global min/max layer range M2 - M7. (ZRT-798)
Warning: Net u_main_controller_top/CTS_ZCTSNET_93 has a frontside min_layer M1 that is outside the global min/max layer range M2 - M7. (ZRT-798)
Warning: Net u_datapath/CTS_ZCTSNET_212 has a frontside min_layer M1 that is outside the global min/max layer range M2 - M7. (ZRT-798)
Warning: Net CTS_ZCTSNET_383 has a frontside min_layer M1 that is outside the global min/max layer range M2 - M7. (ZRT-798)
Warning: Net u_main_controller_top/u_main_controller/CTS_ZCTSNET_424 has a frontside min_layer M1 that is outside the global min/max layer range M2 - M7. (ZRT-798)
Warning: Net CTS_ZCTSNET_384 has a frontside min_layer M1 that is outside the global min/max layer range M2 - M7. (ZRT-798)
Warning: Net u_datapath/CTS_ZCTSNET_213 has a frontside min_layer M1 that is outside the global min/max layer range M2 - M7. (ZRT-798)
Warning: Net CTS_ZCTSNET_385 has a frontside min_layer M1 that is outside the global min/max layer range M2 - M7. (ZRT-798)
Warning: Net u_main_controller_top/u_main_controller/CTS_ZCTSNET_425 has a frontside min_layer M1 that is outside the global min/max layer range M2 - M7. (ZRT-798)
Warning: Net CTS_ZCTSNET_342 has a frontside min_layer M1 that is outside the global min/max layer range M2 - M7. (ZRT-798)
Warning: Net u_datapath/CTS_ZCTSNET_215 has a frontside min_layer M1 that is outside the global min/max layer range M2 - M7. (ZRT-798)
Warning: Net u_main_controller_top/u_main_controller/CTS_ZCTSNET_426 has a frontside min_layer M1 that is outside the global min/max layer range M2 - M7. (ZRT-798)
Warning: Net CTS_ZCTSNET_386 has a frontside min_layer M1 that is outside the global min/max layer range M2 - M7. (ZRT-798)
Warning: Net u_datapath/CTS_ZCTSNET_216 has a frontside min_layer M1 that is outside the global min/max layer range M2 - M7. (ZRT-798)
Warning: Net u_main_controller_top/u_main_controller/CTS_ZCTSNET_427 has a frontside min_layer M1 that is outside the global min/max layer range M2 - M7. (ZRT-798)
Warning: Net u_main_controller_top/u_main_controller/u_sr_d512x72f116_MMS2_wrap/clock_gate_net_85 has a frontside min_layer M1 that is outside the global min/max layer range M2 - M7. (ZRT-798)
Warning: Net u_main_controller_top/u_main_controller/CTS_ZCTSNET_428 has a frontside min_layer M1 that is outside the global min/max layer range M2 - M7. (ZRT-798)
Warning: Net u_datapath/CTS_ZCTSNET_217 has a frontside min_layer M1 that is outside the global min/max layer range M2 - M7. (ZRT-798)
Warning: Net CTS_ZCTSNET_343 has a frontside min_layer M1 that is outside the global min/max layer range M2 - M7. (ZRT-798)
Warning: Net CTS_ZCTSNET_387 has a frontside min_layer M1 that is outside the global min/max layer range M2 - M7. (ZRT-798)
Warning: Net CTS_ZCTSNET_344 has a frontside min_layer M1 that is outside the global min/max layer range M2 - M7. (ZRT-798)
Warning: Net CTS_ZCTSNET_388 has a frontside min_layer M1 that is outside the global min/max layer range M2 - M7. (ZRT-798)
Warning: Net CTS_ZCTSNET_346 has a frontside min_layer M1 that is outside the global min/max layer range M2 - M7. (ZRT-798)
Warning: Net u_datapath/CTS_ZCTSNET_218 has a frontside min_layer M1 that is outside the global min/max layer range M2 - M7. (ZRT-798)
Warning: Net u_main_controller_top/u_main_controller/CTS_ZCTSNET_462 has a frontside min_layer M1 that is outside the global min/max layer range M2 - M7. (ZRT-798)
Warning: Net u_main_controller_top/u_main_controller/CTS_ZCTSNET_429 has a frontside min_layer M1 that is outside the global min/max layer range M2 - M7. (ZRT-798)
Warning: Net u_main_controller_top/u_main_controller/CTS_ZCTSNET_463 has a frontside min_layer M1 that is outside the global min/max layer range M2 - M7. (ZRT-798)
Warning: Net u_datapath/CTS_ZCTSNET_219 has a frontside min_layer M1 that is outside the global min/max layer range M2 - M7. (ZRT-798)
Warning: Net u_main_controller_top/CTS_ZCTSNET_94 has a frontside min_layer M1 that is outside the global min/max layer range M2 - M7. (ZRT-798)
Warning: Net u_datapath/u_input_line_buffer_control/CTS_ZCTSNET_61 has a frontside min_layer M1 that is outside the global min/max layer range M2 - M7. (ZRT-798)
Warning: Net CTS_ZCTSNET_347 has a frontside min_layer M1 that is outside the global min/max layer range M2 - M7. (ZRT-798)
Warning: Net u_main_controller_top/CTS_ZCTSNET_95 has a frontside min_layer M1 that is outside the global min/max layer range M2 - M7. (ZRT-798)
Warning: Net u_datapath/CTS_ZCTSNET_220 has a frontside min_layer M1 that is outside the global min/max layer range M2 - M7. (ZRT-798)
Warning: Net u_main_controller_top/u_main_controller/CTS_ZCTSNET_432 has a frontside min_layer M1 that is outside the global min/max layer range M2 - M7. (ZRT-798)
Warning: Net u_datapath/u_gamma_correction/CTS_ZCTSNET_288 has a frontside min_layer M1 that is outside the global min/max layer range M2 - M7. (ZRT-798)
Warning: Net u_datapath/CTS_ZCTSNET_221 has a frontside min_layer M1 that is outside the global min/max layer range M2 - M7. (ZRT-798)
Warning: Net u_datapath/u_gamma_correction/CTS_ZCTSNET_289 has a frontside min_layer M1 that is outside the global min/max layer range M2 - M7. (ZRT-798)
Warning: Net CTS_ZCTSNET_338 has a frontside min_layer M1 that is outside the global min/max layer range M2 - M7. (ZRT-798)
Warning: Net CTS_ZCTSNET_348 has a frontside min_layer M1 that is outside the global min/max layer range M2 - M7. (ZRT-798)
Warning: Net u_datapath/CTS_ZCTSNET_222 has a frontside min_layer M1 that is outside the global min/max layer range M2 - M7. (ZRT-798)
Warning: Net u_main_controller_top/u_main_controller/CTS_ZCTSNET_436 has a frontside min_layer M1 that is outside the global min/max layer range M2 - M7. (ZRT-798)
Warning: Net u_datapath/CTS_ZCTSNET_223 has a frontside min_layer M1 that is outside the global min/max layer range M2 - M7. (ZRT-798)
Warning: Net CTS_ZCTSNET_350 has a frontside min_layer M1 that is outside the global min/max layer range M2 - M7. (ZRT-798)
Warning: Net u_datapath/u_input_line_buffer_control/CTS_ZCTSNET_62 has a frontside min_layer M1 that is outside the global min/max layer range M2 - M7. (ZRT-798)
Warning: Net u_datapath/u_gamma_correction/CTS_ZCTSNET_290 has a frontside min_layer M1 that is outside the global min/max layer range M2 - M7. (ZRT-798)
Warning: Net u_datapath/CTS_ZCTSNET_259 has a frontside min_layer M1 that is outside the global min/max layer range M2 - M7. (ZRT-798)
Warning: Net u_datapath/u_gamma_correction/CTS_ZCTSNET_291 has a frontside min_layer M1 that is outside the global min/max layer range M2 - M7. (ZRT-798)
Warning: Net u_main_controller_top/CTS_ZCTSNET_122 has a frontside min_layer M1 that is outside the global min/max layer range M2 - M7. (ZRT-798)
Warning: Net u_datapath/CTS_ZCTSNET_224 has a frontside min_layer M1 that is outside the global min/max layer range M2 - M7. (ZRT-798)
Warning: Net u_main_controller_top/u_main_controller/CTS_ZCTSNET_482 has a frontside min_layer M1 that is outside the global min/max layer range M2 - M7. (ZRT-798)
Warning: Net u_datapath/CTS_ZCTSNET_225 has a frontside min_layer M1 that is outside the global min/max layer range M2 - M7. (ZRT-798)
Warning: Net u_datapath/CTS_ZCTSNET_260 has a frontside min_layer M1 that is outside the global min/max layer range M2 - M7. (ZRT-798)
Warning: Net u_main_controller_top/CTS_ZCTSNET_123 has a frontside min_layer M1 that is outside the global min/max layer range M2 - M7. (ZRT-798)
Warning: Net u_datapath/CTS_ZCTSNET_226 has a frontside min_layer M1 that is outside the global min/max layer range M2 - M7. (ZRT-798)
Warning: Net u_main_controller_top/u_main_controller/CTS_ZCTSNET_483 has a frontside min_layer M1 that is outside the global min/max layer range M2 - M7. (ZRT-798)
Warning: Net u_datapath/u_gamma_correction/CTS_ZCTSNET_292 has a frontside min_layer M1 that is outside the global min/max layer range M2 - M7. (ZRT-798)
Warning: Net u_datapath/CTS_ZCTSNET_261 has a frontside min_layer M1 that is outside the global min/max layer range M2 - M7. (ZRT-798)
Warning: Net u_datapath/CTS_ZCTSNET_227 has a frontside min_layer M1 that is outside the global min/max layer range M2 - M7. (ZRT-798)
Warning: Net u_datapath/CTS_ZCTSNET_262 has a frontside min_layer M1 that is outside the global min/max layer range M2 - M7. (ZRT-798)
Warning: Net u_datapath/CTS_ZCTSNET_249 has a frontside min_layer M1 that is outside the global min/max layer range M2 - M7. (ZRT-798)
Warning: Net u_datapath/CTS_ZCTSNET_228 has a frontside min_layer M1 that is outside the global min/max layer range M2 - M7. (ZRT-798)
Warning: Net u_main_controller_top/u_main_controller/CTS_ZCTSNET_484 has a frontside min_layer M1 that is outside the global min/max layer range M2 - M7. (ZRT-798)
Warning: Net u_datapath/CTS_ZCTSNET_229 has a frontside min_layer M1 that is outside the global min/max layer range M2 - M7. (ZRT-798)
Warning: Net u_datapath/u_gamma_correction/CTS_ZCTSNET_294 has a frontside min_layer M1 that is outside the global min/max layer range M2 - M7. (ZRT-798)
Warning: Net u_main_controller_top/u_main_controller/CTS_ZCTSNET_486 has a frontside min_layer M1 that is outside the global min/max layer range M2 - M7. (ZRT-798)
Warning: Net u_datapath/CTS_ZCTSNET_230 has a frontside min_layer M1 that is outside the global min/max layer range M2 - M7. (ZRT-798)
Warning: Net u_datapath/u_gamma_correction/CTS_ZCTSNET_295 has a frontside min_layer M1 that is outside the global min/max layer range M2 - M7. (ZRT-798)
Warning: Net CTS_ZCTSNET_361 has a frontside min_layer M1 that is outside the global min/max layer range M2 - M7. (ZRT-798)
Warning: Net u_main_controller_top/u_main_controller/u_sr_d512x72f116_MM0_wrap/clock_gate_net_86 has a frontside min_layer M1 that is outside the global min/max layer range M2 - M7. (ZRT-798)
Warning: Net u_datapath/CTS_ZCTSNET_250 has a frontside min_layer M1 that is outside the global min/max layer range M2 - M7. (ZRT-798)
Warning: Net u_datapath/u_output_fifo_control/CTS_ZCTSNET_13 has a frontside min_layer M1 that is outside the global min/max layer range M2 - M7. (ZRT-798)
Warning: Net u_datapath/CTS_ZCTSNET_231 has a frontside min_layer M1 that is outside the global min/max layer range M2 - M7. (ZRT-798)
Warning: Net u_datapath/u_output_fifo_control/u_output_fifo_0/CTS_ZCTSNET_11 has a frontside min_layer M1 that is outside the global min/max layer range M2 - M7. (ZRT-798)
Warning: Net u_datapath/CTS_ZCTSNET_232 has a frontside min_layer M1 that is outside the global min/max layer range M2 - M7. (ZRT-798)
Warning: Net u_datapath/u_output_fifo_control/CTS_ZCTSNET_14 has a frontside min_layer M1 that is outside the global min/max layer range M2 - M7. (ZRT-798)
Warning: Net u_datapath/u_gamma_correction/CTS_ZCTSNET_296 has a frontside min_layer M1 that is outside the global min/max layer range M2 - M7. (ZRT-798)
Warning: Net clock_gate_net_351 has a frontside min_layer M1 that is outside the global min/max layer range M2 - M7. (ZRT-798)
Warning: Net CTS_ZCTSNET_363 has a frontside min_layer M1 that is outside the global min/max layer range M2 - M7. (ZRT-798)
Warning: Net u_datapath/u_gamma_correction/CTS_ZCTSNET_297 has a frontside min_layer M1 that is outside the global min/max layer range M2 - M7. (ZRT-798)
Warning: Net u_datapath/CTS_ZCTSNET_233 has a frontside min_layer M1 that is outside the global min/max layer range M2 - M7. (ZRT-798)
Warning: Net u_clk_gen/u_clock_gen/CTS_ZCTSNET_38 has a frontside min_layer M1 that is outside the global min/max layer range M2 - M7. (ZRT-798)
Warning: Net clock_gate_net_352 has a frontside min_layer M1 that is outside the global min/max layer range M2 - M7. (ZRT-798)
Warning: Net u_datapath/CTS_ZCTSNET_234 has a frontside min_layer M1 that is outside the global min/max layer range M2 - M7. (ZRT-798)
Warning: Net u_datapath/u_gamma_correction/CTS_ZCTSNET_298 has a frontside min_layer M1 that is outside the global min/max layer range M2 - M7. (ZRT-798)
Warning: Net clock_gate_net_353 has a frontside min_layer M1 that is outside the global min/max layer range M2 - M7. (ZRT-798)
Warning: Net u_datapath/u_output_fifo_control/CTS_ZCTSNET_17 has a frontside min_layer M1 that is outside the global min/max layer range M2 - M7. (ZRT-798)
Warning: Net u_datapath/u_gamma_correction/CTS_ZCTSNET_299 has a frontside min_layer M1 that is outside the global min/max layer range M2 - M7. (ZRT-798)
Warning: Net clock_gate_net_354 has a frontside min_layer M1 that is outside the global min/max layer range M2 - M7. (ZRT-798)
Warning: Net u_datapath/CTS_ZCTSNET_235 has a frontside min_layer M1 that is outside the global min/max layer range M2 - M7. (ZRT-798)
Warning: Net u_datapath/u_gamma_correction/CTS_ZCTSNET_300 has a frontside min_layer M1 that is outside the global min/max layer range M2 - M7. (ZRT-798)
Warning: Net u_datapath/u_output_fifo_control/CTS_ZCTSNET_19 has a frontside min_layer M1 that is outside the global min/max layer range M2 - M7. (ZRT-798)
Warning: Net clock_gate_net_357 has a frontside min_layer M1 that is outside the global min/max layer range M2 - M7. (ZRT-798)
Warning: Net u_datapath/CTS_ZCTSNET_252 has a frontside min_layer M1 that is outside the global min/max layer range M2 - M7. (ZRT-798)
Warning: Net u_datapath/CTS_ZCTSNET_236 has a frontside min_layer M1 that is outside the global min/max layer range M2 - M7. (ZRT-798)
Warning: Net u_datapath/CTS_ZCTSNET_253 has a frontside min_layer M1 that is outside the global min/max layer range M2 - M7. (ZRT-798)
Warning: Net u_clk_gen/u_clock_gen/CTS_ZCTSNET_34 has a frontside min_layer M1 that is outside the global min/max layer range M2 - M7. (ZRT-798)
Warning: Net u_datapath/CTS_ZCTSNET_254 has a frontside min_layer M1 that is outside the global min/max layer range M2 - M7. (ZRT-798)
Warning: Net clock_gate_net_358 has a frontside min_layer M1 that is outside the global min/max layer range M2 - M7. (ZRT-798)
Warning: Net u_datapath/CTS_ZCTSNET_237 has a frontside min_layer M1 that is outside the global min/max layer range M2 - M7. (ZRT-798)
Warning: Net u_datapath/CTS_ZCTSNET_255 has a frontside min_layer M1 that is outside the global min/max layer range M2 - M7. (ZRT-798)
Warning: Net u_datapath/CTS_ZCTSNET_239 has a frontside min_layer M1 that is outside the global min/max layer range M2 - M7. (ZRT-798)
Warning: Net clock_gate_net_359 has a frontside min_layer M1 that is outside the global min/max layer range M2 - M7. (ZRT-798)
Warning: Net u_main_controller_top/u_main_controller/CTS_ZCTSNET_487 has a frontside min_layer M1 that is outside the global min/max layer range M2 - M7. (ZRT-798)
Warning: Net u_datapath/CTS_ZCTSNET_240 has a frontside min_layer M1 that is outside the global min/max layer range M2 - M7. (ZRT-798)
Warning: Net u_datapath/CTS_ZCTSNET_256 has a frontside min_layer M1 that is outside the global min/max layer range M2 - M7. (ZRT-798)
Warning: Net clock_gate_net_360 has a frontside min_layer M1 that is outside the global min/max layer range M2 - M7. (ZRT-798)
Warning: Net u_datapath/CTS_ZCTSNET_241 has a frontside min_layer M1 that is outside the global min/max layer range M2 - M7. (ZRT-798)
Warning: Net u_datapath/CTS_ZCTSNET_257 has a frontside min_layer M1 that is outside the global min/max layer range M2 - M7. (ZRT-798)
Warning: Net u_clk_gen/u_clock_gen/CTS_ZCTSNET_42 has a frontside min_layer M1 that is outside the global min/max layer range M2 - M7. (ZRT-798)
Warning: Net u_datapath/CTS_ZCTSNET_193 has a frontside min_layer M1 that is outside the global min/max layer range M2 - M7. (ZRT-798)
Warning: Net CTS_ZCTSNET_393 has a frontside min_layer M1 that is outside the global min/max layer range M2 - M7. (ZRT-798)
Warning: Net clock_gate_net_361 has a frontside min_layer M1 that is outside the global min/max layer range M2 - M7. (ZRT-798)
Warning: Net u_datapath/CTS_ZCTSNET_243 has a frontside min_layer M1 that is outside the global min/max layer range M2 - M7. (ZRT-798)
Warning: Net clock_gate_net_362 has a frontside min_layer M1 that is outside the global min/max layer range M2 - M7. (ZRT-798)
Warning: Net u_clk_gen/CTS_ZCTSNET_9 has a frontside min_layer M1 that is outside the global min/max layer range M2 - M7. (ZRT-798)
Warning: Net u_datapath/CTS_ZCTSNET_194 has a frontside min_layer M1 that is outside the global min/max layer range M2 - M7. (ZRT-798)
Warning: Net u_datapath/u_gamma_correction/CTS_ZCTSNET_306 has a frontside min_layer M1 that is outside the global min/max layer range M2 - M7. (ZRT-798)
Warning: Net u_datapath/CTS_ZCTSNET_195 has a frontside min_layer M1 that is outside the global min/max layer range M2 - M7. (ZRT-798)
Warning: Net u_datapath/u_input_line_buffer_control/CTS_ZCTSNET_65 has a frontside min_layer M1 that is outside the global min/max layer range M2 - M7. (ZRT-798)
Warning: Net u_datapath/u_gamma_correction/CTS_ZCTSNET_307 has a frontside min_layer M1 that is outside the global min/max layer range M2 - M7. (ZRT-798)
Warning: Net clock_gate_net_370 has a frontside min_layer M1 that is outside the global min/max layer range M2 - M7. (ZRT-798)
Warning: Net u_clk_gen/u_clock_gen/CTS_ZCTSNET_36 has a frontside min_layer M1 that is outside the global min/max layer range M2 - M7. (ZRT-798)
Warning: Net clock_gate_net_371 has a frontside min_layer M1 that is outside the global min/max layer range M2 - M7. (ZRT-798)
Warning: Net u_datapath/u_input_line_buffer_control/u_input_line_buffer_g/u_sr_d1kx16_f166_wrap1/CTS_ZCTSNET_5 has a frontside min_layer M1 that is outside the global min/max layer range M2 - M7. (ZRT-798)
Warning: Net clock_gate_net_372 has a frontside min_layer M1 that is outside the global min/max layer range M2 - M7. (ZRT-798)
Warning: Net u_datapath/u_gamma_correction/CTS_ZCTSNET_308 has a frontside min_layer M1 that is outside the global min/max layer range M2 - M7. (ZRT-798)
Warning: Net clock_gate_net_363 has a frontside min_layer M1 that is outside the global min/max layer range M2 - M7. (ZRT-798)
Warning: Net u_datapath/CTS_ZCTSNET_244 has a frontside min_layer M1 that is outside the global min/max layer range M2 - M7. (ZRT-798)
Warning: Net clock_gate_net_364 has a frontside min_layer M1 that is outside the global min/max layer range M2 - M7. (ZRT-798)
Warning: Net CTS_ZCTSNET_401 has a frontside min_layer M1 that is outside the global min/max layer range M2 - M7. (ZRT-798)
Warning: Net clock_gate_net_373 has a frontside min_layer M1 that is outside the global min/max layer range M2 - M7. (ZRT-798)
Warning: Net u_clk_gen/CTS_ZCTSNET_13 has a frontside min_layer M1 that is outside the global min/max layer range M2 - M7. (ZRT-798)
Warning: Net clock_gate_net_365 has a frontside min_layer M1 that is outside the global min/max layer range M2 - M7. (ZRT-798)
Warning: Net u_datapath/CTS_ZCTSNET_245 has a frontside min_layer M1 that is outside the global min/max layer range M2 - M7. (ZRT-798)
Warning: Net u_datapath/u_gamma_correction/CTS_ZCTSNET_309 has a frontside min_layer M1 that is outside the global min/max layer range M2 - M7. (ZRT-798)
Warning: Net clock_gate_net_374 has a frontside min_layer M1 that is outside the global min/max layer range M2 - M7. (ZRT-798)
Warning: Net clock_gate_net_366 has a frontside min_layer M1 that is outside the global min/max layer range M2 - M7. (ZRT-798)
Warning: Net u_datapath/u_input_line_buffer_control/CTS_ZCTSNET_68 has a frontside min_layer M1 that is outside the global min/max layer range M2 - M7. (ZRT-798)
Warning: Net u_datapath/u_gamma_correction/CTS_ZCTSNET_310 has a frontside min_layer M1 that is outside the global min/max layer range M2 - M7. (ZRT-798)
Warning: Net clock_gate_net_367 has a frontside min_layer M1 that is outside the global min/max layer range M2 - M7. (ZRT-798)
Warning: Net u_datapath/u_input_line_buffer_control/u_input_line_buffer_b/u_sr_d1kx16_f166_wrap0/CTS_ZCTSNET_5 has a frontside min_layer M1 that is outside the global min/max layer range M2 - M7. (ZRT-798)
Warning: Net clock_gate_net_368 has a frontside min_layer M1 that is outside the global min/max layer range M2 - M7. (ZRT-798)
Warning: Net u_datapath/u_input_line_buffer_control/CTS_ZCTSNET_69 has a frontside min_layer M1 that is outside the global min/max layer range M2 - M7. (ZRT-798)
Warning: Net clock_gate_net_369 has a frontside min_layer M1 that is outside the global min/max layer range M2 - M7. (ZRT-798)
Warning: Net u_datapath/u_gamma_correction/CTS_ZCTSNET_273 has a frontside min_layer M1 that is outside the global min/max layer range M2 - M7. (ZRT-798)
Warning: Net u_datapath/u_gamma_correction/CTS_ZCTSNET_274 has a frontside min_layer M1 that is outside the global min/max layer range M2 - M7. (ZRT-798)
Warning: Net u_datapath/CTS_ZCTSNET_247 has a frontside min_layer M1 that is outside the global min/max layer range M2 - M7. (ZRT-798)
Warning: Net u_datapath/u_gamma_correction/CTS_ZCTSNET_275 has a frontside min_layer M1 that is outside the global min/max layer range M2 - M7. (ZRT-798)
Warning: Net u_datapath/u_gamma_correction/CTS_ZCTSNET_276 has a frontside min_layer M1 that is outside the global min/max layer range M2 - M7. (ZRT-798)
Warning: Net u_datapath/u_gamma_correction/CTS_ZCTSNET_277 has a frontside min_layer M1 that is outside the global min/max layer range M2 - M7. (ZRT-798)
Warning: Net u_datapath/u_gamma_correction/CTS_ZCTSNET_278 has a frontside min_layer M1 that is outside the global min/max layer range M2 - M7. (ZRT-798)
Warning: Net u_datapath/u_gamma_correction/CTS_ZCTSNET_279 has a frontside min_layer M1 that is outside the global min/max layer range M2 - M7. (ZRT-798)
Warning: Net u_datapath/u_gamma_correction/CTS_ZCTSNET_280 has a frontside min_layer M1 that is outside the global min/max layer range M2 - M7. (ZRT-798)
Warning: Net u_datapath/u_gamma_correction/CTS_ZCTSNET_281 has a frontside min_layer M1 that is outside the global min/max layer range M2 - M7. (ZRT-798)
Warning: Net u_datapath/u_gamma_correction/CTS_ZCTSNET_282 has a frontside min_layer M1 that is outside the global min/max layer range M2 - M7. (ZRT-798)
Warning: Net u_datapath/u_gamma_correction/CTS_ZCTSNET_283 has a frontside min_layer M1 that is outside the global min/max layer range M2 - M7. (ZRT-798)
Warning: Net u_datapath/u_gamma_correction/CTS_ZCTSNET_284 has a frontside min_layer M1 that is outside the global min/max layer range M2 - M7. (ZRT-798)
Warning: Net u_datapath/CTS_ZCTSNET_248 has a frontside min_layer M1 that is outside the global min/max layer range M2 - M7. (ZRT-798)
Warning: Net u_datapath/u_gamma_correction/CTS_ZCTSNET_286 has a frontside min_layer M1 that is outside the global min/max layer range M2 - M7. (ZRT-798)
Warning: Net u_datapath/u_gamma_correction/CTS_ZCTSNET_287 has a frontside min_layer M1 that is outside the global min/max layer range M2 - M7. (ZRT-798)
Warning: Net u_datapath/CTS_ZCTSNET_273 has a frontside min_layer M1 that is outside the global min/max layer range M2 - M7. (ZRT-798)
Warning: Net CTS_ZCTSNET_432 has a frontside min_layer M1 that is outside the global min/max layer range M2 - M7. (ZRT-798)
Warning: Net u_datapath/CTS_ZCTSNET_263 has a frontside min_layer M1 that is outside the global min/max layer range M2 - M7. (ZRT-798)
Warning: Net CTS_ZCTSNET_434 has a frontside min_layer M1 that is outside the global min/max layer range M2 - M7. (ZRT-798)
Warning: Net u_datapath/CTS_ZCTSNET_264 has a frontside min_layer M1 that is outside the global min/max layer range M2 - M7. (ZRT-798)
Warning: Net CTS_ZCTSNET_435 has a frontside min_layer M1 that is outside the global min/max layer range M2 - M7. (ZRT-798)
Warning: Net u_datapath/u_gamma_correction/CTS_ZCTSNET_313 has a frontside min_layer M1 that is outside the global min/max layer range M2 - M7. (ZRT-798)
Warning: Net u_datapath/CTS_ZCTSNET_276 has a frontside min_layer M1 that is outside the global min/max layer range M2 - M7. (ZRT-798)
Warning: Net u_datapath/CTS_ZCTSNET_265 has a frontside min_layer M1 that is outside the global min/max layer range M2 - M7. (ZRT-798)
Warning: Net CTS_ZCTSNET_436 has a frontside min_layer M1 that is outside the global min/max layer range M2 - M7. (ZRT-798)
Warning: Net u_datapath/CTS_ZCTSNET_266 has a frontside min_layer M1 that is outside the global min/max layer range M2 - M7. (ZRT-798)
Warning: Net u_datapath/u_gamma_correction/clock_gate_net_1468 has a frontside min_layer M1 that is outside the global min/max layer range M2 - M7. (ZRT-798)
Warning: Net u_datapath/CTS_ZCTSNET_274 has a frontside min_layer M1 that is outside the global min/max layer range M2 - M7. (ZRT-798)
Warning: Net CTS_ZCTSNET_437 has a frontside min_layer M1 that is outside the global min/max layer range M2 - M7. (ZRT-798)
Warning: Net u_datapath/CTS_ZCTSNET_267 has a frontside min_layer M1 that is outside the global min/max layer range M2 - M7. (ZRT-798)
Warning: Net u_datapath/u_gamma_correction/clock_gate_net_1470 has a frontside min_layer M1 that is outside the global min/max layer range M2 - M7. (ZRT-798)
Warning: Net u_datapath/CTS_ZCTSNET_277 has a frontside min_layer M1 that is outside the global min/max layer range M2 - M7. (ZRT-798)
Warning: Net u_datapath/u_input_line_buffer_control/CTS_ZCTSNET_71 has a frontside min_layer M1 that is outside the global min/max layer range M2 - M7. (ZRT-798)
Warning: Net u_datapath/u_gamma_correction/clock_gate_net_1471 has a frontside min_layer M1 that is outside the global min/max layer range M2 - M7. (ZRT-798)
Warning: Net CTS_ZCTSNET_438 has a frontside min_layer M1 that is outside the global min/max layer range M2 - M7. (ZRT-798)
Warning: Net u_datapath/u_input_line_buffer_control/CTS_ZCTSNET_72 has a frontside min_layer M1 that is outside the global min/max layer range M2 - M7. (ZRT-798)
Warning: Net CTS_ZCTSNET_439 has a frontside min_layer M1 that is outside the global min/max layer range M2 - M7. (ZRT-798)
Warning: Net u_datapath/u_input_line_buffer_control/CTS_ZCTSNET_73 has a frontside min_layer M1 that is outside the global min/max layer range M2 - M7. (ZRT-798)
Warning: Net u_datapath/u_gamma_correction/clock_gate_net_1472 has a frontside min_layer M1 that is outside the global min/max layer range M2 - M7. (ZRT-798)
Warning: Net CTS_ZCTSNET_406 has a frontside min_layer M1 that is outside the global min/max layer range M2 - M7. (ZRT-798)
Warning: Net u_datapath/u_gamma_correction/clock_gate_net_1473 has a frontside min_layer M1 that is outside the global min/max layer range M2 - M7. (ZRT-798)
Warning: Net CTS_ZCTSNET_407 has a frontside min_layer M1 that is outside the global min/max layer range M2 - M7. (ZRT-798)
Warning: Net u_main_controller_top/u_main_controller/CTS_ZCTSNET_488 has a frontside min_layer M1 that is outside the global min/max layer range M2 - M7. (ZRT-798)
Warning: Net CTS_ZCTSNET_440 has a frontside min_layer M1 that is outside the global min/max layer range M2 - M7. (ZRT-798)
Warning: Net u_datapath/u_gamma_correction/clock_gate_net_1474 has a frontside min_layer M1 that is outside the global min/max layer range M2 - M7. (ZRT-798)
Warning: Net CTS_ZCTSNET_441 has a frontside min_layer M1 that is outside the global min/max layer range M2 - M7. (ZRT-798)
Warning: Net u_main_controller_top/u_main_controller/CTS_ZCTSNET_491 has a frontside min_layer M1 that is outside the global min/max layer range M2 - M7. (ZRT-798)
Warning: Net u_datapath/u_gamma_correction/clock_gate_net_1475 has a frontside min_layer M1 that is outside the global min/max layer range M2 - M7. (ZRT-798)
Warning: Net u_datapath/u_gamma_correction/u_sr_d1kx16_f166c_compensation_table_0_wrap/CTS_ZCTSNET_9 has a frontside min_layer M1 that is outside the global min/max layer range M2 - M7. (ZRT-798)
Warning: Net CTS_ZCTSNET_442 has a frontside min_layer M1 that is outside the global min/max layer range M2 - M7. (ZRT-798)
Warning: Net u_main_controller_top/u_main_controller/CTS_ZCTSNET_492 has a frontside min_layer M1 that is outside the global min/max layer range M2 - M7. (ZRT-798)
Warning: Net u_datapath/u_gamma_correction/clock_gate_net_1477 has a frontside min_layer M1 that is outside the global min/max layer range M2 - M7. (ZRT-798)
Warning: Net u_datapath/u_gamma_correction/CTS_ZCTSNET_315 has a frontside min_layer M1 that is outside the global min/max layer range M2 - M7. (ZRT-798)
Warning: Net u_main_controller_top/u_main_controller/CTS_ZCTSNET_493 has a frontside min_layer M1 that is outside the global min/max layer range M2 - M7. (ZRT-798)
Warning: Net CTS_ZCTSNET_443 has a frontside min_layer M1 that is outside the global min/max layer range M2 - M7. (ZRT-798)
Warning: Net u_main_controller_top/u_main_controller/CTS_ZCTSNET_494 has a frontside min_layer M1 that is outside the global min/max layer range M2 - M7. (ZRT-798)
Warning: Net u_datapath/u_gamma_correction/clock_gate_net_1478 has a frontside min_layer M1 that is outside the global min/max layer range M2 - M7. (ZRT-798)
Warning: Net CTS_ZCTSNET_444 has a frontside min_layer M1 that is outside the global min/max layer range M2 - M7. (ZRT-798)
Warning: Net u_datapath/u_gamma_correction/CTS_ZCTSNET_316 has a frontside min_layer M1 that is outside the global min/max layer range M2 - M7. (ZRT-798)
Warning: Net u_main_controller_top/u_main_controller/CTS_ZCTSNET_495 has a frontside min_layer M1 that is outside the global min/max layer range M2 - M7. (ZRT-798)
Warning: Net u_datapath/CTS_ZCTSNET_270 has a frontside min_layer M1 that is outside the global min/max layer range M2 - M7. (ZRT-798)
Warning: Net CTS_ZCTSNET_445 has a frontside min_layer M1 that is outside the global min/max layer range M2 - M7. (ZRT-798)
Warning: Net CTS_ZCTSNET_408 has a frontside min_layer M1 that is outside the global min/max layer range M2 - M7. (ZRT-798)
Warning: Net u_datapath/CTS_ZCTSNET_271 has a frontside min_layer M1 that is outside the global min/max layer range M2 - M7. (ZRT-798)
Warning: Net u_datapath/u_gamma_correction/clock_gate_net_1479 has a frontside min_layer M1 that is outside the global min/max layer range M2 - M7. (ZRT-798)
Warning: Net CTS_ZCTSNET_446 has a frontside min_layer M1 that is outside the global min/max layer range M2 - M7. (ZRT-798)
Warning: Net CTS_ZCTSNET_409 has a frontside min_layer M1 that is outside the global min/max layer range M2 - M7. (ZRT-798)
Warning: Net CTS_ZCTSNET_447 has a frontside min_layer M1 that is outside the global min/max layer range M2 - M7. (ZRT-798)
Warning: Net u_datapath/u_gamma_correction/clock_gate_net_1480 has a frontside min_layer M1 that is outside the global min/max layer range M2 - M7. (ZRT-798)
Warning: Net u_datapath/CTS_ZCTSNET_272 has a frontside min_layer M1 that is outside the global min/max layer range M2 - M7. (ZRT-798)
Warning: Net CTS_ZCTSNET_449 has a frontside min_layer M1 that is outside the global min/max layer range M2 - M7. (ZRT-798)
Warning: Net CTS_ZCTSNET_410 has a frontside min_layer M1 that is outside the global min/max layer range M2 - M7. (ZRT-798)
Warning: Net u_datapath/u_gamma_correction/clock_gate_net_1481 has a frontside min_layer M1 that is outside the global min/max layer range M2 - M7. (ZRT-798)
Warning: Net u_main_controller_top/clock_gate_net_4 has a frontside min_layer M1 that is outside the global min/max layer range M2 - M7. (ZRT-798)
Warning: Net CTS_ZCTSNET_412 has a frontside min_layer M1 that is outside the global min/max layer range M2 - M7. (ZRT-798)
Warning: Net u_datapath/u_gamma_correction/clock_gate_net_1482 has a frontside min_layer M1 that is outside the global min/max layer range M2 - M7. (ZRT-798)
Warning: Net u_datapath/u_gamma_correction/clock_gate_net_9604 has a frontside min_layer M1 that is outside the global min/max layer range M2 - M7. (ZRT-798)
Warning: Net CTS_ZCTSNET_413 has a frontside min_layer M1 that is outside the global min/max layer range M2 - M7. (ZRT-798)
Warning: Net u_main_controller_top/clock_gate_net_9 has a frontside min_layer M1 that is outside the global min/max layer range M2 - M7. (ZRT-798)
Warning: Net CTS_ZCTSNET_414 has a frontside min_layer M1 that is outside the global min/max layer range M2 - M7. (ZRT-798)
Warning: Net u_datapath/u_gamma_correction/clock_gate_net_9609 has a frontside min_layer M1 that is outside the global min/max layer range M2 - M7. (ZRT-798)
Warning: Net u_datapath/u_gamma_correction/clock_gate_net_1483 has a frontside min_layer M1 that is outside the global min/max layer range M2 - M7. (ZRT-798)
Warning: Net CTS_ZCTSNET_416 has a frontside min_layer M1 that is outside the global min/max layer range M2 - M7. (ZRT-798)
Warning: Net u_datapath/u_pixel_in_buffer/clock_gate_net_2 has a frontside min_layer M1 that is outside the global min/max layer range M2 - M7. (ZRT-798)
Warning: Net u_datapath/u_gamma_correction/clock_gate_net_1484 has a frontside min_layer M1 that is outside the global min/max layer range M2 - M7. (ZRT-798)
Warning: Net CTS_ZCTSNET_417 has a frontside min_layer M1 that is outside the global min/max layer range M2 - M7. (ZRT-798)
Warning: Net u_datapath/u_pixel_in_buffer/clock_gate_net_3 has a frontside min_layer M1 that is outside the global min/max layer range M2 - M7. (ZRT-798)
Warning: Net CTS_ZCTSNET_418 has a frontside min_layer M1 that is outside the global min/max layer range M2 - M7. (ZRT-798)
Warning: Net u_datapath/u_pixel_in_buffer/clock_gate_net_4 has a frontside min_layer M1 that is outside the global min/max layer range M2 - M7. (ZRT-798)
Warning: Net CTS_ZCTSNET_419 has a frontside min_layer M1 that is outside the global min/max layer range M2 - M7. (ZRT-798)
Warning: Net u_datapath/u_pixel_in_buffer/clock_gate_net_744 has a frontside min_layer M1 that is outside the global min/max layer range M2 - M7. (ZRT-798)
Warning: Net u_datapath/u_pixel_in_buffer/clock_gate_net_5 has a frontside min_layer M1 that is outside the global min/max layer range M2 - M7. (ZRT-798)
Warning: Net u_datapath/u_pixel_in_buffer/clock_gate_net_767 has a frontside min_layer M1 that is outside the global min/max layer range M2 - M7. (ZRT-798)
Warning: Net CTS_ZCTSNET_425 has a frontside min_layer M1 that is outside the global min/max layer range M2 - M7. (ZRT-798)
Warning: Net CTS_ZCTSNET_428 has a frontside min_layer M1 that is outside the global min/max layer range M2 - M7. (ZRT-798)
Warning: Net CTS_ZCTSNET_429 has a frontside min_layer M1 that is outside the global min/max layer range M2 - M7. (ZRT-798)
Warning: Net CTS_ZCTSNET_430 has a frontside min_layer M1 that is outside the global min/max layer range M2 - M7. (ZRT-798)
Skipping 6 internal pins that are not physical. Set route.common.verbose_level to > 0 and run routing command to get skipped pin names.
Info: number of net_type_blockage: 0 
Information: Via ladder engine would be activated for pattern must join connection in certain commands. Please refer to man-page for the command list. (ZRT-619)
Warning: Rule [cts_w2_s2_vlg] can't be an autoNdr rule due to net [pll1_clk_in] is not an autoNdr net.
Warning: Rule [cts_w1_s2] can't be an autoNdr rule due to net [pll2_clk_in] is not an autoNdr net.
Information: AutoNdr rule can't be found. Check the settings.
Information: When applicable Min-max layer allow_pin_connection mode will allow paths of length 3.55 outside the layer range. (ZRT-707)
Information: When applicable Min-max layer allow_pin_connection mode will allow paths of length 3.55 outside the layer range on clock nets. (ZRT-718)
Information: When applicable layer based tapering will taper up to 0.00 in distance from the pin. (ZRT-706)
Warning: The value of route.common.extra_nonpreferred_direction_wire_cost_multiplier_by_layer_name is different from default value or mega switch value. Please make sure the value is expected. (ZRT-704)
Warning: Standard cell pin MUX41X2_HVT/S0 has no valid via regions. (ZRT-044)
Warning: Standard cell pin MUX41X2_RVT/S0 has no valid via regions. (ZRT-044)
Warning: Cell u_datapath/u_gamma_correction/u_sr_d1kx16_f166c_compensation_table_0_wrap/u_sr_d1kx16_f166c_bist/bist_wr_reg is placed overlapping with other cells at {{572.072 84.912} {577.544 86.584}}. (ZRT-763)
Warning: Cell u_main_controller_top/u_main_controller/eaddr_current_reg[1] is placed overlapping with other cells at {{264.728 297.256} {270.200 298.928}}. (ZRT-763)
Warning: Cell u_datapath/u_input_line_buffer_control/clock_gate_line_reg is placed overlapping with other cells at {{522.216 277.192} {526.016 278.864}}. (ZRT-763)
Warning: Cell u_datapath/u_gamma_correction/u_video_synthesis/pixel_counter/T1_reg is placed overlapping with other cells at {{587.880 293.912} {593.352 295.584}}. (ZRT-763)
Warning: Cell u_datapath/u_gamma_correction/current_change_value5_c_reg[2] is placed overlapping with other cells at {{819.528 303.944} {825.304 305.616}}. (ZRT-763)
Warning: Cell u_main_controller_top/u_main_controller/u_fifo_sync_d256x11_f116_ewa_mem/CTS_ZCTSINV_271_63321 is placed overlapping with other cells at {{210.616 324.008} {212.440 325.680}}. (ZRT-763)
Warning: Cell u_main_controller_top/u_main_controller/A15418 is placed overlapping with other cells at {{261.384 384.200} {262.752 385.872}}. (ZRT-763)
Warning: Cell u_main_controller_top/u_main_controller/outorder_reg[6][2] is placed overlapping with other cells at {{385.112 330.696} {390.584 332.368}}. (ZRT-763)
Warning: Cell ctmi_44358 is placed overlapping with other cells at {{439.984 335.712} {441.808 337.384}}. (ZRT-763)
Warning: Cell u_i2c_control/i2c_in1_reg[1] is placed overlapping with other cells at {{486.496 332.368} {491.968 334.040}}. (ZRT-763)
Warning: Cell u_datapath/u_gamma_correction/u_video_synthesis/burst_count_dly1_reg[1] is placed overlapping with other cells at {{561.736 332.368} {565.992 334.040}}. (ZRT-763)
Warning: Cell u_datapath/u_gamma_correction/gamma_table_address_reg[0] is placed overlapping with other cells at {{647.160 330.696} {652.632 332.368}}. (ZRT-763)
Warning: Cell HFSBUF_2735_47904 is placed overlapping with other cells at {{722.096 332.368} {728.480 334.040}}. (ZRT-763)
Warning: Cell u_datapath/u_gamma_correction/ms_pos_mem_b_reg[14][1] is placed overlapping with other cells at {{841.416 364.136} {846.888 365.808}}. (ZRT-763)
Warning: Cell u_main_controller_top/u_main_controller/parameters_reg[3] is placed overlapping with other cells at {{185.688 420.984} {191.160 422.656}}. (ZRT-763)
Warning: Cell u_main_controller_top/u_main_controller/A17648 is placed overlapping with other cells at {{257.584 404.264} {258.496 405.936}}. (ZRT-763)
Warning: Cell u_main_controller_top/u_main_controller/line_offsets_reg[15][0] is placed overlapping with other cells at {{329.024 419.312} {334.496 420.984}}. (ZRT-763)
Warning: Cell CTS_ZCTSINV_1137_63561 is placed overlapping with other cells at {{448.952 420.984} {451.992 422.656}}. (ZRT-763)
Warning: Cell u_main_controller_top/u_main_controller/current_line_offset_reg[8] is placed overlapping with other cells at {{536.200 400.920} {541.672 402.592}}. (ZRT-763)
Warning: Cell u_datapath/u_input_line_buffer_control/plane_count_g_reg[0] is placed overlapping with other cells at {{617.824 459.440} {623.296 461.112}}. (ZRT-763)
Warning: Cell u_datapath/u_gamma_correction/ms_pos_mem_a_reg[9][3] is placed overlapping with other cells at {{697.320 414.296} {702.792 415.968}}. (ZRT-763)
Warning: Cell u_datapath/u_gamma_correction/ms_pos_mem_c_reg[31][1] is placed overlapping with other cells at {{771.952 409.280} {777.424 410.952}}. (ZRT-763)
Warning: Cell u_datapath/u_gamma_correction/ms_pos_mem_c_reg[1][4] is placed overlapping with other cells at {{799.160 441.048} {804.632 442.720}}. (ZRT-763)
Warning: Cell u_main_controller_top/u_main_controller/A19002 is placed overlapping with other cells at {{220.040 479.504} {221.560 481.176}}. (ZRT-763)
Warning: Cell u_main_controller_top/u_main_controller/DOUT_D2_reg[29] is placed overlapping with other cells at {{282.056 526.320} {286.312 527.992}}. (ZRT-763)
Warning: Cell u_flash_control/rd_sched_addr_reg[2] is placed overlapping with other cells at {{348.176 496.224} {353.648 497.896}}. (ZRT-763)
Warning: Cell u_flash_control/flash2control_dout_reg[36] is placed overlapping with other cells at {{449.408 509.600} {454.880 511.272}}. (ZRT-763)
Warning: Cell u_flash_control/outreg1_reg[11] is placed overlapping with other cells at {{509.448 494.552} {514.920 496.224}}. (ZRT-763)
Warning: Cell u_datapath/u_shiftout/out_f_L_reg[2] is placed overlapping with other cells at {{590.464 554.744} {595.936 556.416}}. (ZRT-763)
Warning: Cell HFSBUF_62406_47527 is placed overlapping with other cells at {{242.536 559.760} {244.816 561.432}}. (ZRT-763)
Warning: Cell u_reset_control/u_delay/T4_reg is placed overlapping with other cells at {{348.176 608.248} {353.648 609.920}}. (ZRT-763)
Warning: Cell u_datapath/A27407 is placed overlapping with other cells at {{428.888 598.216} {430.864 599.888}}. (ZRT-763)
Warning: Cell u_datapath/u_output_fifo_control/done_reg is placed overlapping with other cells at {{545.168 576.480} {550.640 578.152}}. (ZRT-763)
Warning: Cell u_datapath/CTS_ZCTSINV_1350_63587 is placed overlapping with other cells at {{599.432 578.152} {602.472 579.824}}. (ZRT-763)
Warning: Cell u_main_controller_top/u_main_controller/u_output_buf/ctrl_shiftout1_reg[20] is placed overlapping with other cells at {{296.192 681.816} {301.664 683.488}}. (ZRT-763)
Warning: Cell u_datapath/u_rotating_cache_control/rc1/mem9_reg[6] is placed overlapping with other cells at {{421.440 678.472} {426.912 680.144}}. (ZRT-763)
Warning: Cell u_datapath/u_rotating_cache_control/rc2/ad2_reg[15] is placed overlapping with other cells at {{501.392 671.784} {506.864 673.456}}. (ZRT-763)
Warning: Cell u_datapath/u_rotating_cache_control/rc2/mem0_reg[12] is placed overlapping with other cells at {{492.120 733.648} {497.592 735.320}}. (ZRT-763)
CTO: setting route_reuse..
************************************************************
* CTS STEP: Clock Net Global Routing
************************************************************
Performing initial clock net global routing ...
Loading parastics information to the router ...
Information: Orientation ETCH is using reference direction: VERTICAL. (NEX-032)
parastics information loaded to the router.
[End of Loading Timing] Elapsed real time: 0:00:00 
[End of Loading Timing] Elapsed cpu  time: sys=0:00:00 usr=0:00:00 total=0:00:00
Information: The net parasitics of block fsc_top are cleared. (TIM-123)
Total number of global routed clock nets: 1548
Information: The run time for clock net global routing is 0 hr : 0 min : 3.15 sec, cpu time is 0 hr : 0 min : 3.79 sec. (CTS-104)
Information: The stitching and editing of coupling caps is turned OFF for design 'fsc_top_CTS.nlib:fsc_top.design'. (TIM-125)
Information: Design fsc_top has 40393 nets, 1547 global routed, 4 detail routed. (NEX-024)
Information: Orientation ETCH is using reference direction: VERTICAL. (NEX-032)
Information: The RC mode used is CTO for design 'fsc_top'. (NEX-022)
Information: Design Average RC for design fsc_top  (NEX-011)
Information: r = 1.785714 ohm/um, via_r = 0.500000 ohm/cut, c = 0.073757 ff/um, cc = 0.000000 ff/um (X dir) (NEX-017)
Information: r = 1.785714 ohm/um, via_r = 0.500000 ohm/cut, c = 0.085772 ff/um, cc = 0.000000 ff/um (Y dir) (NEX-017)
Information: Update timing completed net estimation for all the timing graph nets (TIM-111)
Information: Net estimation statistics: timing graph nets = 40391, routed nets = 1551, across physical hierarchy nets = 0, parasitics cached nets = 1619, delay annotated nets = 0, parasitics annotated nets = 0, multi-voltage nets = 0. (TIM-112)
Information: The netlist change observers are disabled for incremental timing updates. (TIM-119)
Information: The netlist change observers are disabled for incremental extraction. (TIM-126)
CTSSC route status detected: clock (VR 68, GR 38607, DR 58), data (VR 38775, GR 0, DR 0); stage = auto, isPostRoute = FALSE
Information: 'ss0p95v125c' is identified as primary corner for initial clock tree building. (CTS-103)
Warning: App option ccd.cto_max_displacement_threshold expects auto or a float number, tool uses auto
Information: Orientation ETCH is using reference direction: VERTICAL. (NEX-032)
INFO: wire-opt feature for router enabled
Cell Min-Routing-Layer = M2
Cell Max-Routing-Layer = M7
Turn off antenna since no rule is specified
Information: Option route.detail.force_end_on_preferred_grid will be ignored since none of the layers have preferred grid. (ZRT-703)
Warning: Cannot find a default contact code for layer CO. (ZRT-022)
Warning: Net pll2_clk_in has a frontside min_layer M1 that is outside the global min/max layer range M2 - M7. (ZRT-798)
Warning: Net u_datapath/clock_gate_net_180 has a frontside min_layer M1 that is outside the global min/max layer range M2 - M7. (ZRT-798)
Warning: Net comp_clk has a frontside min_layer M1 that is outside the global min/max layer range M2 - M7. (ZRT-798)
Warning: Net clk3_n has a frontside min_layer M1 that is outside the global min/max layer range M2 - M7. (ZRT-798)
Warning: Net u_datapath/u_output_fifo_control/CTS_ZCTSNET_0 has a frontside min_layer M1 that is outside the global min/max layer range M2 - M7. (ZRT-798)
Warning: Net u_clk_gen/system_clk_int has a frontside min_layer M1 that is outside the global min/max layer range M2 - M7. (ZRT-798)
Warning: Net u_clk_gen/system_clk_int_div2 has a frontside min_layer M1 that is outside the global min/max layer range M2 - M7. (ZRT-798)
Warning: Net u_clk_gen/u_clock_gen/pixel_clk_neg has a frontside min_layer M1 that is outside the global min/max layer range M2 - M7. (ZRT-798)
Warning: Net u_clk_gen/u_clock_gen/aps_rename_4450_ has a frontside min_layer M1 that is outside the global min/max layer range M2 - M7. (ZRT-798)
Warning: Net u_clk_gen/u_clock_gen/comp_clk_neg has a frontside min_layer M1 that is outside the global min/max layer range M2 - M7. (ZRT-798)
Warning: Net u_clk_gen/u_clock_gen/pll1_clk_neg has a frontside min_layer M1 that is outside the global min/max layer range M2 - M7. (ZRT-798)
Warning: Net u_clk_gen/u_clock_gen/pixel_comp_clk_neg has a frontside min_layer M1 that is outside the global min/max layer range M2 - M7. (ZRT-798)
Warning: Net u_clk_gen/u_clock_gen/pll2_clk_neg has a frontside min_layer M1 that is outside the global min/max layer range M2 - M7. (ZRT-798)
Warning: Net u_clk_gen/u_clock_gen/sdram_clk_neg has a frontside min_layer M1 that is outside the global min/max layer range M2 - M7. (ZRT-798)
Warning: Net u_clk_gen/u_clock_gen/panel_clk_neg has a frontside min_layer M1 that is outside the global min/max layer range M2 - M7. (ZRT-798)
Warning: Net u_clk_gen/u_clock_gen/panel_clk_div2_neg has a frontside min_layer M1 that is outside the global min/max layer range M2 - M7. (ZRT-798)
Warning: Net u_clk_gen/u_clock_gen/flash_clk_neg has a frontside min_layer M1 that is outside the global min/max layer range M2 - M7. (ZRT-798)
Warning: Net u_clk_gen/u_clock_gen/CTS_ZCTSNET_25 has a frontside min_layer M1 that is outside the global min/max layer range M2 - M7. (ZRT-798)
Warning: Net u_main_controller_top/u_main_controller/u_fifo_sync_d64x14_f116_line_mem/clock_gate_net_1 has a frontside min_layer M1 that is outside the global min/max layer range M2 - M7. (ZRT-798)
Warning: Net u_main_controller_top/u_main_controller/u_fifo_sync_d64x14_f116_line_mem/clock_gate_net_2 has a frontside min_layer M1 that is outside the global min/max layer range M2 - M7. (ZRT-798)
Warning: Net u_main_controller_top/u_main_controller/u_fifo_sync_d64x14_f116_line_mem/clock_gate_net_3 has a frontside min_layer M1 that is outside the global min/max layer range M2 - M7. (ZRT-798)
Warning: Net u_datapath/u_color_interleaver/clock_gate_net_276 has a frontside min_layer M1 that is outside the global min/max layer range M2 - M7. (ZRT-798)
Warning: Net u_datapath/u_gamma_flash_fifo_control/u_load_mem_fifo/CTS_ZCTSNET_4 has a frontside min_layer M1 that is outside the global min/max layer range M2 - M7. (ZRT-798)
Warning: Net u_datapath/u_gamma_flash_fifo_control/u_load_mem_fifo/clock_gate_net_2 has a frontside min_layer M1 that is outside the global min/max layer range M2 - M7. (ZRT-798)
Warning: Net u_datapath/u_gamma_flash_fifo_control/CTS_ZCTSNET_7 has a frontside min_layer M1 that is outside the global min/max layer range M2 - M7. (ZRT-798)
Warning: Net u_datapath/u_gamma_flash_fifo_control/CTS_ZCTSNET_8 has a frontside min_layer M1 that is outside the global min/max layer range M2 - M7. (ZRT-798)
Warning: Net u_clk_gen/u_clock_gen/CTS_ZCTSNET_27 has a frontside min_layer M1 that is outside the global min/max layer range M2 - M7. (ZRT-798)
Warning: Net u_datapath/u_gamma_correction/CTS_ZCTSNET_189 has a frontside min_layer M1 that is outside the global min/max layer range M2 - M7. (ZRT-798)
Warning: Net u_datapath/u_gamma_correction/CTS_ZCTSNET_190 has a frontside min_layer M1 that is outside the global min/max layer range M2 - M7. (ZRT-798)
Warning: Net u_datapath/u_gamma_correction/CTS_ZCTSNET_178 has a frontside min_layer M1 that is outside the global min/max layer range M2 - M7. (ZRT-798)
Warning: Net u_datapath/u_gamma_correction/clock_gate_net_1366 has a frontside min_layer M1 that is outside the global min/max layer range M2 - M7. (ZRT-798)
Warning: Net u_datapath/u_gamma_correction/CTS_ZCTSNET_188 has a frontside min_layer M1 that is outside the global min/max layer range M2 - M7. (ZRT-798)
Warning: Net u_datapath/u_gamma_correction/clock_gate_net_1367 has a frontside min_layer M1 that is outside the global min/max layer range M2 - M7. (ZRT-798)
Warning: Net u_datapath/u_gamma_correction/CTS_ZCTSNET_199 has a frontside min_layer M1 that is outside the global min/max layer range M2 - M7. (ZRT-798)
Warning: Net u_datapath/u_gamma_correction/CTS_ZCTSNET_176 has a frontside min_layer M1 that is outside the global min/max layer range M2 - M7. (ZRT-798)
Warning: Net u_datapath/u_gamma_correction/CTS_ZCTSNET_202 has a frontside min_layer M1 that is outside the global min/max layer range M2 - M7. (ZRT-798)
Warning: Net u_datapath/u_gamma_correction/CTS_ZCTSNET_203 has a frontside min_layer M1 that is outside the global min/max layer range M2 - M7. (ZRT-798)
Warning: Net u_datapath/u_gamma_correction/CTS_ZCTSNET_204 has a frontside min_layer M1 that is outside the global min/max layer range M2 - M7. (ZRT-798)
Warning: Net u_datapath/u_gamma_correction/CTS_ZCTSNET_193 has a frontside min_layer M1 that is outside the global min/max layer range M2 - M7. (ZRT-798)
Warning: Net u_datapath/u_gamma_correction/CTS_ZCTSNET_175 has a frontside min_layer M1 that is outside the global min/max layer range M2 - M7. (ZRT-798)
Warning: Net u_datapath/u_gamma_correction/CTS_ZCTSNET_191 has a frontside min_layer M1 that is outside the global min/max layer range M2 - M7. (ZRT-798)
Warning: Net u_datapath/u_gamma_correction/clock_gate_net_1469 has a frontside min_layer M1 that is outside the global min/max layer range M2 - M7. (ZRT-798)
Warning: Net u_datapath/u_gamma_correction/CTS_ZCTSNET_192 has a frontside min_layer M1 that is outside the global min/max layer range M2 - M7. (ZRT-798)
Warning: Net u_datapath/u_gamma_correction/CTS_ZCTSNET_0 has a frontside min_layer M1 that is outside the global min/max layer range M2 - M7. (ZRT-798)
Warning: Net u_datapath/u_gamma_correction/CTS_ZCTSNET_205 has a frontside min_layer M1 that is outside the global min/max layer range M2 - M7. (ZRT-798)
Warning: Net u_datapath/u_gamma_correction/CTS_ZCTSNET_194 has a frontside min_layer M1 that is outside the global min/max layer range M2 - M7. (ZRT-798)
Warning: Net u_datapath/u_gamma_correction/u_sr_d1kx16_f166g_gamma_wrap/clock_gate_net_46 has a frontside min_layer M1 that is outside the global min/max layer range M2 - M7. (ZRT-798)
Warning: Net u_datapath/u_gamma_correction/CTS_ZCTSNET_206 has a frontside min_layer M1 that is outside the global min/max layer range M2 - M7. (ZRT-798)
Warning: Net u_datapath/u_gamma_correction/CTS_ZCTSNET_195 has a frontside min_layer M1 that is outside the global min/max layer range M2 - M7. (ZRT-798)
Warning: Net u_datapath/u_gamma_correction/u_sr_d1kx16_f166g_gamma_wrap/CTS_ZCTSNET_0 has a frontside min_layer M1 that is outside the global min/max layer range M2 - M7. (ZRT-798)
Warning: Net u_datapath/u_gamma_correction/CTS_ZCTSNET_207 has a frontside min_layer M1 that is outside the global min/max layer range M2 - M7. (ZRT-798)
Warning: Net u_datapath/u_gamma_correction/CTS_ZCTSNET_196 has a frontside min_layer M1 that is outside the global min/max layer range M2 - M7. (ZRT-798)
Warning: Net u_datapath/u_gamma_correction/CTS_ZCTSNET_179 has a frontside min_layer M1 that is outside the global min/max layer range M2 - M7. (ZRT-798)
Warning: Net u_datapath/u_gamma_correction/CTS_ZCTSNET_180 has a frontside min_layer M1 that is outside the global min/max layer range M2 - M7. (ZRT-798)
Warning: Net u_datapath/u_gamma_correction/CTS_ZCTSNET_181 has a frontside min_layer M1 that is outside the global min/max layer range M2 - M7. (ZRT-798)
Warning: Net u_datapath/u_gamma_correction/CTS_ZCTSNET_197 has a frontside min_layer M1 that is outside the global min/max layer range M2 - M7. (ZRT-798)
Warning: Net u_datapath/u_gamma_correction/CTS_ZCTSNET_182 has a frontside min_layer M1 that is outside the global min/max layer range M2 - M7. (ZRT-798)
Warning: Net u_datapath/u_gamma_correction/CTS_ZCTSNET_11 has a frontside min_layer M1 that is outside the global min/max layer range M2 - M7. (ZRT-798)
Warning: Net u_datapath/u_gamma_correction/CTS_ZCTSNET_183 has a frontside min_layer M1 that is outside the global min/max layer range M2 - M7. (ZRT-798)
Warning: Net u_datapath/u_gamma_correction/CTS_ZCTSNET_184 has a frontside min_layer M1 that is outside the global min/max layer range M2 - M7. (ZRT-798)
Warning: Net u_datapath/u_gamma_correction/CTS_ZCTSNET_185 has a frontside min_layer M1 that is outside the global min/max layer range M2 - M7. (ZRT-798)
Warning: Net u_datapath/u_gamma_correction/CTS_ZCTSNET_186 has a frontside min_layer M1 that is outside the global min/max layer range M2 - M7. (ZRT-798)
Warning: Net u_datapath/u_gamma_correction/CTS_ZCTSNET_187 has a frontside min_layer M1 that is outside the global min/max layer range M2 - M7. (ZRT-798)
Warning: Net u_datapath/u_gamma_correction/u_sr_d1kx16_f166c_compensation_table_0_wrap/clock_gate_net_46 has a frontside min_layer M1 that is outside the global min/max layer range M2 - M7. (ZRT-798)
Warning: Net u_datapath/u_gamma_correction/u_sr_d1kx16_f166c_compensation_table_0_wrap/CTS_ZCTSNET_8 has a frontside min_layer M1 that is outside the global min/max layer range M2 - M7. (ZRT-798)
Warning: Net u_datapath/u_input_line_buffer_control/u_input_line_buffer_g/u_sr_d1kx16_f166_wrap1/clock_gate_net_46 has a frontside min_layer M1 that is outside the global min/max layer range M2 - M7. (ZRT-798)
Warning: Net u_datapath/u_input_line_buffer_control/u_input_line_buffer_g/u_sr_d1kx16_f166_wrap1/CTS_ZCTSNET_0 has a frontside min_layer M1 that is outside the global min/max layer range M2 - M7. (ZRT-798)
Warning: Net u_datapath/u_gamma_correction/u_sr_d1kx16_f166c_compensation_table_2_wrap/clock_gate_net_46 has a frontside min_layer M1 that is outside the global min/max layer range M2 - M7. (ZRT-798)
Warning: Net u_datapath/u_gamma_correction/u_sr_d1kx16_f166c_compensation_table_2_wrap/CTS_ZCTSNET_0 has a frontside min_layer M1 that is outside the global min/max layer range M2 - M7. (ZRT-798)
Warning: Net u_datapath/u_gamma_correction/u_sr_d1kx16_f166c_compensation_table_1_wrap/clock_gate_net_46 has a frontside min_layer M1 that is outside the global min/max layer range M2 - M7. (ZRT-798)
Warning: Net u_datapath/clock_gate_net_25 has a frontside min_layer M1 that is outside the global min/max layer range M2 - M7. (ZRT-798)
Warning: Net u_datapath/CTS_ZCTSNET_141 has a frontside min_layer M1 that is outside the global min/max layer range M2 - M7. (ZRT-798)
Warning: Net u_datapath/u_input_line_buffer_control/u_input_line_buffer_g/u_sr_d1kx16_f166_wrap0/clock_gate_net_46 has a frontside min_layer M1 that is outside the global min/max layer range M2 - M7. (ZRT-798)
Warning: Net u_datapath/clock_gate_net_26 has a frontside min_layer M1 that is outside the global min/max layer range M2 - M7. (ZRT-798)
Warning: Net u_datapath/u_gamma_correction/u_sr_d1kx16_f166c_compensation_table_1_wrap/CTS_ZCTSNET_5 has a frontside min_layer M1 that is outside the global min/max layer range M2 - M7. (ZRT-798)
Warning: Net u_datapath/clock_gate_net_27 has a frontside min_layer M1 that is outside the global min/max layer range M2 - M7. (ZRT-798)
Warning: Net u_main_controller_top/u_main_controller/CTS_ZCTSNET_268 has a frontside min_layer M1 that is outside the global min/max layer range M2 - M7. (ZRT-798)
Warning: Net u_datapath/u_input_line_buffer_control/u_input_line_buffer_g/u_sr_d1kx16_f166_wrap0/CTS_ZCTSNET_0 has a frontside min_layer M1 that is outside the global min/max layer range M2 - M7. (ZRT-798)
Warning: Net u_datapath/clock_gate_net_28 has a frontside min_layer M1 that is outside the global min/max layer range M2 - M7. (ZRT-798)
Warning: Net u_datapath/CTS_ZCTSNET_139 has a frontside min_layer M1 that is outside the global min/max layer range M2 - M7. (ZRT-798)
Warning: Net u_datapath/CTS_ZCTSNET_142 has a frontside min_layer M1 that is outside the global min/max layer range M2 - M7. (ZRT-798)
Warning: Net u_datapath/clock_gate_net_30 has a frontside min_layer M1 that is outside the global min/max layer range M2 - M7. (ZRT-798)
Warning: Net u_datapath/CTS_ZCTSNET_143 has a frontside min_layer M1 that is outside the global min/max layer range M2 - M7. (ZRT-798)
Warning: Net u_datapath/clock_gate_net_31 has a frontside min_layer M1 that is outside the global min/max layer range M2 - M7. (ZRT-798)
Warning: Net u_datapath/CTS_ZCTSNET_140 has a frontside min_layer M1 that is outside the global min/max layer range M2 - M7. (ZRT-798)
Warning: Net u_datapath/clock_gate_net_32 has a frontside min_layer M1 that is outside the global min/max layer range M2 - M7. (ZRT-798)
Warning: Net u_datapath/CTS_ZCTSNET_137 has a frontside min_layer M1 that is outside the global min/max layer range M2 - M7. (ZRT-798)
Warning: Net u_datapath/clock_gate_net_33 has a frontside min_layer M1 that is outside the global min/max layer range M2 - M7. (ZRT-798)
Warning: Net u_datapath/clock_gate_net_20 has a frontside min_layer M1 that is outside the global min/max layer range M2 - M7. (ZRT-798)
Warning: Net u_main_controller_top/u_main_controller/CTS_ZCTSNET_269 has a frontside min_layer M1 that is outside the global min/max layer range M2 - M7. (ZRT-798)
Warning: Net u_main_controller_top/u_main_controller/CTS_ZCTSNET_270 has a frontside min_layer M1 that is outside the global min/max layer range M2 - M7. (ZRT-798)
Warning: Net u_datapath/clock_gate_net_4411 has a frontside min_layer M1 that is outside the global min/max layer range M2 - M7. (ZRT-798)
Warning: Net u_datapath/clock_gate_net_3111 has a frontside min_layer M1 that is outside the global min/max layer range M2 - M7. (ZRT-798)
Warning: Net u_datapath/clock_gate_net_3116 has a frontside min_layer M1 that is outside the global min/max layer range M2 - M7. (ZRT-798)
Warning: Net u_datapath/clock_gate_net_3120 has a frontside min_layer M1 that is outside the global min/max layer range M2 - M7. (ZRT-798)
Warning: Net u_datapath/clock_gate_net_3126 has a frontside min_layer M1 that is outside the global min/max layer range M2 - M7. (ZRT-798)
Warning: Net CTS_ZCTSNET_219 has a frontside min_layer M1 that is outside the global min/max layer range M2 - M7. (ZRT-798)
Warning: Net u_datapath/clock_gate_net_4417 has a frontside min_layer M1 that is outside the global min/max layer range M2 - M7. (ZRT-798)
Warning: Net u_datapath/u_output_fifo_control/CTS_ZCTSNET_12 has a frontside min_layer M1 that is outside the global min/max layer range M2 - M7. (ZRT-798)
Warning: Net u_datapath/u_input_line_buffer_control/CTS_ZCTSNET_1 has a frontside min_layer M1 that is outside the global min/max layer range M2 - M7. (ZRT-798)
Warning: Net u_datapath/u_input_line_buffer_control/CTS_ZCTSNET_5 has a frontside min_layer M1 that is outside the global min/max layer range M2 - M7. (ZRT-798)
Warning: Net u_datapath/u_input_line_buffer_control/CTS_ZCTSNET_52 has a frontside min_layer M1 that is outside the global min/max layer range M2 - M7. (ZRT-798)
Warning: Net u_datapath/u_input_line_buffer_control/clock_gate_net_317 has a frontside min_layer M1 that is outside the global min/max layer range M2 - M7. (ZRT-798)
Warning: Net u_datapath/u_input_line_buffer_control/CTS_ZCTSNET_53 has a frontside min_layer M1 that is outside the global min/max layer range M2 - M7. (ZRT-798)
Warning: Net u_datapath/u_input_line_buffer_control/CTS_ZCTSNET_2 has a frontside min_layer M1 that is outside the global min/max layer range M2 - M7. (ZRT-798)
Warning: Net u_datapath/u_input_line_buffer_control/clock_gate_net_318 has a frontside min_layer M1 that is outside the global min/max layer range M2 - M7. (ZRT-798)
Warning: Net u_datapath/u_input_line_buffer_control/clock_gate_net_325 has a frontside min_layer M1 that is outside the global min/max layer range M2 - M7. (ZRT-798)
Warning: Net u_datapath/u_input_line_buffer_control/CTS_ZCTSNET_0 has a frontside min_layer M1 that is outside the global min/max layer range M2 - M7. (ZRT-798)
Warning: Net u_datapath/u_input_line_buffer_control/CTS_ZCTSNET_54 has a frontside min_layer M1 that is outside the global min/max layer range M2 - M7. (ZRT-798)
Warning: Net u_datapath/u_input_line_buffer_control/CTS_ZCTSNET_51 has a frontside min_layer M1 that is outside the global min/max layer range M2 - M7. (ZRT-798)
Warning: Net u_datapath/u_input_line_buffer_control/CTS_ZCTSNET_48 has a frontside min_layer M1 that is outside the global min/max layer range M2 - M7. (ZRT-798)
Warning: Net u_datapath/u_input_line_buffer_control/CTS_ZCTSNET_49 has a frontside min_layer M1 that is outside the global min/max layer range M2 - M7. (ZRT-798)
Warning: Net u_datapath/u_input_line_buffer_control/clock_gate_net_329 has a frontside min_layer M1 that is outside the global min/max layer range M2 - M7. (ZRT-798)
Warning: Net u_datapath/u_input_line_buffer_control/clock_gate_net_330 has a frontside min_layer M1 that is outside the global min/max layer range M2 - M7. (ZRT-798)
Warning: Net u_datapath/u_input_line_buffer_control/CTS_ZCTSNET_50 has a frontside min_layer M1 that is outside the global min/max layer range M2 - M7. (ZRT-798)
Warning: Net u_datapath/u_input_line_buffer_control/u_input_line_buffer_r/u_sr_d1kx16_f166_wrap0/clock_gate_net_46 has a frontside min_layer M1 that is outside the global min/max layer range M2 - M7. (ZRT-798)
Warning: Net u_datapath/u_input_line_buffer_control/u_input_line_buffer_b/u_sr_d1kx16_f166_wrap0/clock_gate_net_46 has a frontside min_layer M1 that is outside the global min/max layer range M2 - M7. (ZRT-798)
Warning: Net u_datapath/u_input_line_buffer_control/u_input_line_buffer_r/u_sr_d1kx16_f166_wrap1/CTS_ZCTSNET_6 has a frontside min_layer M1 that is outside the global min/max layer range M2 - M7. (ZRT-798)
Warning: Net u_datapath/u_input_line_buffer_control/u_input_line_buffer_r/u_sr_d1kx16_f166_wrap0/CTS_ZCTSNET_6 has a frontside min_layer M1 that is outside the global min/max layer range M2 - M7. (ZRT-798)
Warning: Net u_datapath/u_input_line_buffer_control/u_input_line_buffer_b/u_sr_d1kx16_f166_wrap1/clock_gate_net_46 has a frontside min_layer M1 that is outside the global min/max layer range M2 - M7. (ZRT-798)
Warning: Net u_datapath/u_input_line_buffer_control/u_input_line_buffer_b/u_sr_d1kx16_f166_wrap0/CTS_ZCTSNET_0 has a frontside min_layer M1 that is outside the global min/max layer range M2 - M7. (ZRT-798)
Warning: Net u_datapath/u_input_line_buffer_control/u_input_line_buffer_b/u_sr_d1kx16_f166_wrap1/CTS_ZCTSNET_6 has a frontside min_layer M1 that is outside the global min/max layer range M2 - M7. (ZRT-798)
Warning: Net u_main_controller_top/u_main_controller/CTS_ZCTSNET_271 has a frontside min_layer M1 that is outside the global min/max layer range M2 - M7. (ZRT-798)
Warning: Net u_datapath/u_input_line_buffer_control/u_input_line_buffer_r/u_sr_d1kx16_f166_wrap1/CTS_ZCTSNET_0 has a frontside min_layer M1 that is outside the global min/max layer range M2 - M7. (ZRT-798)
Warning: Net u_datapath/u_gamma_flash_fifo_control/u_load_mem_fifo/clock_gate_net_4 has a frontside min_layer M1 that is outside the global min/max layer range M2 - M7. (ZRT-798)
Warning: Net u_main_controller_top/u_main_controller/u_fifo_sync_d256x11_f116_ewa_mem/u_rf_d256x11_f116_wrap/clock_gate_net_45 has a frontside min_layer M1 that is outside the global min/max layer range M2 - M7. (ZRT-798)
Warning: Net u_main_controller_top/u_main_controller/u_fifo_sync_d256x11_f116_ewa_mem/u_rf_d256x11_f116_wrap/CTS_ZCTSNET_0 has a frontside min_layer M1 that is outside the global min/max layer range M2 - M7. (ZRT-798)
Warning: Net u_main_controller_top/u_main_controller/u_address_fifo/u_rf_d256x17_f166_wrap/clock_gate_net_39 has a frontside min_layer M1 that is outside the global min/max layer range M2 - M7. (ZRT-798)
Warning: Net u_main_controller_top/u_main_controller/u_address_fifo/u_rf_d256x17_f166_wrap/CTS_ZCTSNET_0 has a frontside min_layer M1 that is outside the global min/max layer range M2 - M7. (ZRT-798)
Warning: Net u_datapath/u_output_fifo_control/u_output_fifo_0/CTS_ZCTSNET_0 has a frontside min_layer M1 that is outside the global min/max layer range M2 - M7. (ZRT-798)
Warning: Net u_datapath/u_output_fifo_control/u_output_fifo_0/CTS_ZCTSNET_8 has a frontside min_layer M1 that is outside the global min/max layer range M2 - M7. (ZRT-798)
Warning: Net u_clk_gen/CTS_ZCTSNET_8 has a frontside min_layer M1 that is outside the global min/max layer range M2 - M7. (ZRT-798)
Warning: Net u_clk_gen/u_pll_mux/sys_clk_neg has a frontside min_layer M1 that is outside the global min/max layer range M2 - M7. (ZRT-798)
Warning: Net u_clk_gen/u_pll_mux/pll1_out_neg has a frontside min_layer M1 that is outside the global min/max layer range M2 - M7. (ZRT-798)
Warning: Net u_clk_gen/u_pll_mux/pll2_out_neg has a frontside min_layer M1 that is outside the global min/max layer range M2 - M7. (ZRT-798)
Warning: Net u_datapath/u_output_fifo_control/u_output_fifo_1/CTS_ZCTSNET_8 has a frontside min_layer M1 that is outside the global min/max layer range M2 - M7. (ZRT-798)
Warning: Net u_datapath/u_output_fifo_control/u_output_fifo_0/CTS_ZCTSNET_9 has a frontside min_layer M1 that is outside the global min/max layer range M2 - M7. (ZRT-798)
Warning: Net u_datapath/u_output_fifo_control/u_output_fifo_1/CTS_ZCTSNET_9 has a frontside min_layer M1 that is outside the global min/max layer range M2 - M7. (ZRT-798)
Warning: Net u_main_controller_top/u_main_controller/u_fifo_sync_d256x11_f116_ewa_mem/CTS_ZCTSNET_6 has a frontside min_layer M1 that is outside the global min/max layer range M2 - M7. (ZRT-798)
Warning: Net u_datapath/u_output_fifo_control/u_output_fifo_1/CTS_ZCTSNET_10 has a frontside min_layer M1 that is outside the global min/max layer range M2 - M7. (ZRT-798)
Warning: Net u_main_controller_top/u_main_controller/u_fifo_sync_d16x50_f116_ptr_ud_fifo/clock_gate_net_1 has a frontside min_layer M1 that is outside the global min/max layer range M2 - M7. (ZRT-798)
Warning: Net u_datapath/u_gamma_flash_fifo_control/clock_gate_net_4 has a frontside min_layer M1 that is outside the global min/max layer range M2 - M7. (ZRT-798)
Warning: Net u_datapath/u_output_fifo_control/u_output_fifo_0/u_sr_d1kx32_f233_wrap/clock_gate_net_46 has a frontside min_layer M1 that is outside the global min/max layer range M2 - M7. (ZRT-798)
Warning: Net u_main_controller_top/u_main_controller/u_fifo_sync_d16x50_f116_ptr_ud_fifo/clock_gate_net_2 has a frontside min_layer M1 that is outside the global min/max layer range M2 - M7. (ZRT-798)
Warning: Net u_datapath/u_output_fifo_control/u_output_fifo_0/u_sr_d1kx32_f233_wrap/CTS_ZCTSNET_0 has a frontside min_layer M1 that is outside the global min/max layer range M2 - M7. (ZRT-798)
Warning: Net u_main_controller_top/u_main_controller/u_fifo_sync_d16x50_f116_ptr_ud_fifo/clock_gate_net_3 has a frontside min_layer M1 that is outside the global min/max layer range M2 - M7. (ZRT-798)
Warning: Net u_datapath/u_output_fifo_control/u_output_fifo_1/u_sr_d1kx32_f233_wrap/clock_gate_net_46 has a frontside min_layer M1 that is outside the global min/max layer range M2 - M7. (ZRT-798)
Warning: Net u_datapath/u_output_fifo_control/u_output_fifo_1/u_sr_d1kx32_f233_wrap/CTS_ZCTSNET_0 has a frontside min_layer M1 that is outside the global min/max layer range M2 - M7. (ZRT-798)
Warning: Net u_main_controller_top/u_main_controller/u_fifo_sync_d64x29_f116_ctrl_fifo/clock_gate_net_1 has a frontside min_layer M1 that is outside the global min/max layer range M2 - M7. (ZRT-798)
Warning: Net u_main_controller_top/u_main_controller/u_fifo_sync_d64x29_f116_ctrl_fifo/clock_gate_net_2 has a frontside min_layer M1 that is outside the global min/max layer range M2 - M7. (ZRT-798)
Warning: Net u_main_controller_top/u_main_controller/u_fifo_sync_d64x29_f116_ctrl_fifo/clock_gate_net_3 has a frontside min_layer M1 that is outside the global min/max layer range M2 - M7. (ZRT-798)
Warning: Net u_main_controller_top/u_main_controller/u_address_fifo/CTS_ZCTSNET_8 has a frontside min_layer M1 that is outside the global min/max layer range M2 - M7. (ZRT-798)
Warning: Net u_main_controller_top/u_main_controller/u_fifo_sync_d256x11_f116_ewa_mem/CTS_ZCTSNET_7 has a frontside min_layer M1 that is outside the global min/max layer range M2 - M7. (ZRT-798)
Warning: Net u_main_controller_top/u_main_controller/u_address_fifo/CTS_ZCTSNET_0 has a frontside min_layer M1 that is outside the global min/max layer range M2 - M7. (ZRT-798)
Warning: Net u_main_controller_top/u_main_controller/u_address_fifo/CTS_ZCTSNET_1 has a frontside min_layer M1 that is outside the global min/max layer range M2 - M7. (ZRT-798)
Warning: Net u_main_controller_top/u_main_controller/u_fifo_sync_d256x11_f116_ewa_mem/CTS_ZCTSNET_1 has a frontside min_layer M1 that is outside the global min/max layer range M2 - M7. (ZRT-798)
Warning: Net u_main_controller_top/u_main_controller/CTS_ZCTSNET_272 has a frontside min_layer M1 that is outside the global min/max layer range M2 - M7. (ZRT-798)
Warning: Net u_main_controller_top/u_main_controller/CTS_ZCTSNET_273 has a frontside min_layer M1 that is outside the global min/max layer range M2 - M7. (ZRT-798)
Warning: Net u_main_controller_top/u_main_controller/CTS_ZCTSNET_320 has a frontside min_layer M1 that is outside the global min/max layer range M2 - M7. (ZRT-798)
Warning: Net u_main_controller_top/u_main_controller/CTS_ZCTSNET_290 has a frontside min_layer M1 that is outside the global min/max layer range M2 - M7. (ZRT-798)
Warning: Net u_main_controller_top/u_main_controller/CTS_ZCTSNET_10 has a frontside min_layer M1 that is outside the global min/max layer range M2 - M7. (ZRT-798)
Warning: Net u_main_controller_top/u_main_controller/CTS_ZCTSNET_328 has a frontside min_layer M1 that is outside the global min/max layer range M2 - M7. (ZRT-798)
Warning: Net u_main_controller_top/u_main_controller/CTS_ZCTSNET_327 has a frontside min_layer M1 that is outside the global min/max layer range M2 - M7. (ZRT-798)
Warning: Net u_main_controller_top/u_main_controller/clock_gate_net_3672 has a frontside min_layer M1 that is outside the global min/max layer range M2 - M7. (ZRT-798)
Warning: Net u_main_controller_top/u_main_controller/CTS_ZCTSNET_323 has a frontside min_layer M1 that is outside the global min/max layer range M2 - M7. (ZRT-798)
Warning: Net u_main_controller_top/u_main_controller/CTS_ZCTSNET_274 has a frontside min_layer M1 that is outside the global min/max layer range M2 - M7. (ZRT-798)
Warning: Net u_main_controller_top/u_main_controller/CTS_ZCTSNET_316 has a frontside min_layer M1 that is outside the global min/max layer range M2 - M7. (ZRT-798)
Warning: Net u_main_controller_top/u_main_controller/CTS_ZCTSNET_275 has a frontside min_layer M1 that is outside the global min/max layer range M2 - M7. (ZRT-798)
Warning: Net u_main_controller_top/u_main_controller/CTS_ZCTSNET_313 has a frontside min_layer M1 that is outside the global min/max layer range M2 - M7. (ZRT-798)
Warning: Net u_main_controller_top/u_main_controller/CTS_ZCTSNET_281 has a frontside min_layer M1 that is outside the global min/max layer range M2 - M7. (ZRT-798)
Warning: Net u_main_controller_top/u_main_controller/CTS_ZCTSNET_312 has a frontside min_layer M1 that is outside the global min/max layer range M2 - M7. (ZRT-798)
Warning: Net u_main_controller_top/u_main_controller/CTS_ZCTSNET_317 has a frontside min_layer M1 that is outside the global min/max layer range M2 - M7. (ZRT-798)
Warning: Net u_main_controller_top/u_main_controller/CTS_ZCTSNET_335 has a frontside min_layer M1 that is outside the global min/max layer range M2 - M7. (ZRT-798)
Warning: Net u_main_controller_top/u_main_controller/CTS_ZCTSNET_330 has a frontside min_layer M1 that is outside the global min/max layer range M2 - M7. (ZRT-798)
Warning: Net u_main_controller_top/u_main_controller/clock_gate_net_3675 has a frontside min_layer M1 that is outside the global min/max layer range M2 - M7. (ZRT-798)
Warning: Net u_main_controller_top/u_main_controller/CTS_ZCTSNET_333 has a frontside min_layer M1 that is outside the global min/max layer range M2 - M7. (ZRT-798)
Warning: Net u_main_controller_top/u_main_controller/CTS_ZCTSNET_282 has a frontside min_layer M1 that is outside the global min/max layer range M2 - M7. (ZRT-798)
Warning: Net u_main_controller_top/u_main_controller/clock_gate_net_3727 has a frontside min_layer M1 that is outside the global min/max layer range M2 - M7. (ZRT-798)
Warning: Net u_main_controller_top/u_main_controller/clock_gate_net_3760 has a frontside min_layer M1 that is outside the global min/max layer range M2 - M7. (ZRT-798)
Warning: Net u_main_controller_top/u_main_controller/CTS_ZCTSNET_284 has a frontside min_layer M1 that is outside the global min/max layer range M2 - M7. (ZRT-798)
Warning: Net u_main_controller_top/u_main_controller/clock_gate_net_3676 has a frontside min_layer M1 that is outside the global min/max layer range M2 - M7. (ZRT-798)
Warning: Net u_main_controller_top/u_main_controller/CTS_ZCTSNET_285 has a frontside min_layer M1 that is outside the global min/max layer range M2 - M7. (ZRT-798)
Warning: Net u_main_controller_top/u_main_controller/CTS_ZCTSNET_55 has a frontside min_layer M1 that is outside the global min/max layer range M2 - M7. (ZRT-798)
Warning: Net u_main_controller_top/u_main_controller/clock_gate_net_3761 has a frontside min_layer M1 that is outside the global min/max layer range M2 - M7. (ZRT-798)
Warning: Net u_main_controller_top/u_main_controller/CTS_ZCTSNET_286 has a frontside min_layer M1 that is outside the global min/max layer range M2 - M7. (ZRT-798)
Warning: Net u_main_controller_top/u_main_controller/CTS_ZCTSNET_32 has a frontside min_layer M1 that is outside the global min/max layer range M2 - M7. (ZRT-798)
Warning: Net u_main_controller_top/u_main_controller/CTS_ZCTSNET_329 has a frontside min_layer M1 that is outside the global min/max layer range M2 - M7. (ZRT-798)
Warning: Net u_main_controller_top/u_main_controller/CTS_ZCTSNET_1 has a frontside min_layer M1 that is outside the global min/max layer range M2 - M7. (ZRT-798)
Warning: Net u_main_controller_top/u_main_controller/CTS_ZCTSNET_276 has a frontside min_layer M1 that is outside the global min/max layer range M2 - M7. (ZRT-798)
Warning: Net u_main_controller_top/u_main_controller/CTS_ZCTSNET_315 has a frontside min_layer M1 that is outside the global min/max layer range M2 - M7. (ZRT-798)
Warning: Net u_main_controller_top/u_main_controller/CTS_ZCTSNET_288 has a frontside min_layer M1 that is outside the global min/max layer range M2 - M7. (ZRT-798)
Warning: Net u_main_controller_top/u_main_controller/CTS_ZCTSNET_332 has a frontside min_layer M1 that is outside the global min/max layer range M2 - M7. (ZRT-798)
Warning: Net u_main_controller_top/u_main_controller/CTS_ZCTSNET_289 has a frontside min_layer M1 that is outside the global min/max layer range M2 - M7. (ZRT-798)
Warning: Net u_main_controller_top/u_main_controller/clock_gate_net_3763 has a frontside min_layer M1 that is outside the global min/max layer range M2 - M7. (ZRT-798)
Warning: Net u_main_controller_top/u_main_controller/CTS_ZCTSNET_60 has a frontside min_layer M1 that is outside the global min/max layer range M2 - M7. (ZRT-798)
Warning: Net u_main_controller_top/u_main_controller/CTS_ZCTSNET_318 has a frontside min_layer M1 that is outside the global min/max layer range M2 - M7. (ZRT-798)
Warning: Net u_main_controller_top/u_main_controller/CTS_ZCTSNET_277 has a frontside min_layer M1 that is outside the global min/max layer range M2 - M7. (ZRT-798)
Warning: Net u_main_controller_top/u_main_controller/clock_gate_net_3764 has a frontside min_layer M1 that is outside the global min/max layer range M2 - M7. (ZRT-798)
Warning: Net u_main_controller_top/u_main_controller/CTS_ZCTSNET_61 has a frontside min_layer M1 that is outside the global min/max layer range M2 - M7. (ZRT-798)
Warning: Net u_main_controller_top/u_main_controller/CTS_ZCTSNET_278 has a frontside min_layer M1 that is outside the global min/max layer range M2 - M7. (ZRT-798)
Warning: Net u_main_controller_top/u_main_controller/CTS_ZCTSNET_33 has a frontside min_layer M1 that is outside the global min/max layer range M2 - M7. (ZRT-798)
Warning: Net u_main_controller_top/u_main_controller/CTS_ZCTSNET_279 has a frontside min_layer M1 that is outside the global min/max layer range M2 - M7. (ZRT-798)
Warning: Net u_main_controller_top/u_main_controller/clock_gate_net_3776 has a frontside min_layer M1 that is outside the global min/max layer range M2 - M7. (ZRT-798)
Warning: Net u_main_controller_top/u_main_controller/CTS_ZCTSNET_34 has a frontside min_layer M1 that is outside the global min/max layer range M2 - M7. (ZRT-798)
Warning: Net u_main_controller_top/u_main_controller/CTS_ZCTSNET_280 has a frontside min_layer M1 that is outside the global min/max layer range M2 - M7. (ZRT-798)
Warning: Net u_main_controller_top/u_main_controller/CTS_ZCTSNET_324 has a frontside min_layer M1 that is outside the global min/max layer range M2 - M7. (ZRT-798)
Warning: Net u_main_controller_top/u_main_controller/CTS_ZCTSNET_283 has a frontside min_layer M1 that is outside the global min/max layer range M2 - M7. (ZRT-798)
Warning: Net u_main_controller_top/u_main_controller/clock_gate_net_3765 has a frontside min_layer M1 that is outside the global min/max layer range M2 - M7. (ZRT-798)
Warning: Net u_main_controller_top/u_main_controller/CTS_ZCTSNET_287 has a frontside min_layer M1 that is outside the global min/max layer range M2 - M7. (ZRT-798)
Warning: Net u_main_controller_top/u_main_controller/CTS_ZCTSNET_35 has a frontside min_layer M1 that is outside the global min/max layer range M2 - M7. (ZRT-798)
Warning: Net u_main_controller_top/u_main_controller/CTS_ZCTSNET_325 has a frontside min_layer M1 that is outside the global min/max layer range M2 - M7. (ZRT-798)
Warning: Net u_main_controller_top/u_main_controller/CTS_ZCTSNET_2 has a frontside min_layer M1 that is outside the global min/max layer range M2 - M7. (ZRT-798)
Warning: Net u_main_controller_top/u_main_controller/CTS_ZCTSNET_292 has a frontside min_layer M1 that is outside the global min/max layer range M2 - M7. (ZRT-798)
Warning: Net u_main_controller_top/u_main_controller/CTS_ZCTSNET_331 has a frontside min_layer M1 that is outside the global min/max layer range M2 - M7. (ZRT-798)
Warning: Net u_main_controller_top/u_main_controller/CTS_ZCTSNET_3 has a frontside min_layer M1 that is outside the global min/max layer range M2 - M7. (ZRT-798)
Warning: Net u_main_controller_top/u_main_controller/u_sr_d512x72f116_MMS2_wrap/CTS_ZCTSNET_5 has a frontside min_layer M1 that is outside the global min/max layer range M2 - M7. (ZRT-798)
Warning: Net u_main_controller_top/u_main_controller/CTS_ZCTSNET_334 has a frontside min_layer M1 that is outside the global min/max layer range M2 - M7. (ZRT-798)
Warning: Net u_main_controller_top/u_main_controller/clock_gate_net_3711 has a frontside min_layer M1 that is outside the global min/max layer range M2 - M7. (ZRT-798)
Warning: Net u_main_controller_top/u_main_controller/CTS_ZCTSNET_293 has a frontside min_layer M1 that is outside the global min/max layer range M2 - M7. (ZRT-798)
Warning: Net u_main_controller_top/u_main_controller/clock_gate_net_3712 has a frontside min_layer M1 that is outside the global min/max layer range M2 - M7. (ZRT-798)
Warning: Net u_main_controller_top/u_main_controller/CTS_ZCTSNET_294 has a frontside min_layer M1 that is outside the global min/max layer range M2 - M7. (ZRT-798)
Warning: Net u_main_controller_top/u_main_controller/clock_gate_net_3768 has a frontside min_layer M1 that is outside the global min/max layer range M2 - M7. (ZRT-798)
Warning: Net u_main_controller_top/u_main_controller/clock_gate_net_3790 has a frontside min_layer M1 that is outside the global min/max layer range M2 - M7. (ZRT-798)
Warning: Net u_main_controller_top/u_main_controller/CTS_ZCTSNET_296 has a frontside min_layer M1 that is outside the global min/max layer range M2 - M7. (ZRT-798)
Warning: Net u_main_controller_top/u_main_controller/clock_gate_net_3769 has a frontside min_layer M1 that is outside the global min/max layer range M2 - M7. (ZRT-798)
Warning: Net u_main_controller_top/u_main_controller/CTS_ZCTSNET_29 has a frontside min_layer M1 that is outside the global min/max layer range M2 - M7. (ZRT-798)
Warning: Net u_main_controller_top/u_main_controller/CTS_ZCTSNET_297 has a frontside min_layer M1 that is outside the global min/max layer range M2 - M7. (ZRT-798)
Warning: Net u_main_controller_top/u_main_controller/CTS_ZCTSNET_4 has a frontside min_layer M1 that is outside the global min/max layer range M2 - M7. (ZRT-798)
Warning: Net u_main_controller_top/u_main_controller/CTS_ZCTSNET_336 has a frontside min_layer M1 that is outside the global min/max layer range M2 - M7. (ZRT-798)
Warning: Net u_main_controller_top/u_main_controller/clock_gate_net_3791 has a frontside min_layer M1 that is outside the global min/max layer range M2 - M7. (ZRT-798)
Warning: Net u_main_controller_top/u_main_controller/CTS_ZCTSNET_291 has a frontside min_layer M1 that is outside the global min/max layer range M2 - M7. (ZRT-798)
Warning: Net u_main_controller_top/u_main_controller/CTS_ZCTSNET_298 has a frontside min_layer M1 that is outside the global min/max layer range M2 - M7. (ZRT-798)
Warning: Net u_main_controller_top/u_main_controller/CTS_ZCTSNET_305 has a frontside min_layer M1 that is outside the global min/max layer range M2 - M7. (ZRT-798)
Warning: Net u_main_controller_top/u_main_controller/CTS_ZCTSNET_54 has a frontside min_layer M1 that is outside the global min/max layer range M2 - M7. (ZRT-798)
Warning: Net u_main_controller_top/u_main_controller/clock_gate_net_3792 has a frontside min_layer M1 that is outside the global min/max layer range M2 - M7. (ZRT-798)
Warning: Net u_main_controller_top/u_main_controller/clock_gate_net_3717 has a frontside min_layer M1 that is outside the global min/max layer range M2 - M7. (ZRT-798)
Warning: Net u_main_controller_top/u_main_controller/CTS_ZCTSNET_6 has a frontside min_layer M1 that is outside the global min/max layer range M2 - M7. (ZRT-798)
Warning: Net u_main_controller_top/u_main_controller/CTS_ZCTSNET_299 has a frontside min_layer M1 that is outside the global min/max layer range M2 - M7. (ZRT-798)
Warning: Net u_main_controller_top/u_main_controller/clock_gate_net_3793 has a frontside min_layer M1 that is outside the global min/max layer range M2 - M7. (ZRT-798)
Warning: Net u_main_controller_top/u_main_controller/CTS_ZCTSNET_300 has a frontside min_layer M1 that is outside the global min/max layer range M2 - M7. (ZRT-798)
Warning: Net u_main_controller_top/u_main_controller/CTS_ZCTSNET_306 has a frontside min_layer M1 that is outside the global min/max layer range M2 - M7. (ZRT-798)
Warning: Net u_main_controller_top/u_main_controller/CTS_ZCTSNET_319 has a frontside min_layer M1 that is outside the global min/max layer range M2 - M7. (ZRT-798)
Warning: Net u_main_controller_top/u_main_controller/clock_gate_net_3794 has a frontside min_layer M1 that is outside the global min/max layer range M2 - M7. (ZRT-798)
Warning: Net u_main_controller_top/u_main_controller/CTS_ZCTSNET_301 has a frontside min_layer M1 that is outside the global min/max layer range M2 - M7. (ZRT-798)
Warning: Net u_main_controller_top/u_main_controller/clock_gate_net_3719 has a frontside min_layer M1 that is outside the global min/max layer range M2 - M7. (ZRT-798)
Warning: Net u_main_controller_top/u_main_controller/clock_gate_net_3795 has a frontside min_layer M1 that is outside the global min/max layer range M2 - M7. (ZRT-798)
Warning: Net u_main_controller_top/u_main_controller/CTS_ZCTSNET_314 has a frontside min_layer M1 that is outside the global min/max layer range M2 - M7. (ZRT-798)
Warning: Net u_main_controller_top/u_main_controller/clock_gate_net_3774 has a frontside min_layer M1 that is outside the global min/max layer range M2 - M7. (ZRT-798)
Warning: Net u_main_controller_top/u_main_controller/CTS_ZCTSNET_302 has a frontside min_layer M1 that is outside the global min/max layer range M2 - M7. (ZRT-798)
Warning: Net u_main_controller_top/u_main_controller/clock_gate_net_3796 has a frontside min_layer M1 that is outside the global min/max layer range M2 - M7. (ZRT-798)
Warning: Net u_main_controller_top/u_main_controller/CTS_ZCTSNET_304 has a frontside min_layer M1 that is outside the global min/max layer range M2 - M7. (ZRT-798)
Warning: Net u_main_controller_top/u_main_controller/CTS_ZCTSNET_30 has a frontside min_layer M1 that is outside the global min/max layer range M2 - M7. (ZRT-798)
Warning: Net u_main_controller_top/u_main_controller/clock_gate_net_3797 has a frontside min_layer M1 that is outside the global min/max layer range M2 - M7. (ZRT-798)
Warning: Net u_main_controller_top/u_main_controller/CTS_ZCTSNET_295 has a frontside min_layer M1 that is outside the global min/max layer range M2 - M7. (ZRT-798)
Warning: Net u_main_controller_top/u_main_controller/CTS_ZCTSNET_310 has a frontside min_layer M1 that is outside the global min/max layer range M2 - M7. (ZRT-798)
Warning: Net u_main_controller_top/u_main_controller/clock_gate_net_3798 has a frontside min_layer M1 that is outside the global min/max layer range M2 - M7. (ZRT-798)
Warning: Net u_main_controller_top/u_main_controller/clock_gate_net_3817 has a frontside min_layer M1 that is outside the global min/max layer range M2 - M7. (ZRT-798)
Warning: Net u_main_controller_top/u_main_controller/CTS_ZCTSNET_307 has a frontside min_layer M1 that is outside the global min/max layer range M2 - M7. (ZRT-798)
Warning: Net u_main_controller_top/u_main_controller/clock_gate_net_3799 has a frontside min_layer M1 that is outside the global min/max layer range M2 - M7. (ZRT-798)
Warning: Net u_main_controller_top/u_main_controller/CTS_ZCTSNET_308 has a frontside min_layer M1 that is outside the global min/max layer range M2 - M7. (ZRT-798)
Warning: Net CTS_ZCTSNET_221 has a frontside min_layer M1 that is outside the global min/max layer range M2 - M7. (ZRT-798)
Warning: Net u_main_controller_top/u_main_controller/clock_gate_net_3800 has a frontside min_layer M1 that is outside the global min/max layer range M2 - M7. (ZRT-798)
Warning: Net u_main_controller_top/u_main_controller/clock_gate_net_3820 has a frontside min_layer M1 that is outside the global min/max layer range M2 - M7. (ZRT-798)
Warning: Net u_main_controller_top/u_main_controller/CTS_ZCTSNET_309 has a frontside min_layer M1 that is outside the global min/max layer range M2 - M7. (ZRT-798)
Warning: Net u_main_controller_top/u_main_controller/clock_gate_net_3801 has a frontside min_layer M1 that is outside the global min/max layer range M2 - M7. (ZRT-798)
Warning: Net u_main_controller_top/u_main_controller/CTS_ZCTSNET_311 has a frontside min_layer M1 that is outside the global min/max layer range M2 - M7. (ZRT-798)
Warning: Net u_main_controller_top/CTS_ZCTSNET_56 has a frontside min_layer M1 that is outside the global min/max layer range M2 - M7. (ZRT-798)
Warning: Net u_main_controller_top/u_main_controller/clock_gate_net_3802 has a frontside min_layer M1 that is outside the global min/max layer range M2 - M7. (ZRT-798)
Warning: Net u_main_controller_top/u_main_controller/clock_gate_net_3752 has a frontside min_layer M1 that is outside the global min/max layer range M2 - M7. (ZRT-798)
Warning: Net u_main_controller_top/u_main_controller/clock_gate_net_3822 has a frontside min_layer M1 that is outside the global min/max layer range M2 - M7. (ZRT-798)
Warning: Net u_main_controller_top/u_main_controller/CTS_ZCTSNET_303 has a frontside min_layer M1 that is outside the global min/max layer range M2 - M7. (ZRT-798)
Warning: Net u_main_controller_top/u_main_controller/clock_gate_net_3803 has a frontside min_layer M1 that is outside the global min/max layer range M2 - M7. (ZRT-798)
Warning: Net u_main_controller_top/u_main_controller/CTS_ZCTSNET_321 has a frontside min_layer M1 that is outside the global min/max layer range M2 - M7. (ZRT-798)
Warning: Net u_main_controller_top/u_main_controller/CTS_ZCTSNET_322 has a frontside min_layer M1 that is outside the global min/max layer range M2 - M7. (ZRT-798)
Warning: Net u_main_controller_top/u_main_controller/clock_gate_net_3804 has a frontside min_layer M1 that is outside the global min/max layer range M2 - M7. (ZRT-798)
Warning: Net u_main_controller_top/u_main_controller/clock_gate_net_3824 has a frontside min_layer M1 that is outside the global min/max layer range M2 - M7. (ZRT-798)
Warning: Net u_main_controller_top/u_main_controller/clock_gate_net_3805 has a frontside min_layer M1 that is outside the global min/max layer range M2 - M7. (ZRT-798)
Warning: Net u_main_controller_top/u_main_controller/clock_gate_net_3825 has a frontside min_layer M1 that is outside the global min/max layer range M2 - M7. (ZRT-798)
Warning: Net u_main_controller_top/u_main_controller/clock_gate_net_3806 has a frontside min_layer M1 that is outside the global min/max layer range M2 - M7. (ZRT-798)
Warning: Net u_main_controller_top/CTS_ZCTSNET_57 has a frontside min_layer M1 that is outside the global min/max layer range M2 - M7. (ZRT-798)
Warning: Net u_main_controller_top/u_main_controller/clock_gate_net_3827 has a frontside min_layer M1 that is outside the global min/max layer range M2 - M7. (ZRT-798)
Warning: Net CTS_ZCTSNET_220 has a frontside min_layer M1 that is outside the global min/max layer range M2 - M7. (ZRT-798)
Warning: Net u_main_controller_top/CTS_ZCTSNET_58 has a frontside min_layer M1 that is outside the global min/max layer range M2 - M7. (ZRT-798)
Warning: Net u_main_controller_top/u_main_controller/clock_gate_net_23446 has a frontside min_layer M1 that is outside the global min/max layer range M2 - M7. (ZRT-798)
Warning: Net u_main_controller_top/u_main_controller/CTS_ZCTSNET_0 has a frontside min_layer M1 that is outside the global min/max layer range M2 - M7. (ZRT-798)
Warning: Net u_main_controller_top/u_main_controller/clock_gate_net_23452 has a frontside min_layer M1 that is outside the global min/max layer range M2 - M7. (ZRT-798)
Warning: Net u_main_controller_top/CTS_ZCTSNET_59 has a frontside min_layer M1 that is outside the global min/max layer range M2 - M7. (ZRT-798)
Warning: Net u_main_controller_top/u_main_controller/u_sr_d512x72f116_MMS1_wrap/CTS_ZCTSNET_0 has a frontside min_layer M1 that is outside the global min/max layer range M2 - M7. (ZRT-798)
Warning: Net u_datapath/u_gamma_correction/CTS_ZCTSNET_1 has a frontside min_layer M1 that is outside the global min/max layer range M2 - M7. (ZRT-798)
Warning: Net CTS_ZCTSNET_223 has a frontside min_layer M1 that is outside the global min/max layer range M2 - M7. (ZRT-798)
Warning: Net CTS_ZCTSNET_1 has a frontside min_layer M1 that is outside the global min/max layer range M2 - M7. (ZRT-798)
Warning: Net u_datapath/u_pixel_in_buffer/CTS_ZCTSNET_0 has a frontside min_layer M1 that is outside the global min/max layer range M2 - M7. (ZRT-798)
Warning: Net u_datapath/u_gamma_correction/CTS_ZCTSNET_40 has a frontside min_layer M1 that is outside the global min/max layer range M2 - M7. (ZRT-798)
Warning: Net CTS_ZCTSNET_2 has a frontside min_layer M1 that is outside the global min/max layer range M2 - M7. (ZRT-798)
Warning: Net u_datapath/CTS_ZCTSNET_138 has a frontside min_layer M1 that is outside the global min/max layer range M2 - M7. (ZRT-798)
Warning: Net CTS_ZCTSNET_3 has a frontside min_layer M1 that is outside the global min/max layer range M2 - M7. (ZRT-798)
Warning: Net u_datapath/u_gamma_correction/CTS_ZCTSNET_230 has a frontside min_layer M1 that is outside the global min/max layer range M2 - M7. (ZRT-798)
Warning: Net u_datapath/u_gamma_correction/CTS_ZCTSNET_177 has a frontside min_layer M1 that is outside the global min/max layer range M2 - M7. (ZRT-798)
Warning: Net u_datapath/u_gamma_correction/CTS_ZCTSNET_231 has a frontside min_layer M1 that is outside the global min/max layer range M2 - M7. (ZRT-798)
Warning: Net CTS_ZCTSNET_4 has a frontside min_layer M1 that is outside the global min/max layer range M2 - M7. (ZRT-798)
Warning: Net u_datapath/u_gamma_correction/CTS_ZCTSNET_232 has a frontside min_layer M1 that is outside the global min/max layer range M2 - M7. (ZRT-798)
Warning: Net u_datapath/u_gamma_correction/CTS_ZCTSNET_220 has a frontside min_layer M1 that is outside the global min/max layer range M2 - M7. (ZRT-798)
Warning: Net u_datapath/u_gamma_correction/CTS_ZCTSNET_233 has a frontside min_layer M1 that is outside the global min/max layer range M2 - M7. (ZRT-798)
Warning: Net CTS_ZCTSNET_222 has a frontside min_layer M1 that is outside the global min/max layer range M2 - M7. (ZRT-798)
Warning: Net u_datapath/u_gamma_correction/CTS_ZCTSNET_198 has a frontside min_layer M1 that is outside the global min/max layer range M2 - M7. (ZRT-798)
Warning: Net u_datapath/u_gamma_correction/CTS_ZCTSNET_234 has a frontside min_layer M1 that is outside the global min/max layer range M2 - M7. (ZRT-798)
Warning: Net u_datapath/u_gamma_correction/CTS_ZCTSNET_200 has a frontside min_layer M1 that is outside the global min/max layer range M2 - M7. (ZRT-798)
Warning: Net u_datapath/u_gamma_correction/CTS_ZCTSNET_235 has a frontside min_layer M1 that is outside the global min/max layer range M2 - M7. (ZRT-798)
Warning: Net u_datapath/u_gamma_correction/CTS_ZCTSNET_201 has a frontside min_layer M1 that is outside the global min/max layer range M2 - M7. (ZRT-798)
Warning: Net u_datapath/u_gamma_correction/CTS_ZCTSNET_221 has a frontside min_layer M1 that is outside the global min/max layer range M2 - M7. (ZRT-798)
Warning: Net u_datapath/u_gamma_correction/CTS_ZCTSNET_236 has a frontside min_layer M1 that is outside the global min/max layer range M2 - M7. (ZRT-798)
Warning: Net u_main_controller_top/u_main_controller/u_sr_d512x72f116_MM0_wrap/CTS_ZCTSNET_0 has a frontside min_layer M1 that is outside the global min/max layer range M2 - M7. (ZRT-798)
Warning: Net u_datapath/u_gamma_correction/CTS_ZCTSNET_222 has a frontside min_layer M1 that is outside the global min/max layer range M2 - M7. (ZRT-798)
Warning: Net u_datapath/u_gamma_correction/CTS_ZCTSNET_208 has a frontside min_layer M1 that is outside the global min/max layer range M2 - M7. (ZRT-798)
Warning: Net u_main_controller_top/u_main_controller/u_sr_d512x72f116_MMS0_wrap/CTS_ZCTSNET_0 has a frontside min_layer M1 that is outside the global min/max layer range M2 - M7. (ZRT-798)
Warning: Net u_datapath/u_gamma_correction/CTS_ZCTSNET_209 has a frontside min_layer M1 that is outside the global min/max layer range M2 - M7. (ZRT-798)
Warning: Net u_datapath/u_gamma_correction/CTS_ZCTSNET_44 has a frontside min_layer M1 that is outside the global min/max layer range M2 - M7. (ZRT-798)
Warning: Net u_datapath/u_gamma_correction/CTS_ZCTSNET_61 has a frontside min_layer M1 that is outside the global min/max layer range M2 - M7. (ZRT-798)
Warning: Net u_datapath/u_gamma_correction/CTS_ZCTSNET_223 has a frontside min_layer M1 that is outside the global min/max layer range M2 - M7. (ZRT-798)
Warning: Net u_datapath/u_gamma_correction/CTS_ZCTSNET_210 has a frontside min_layer M1 that is outside the global min/max layer range M2 - M7. (ZRT-798)
Warning: Net u_datapath/u_gamma_correction/CTS_ZCTSNET_224 has a frontside min_layer M1 that is outside the global min/max layer range M2 - M7. (ZRT-798)
Warning: Net u_datapath/u_gamma_correction/CTS_ZCTSNET_86 has a frontside min_layer M1 that is outside the global min/max layer range M2 - M7. (ZRT-798)
Warning: Net u_datapath/u_gamma_correction/CTS_ZCTSNET_211 has a frontside min_layer M1 that is outside the global min/max layer range M2 - M7. (ZRT-798)
Warning: Net u_datapath/u_gamma_correction/CTS_ZCTSNET_237 has a frontside min_layer M1 that is outside the global min/max layer range M2 - M7. (ZRT-798)
Warning: Net u_datapath/u_gamma_correction/CTS_ZCTSNET_238 has a frontside min_layer M1 that is outside the global min/max layer range M2 - M7. (ZRT-798)
Warning: Net u_datapath/u_gamma_correction/CTS_ZCTSNET_212 has a frontside min_layer M1 that is outside the global min/max layer range M2 - M7. (ZRT-798)
Warning: Net u_datapath/u_gamma_correction/CTS_ZCTSNET_225 has a frontside min_layer M1 that is outside the global min/max layer range M2 - M7. (ZRT-798)
Warning: Net u_datapath/u_gamma_correction/CTS_ZCTSNET_64 has a frontside min_layer M1 that is outside the global min/max layer range M2 - M7. (ZRT-798)
Warning: Net u_datapath/u_gamma_correction/CTS_ZCTSNET_213 has a frontside min_layer M1 that is outside the global min/max layer range M2 - M7. (ZRT-798)
Warning: Net u_datapath/u_gamma_correction/CTS_ZCTSNET_48 has a frontside min_layer M1 that is outside the global min/max layer range M2 - M7. (ZRT-798)
Warning: Net u_datapath/u_gamma_correction/CTS_ZCTSNET_253 has a frontside min_layer M1 that is outside the global min/max layer range M2 - M7. (ZRT-798)
Warning: Net u_datapath/u_gamma_correction/CTS_ZCTSNET_214 has a frontside min_layer M1 that is outside the global min/max layer range M2 - M7. (ZRT-798)
Warning: Net u_datapath/u_gamma_correction/CTS_ZCTSNET_49 has a frontside min_layer M1 that is outside the global min/max layer range M2 - M7. (ZRT-798)
Warning: Net u_datapath/u_gamma_correction/CTS_ZCTSNET_254 has a frontside min_layer M1 that is outside the global min/max layer range M2 - M7. (ZRT-798)
Warning: Net u_datapath/u_gamma_correction/CTS_ZCTSNET_215 has a frontside min_layer M1 that is outside the global min/max layer range M2 - M7. (ZRT-798)
Warning: Net u_datapath/u_gamma_correction/CTS_ZCTSNET_255 has a frontside min_layer M1 that is outside the global min/max layer range M2 - M7. (ZRT-798)
Warning: Net u_datapath/u_gamma_correction/CTS_ZCTSNET_226 has a frontside min_layer M1 that is outside the global min/max layer range M2 - M7. (ZRT-798)
Warning: Net u_datapath/u_gamma_correction/CTS_ZCTSNET_29 has a frontside min_layer M1 that is outside the global min/max layer range M2 - M7. (ZRT-798)
Warning: Net u_datapath/u_gamma_correction/CTS_ZCTSNET_256 has a frontside min_layer M1 that is outside the global min/max layer range M2 - M7. (ZRT-798)
Warning: Net u_datapath/u_gamma_correction/CTS_ZCTSNET_227 has a frontside min_layer M1 that is outside the global min/max layer range M2 - M7. (ZRT-798)
Warning: Net u_datapath/u_gamma_correction/CTS_ZCTSNET_239 has a frontside min_layer M1 that is outside the global min/max layer range M2 - M7. (ZRT-798)
Warning: Net u_datapath/u_gamma_correction/CTS_ZCTSNET_257 has a frontside min_layer M1 that is outside the global min/max layer range M2 - M7. (ZRT-798)
Warning: Net u_datapath/u_gamma_correction/CTS_ZCTSNET_216 has a frontside min_layer M1 that is outside the global min/max layer range M2 - M7. (ZRT-798)
Warning: Net u_datapath/u_gamma_correction/CTS_ZCTSNET_228 has a frontside min_layer M1 that is outside the global min/max layer range M2 - M7. (ZRT-798)
Warning: Net u_datapath/u_gamma_correction/CTS_ZCTSNET_258 has a frontside min_layer M1 that is outside the global min/max layer range M2 - M7. (ZRT-798)
Warning: Net u_datapath/u_gamma_correction/CTS_ZCTSNET_217 has a frontside min_layer M1 that is outside the global min/max layer range M2 - M7. (ZRT-798)
Warning: Net u_datapath/u_gamma_correction/CTS_ZCTSNET_240 has a frontside min_layer M1 that is outside the global min/max layer range M2 - M7. (ZRT-798)
Warning: Net u_datapath/u_gamma_correction/CTS_ZCTSNET_229 has a frontside min_layer M1 that is outside the global min/max layer range M2 - M7. (ZRT-798)
Warning: Net u_main_controller_top/u_main_controller/CTS_ZCTSNET_326 has a frontside min_layer M1 that is outside the global min/max layer range M2 - M7. (ZRT-798)
Warning: Net u_datapath/u_gamma_correction/CTS_ZCTSNET_218 has a frontside min_layer M1 that is outside the global min/max layer range M2 - M7. (ZRT-798)
Warning: Net CTS_ZCTSNET_224 has a frontside min_layer M1 that is outside the global min/max layer range M2 - M7. (ZRT-798)
Warning: Net u_datapath/u_gamma_correction/CTS_ZCTSNET_241 has a frontside min_layer M1 that is outside the global min/max layer range M2 - M7. (ZRT-798)
Warning: Net u_datapath/u_gamma_correction/CTS_ZCTSNET_219 has a frontside min_layer M1 that is outside the global min/max layer range M2 - M7. (ZRT-798)
Warning: Net u_main_controller_top/CTS_ZCTSNET_60 has a frontside min_layer M1 that is outside the global min/max layer range M2 - M7. (ZRT-798)
Warning: Net u_datapath/u_gamma_correction/CTS_ZCTSNET_70 has a frontside min_layer M1 that is outside the global min/max layer range M2 - M7. (ZRT-798)
Warning: Net CTS_ZCTSNET_234 has a frontside min_layer M1 that is outside the global min/max layer range M2 - M7. (ZRT-798)
Warning: Net u_datapath/u_gamma_correction/CTS_ZCTSNET_242 has a frontside min_layer M1 that is outside the global min/max layer range M2 - M7. (ZRT-798)
Warning: Net u_datapath/u_gamma_correction/CTS_ZCTSNET_98 has a frontside min_layer M1 that is outside the global min/max layer range M2 - M7. (ZRT-798)
Warning: Net u_datapath/u_gamma_correction/CTS_ZCTSNET_243 has a frontside min_layer M1 that is outside the global min/max layer range M2 - M7. (ZRT-798)
Warning: Net CTS_ZCTSNET_225 has a frontside min_layer M1 that is outside the global min/max layer range M2 - M7. (ZRT-798)
Warning: Net CTS_ZCTSNET_235 has a frontside min_layer M1 that is outside the global min/max layer range M2 - M7. (ZRT-798)
Warning: Net CTS_ZCTSNET_226 has a frontside min_layer M1 that is outside the global min/max layer range M2 - M7. (ZRT-798)
Warning: Net u_datapath/u_gamma_correction/CTS_ZCTSNET_244 has a frontside min_layer M1 that is outside the global min/max layer range M2 - M7. (ZRT-798)
Warning: Net CTS_ZCTSNET_227 has a frontside min_layer M1 that is outside the global min/max layer range M2 - M7. (ZRT-798)
Warning: Net CTS_ZCTSNET_244 has a frontside min_layer M1 that is outside the global min/max layer range M2 - M7. (ZRT-798)
Warning: Net CTS_ZCTSNET_236 has a frontside min_layer M1 that is outside the global min/max layer range M2 - M7. (ZRT-798)
Warning: Net CTS_ZCTSNET_245 has a frontside min_layer M1 that is outside the global min/max layer range M2 - M7. (ZRT-798)
Warning: Net CTS_ZCTSNET_228 has a frontside min_layer M1 that is outside the global min/max layer range M2 - M7. (ZRT-798)
Warning: Net CTS_ZCTSNET_246 has a frontside min_layer M1 that is outside the global min/max layer range M2 - M7. (ZRT-798)
Warning: Net u_datapath/u_gamma_correction/CTS_ZCTSNET_245 has a frontside min_layer M1 that is outside the global min/max layer range M2 - M7. (ZRT-798)
Warning: Net CTS_ZCTSNET_229 has a frontside min_layer M1 that is outside the global min/max layer range M2 - M7. (ZRT-798)
Warning: Net CTS_ZCTSNET_237 has a frontside min_layer M1 that is outside the global min/max layer range M2 - M7. (ZRT-798)
Warning: Net u_datapath/u_gamma_correction/CTS_ZCTSNET_75 has a frontside min_layer M1 that is outside the global min/max layer range M2 - M7. (ZRT-798)
Warning: Net CTS_ZCTSNET_238 has a frontside min_layer M1 that is outside the global min/max layer range M2 - M7. (ZRT-798)
Warning: Net CTS_ZCTSNET_247 has a frontside min_layer M1 that is outside the global min/max layer range M2 - M7. (ZRT-798)
Warning: Net u_datapath/u_gamma_correction/CTS_ZCTSNET_76 has a frontside min_layer M1 that is outside the global min/max layer range M2 - M7. (ZRT-798)
Warning: Net u_datapath/u_gamma_correction/CTS_ZCTSNET_102 has a frontside min_layer M1 that is outside the global min/max layer range M2 - M7. (ZRT-798)
Warning: Net CTS_ZCTSNET_248 has a frontside min_layer M1 that is outside the global min/max layer range M2 - M7. (ZRT-798)
Warning: Net u_datapath/u_gamma_correction/CTS_ZCTSNET_77 has a frontside min_layer M1 that is outside the global min/max layer range M2 - M7. (ZRT-798)
Warning: Net CTS_ZCTSNET_249 has a frontside min_layer M1 that is outside the global min/max layer range M2 - M7. (ZRT-798)
Warning: Net CTS_ZCTSNET_239 has a frontside min_layer M1 that is outside the global min/max layer range M2 - M7. (ZRT-798)
Warning: Net CTS_ZCTSNET_250 has a frontside min_layer M1 that is outside the global min/max layer range M2 - M7. (ZRT-798)
Warning: Net CTS_ZCTSNET_240 has a frontside min_layer M1 that is outside the global min/max layer range M2 - M7. (ZRT-798)
Warning: Net CTS_ZCTSNET_251 has a frontside min_layer M1 that is outside the global min/max layer range M2 - M7. (ZRT-798)
Warning: Net CTS_ZCTSNET_230 has a frontside min_layer M1 that is outside the global min/max layer range M2 - M7. (ZRT-798)
Warning: Net CTS_ZCTSNET_252 has a frontside min_layer M1 that is outside the global min/max layer range M2 - M7. (ZRT-798)
Warning: Net u_datapath/u_gamma_correction/CTS_ZCTSNET_246 has a frontside min_layer M1 that is outside the global min/max layer range M2 - M7. (ZRT-798)
Warning: Net CTS_ZCTSNET_241 has a frontside min_layer M1 that is outside the global min/max layer range M2 - M7. (ZRT-798)
Warning: Net u_datapath/u_gamma_correction/CTS_ZCTSNET_247 has a frontside min_layer M1 that is outside the global min/max layer range M2 - M7. (ZRT-798)
Warning: Net CTS_ZCTSNET_242 has a frontside min_layer M1 that is outside the global min/max layer range M2 - M7. (ZRT-798)
Warning: Net CTS_ZCTSNET_253 has a frontside min_layer M1 that is outside the global min/max layer range M2 - M7. (ZRT-798)
Warning: Net CTS_ZCTSNET_243 has a frontside min_layer M1 that is outside the global min/max layer range M2 - M7. (ZRT-798)
Warning: Net CTS_ZCTSNET_231 has a frontside min_layer M1 that is outside the global min/max layer range M2 - M7. (ZRT-798)
Warning: Net u_datapath/u_gamma_correction/CTS_ZCTSNET_248 has a frontside min_layer M1 that is outside the global min/max layer range M2 - M7. (ZRT-798)
Warning: Net CTS_ZCTSNET_232 has a frontside min_layer M1 that is outside the global min/max layer range M2 - M7. (ZRT-798)
Warning: Net CTS_ZCTSNET_254 has a frontside min_layer M1 that is outside the global min/max layer range M2 - M7. (ZRT-798)
Warning: Net u_datapath/u_gamma_correction/CTS_ZCTSNET_249 has a frontside min_layer M1 that is outside the global min/max layer range M2 - M7. (ZRT-798)
Warning: Net CTS_ZCTSNET_255 has a frontside min_layer M1 that is outside the global min/max layer range M2 - M7. (ZRT-798)
Warning: Net CTS_ZCTSNET_427 has a frontside min_layer M1 that is outside the global min/max layer range M2 - M7. (ZRT-798)
Warning: Net u_datapath/u_gamma_correction/CTS_ZCTSNET_250 has a frontside min_layer M1 that is outside the global min/max layer range M2 - M7. (ZRT-798)
Warning: Net CTS_ZCTSNET_256 has a frontside min_layer M1 that is outside the global min/max layer range M2 - M7. (ZRT-798)
Warning: Net CTS_ZCTSNET_233 has a frontside min_layer M1 that is outside the global min/max layer range M2 - M7. (ZRT-798)
Warning: Net u_datapath/u_gamma_correction/CTS_ZCTSNET_251 has a frontside min_layer M1 that is outside the global min/max layer range M2 - M7. (ZRT-798)
Warning: Net CTS_ZCTSNET_257 has a frontside min_layer M1 that is outside the global min/max layer range M2 - M7. (ZRT-798)
Warning: Net u_datapath/u_gamma_correction/CTS_ZCTSNET_252 has a frontside min_layer M1 that is outside the global min/max layer range M2 - M7. (ZRT-798)
Warning: Net CTS_ZCTSNET_258 has a frontside min_layer M1 that is outside the global min/max layer range M2 - M7. (ZRT-798)
Warning: Net CTS_ZCTSNET_259 has a frontside min_layer M1 that is outside the global min/max layer range M2 - M7. (ZRT-798)
Warning: Net CTS_ZCTSNET_261 has a frontside min_layer M1 that is outside the global min/max layer range M2 - M7. (ZRT-798)
Warning: Net u_datapath/u_gamma_correction/CTS_ZCTSNET_85 has a frontside min_layer M1 that is outside the global min/max layer range M2 - M7. (ZRT-798)
Warning: Net CTS_ZCTSNET_260 has a frontside min_layer M1 that is outside the global min/max layer range M2 - M7. (ZRT-798)
Warning: Net CTS_ZCTSNET_262 has a frontside min_layer M1 that is outside the global min/max layer range M2 - M7. (ZRT-798)
Warning: Net CTS_ZCTSNET_292 has a frontside min_layer M1 that is outside the global min/max layer range M2 - M7. (ZRT-798)
Warning: Net CTS_ZCTSNET_285 has a frontside min_layer M1 that is outside the global min/max layer range M2 - M7. (ZRT-798)
Warning: Net CTS_ZCTSNET_293 has a frontside min_layer M1 that is outside the global min/max layer range M2 - M7. (ZRT-798)
Warning: Net CTS_ZCTSNET_286 has a frontside min_layer M1 that is outside the global min/max layer range M2 - M7. (ZRT-798)
Warning: Net CTS_ZCTSNET_263 has a frontside min_layer M1 that is outside the global min/max layer range M2 - M7. (ZRT-798)
Warning: Net CTS_ZCTSNET_279 has a frontside min_layer M1 that is outside the global min/max layer range M2 - M7. (ZRT-798)
Warning: Net CTS_ZCTSNET_294 has a frontside min_layer M1 that is outside the global min/max layer range M2 - M7. (ZRT-798)
Warning: Net CTS_ZCTSNET_280 has a frontside min_layer M1 that is outside the global min/max layer range M2 - M7. (ZRT-798)
Warning: Net CTS_ZCTSNET_287 has a frontside min_layer M1 that is outside the global min/max layer range M2 - M7. (ZRT-798)
Warning: Net CTS_ZCTSNET_264 has a frontside min_layer M1 that is outside the global min/max layer range M2 - M7. (ZRT-798)
Warning: Net clock_gate_net_200 has a frontside min_layer M1 that is outside the global min/max layer range M2 - M7. (ZRT-798)
Warning: Net CTS_ZCTSNET_281 has a frontside min_layer M1 that is outside the global min/max layer range M2 - M7. (ZRT-798)
Warning: Net CTS_ZCTSNET_288 has a frontside min_layer M1 that is outside the global min/max layer range M2 - M7. (ZRT-798)
Warning: Net CTS_ZCTSNET_265 has a frontside min_layer M1 that is outside the global min/max layer range M2 - M7. (ZRT-798)
Warning: Net CTS_ZCTSNET_282 has a frontside min_layer M1 that is outside the global min/max layer range M2 - M7. (ZRT-798)
Warning: Net CTS_ZCTSNET_266 has a frontside min_layer M1 that is outside the global min/max layer range M2 - M7. (ZRT-798)
Warning: Net CTS_ZCTSNET_283 has a frontside min_layer M1 that is outside the global min/max layer range M2 - M7. (ZRT-798)
Warning: Net CTS_ZCTSNET_289 has a frontside min_layer M1 that is outside the global min/max layer range M2 - M7. (ZRT-798)
Warning: Net CTS_ZCTSNET_267 has a frontside min_layer M1 that is outside the global min/max layer range M2 - M7. (ZRT-798)
Warning: Net CTS_ZCTSNET_284 has a frontside min_layer M1 that is outside the global min/max layer range M2 - M7. (ZRT-798)
Warning: Net clock_gate_net_217 has a frontside min_layer M1 that is outside the global min/max layer range M2 - M7. (ZRT-798)
Warning: Net CTS_ZCTSNET_290 has a frontside min_layer M1 that is outside the global min/max layer range M2 - M7. (ZRT-798)
Warning: Net CTS_ZCTSNET_268 has a frontside min_layer M1 that is outside the global min/max layer range M2 - M7. (ZRT-798)
Warning: Net clock_gate_net_233 has a frontside min_layer M1 that is outside the global min/max layer range M2 - M7. (ZRT-798)
Warning: Net u_main_controller_top/u_main_controller/CTS_ZCTSNET_340 has a frontside min_layer M1 that is outside the global min/max layer range M2 - M7. (ZRT-798)
Warning: Net CTS_ZCTSNET_269 has a frontside min_layer M1 that is outside the global min/max layer range M2 - M7. (ZRT-798)
Warning: Net CTS_ZCTSNET_291 has a frontside min_layer M1 that is outside the global min/max layer range M2 - M7. (ZRT-798)
Warning: Net CTS_ZCTSNET_270 has a frontside min_layer M1 that is outside the global min/max layer range M2 - M7. (ZRT-798)
Warning: Net clock_gate_net_291 has a frontside min_layer M1 that is outside the global min/max layer range M2 - M7. (ZRT-798)
Warning: Net CTS_ZCTSNET_271 has a frontside min_layer M1 that is outside the global min/max layer range M2 - M7. (ZRT-798)
Warning: Net clock_gate_net_234 has a frontside min_layer M1 that is outside the global min/max layer range M2 - M7. (ZRT-798)
Warning: Net CTS_ZCTSNET_316 has a frontside min_layer M1 that is outside the global min/max layer range M2 - M7. (ZRT-798)
Warning: Net u_main_controller_top/u_main_controller/CTS_ZCTSNET_341 has a frontside min_layer M1 that is outside the global min/max layer range M2 - M7. (ZRT-798)
Warning: Net clock_gate_net_235 has a frontside min_layer M1 that is outside the global min/max layer range M2 - M7. (ZRT-798)
Warning: Net u_main_controller_top/u_main_controller/CTS_ZCTSNET_342 has a frontside min_layer M1 that is outside the global min/max layer range M2 - M7. (ZRT-798)
Warning: Net clock_gate_net_236 has a frontside min_layer M1 that is outside the global min/max layer range M2 - M7. (ZRT-798)
Warning: Net u_main_controller_top/u_main_controller/CTS_ZCTSNET_343 has a frontside min_layer M1 that is outside the global min/max layer range M2 - M7. (ZRT-798)
Warning: Net clock_gate_net_237 has a frontside min_layer M1 that is outside the global min/max layer range M2 - M7. (ZRT-798)
Warning: Net CTS_ZCTSNET_306 has a frontside min_layer M1 that is outside the global min/max layer range M2 - M7. (ZRT-798)
Warning: Net CTS_ZCTSNET_295 has a frontside min_layer M1 that is outside the global min/max layer range M2 - M7. (ZRT-798)
Warning: Net CTS_ZCTSNET_307 has a frontside min_layer M1 that is outside the global min/max layer range M2 - M7. (ZRT-798)
Warning: Net CTS_ZCTSNET_272 has a frontside min_layer M1 that is outside the global min/max layer range M2 - M7. (ZRT-798)
Warning: Net CTS_ZCTSNET_296 has a frontside min_layer M1 that is outside the global min/max layer range M2 - M7. (ZRT-798)
Warning: Net CTS_ZCTSNET_308 has a frontside min_layer M1 that is outside the global min/max layer range M2 - M7. (ZRT-798)
Warning: Net CTS_ZCTSNET_317 has a frontside min_layer M1 that is outside the global min/max layer range M2 - M7. (ZRT-798)
Warning: Net CTS_ZCTSNET_297 has a frontside min_layer M1 that is outside the global min/max layer range M2 - M7. (ZRT-798)
Warning: Net CTS_ZCTSNET_273 has a frontside min_layer M1 that is outside the global min/max layer range M2 - M7. (ZRT-798)
Warning: Net CTS_ZCTSNET_318 has a frontside min_layer M1 that is outside the global min/max layer range M2 - M7. (ZRT-798)
Warning: Net clock_gate_net_238 has a frontside min_layer M1 that is outside the global min/max layer range M2 - M7. (ZRT-798)
Warning: Net CTS_ZCTSNET_319 has a frontside min_layer M1 that is outside the global min/max layer range M2 - M7. (ZRT-798)
Warning: Net CTS_ZCTSNET_274 has a frontside min_layer M1 that is outside the global min/max layer range M2 - M7. (ZRT-798)
Warning: Net u_datapath/CTS_ZCTSNET_144 has a frontside min_layer M1 that is outside the global min/max layer range M2 - M7. (ZRT-798)
Warning: Net CTS_ZCTSNET_320 has a frontside min_layer M1 that is outside the global min/max layer range M2 - M7. (ZRT-798)
Warning: Net clock_gate_net_239 has a frontside min_layer M1 that is outside the global min/max layer range M2 - M7. (ZRT-798)
Warning: Net CTS_ZCTSNET_275 has a frontside min_layer M1 that is outside the global min/max layer range M2 - M7. (ZRT-798)
Warning: Net CTS_ZCTSNET_321 has a frontside min_layer M1 that is outside the global min/max layer range M2 - M7. (ZRT-798)
Warning: Net clock_gate_net_240 has a frontside min_layer M1 that is outside the global min/max layer range M2 - M7. (ZRT-798)
Warning: Net CTS_ZCTSNET_276 has a frontside min_layer M1 that is outside the global min/max layer range M2 - M7. (ZRT-798)
Warning: Net CTS_ZCTSNET_322 has a frontside min_layer M1 that is outside the global min/max layer range M2 - M7. (ZRT-798)
Warning: Net u_datapath/CTS_ZCTSNET_145 has a frontside min_layer M1 that is outside the global min/max layer range M2 - M7. (ZRT-798)
Warning: Net CTS_ZCTSNET_298 has a frontside min_layer M1 that is outside the global min/max layer range M2 - M7. (ZRT-798)
Warning: Net CTS_ZCTSNET_277 has a frontside min_layer M1 that is outside the global min/max layer range M2 - M7. (ZRT-798)
Warning: Net u_main_controller_top/u_main_controller/CTS_ZCTSNET_358 has a frontside min_layer M1 that is outside the global min/max layer range M2 - M7. (ZRT-798)
Warning: Net CTS_ZCTSNET_299 has a frontside min_layer M1 that is outside the global min/max layer range M2 - M7. (ZRT-798)
Warning: Net u_datapath/CTS_ZCTSNET_146 has a frontside min_layer M1 that is outside the global min/max layer range M2 - M7. (ZRT-798)
Warning: Net u_main_controller_top/u_main_controller/CTS_ZCTSNET_359 has a frontside min_layer M1 that is outside the global min/max layer range M2 - M7. (ZRT-798)
Warning: Net CTS_ZCTSNET_301 has a frontside min_layer M1 that is outside the global min/max layer range M2 - M7. (ZRT-798)
Warning: Net CTS_ZCTSNET_278 has a frontside min_layer M1 that is outside the global min/max layer range M2 - M7. (ZRT-798)
Warning: Net u_main_controller_top/u_main_controller/CTS_ZCTSNET_360 has a frontside min_layer M1 that is outside the global min/max layer range M2 - M7. (ZRT-798)
Warning: Net u_datapath/CTS_ZCTSNET_147 has a frontside min_layer M1 that is outside the global min/max layer range M2 - M7. (ZRT-798)
Warning: Net CTS_ZCTSNET_300 has a frontside min_layer M1 that is outside the global min/max layer range M2 - M7. (ZRT-798)
Warning: Net u_datapath/CTS_ZCTSNET_148 has a frontside min_layer M1 that is outside the global min/max layer range M2 - M7. (ZRT-798)
Warning: Net u_datapath/CTS_ZCTSNET_149 has a frontside min_layer M1 that is outside the global min/max layer range M2 - M7. (ZRT-798)
Warning: Net u_main_controller_top/u_main_controller/CTS_ZCTSNET_337 has a frontside min_layer M1 that is outside the global min/max layer range M2 - M7. (ZRT-798)
Warning: Net u_main_controller_top/u_main_controller/CTS_ZCTSNET_361 has a frontside min_layer M1 that is outside the global min/max layer range M2 - M7. (ZRT-798)
Warning: Net u_main_controller_top/u_main_controller/CTS_ZCTSNET_346 has a frontside min_layer M1 that is outside the global min/max layer range M2 - M7. (ZRT-798)
Warning: Net u_main_controller_top/u_main_controller/CTS_ZCTSNET_338 has a frontside min_layer M1 that is outside the global min/max layer range M2 - M7. (ZRT-798)
Warning: Net u_main_controller_top/u_main_controller/CTS_ZCTSNET_362 has a frontside min_layer M1 that is outside the global min/max layer range M2 - M7. (ZRT-798)
Warning: Net u_main_controller_top/u_main_controller/CTS_ZCTSNET_347 has a frontside min_layer M1 that is outside the global min/max layer range M2 - M7. (ZRT-798)
Warning: Net clock_gate_net_247 has a frontside min_layer M1 that is outside the global min/max layer range M2 - M7. (ZRT-798)
Warning: Net u_main_controller_top/u_main_controller/CTS_ZCTSNET_348 has a frontside min_layer M1 that is outside the global min/max layer range M2 - M7. (ZRT-798)
Warning: Net CTS_ZCTSNET_302 has a frontside min_layer M1 that is outside the global min/max layer range M2 - M7. (ZRT-798)
Warning: Net u_main_controller_top/u_main_controller/CTS_ZCTSNET_363 has a frontside min_layer M1 that is outside the global min/max layer range M2 - M7. (ZRT-798)
Warning: Net clock_gate_net_249 has a frontside min_layer M1 that is outside the global min/max layer range M2 - M7. (ZRT-798)
Warning: Net u_main_controller_top/u_main_controller/CTS_ZCTSNET_351 has a frontside min_layer M1 that is outside the global min/max layer range M2 - M7. (ZRT-798)
Warning: Net u_main_controller_top/u_main_controller/CTS_ZCTSNET_364 has a frontside min_layer M1 that is outside the global min/max layer range M2 - M7. (ZRT-798)
Warning: Net u_main_controller_top/u_main_controller/CTS_ZCTSNET_352 has a frontside min_layer M1 that is outside the global min/max layer range M2 - M7. (ZRT-798)
Warning: Net CTS_ZCTSNET_303 has a frontside min_layer M1 that is outside the global min/max layer range M2 - M7. (ZRT-798)
Warning: Net u_main_controller_top/u_main_controller/CTS_ZCTSNET_353 has a frontside min_layer M1 that is outside the global min/max layer range M2 - M7. (ZRT-798)
Warning: Net CTS_ZCTSNET_304 has a frontside min_layer M1 that is outside the global min/max layer range M2 - M7. (ZRT-798)
Warning: Net u_main_controller_top/u_main_controller/CTS_ZCTSNET_354 has a frontside min_layer M1 that is outside the global min/max layer range M2 - M7. (ZRT-798)
Warning: Net CTS_ZCTSNET_305 has a frontside min_layer M1 that is outside the global min/max layer range M2 - M7. (ZRT-798)
Warning: Net u_main_controller_top/u_main_controller/CTS_ZCTSNET_365 has a frontside min_layer M1 that is outside the global min/max layer range M2 - M7. (ZRT-798)
Warning: Net u_main_controller_top/u_main_controller/CTS_ZCTSNET_355 has a frontside min_layer M1 that is outside the global min/max layer range M2 - M7. (ZRT-798)
Warning: Net u_main_controller_top/u_main_controller/CTS_ZCTSNET_339 has a frontside min_layer M1 that is outside the global min/max layer range M2 - M7. (ZRT-798)
Warning: Net u_main_controller_top/u_main_controller/CTS_ZCTSNET_366 has a frontside min_layer M1 that is outside the global min/max layer range M2 - M7. (ZRT-798)
Warning: Net clock_gate_net_347 has a frontside min_layer M1 that is outside the global min/max layer range M2 - M7. (ZRT-798)
Warning: Net u_main_controller_top/u_main_controller/CTS_ZCTSNET_367 has a frontside min_layer M1 that is outside the global min/max layer range M2 - M7. (ZRT-798)
Warning: Net u_datapath/CTS_ZCTSNET_154 has a frontside min_layer M1 that is outside the global min/max layer range M2 - M7. (ZRT-798)
Warning: Net u_main_controller_top/u_main_controller/CTS_ZCTSNET_368 has a frontside min_layer M1 that is outside the global min/max layer range M2 - M7. (ZRT-798)
Warning: Net CTS_ZCTSNET_309 has a frontside min_layer M1 that is outside the global min/max layer range M2 - M7. (ZRT-798)
Warning: Net u_datapath/CTS_ZCTSNET_155 has a frontside min_layer M1 that is outside the global min/max layer range M2 - M7. (ZRT-798)
Warning: Net u_main_controller_top/u_main_controller/CTS_ZCTSNET_369 has a frontside min_layer M1 that is outside the global min/max layer range M2 - M7. (ZRT-798)
Warning: Net CTS_ZCTSNET_310 has a frontside min_layer M1 that is outside the global min/max layer range M2 - M7. (ZRT-798)
Warning: Net u_datapath/CTS_ZCTSNET_156 has a frontside min_layer M1 that is outside the global min/max layer range M2 - M7. (ZRT-798)
Warning: Net u_main_controller_top/u_main_controller/CTS_ZCTSNET_370 has a frontside min_layer M1 that is outside the global min/max layer range M2 - M7. (ZRT-798)
Warning: Net CTS_ZCTSNET_311 has a frontside min_layer M1 that is outside the global min/max layer range M2 - M7. (ZRT-798)
Warning: Net u_datapath/CTS_ZCTSNET_157 has a frontside min_layer M1 that is outside the global min/max layer range M2 - M7. (ZRT-798)
Warning: Net CTS_ZCTSNET_312 has a frontside min_layer M1 that is outside the global min/max layer range M2 - M7. (ZRT-798)
Warning: Net u_datapath/CTS_ZCTSNET_150 has a frontside min_layer M1 that is outside the global min/max layer range M2 - M7. (ZRT-798)
Warning: Net CTS_ZCTSNET_313 has a frontside min_layer M1 that is outside the global min/max layer range M2 - M7. (ZRT-798)
Warning: Net clock_gate_net_319 has a frontside min_layer M1 that is outside the global min/max layer range M2 - M7. (ZRT-798)
Warning: Net u_datapath/CTS_ZCTSNET_151 has a frontside min_layer M1 that is outside the global min/max layer range M2 - M7. (ZRT-798)
Warning: Net u_datapath/CTS_ZCTSNET_161 has a frontside min_layer M1 that is outside the global min/max layer range M2 - M7. (ZRT-798)
Warning: Net u_datapath/CTS_ZCTSNET_152 has a frontside min_layer M1 that is outside the global min/max layer range M2 - M7. (ZRT-798)
Warning: Net clock_gate_net_349 has a frontside min_layer M1 that is outside the global min/max layer range M2 - M7. (ZRT-798)
Warning: Net u_datapath/CTS_ZCTSNET_153 has a frontside min_layer M1 that is outside the global min/max layer range M2 - M7. (ZRT-798)
Warning: Net u_datapath/CTS_ZCTSNET_158 has a frontside min_layer M1 that is outside the global min/max layer range M2 - M7. (ZRT-798)
Warning: Net clock_gate_net_350 has a frontside min_layer M1 that is outside the global min/max layer range M2 - M7. (ZRT-798)
Warning: Net u_datapath/CTS_ZCTSNET_164 has a frontside min_layer M1 that is outside the global min/max layer range M2 - M7. (ZRT-798)
Warning: Net u_datapath/CTS_ZCTSNET_159 has a frontside min_layer M1 that is outside the global min/max layer range M2 - M7. (ZRT-798)
Warning: Net CTS_ZCTSNET_314 has a frontside min_layer M1 that is outside the global min/max layer range M2 - M7. (ZRT-798)
Warning: Net u_datapath/CTS_ZCTSNET_165 has a frontside min_layer M1 that is outside the global min/max layer range M2 - M7. (ZRT-798)
Warning: Net u_datapath/CTS_ZCTSNET_160 has a frontside min_layer M1 that is outside the global min/max layer range M2 - M7. (ZRT-798)
Warning: Net u_main_controller_top/u_main_controller/u_sr_d512x72f116_MMS0_wrap/clock_gate_net_85 has a frontside min_layer M1 that is outside the global min/max layer range M2 - M7. (ZRT-798)
Warning: Net u_datapath/CTS_ZCTSNET_166 has a frontside min_layer M1 that is outside the global min/max layer range M2 - M7. (ZRT-798)
Warning: Net u_datapath/CTS_ZCTSNET_168 has a frontside min_layer M1 that is outside the global min/max layer range M2 - M7. (ZRT-798)
Warning: Net u_datapath/CTS_ZCTSNET_169 has a frontside min_layer M1 that is outside the global min/max layer range M2 - M7. (ZRT-798)
Warning: Net u_datapath/CTS_ZCTSNET_170 has a frontside min_layer M1 that is outside the global min/max layer range M2 - M7. (ZRT-798)
Warning: Net u_datapath/CTS_ZCTSNET_171 has a frontside min_layer M1 that is outside the global min/max layer range M2 - M7. (ZRT-798)
Warning: Net u_datapath/CTS_ZCTSNET_172 has a frontside min_layer M1 that is outside the global min/max layer range M2 - M7. (ZRT-798)
Warning: Net u_datapath/CTS_ZCTSNET_173 has a frontside min_layer M1 that is outside the global min/max layer range M2 - M7. (ZRT-798)
Warning: Net u_datapath/CTS_ZCTSNET_174 has a frontside min_layer M1 that is outside the global min/max layer range M2 - M7. (ZRT-798)
Warning: Net u_datapath/CTS_ZCTSNET_167 has a frontside min_layer M1 that is outside the global min/max layer range M2 - M7. (ZRT-798)
Warning: Net u_datapath/CTS_ZCTSNET_175 has a frontside min_layer M1 that is outside the global min/max layer range M2 - M7. (ZRT-798)
Warning: Net u_datapath/CTS_ZCTSNET_176 has a frontside min_layer M1 that is outside the global min/max layer range M2 - M7. (ZRT-798)
Warning: Net u_datapath/CTS_ZCTSNET_177 has a frontside min_layer M1 that is outside the global min/max layer range M2 - M7. (ZRT-798)
Warning: Net CTS_ZCTSNET_332 has a frontside min_layer M1 that is outside the global min/max layer range M2 - M7. (ZRT-798)
Warning: Net u_main_controller_top/u_main_controller/u_sr_d512x72f116_MMS1_wrap/clock_gate_net_85 has a frontside min_layer M1 that is outside the global min/max layer range M2 - M7. (ZRT-798)
Warning: Net u_main_controller_top/u_main_controller/CTS_ZCTSNET_373 has a frontside min_layer M1 that is outside the global min/max layer range M2 - M7. (ZRT-798)
Warning: Net u_main_controller_top/CTS_ZCTSNET_100 has a frontside min_layer M1 that is outside the global min/max layer range M2 - M7. (ZRT-798)
Warning: Net u_main_controller_top/u_main_controller/CTS_ZCTSNET_374 has a frontside min_layer M1 that is outside the global min/max layer range M2 - M7. (ZRT-798)
Warning: Net u_main_controller_top/CTS_ZCTSNET_69 has a frontside min_layer M1 that is outside the global min/max layer range M2 - M7. (ZRT-798)
Warning: Net u_main_controller_top/u_main_controller/CTS_ZCTSNET_375 has a frontside min_layer M1 that is outside the global min/max layer range M2 - M7. (ZRT-798)
Warning: Net u_main_controller_top/u_main_controller/CTS_ZCTSNET_438 has a frontside min_layer M1 that is outside the global min/max layer range M2 - M7. (ZRT-798)
Warning: Net u_datapath/CTS_ZCTSNET_196 has a frontside min_layer M1 that is outside the global min/max layer range M2 - M7. (ZRT-798)
Warning: Net u_main_controller_top/u_main_controller/CTS_ZCTSNET_439 has a frontside min_layer M1 that is outside the global min/max layer range M2 - M7. (ZRT-798)
Warning: Net u_datapath/CTS_ZCTSNET_197 has a frontside min_layer M1 that is outside the global min/max layer range M2 - M7. (ZRT-798)
Warning: Net u_main_controller_top/u_main_controller/CTS_ZCTSNET_376 has a frontside min_layer M1 that is outside the global min/max layer range M2 - M7. (ZRT-798)
Warning: Net u_main_controller_top/CTS_ZCTSNET_71 has a frontside min_layer M1 that is outside the global min/max layer range M2 - M7. (ZRT-798)
Warning: Net u_main_controller_top/u_main_controller/CTS_ZCTSNET_377 has a frontside min_layer M1 that is outside the global min/max layer range M2 - M7. (ZRT-798)
Warning: Net u_main_controller_top/CTS_ZCTSNET_101 has a frontside min_layer M1 that is outside the global min/max layer range M2 - M7. (ZRT-798)
Warning: Net u_datapath/CTS_ZCTSNET_198 has a frontside min_layer M1 that is outside the global min/max layer range M2 - M7. (ZRT-798)
Warning: Net u_main_controller_top/CTS_ZCTSNET_73 has a frontside min_layer M1 that is outside the global min/max layer range M2 - M7. (ZRT-798)
Warning: Net u_main_controller_top/u_main_controller/CTS_ZCTSNET_378 has a frontside min_layer M1 that is outside the global min/max layer range M2 - M7. (ZRT-798)
Warning: Net u_datapath/CTS_ZCTSNET_199 has a frontside min_layer M1 that is outside the global min/max layer range M2 - M7. (ZRT-798)
Warning: Net u_main_controller_top/u_main_controller/CTS_ZCTSNET_379 has a frontside min_layer M1 that is outside the global min/max layer range M2 - M7. (ZRT-798)
Warning: Net u_datapath/CTS_ZCTSNET_201 has a frontside min_layer M1 that is outside the global min/max layer range M2 - M7. (ZRT-798)
Warning: Net u_main_controller_top/u_main_controller/CTS_ZCTSNET_441 has a frontside min_layer M1 that is outside the global min/max layer range M2 - M7. (ZRT-798)
Warning: Net u_datapath/CTS_ZCTSNET_203 has a frontside min_layer M1 that is outside the global min/max layer range M2 - M7. (ZRT-798)
Warning: Net u_main_controller_top/u_main_controller/CTS_ZCTSNET_442 has a frontside min_layer M1 that is outside the global min/max layer range M2 - M7. (ZRT-798)
Warning: Net u_main_controller_top/CTS_ZCTSNET_75 has a frontside min_layer M1 that is outside the global min/max layer range M2 - M7. (ZRT-798)
Warning: Net u_main_controller_top/u_main_controller/CTS_ZCTSNET_380 has a frontside min_layer M1 that is outside the global min/max layer range M2 - M7. (ZRT-798)
Warning: Net u_main_controller_top/CTS_ZCTSNET_102 has a frontside min_layer M1 that is outside the global min/max layer range M2 - M7. (ZRT-798)
Warning: Net u_main_controller_top/u_main_controller/CTS_ZCTSNET_405 has a frontside min_layer M1 that is outside the global min/max layer range M2 - M7. (ZRT-798)
Warning: Net u_main_controller_top/CTS_ZCTSNET_61 has a frontside min_layer M1 that is outside the global min/max layer range M2 - M7. (ZRT-798)
Warning: Net u_main_controller_top/u_main_controller/CTS_ZCTSNET_444 has a frontside min_layer M1 that is outside the global min/max layer range M2 - M7. (ZRT-798)
Warning: Net u_main_controller_top/CTS_ZCTSNET_76 has a frontside min_layer M1 that is outside the global min/max layer range M2 - M7. (ZRT-798)
Warning: Net u_main_controller_top/u_main_controller/CTS_ZCTSNET_445 has a frontside min_layer M1 that is outside the global min/max layer range M2 - M7. (ZRT-798)
Warning: Net u_datapath/CTS_ZCTSNET_204 has a frontside min_layer M1 that is outside the global min/max layer range M2 - M7. (ZRT-798)
Warning: Net u_main_controller_top/u_main_controller/CTS_ZCTSNET_446 has a frontside min_layer M1 that is outside the global min/max layer range M2 - M7. (ZRT-798)
Warning: Net u_main_controller_top/u_main_controller/CTS_ZCTSNET_407 has a frontside min_layer M1 that is outside the global min/max layer range M2 - M7. (ZRT-798)
Warning: Net u_main_controller_top/u_main_controller/CTS_ZCTSNET_448 has a frontside min_layer M1 that is outside the global min/max layer range M2 - M7. (ZRT-798)
Warning: Net u_main_controller_top/CTS_ZCTSNET_62 has a frontside min_layer M1 that is outside the global min/max layer range M2 - M7. (ZRT-798)
Warning: Net CTS_ZCTSNET_365 has a frontside min_layer M1 that is outside the global min/max layer range M2 - M7. (ZRT-798)
Warning: Net u_main_controller_top/u_main_controller/CTS_ZCTSNET_383 has a frontside min_layer M1 that is outside the global min/max layer range M2 - M7. (ZRT-798)
Warning: Net u_main_controller_top/u_main_controller/CTS_ZCTSNET_449 has a frontside min_layer M1 that is outside the global min/max layer range M2 - M7. (ZRT-798)
Warning: Net u_main_controller_top/u_main_controller/CTS_ZCTSNET_408 has a frontside min_layer M1 that is outside the global min/max layer range M2 - M7. (ZRT-798)
Warning: Net u_main_controller_top/u_main_controller/CTS_ZCTSNET_385 has a frontside min_layer M1 that is outside the global min/max layer range M2 - M7. (ZRT-798)
Warning: Net CTS_ZCTSNET_366 has a frontside min_layer M1 that is outside the global min/max layer range M2 - M7. (ZRT-798)
Warning: Net CTS_ZCTSNET_334 has a frontside min_layer M1 that is outside the global min/max layer range M2 - M7. (ZRT-798)
Warning: Net CTS_ZCTSNET_367 has a frontside min_layer M1 that is outside the global min/max layer range M2 - M7. (ZRT-798)
Warning: Net u_main_controller_top/CTS_ZCTSNET_78 has a frontside min_layer M1 that is outside the global min/max layer range M2 - M7. (ZRT-798)
Warning: Net u_main_controller_top/u_main_controller/CTS_ZCTSNET_450 has a frontside min_layer M1 that is outside the global min/max layer range M2 - M7. (ZRT-798)
Warning: Net u_main_controller_top/u_main_controller/CTS_ZCTSNET_410 has a frontside min_layer M1 that is outside the global min/max layer range M2 - M7. (ZRT-798)
Warning: Net CTS_ZCTSNET_368 has a frontside min_layer M1 that is outside the global min/max layer range M2 - M7. (ZRT-798)
Warning: Net u_main_controller_top/CTS_ZCTSNET_79 has a frontside min_layer M1 that is outside the global min/max layer range M2 - M7. (ZRT-798)
Warning: Net CTS_ZCTSNET_369 has a frontside min_layer M1 that is outside the global min/max layer range M2 - M7. (ZRT-798)
Warning: Net u_main_controller_top/u_main_controller/CTS_ZCTSNET_412 has a frontside min_layer M1 that is outside the global min/max layer range M2 - M7. (ZRT-798)
Warning: Net CTS_ZCTSNET_370 has a frontside min_layer M1 that is outside the global min/max layer range M2 - M7. (ZRT-798)
Warning: Net u_main_controller_top/CTS_ZCTSNET_80 has a frontside min_layer M1 that is outside the global min/max layer range M2 - M7. (ZRT-798)
Warning: Net u_main_controller_top/u_main_controller/CTS_ZCTSNET_386 has a frontside min_layer M1 that is outside the global min/max layer range M2 - M7. (ZRT-798)
Warning: Net u_main_controller_top/u_main_controller/CTS_ZCTSNET_413 has a frontside min_layer M1 that is outside the global min/max layer range M2 - M7. (ZRT-798)
Warning: Net CTS_ZCTSNET_371 has a frontside min_layer M1 that is outside the global min/max layer range M2 - M7. (ZRT-798)
Warning: Net u_main_controller_top/u_main_controller/CTS_ZCTSNET_387 has a frontside min_layer M1 that is outside the global min/max layer range M2 - M7. (ZRT-798)
Warning: Net CTS_ZCTSNET_372 has a frontside min_layer M1 that is outside the global min/max layer range M2 - M7. (ZRT-798)
Warning: Net u_main_controller_top/u_main_controller/CTS_ZCTSNET_451 has a frontside min_layer M1 that is outside the global min/max layer range M2 - M7. (ZRT-798)
Warning: Net u_main_controller_top/CTS_ZCTSNET_81 has a frontside min_layer M1 that is outside the global min/max layer range M2 - M7. (ZRT-798)
Warning: Net u_main_controller_top/u_main_controller/CTS_ZCTSNET_452 has a frontside min_layer M1 that is outside the global min/max layer range M2 - M7. (ZRT-798)
Warning: Net u_main_controller_top/CTS_ZCTSNET_64 has a frontside min_layer M1 that is outside the global min/max layer range M2 - M7. (ZRT-798)
Warning: Net CTS_ZCTSNET_340 has a frontside min_layer M1 that is outside the global min/max layer range M2 - M7. (ZRT-798)
Warning: Net u_main_controller_top/u_main_controller/CTS_ZCTSNET_388 has a frontside min_layer M1 that is outside the global min/max layer range M2 - M7. (ZRT-798)
Warning: Net u_main_controller_top/CTS_ZCTSNET_82 has a frontside min_layer M1 that is outside the global min/max layer range M2 - M7. (ZRT-798)
Warning: Net CTS_ZCTSNET_331 has a frontside min_layer M1 that is outside the global min/max layer range M2 - M7. (ZRT-798)
Warning: Net u_main_controller_top/CTS_ZCTSNET_83 has a frontside min_layer M1 that is outside the global min/max layer range M2 - M7. (ZRT-798)
Warning: Net CTS_ZCTSNET_373 has a frontside min_layer M1 that is outside the global min/max layer range M2 - M7. (ZRT-798)
Warning: Net CTS_ZCTSNET_341 has a frontside min_layer M1 that is outside the global min/max layer range M2 - M7. (ZRT-798)
Warning: Net CTS_ZCTSNET_374 has a frontside min_layer M1 that is outside the global min/max layer range M2 - M7. (ZRT-798)
Warning: Net u_main_controller_top/CTS_ZCTSNET_84 has a frontside min_layer M1 that is outside the global min/max layer range M2 - M7. (ZRT-798)
Warning: Net u_main_controller_top/u_main_controller/CTS_ZCTSNET_456 has a frontside min_layer M1 that is outside the global min/max layer range M2 - M7. (ZRT-798)
Warning: Net u_main_controller_top/u_main_controller/CTS_ZCTSNET_390 has a frontside min_layer M1 that is outside the global min/max layer range M2 - M7. (ZRT-798)
Warning: Net u_main_controller_top/CTS_ZCTSNET_85 has a frontside min_layer M1 that is outside the global min/max layer range M2 - M7. (ZRT-798)
Warning: Net CTS_ZCTSNET_342 has a frontside min_layer M1 that is outside the global min/max layer range M2 - M7. (ZRT-798)
Warning: Net CTS_ZCTSNET_375 has a frontside min_layer M1 that is outside the global min/max layer range M2 - M7. (ZRT-798)
Warning: Net u_main_controller_top/u_main_controller/CTS_ZCTSNET_418 has a frontside min_layer M1 that is outside the global min/max layer range M2 - M7. (ZRT-798)
Warning: Net u_main_controller_top/u_main_controller/CTS_ZCTSNET_391 has a frontside min_layer M1 that is outside the global min/max layer range M2 - M7. (ZRT-798)
Warning: Net CTS_ZCTSNET_343 has a frontside min_layer M1 that is outside the global min/max layer range M2 - M7. (ZRT-798)
Warning: Net CTS_ZCTSNET_376 has a frontside min_layer M1 that is outside the global min/max layer range M2 - M7. (ZRT-798)
Warning: Net CTS_ZCTSNET_344 has a frontside min_layer M1 that is outside the global min/max layer range M2 - M7. (ZRT-798)
Warning: Net CTS_ZCTSNET_377 has a frontside min_layer M1 that is outside the global min/max layer range M2 - M7. (ZRT-798)
Warning: Net u_main_controller_top/CTS_ZCTSNET_87 has a frontside min_layer M1 that is outside the global min/max layer range M2 - M7. (ZRT-798)
Warning: Net CTS_ZCTSNET_346 has a frontside min_layer M1 that is outside the global min/max layer range M2 - M7. (ZRT-798)
Warning: Net CTS_ZCTSNET_378 has a frontside min_layer M1 that is outside the global min/max layer range M2 - M7. (ZRT-798)
Warning: Net u_main_controller_top/CTS_ZCTSNET_66 has a frontside min_layer M1 that is outside the global min/max layer range M2 - M7. (ZRT-798)
Warning: Net clock_gate_net_331 has a frontside min_layer M1 that is outside the global min/max layer range M2 - M7. (ZRT-798)
Warning: Net u_main_controller_top/u_main_controller/CTS_ZCTSNET_394 has a frontside min_layer M1 that is outside the global min/max layer range M2 - M7. (ZRT-798)
Warning: Net u_main_controller_top/u_main_controller/CTS_ZCTSNET_462 has a frontside min_layer M1 that is outside the global min/max layer range M2 - M7. (ZRT-798)
Warning: Net clock_gate_net_333 has a frontside min_layer M1 that is outside the global min/max layer range M2 - M7. (ZRT-798)
Warning: Net u_main_controller_top/u_main_controller/CTS_ZCTSNET_395 has a frontside min_layer M1 that is outside the global min/max layer range M2 - M7. (ZRT-798)
Warning: Net u_main_controller_top/u_main_controller/CTS_ZCTSNET_463 has a frontside min_layer M1 that is outside the global min/max layer range M2 - M7. (ZRT-798)
Warning: Net clock_gate_net_334 has a frontside min_layer M1 that is outside the global min/max layer range M2 - M7. (ZRT-798)
Warning: Net CTS_ZCTSNET_347 has a frontside min_layer M1 that is outside the global min/max layer range M2 - M7. (ZRT-798)
Warning: Net CTS_ZCTSNET_379 has a frontside min_layer M1 that is outside the global min/max layer range M2 - M7. (ZRT-798)
Warning: Net u_main_controller_top/u_main_controller/CTS_ZCTSNET_397 has a frontside min_layer M1 that is outside the global min/max layer range M2 - M7. (ZRT-798)
Warning: Net u_main_controller_top/CTS_ZCTSNET_89 has a frontside min_layer M1 that is outside the global min/max layer range M2 - M7. (ZRT-798)
Warning: Net CTS_ZCTSNET_380 has a frontside min_layer M1 that is outside the global min/max layer range M2 - M7. (ZRT-798)
Warning: Net u_main_controller_top/u_main_controller/CTS_ZCTSNET_399 has a frontside min_layer M1 that is outside the global min/max layer range M2 - M7. (ZRT-798)
Warning: Net CTS_ZCTSNET_348 has a frontside min_layer M1 that is outside the global min/max layer range M2 - M7. (ZRT-798)
Warning: Net clock_gate_net_336 has a frontside min_layer M1 that is outside the global min/max layer range M2 - M7. (ZRT-798)
Warning: Net CTS_ZCTSNET_381 has a frontside min_layer M1 that is outside the global min/max layer range M2 - M7. (ZRT-798)
Warning: Net CTS_ZCTSNET_350 has a frontside min_layer M1 that is outside the global min/max layer range M2 - M7. (ZRT-798)
Warning: Net u_datapath/CTS_ZCTSNET_205 has a frontside min_layer M1 that is outside the global min/max layer range M2 - M7. (ZRT-798)
Warning: Net CTS_ZCTSNET_383 has a frontside min_layer M1 that is outside the global min/max layer range M2 - M7. (ZRT-798)
Warning: Net clock_gate_net_337 has a frontside min_layer M1 that is outside the global min/max layer range M2 - M7. (ZRT-798)
Warning: Net CTS_ZCTSNET_384 has a frontside min_layer M1 that is outside the global min/max layer range M2 - M7. (ZRT-798)
Warning: Net u_datapath/CTS_ZCTSNET_206 has a frontside min_layer M1 that is outside the global min/max layer range M2 - M7. (ZRT-798)
Warning: Net clock_gate_net_338 has a frontside min_layer M1 that is outside the global min/max layer range M2 - M7. (ZRT-798)
Warning: Net u_main_controller_top/CTS_ZCTSNET_122 has a frontside min_layer M1 that is outside the global min/max layer range M2 - M7. (ZRT-798)
Warning: Net CTS_ZCTSNET_385 has a frontside min_layer M1 that is outside the global min/max layer range M2 - M7. (ZRT-798)
Warning: Net u_main_controller_top/u_main_controller/CTS_ZCTSNET_482 has a frontside min_layer M1 that is outside the global min/max layer range M2 - M7. (ZRT-798)
Warning: Net u_datapath/CTS_ZCTSNET_207 has a frontside min_layer M1 that is outside the global min/max layer range M2 - M7. (ZRT-798)
Warning: Net u_main_controller_top/CTS_ZCTSNET_123 has a frontside min_layer M1 that is outside the global min/max layer range M2 - M7. (ZRT-798)
Warning: Net u_main_controller_top/CTS_ZCTSNET_91 has a frontside min_layer M1 that is outside the global min/max layer range M2 - M7. (ZRT-798)
Warning: Net u_datapath/CTS_ZCTSNET_208 has a frontside min_layer M1 that is outside the global min/max layer range M2 - M7. (ZRT-798)
Warning: Net u_main_controller_top/u_main_controller/CTS_ZCTSNET_483 has a frontside min_layer M1 that is outside the global min/max layer range M2 - M7. (ZRT-798)
Warning: Net u_main_controller_top/CTS_ZCTSNET_92 has a frontside min_layer M1 that is outside the global min/max layer range M2 - M7. (ZRT-798)
Warning: Net u_main_controller_top/u_main_controller/CTS_ZCTSNET_484 has a frontside min_layer M1 that is outside the global min/max layer range M2 - M7. (ZRT-798)
Warning: Net u_datapath/CTS_ZCTSNET_209 has a frontside min_layer M1 that is outside the global min/max layer range M2 - M7. (ZRT-798)
Warning: Net u_main_controller_top/u_main_controller/CTS_ZCTSNET_486 has a frontside min_layer M1 that is outside the global min/max layer range M2 - M7. (ZRT-798)
Warning: Net u_main_controller_top/u_main_controller/CTS_ZCTSNET_421 has a frontside min_layer M1 that is outside the global min/max layer range M2 - M7. (ZRT-798)
Warning: Net CTS_ZCTSNET_361 has a frontside min_layer M1 that is outside the global min/max layer range M2 - M7. (ZRT-798)
Warning: Net u_datapath/CTS_ZCTSNET_210 has a frontside min_layer M1 that is outside the global min/max layer range M2 - M7. (ZRT-798)
Warning: Net u_datapath/u_output_fifo_control/CTS_ZCTSNET_13 has a frontside min_layer M1 that is outside the global min/max layer range M2 - M7. (ZRT-798)
Warning: Net u_main_controller_top/u_main_controller/CTS_ZCTSNET_422 has a frontside min_layer M1 that is outside the global min/max layer range M2 - M7. (ZRT-798)
Warning: Net u_datapath/u_output_fifo_control/u_output_fifo_0/CTS_ZCTSNET_11 has a frontside min_layer M1 that is outside the global min/max layer range M2 - M7. (ZRT-798)
Warning: Net CTS_ZCTSNET_386 has a frontside min_layer M1 that is outside the global min/max layer range M2 - M7. (ZRT-798)
Warning: Net u_main_controller_top/CTS_ZCTSNET_93 has a frontside min_layer M1 that is outside the global min/max layer range M2 - M7. (ZRT-798)
Warning: Net u_datapath/u_output_fifo_control/CTS_ZCTSNET_14 has a frontside min_layer M1 that is outside the global min/max layer range M2 - M7. (ZRT-798)
Warning: Net u_main_controller_top/u_main_controller/u_sr_d512x72f116_MMS2_wrap/clock_gate_net_85 has a frontside min_layer M1 that is outside the global min/max layer range M2 - M7. (ZRT-798)
Warning: Net u_datapath/CTS_ZCTSNET_211 has a frontside min_layer M1 that is outside the global min/max layer range M2 - M7. (ZRT-798)
Warning: Net u_main_controller_top/u_main_controller/CTS_ZCTSNET_424 has a frontside min_layer M1 that is outside the global min/max layer range M2 - M7. (ZRT-798)
Warning: Net u_datapath/CTS_ZCTSNET_212 has a frontside min_layer M1 that is outside the global min/max layer range M2 - M7. (ZRT-798)
Warning: Net u_main_controller_top/u_main_controller/CTS_ZCTSNET_425 has a frontside min_layer M1 that is outside the global min/max layer range M2 - M7. (ZRT-798)
Warning: Net CTS_ZCTSNET_387 has a frontside min_layer M1 that is outside the global min/max layer range M2 - M7. (ZRT-798)
Warning: Net u_datapath/CTS_ZCTSNET_213 has a frontside min_layer M1 that is outside the global min/max layer range M2 - M7. (ZRT-798)
Warning: Net CTS_ZCTSNET_388 has a frontside min_layer M1 that is outside the global min/max layer range M2 - M7. (ZRT-798)
Warning: Net CTS_ZCTSNET_363 has a frontside min_layer M1 that is outside the global min/max layer range M2 - M7. (ZRT-798)
Warning: Net u_main_controller_top/u_main_controller/CTS_ZCTSNET_426 has a frontside min_layer M1 that is outside the global min/max layer range M2 - M7. (ZRT-798)
Warning: Net u_datapath/u_output_fifo_control/CTS_ZCTSNET_17 has a frontside min_layer M1 that is outside the global min/max layer range M2 - M7. (ZRT-798)
Warning: Net u_datapath/u_gamma_correction/CTS_ZCTSNET_288 has a frontside min_layer M1 that is outside the global min/max layer range M2 - M7. (ZRT-798)
Warning: Net u_datapath/CTS_ZCTSNET_215 has a frontside min_layer M1 that is outside the global min/max layer range M2 - M7. (ZRT-798)
Warning: Net u_datapath/u_gamma_correction/CTS_ZCTSNET_289 has a frontside min_layer M1 that is outside the global min/max layer range M2 - M7. (ZRT-798)
Warning: Net u_datapath/CTS_ZCTSNET_216 has a frontside min_layer M1 that is outside the global min/max layer range M2 - M7. (ZRT-798)
Warning: Net u_main_controller_top/u_main_controller/CTS_ZCTSNET_427 has a frontside min_layer M1 that is outside the global min/max layer range M2 - M7. (ZRT-798)
Warning: Net u_datapath/u_gamma_correction/CTS_ZCTSNET_290 has a frontside min_layer M1 that is outside the global min/max layer range M2 - M7. (ZRT-798)
Warning: Net u_datapath/u_output_fifo_control/CTS_ZCTSNET_19 has a frontside min_layer M1 that is outside the global min/max layer range M2 - M7. (ZRT-798)
Warning: Net u_datapath/CTS_ZCTSNET_217 has a frontside min_layer M1 that is outside the global min/max layer range M2 - M7. (ZRT-798)
Warning: Net u_main_controller_top/u_main_controller/CTS_ZCTSNET_428 has a frontside min_layer M1 that is outside the global min/max layer range M2 - M7. (ZRT-798)
Warning: Net u_main_controller_top/u_main_controller/CTS_ZCTSNET_487 has a frontside min_layer M1 that is outside the global min/max layer range M2 - M7. (ZRT-798)
Warning: Net u_datapath/u_gamma_correction/CTS_ZCTSNET_291 has a frontside min_layer M1 that is outside the global min/max layer range M2 - M7. (ZRT-798)
Warning: Net u_datapath/CTS_ZCTSNET_218 has a frontside min_layer M1 that is outside the global min/max layer range M2 - M7. (ZRT-798)
Warning: Net u_main_controller_top/u_main_controller/CTS_ZCTSNET_429 has a frontside min_layer M1 that is outside the global min/max layer range M2 - M7. (ZRT-798)
Warning: Net u_datapath/CTS_ZCTSNET_219 has a frontside min_layer M1 that is outside the global min/max layer range M2 - M7. (ZRT-798)
Warning: Net u_datapath/CTS_ZCTSNET_193 has a frontside min_layer M1 that is outside the global min/max layer range M2 - M7. (ZRT-798)
Warning: Net u_main_controller_top/CTS_ZCTSNET_94 has a frontside min_layer M1 that is outside the global min/max layer range M2 - M7. (ZRT-798)
Warning: Net u_datapath/u_input_line_buffer_control/CTS_ZCTSNET_61 has a frontside min_layer M1 that is outside the global min/max layer range M2 - M7. (ZRT-798)
Warning: Net u_datapath/u_gamma_correction/CTS_ZCTSNET_292 has a frontside min_layer M1 that is outside the global min/max layer range M2 - M7. (ZRT-798)
Warning: Net u_datapath/CTS_ZCTSNET_194 has a frontside min_layer M1 that is outside the global min/max layer range M2 - M7. (ZRT-798)
Warning: Net u_datapath/CTS_ZCTSNET_249 has a frontside min_layer M1 that is outside the global min/max layer range M2 - M7. (ZRT-798)
Warning: Net u_datapath/CTS_ZCTSNET_220 has a frontside min_layer M1 that is outside the global min/max layer range M2 - M7. (ZRT-798)
Warning: Net u_datapath/u_gamma_correction/CTS_ZCTSNET_294 has a frontside min_layer M1 that is outside the global min/max layer range M2 - M7. (ZRT-798)
Warning: Net u_main_controller_top/CTS_ZCTSNET_95 has a frontside min_layer M1 that is outside the global min/max layer range M2 - M7. (ZRT-798)
Warning: Net u_datapath/CTS_ZCTSNET_195 has a frontside min_layer M1 that is outside the global min/max layer range M2 - M7. (ZRT-798)
Warning: Net u_datapath/CTS_ZCTSNET_221 has a frontside min_layer M1 that is outside the global min/max layer range M2 - M7. (ZRT-798)
Warning: Net u_main_controller_top/u_main_controller/CTS_ZCTSNET_432 has a frontside min_layer M1 that is outside the global min/max layer range M2 - M7. (ZRT-798)
Warning: Net u_datapath/CTS_ZCTSNET_259 has a frontside min_layer M1 that is outside the global min/max layer range M2 - M7. (ZRT-798)
Warning: Net u_datapath/u_gamma_correction/CTS_ZCTSNET_295 has a frontside min_layer M1 that is outside the global min/max layer range M2 - M7. (ZRT-798)
Warning: Net u_datapath/CTS_ZCTSNET_260 has a frontside min_layer M1 that is outside the global min/max layer range M2 - M7. (ZRT-798)
Warning: Net u_datapath/CTS_ZCTSNET_222 has a frontside min_layer M1 that is outside the global min/max layer range M2 - M7. (ZRT-798)
Warning: Net u_datapath/CTS_ZCTSNET_250 has a frontside min_layer M1 that is outside the global min/max layer range M2 - M7. (ZRT-798)
Warning: Net CTS_ZCTSNET_338 has a frontside min_layer M1 that is outside the global min/max layer range M2 - M7. (ZRT-798)
Warning: Net u_datapath/u_gamma_correction/CTS_ZCTSNET_296 has a frontside min_layer M1 that is outside the global min/max layer range M2 - M7. (ZRT-798)
Warning: Net u_main_controller_top/u_main_controller/CTS_ZCTSNET_436 has a frontside min_layer M1 that is outside the global min/max layer range M2 - M7. (ZRT-798)
Warning: Net u_datapath/CTS_ZCTSNET_223 has a frontside min_layer M1 that is outside the global min/max layer range M2 - M7. (ZRT-798)
Warning: Net u_datapath/CTS_ZCTSNET_261 has a frontside min_layer M1 that is outside the global min/max layer range M2 - M7. (ZRT-798)
Warning: Net u_datapath/u_gamma_correction/CTS_ZCTSNET_297 has a frontside min_layer M1 that is outside the global min/max layer range M2 - M7. (ZRT-798)
Warning: Net u_datapath/u_input_line_buffer_control/CTS_ZCTSNET_62 has a frontside min_layer M1 that is outside the global min/max layer range M2 - M7. (ZRT-798)
Warning: Net u_clk_gen/u_clock_gen/CTS_ZCTSNET_38 has a frontside min_layer M1 that is outside the global min/max layer range M2 - M7. (ZRT-798)
Warning: Net u_datapath/CTS_ZCTSNET_262 has a frontside min_layer M1 that is outside the global min/max layer range M2 - M7. (ZRT-798)
Warning: Net u_datapath/CTS_ZCTSNET_224 has a frontside min_layer M1 that is outside the global min/max layer range M2 - M7. (ZRT-798)
Warning: Net u_datapath/u_gamma_correction/CTS_ZCTSNET_298 has a frontside min_layer M1 that is outside the global min/max layer range M2 - M7. (ZRT-798)
Warning: Net u_datapath/CTS_ZCTSNET_225 has a frontside min_layer M1 that is outside the global min/max layer range M2 - M7. (ZRT-798)
Warning: Net u_datapath/u_gamma_correction/CTS_ZCTSNET_299 has a frontside min_layer M1 that is outside the global min/max layer range M2 - M7. (ZRT-798)
Warning: Net u_datapath/CTS_ZCTSNET_226 has a frontside min_layer M1 that is outside the global min/max layer range M2 - M7. (ZRT-798)
Warning: Net u_datapath/u_gamma_correction/CTS_ZCTSNET_300 has a frontside min_layer M1 that is outside the global min/max layer range M2 - M7. (ZRT-798)
Warning: Net u_datapath/CTS_ZCTSNET_227 has a frontside min_layer M1 that is outside the global min/max layer range M2 - M7. (ZRT-798)
Warning: Net u_datapath/CTS_ZCTSNET_228 has a frontside min_layer M1 that is outside the global min/max layer range M2 - M7. (ZRT-798)
Warning: Net u_datapath/CTS_ZCTSNET_252 has a frontside min_layer M1 that is outside the global min/max layer range M2 - M7. (ZRT-798)
Warning: Net u_datapath/CTS_ZCTSNET_229 has a frontside min_layer M1 that is outside the global min/max layer range M2 - M7. (ZRT-798)
Warning: Net u_datapath/CTS_ZCTSNET_253 has a frontside min_layer M1 that is outside the global min/max layer range M2 - M7. (ZRT-798)
Warning: Net u_datapath/CTS_ZCTSNET_230 has a frontside min_layer M1 that is outside the global min/max layer range M2 - M7. (ZRT-798)
Warning: Net u_datapath/CTS_ZCTSNET_254 has a frontside min_layer M1 that is outside the global min/max layer range M2 - M7. (ZRT-798)
Warning: Net u_datapath/CTS_ZCTSNET_231 has a frontside min_layer M1 that is outside the global min/max layer range M2 - M7. (ZRT-798)
Warning: Net u_datapath/CTS_ZCTSNET_255 has a frontside min_layer M1 that is outside the global min/max layer range M2 - M7. (ZRT-798)
Warning: Net u_datapath/CTS_ZCTSNET_232 has a frontside min_layer M1 that is outside the global min/max layer range M2 - M7. (ZRT-798)
Warning: Net u_datapath/CTS_ZCTSNET_256 has a frontside min_layer M1 that is outside the global min/max layer range M2 - M7. (ZRT-798)
Warning: Net u_datapath/CTS_ZCTSNET_233 has a frontside min_layer M1 that is outside the global min/max layer range M2 - M7. (ZRT-798)
Warning: Net u_datapath/CTS_ZCTSNET_257 has a frontside min_layer M1 that is outside the global min/max layer range M2 - M7. (ZRT-798)
Warning: Net u_datapath/CTS_ZCTSNET_234 has a frontside min_layer M1 that is outside the global min/max layer range M2 - M7. (ZRT-798)
Warning: Net CTS_ZCTSNET_393 has a frontside min_layer M1 that is outside the global min/max layer range M2 - M7. (ZRT-798)
Warning: Net u_datapath/CTS_ZCTSNET_235 has a frontside min_layer M1 that is outside the global min/max layer range M2 - M7. (ZRT-798)
Warning: Net u_datapath/u_gamma_correction/CTS_ZCTSNET_306 has a frontside min_layer M1 that is outside the global min/max layer range M2 - M7. (ZRT-798)
Warning: Net u_datapath/CTS_ZCTSNET_236 has a frontside min_layer M1 that is outside the global min/max layer range M2 - M7. (ZRT-798)
Warning: Net u_datapath/u_gamma_correction/CTS_ZCTSNET_307 has a frontside min_layer M1 that is outside the global min/max layer range M2 - M7. (ZRT-798)
Warning: Net u_clk_gen/u_clock_gen/CTS_ZCTSNET_34 has a frontside min_layer M1 that is outside the global min/max layer range M2 - M7. (ZRT-798)
Warning: Net u_clk_gen/u_clock_gen/CTS_ZCTSNET_36 has a frontside min_layer M1 that is outside the global min/max layer range M2 - M7. (ZRT-798)
Warning: Net u_datapath/CTS_ZCTSNET_237 has a frontside min_layer M1 that is outside the global min/max layer range M2 - M7. (ZRT-798)
Warning: Net u_main_controller_top/u_main_controller/u_sr_d512x72f116_MM0_wrap/clock_gate_net_86 has a frontside min_layer M1 that is outside the global min/max layer range M2 - M7. (ZRT-798)
Warning: Net clock_gate_net_351 has a frontside min_layer M1 that is outside the global min/max layer range M2 - M7. (ZRT-798)
Warning: Net u_datapath/u_gamma_correction/CTS_ZCTSNET_308 has a frontside min_layer M1 that is outside the global min/max layer range M2 - M7. (ZRT-798)
Warning: Net u_datapath/CTS_ZCTSNET_239 has a frontside min_layer M1 that is outside the global min/max layer range M2 - M7. (ZRT-798)
Warning: Net clock_gate_net_352 has a frontside min_layer M1 that is outside the global min/max layer range M2 - M7. (ZRT-798)
Warning: Net u_datapath/CTS_ZCTSNET_240 has a frontside min_layer M1 that is outside the global min/max layer range M2 - M7. (ZRT-798)
Warning: Net clock_gate_net_353 has a frontside min_layer M1 that is outside the global min/max layer range M2 - M7. (ZRT-798)
Warning: Net u_datapath/CTS_ZCTSNET_241 has a frontside min_layer M1 that is outside the global min/max layer range M2 - M7. (ZRT-798)
Warning: Net clock_gate_net_354 has a frontside min_layer M1 that is outside the global min/max layer range M2 - M7. (ZRT-798)
Warning: Net u_clk_gen/u_clock_gen/CTS_ZCTSNET_42 has a frontside min_layer M1 that is outside the global min/max layer range M2 - M7. (ZRT-798)
Warning: Net u_datapath/u_gamma_correction/CTS_ZCTSNET_309 has a frontside min_layer M1 that is outside the global min/max layer range M2 - M7. (ZRT-798)
Warning: Net u_datapath/CTS_ZCTSNET_243 has a frontside min_layer M1 that is outside the global min/max layer range M2 - M7. (ZRT-798)
Warning: Net u_datapath/u_gamma_correction/CTS_ZCTSNET_310 has a frontside min_layer M1 that is outside the global min/max layer range M2 - M7. (ZRT-798)
Warning: Net u_clk_gen/CTS_ZCTSNET_9 has a frontside min_layer M1 that is outside the global min/max layer range M2 - M7. (ZRT-798)
Warning: Net clock_gate_net_357 has a frontside min_layer M1 that is outside the global min/max layer range M2 - M7. (ZRT-798)
Warning: Net u_datapath/u_input_line_buffer_control/CTS_ZCTSNET_65 has a frontside min_layer M1 that is outside the global min/max layer range M2 - M7. (ZRT-798)
Warning: Net clock_gate_net_358 has a frontside min_layer M1 that is outside the global min/max layer range M2 - M7. (ZRT-798)
Warning: Net u_datapath/u_input_line_buffer_control/u_input_line_buffer_g/u_sr_d1kx16_f166_wrap1/CTS_ZCTSNET_5 has a frontside min_layer M1 that is outside the global min/max layer range M2 - M7. (ZRT-798)
Warning: Net clock_gate_net_359 has a frontside min_layer M1 that is outside the global min/max layer range M2 - M7. (ZRT-798)
Warning: Net u_datapath/CTS_ZCTSNET_244 has a frontside min_layer M1 that is outside the global min/max layer range M2 - M7. (ZRT-798)
Warning: Net clock_gate_net_360 has a frontside min_layer M1 that is outside the global min/max layer range M2 - M7. (ZRT-798)
Warning: Net CTS_ZCTSNET_401 has a frontside min_layer M1 that is outside the global min/max layer range M2 - M7. (ZRT-798)
Warning: Net u_clk_gen/CTS_ZCTSNET_13 has a frontside min_layer M1 that is outside the global min/max layer range M2 - M7. (ZRT-798)
Warning: Net clock_gate_net_361 has a frontside min_layer M1 that is outside the global min/max layer range M2 - M7. (ZRT-798)
Warning: Net u_datapath/CTS_ZCTSNET_245 has a frontside min_layer M1 that is outside the global min/max layer range M2 - M7. (ZRT-798)
Warning: Net clock_gate_net_370 has a frontside min_layer M1 that is outside the global min/max layer range M2 - M7. (ZRT-798)
Warning: Net clock_gate_net_362 has a frontside min_layer M1 that is outside the global min/max layer range M2 - M7. (ZRT-798)
Warning: Net u_datapath/u_input_line_buffer_control/CTS_ZCTSNET_68 has a frontside min_layer M1 that is outside the global min/max layer range M2 - M7. (ZRT-798)
Warning: Net clock_gate_net_371 has a frontside min_layer M1 that is outside the global min/max layer range M2 - M7. (ZRT-798)
Warning: Net clock_gate_net_363 has a frontside min_layer M1 that is outside the global min/max layer range M2 - M7. (ZRT-798)
Warning: Net u_datapath/u_input_line_buffer_control/u_input_line_buffer_b/u_sr_d1kx16_f166_wrap0/CTS_ZCTSNET_5 has a frontside min_layer M1 that is outside the global min/max layer range M2 - M7. (ZRT-798)
Warning: Net clock_gate_net_372 has a frontside min_layer M1 that is outside the global min/max layer range M2 - M7. (ZRT-798)
Warning: Net clock_gate_net_364 has a frontside min_layer M1 that is outside the global min/max layer range M2 - M7. (ZRT-798)
Warning: Net u_datapath/u_input_line_buffer_control/CTS_ZCTSNET_69 has a frontside min_layer M1 that is outside the global min/max layer range M2 - M7. (ZRT-798)
Warning: Net clock_gate_net_373 has a frontside min_layer M1 that is outside the global min/max layer range M2 - M7. (ZRT-798)
Warning: Net clock_gate_net_365 has a frontside min_layer M1 that is outside the global min/max layer range M2 - M7. (ZRT-798)
Warning: Net u_datapath/u_gamma_correction/CTS_ZCTSNET_273 has a frontside min_layer M1 that is outside the global min/max layer range M2 - M7. (ZRT-798)
Warning: Net clock_gate_net_374 has a frontside min_layer M1 that is outside the global min/max layer range M2 - M7. (ZRT-798)
Warning: Net clock_gate_net_366 has a frontside min_layer M1 that is outside the global min/max layer range M2 - M7. (ZRT-798)
Warning: Net u_datapath/u_gamma_correction/CTS_ZCTSNET_274 has a frontside min_layer M1 that is outside the global min/max layer range M2 - M7. (ZRT-798)
Warning: Net clock_gate_net_367 has a frontside min_layer M1 that is outside the global min/max layer range M2 - M7. (ZRT-798)
Warning: Net u_datapath/CTS_ZCTSNET_247 has a frontside min_layer M1 that is outside the global min/max layer range M2 - M7. (ZRT-798)
Warning: Net clock_gate_net_368 has a frontside min_layer M1 that is outside the global min/max layer range M2 - M7. (ZRT-798)
Warning: Net u_datapath/u_gamma_correction/CTS_ZCTSNET_275 has a frontside min_layer M1 that is outside the global min/max layer range M2 - M7. (ZRT-798)
Warning: Net clock_gate_net_369 has a frontside min_layer M1 that is outside the global min/max layer range M2 - M7. (ZRT-798)
Warning: Net u_datapath/u_gamma_correction/CTS_ZCTSNET_276 has a frontside min_layer M1 that is outside the global min/max layer range M2 - M7. (ZRT-798)
Warning: Net u_datapath/u_gamma_correction/CTS_ZCTSNET_277 has a frontside min_layer M1 that is outside the global min/max layer range M2 - M7. (ZRT-798)
Warning: Net u_datapath/u_gamma_correction/CTS_ZCTSNET_278 has a frontside min_layer M1 that is outside the global min/max layer range M2 - M7. (ZRT-798)
Warning: Net u_datapath/u_gamma_correction/CTS_ZCTSNET_279 has a frontside min_layer M1 that is outside the global min/max layer range M2 - M7. (ZRT-798)
Warning: Net u_datapath/u_gamma_correction/CTS_ZCTSNET_280 has a frontside min_layer M1 that is outside the global min/max layer range M2 - M7. (ZRT-798)
Warning: Net u_datapath/u_gamma_correction/CTS_ZCTSNET_281 has a frontside min_layer M1 that is outside the global min/max layer range M2 - M7. (ZRT-798)
Warning: Net u_datapath/u_gamma_correction/CTS_ZCTSNET_282 has a frontside min_layer M1 that is outside the global min/max layer range M2 - M7. (ZRT-798)
Warning: Net u_datapath/u_gamma_correction/CTS_ZCTSNET_283 has a frontside min_layer M1 that is outside the global min/max layer range M2 - M7. (ZRT-798)
Warning: Net u_datapath/u_gamma_correction/CTS_ZCTSNET_284 has a frontside min_layer M1 that is outside the global min/max layer range M2 - M7. (ZRT-798)
Warning: Net u_datapath/CTS_ZCTSNET_248 has a frontside min_layer M1 that is outside the global min/max layer range M2 - M7. (ZRT-798)
Warning: Net u_datapath/u_gamma_correction/CTS_ZCTSNET_286 has a frontside min_layer M1 that is outside the global min/max layer range M2 - M7. (ZRT-798)
Warning: Net u_datapath/u_gamma_correction/CTS_ZCTSNET_287 has a frontside min_layer M1 that is outside the global min/max layer range M2 - M7. (ZRT-798)
Warning: Net u_datapath/CTS_ZCTSNET_263 has a frontside min_layer M1 that is outside the global min/max layer range M2 - M7. (ZRT-798)
Warning: Net CTS_ZCTSNET_432 has a frontside min_layer M1 that is outside the global min/max layer range M2 - M7. (ZRT-798)
Warning: Net u_datapath/CTS_ZCTSNET_264 has a frontside min_layer M1 that is outside the global min/max layer range M2 - M7. (ZRT-798)
Warning: Net CTS_ZCTSNET_434 has a frontside min_layer M1 that is outside the global min/max layer range M2 - M7. (ZRT-798)
Warning: Net u_datapath/u_gamma_correction/clock_gate_net_1468 has a frontside min_layer M1 that is outside the global min/max layer range M2 - M7. (ZRT-798)
Warning: Net CTS_ZCTSNET_435 has a frontside min_layer M1 that is outside the global min/max layer range M2 - M7. (ZRT-798)
Warning: Net u_datapath/CTS_ZCTSNET_273 has a frontside min_layer M1 that is outside the global min/max layer range M2 - M7. (ZRT-798)
Warning: Net u_datapath/CTS_ZCTSNET_276 has a frontside min_layer M1 that is outside the global min/max layer range M2 - M7. (ZRT-798)
Warning: Net u_datapath/u_gamma_correction/CTS_ZCTSNET_313 has a frontside min_layer M1 that is outside the global min/max layer range M2 - M7. (ZRT-798)
Warning: Net CTS_ZCTSNET_436 has a frontside min_layer M1 that is outside the global min/max layer range M2 - M7. (ZRT-798)
Warning: Net u_datapath/u_gamma_correction/clock_gate_net_1470 has a frontside min_layer M1 that is outside the global min/max layer range M2 - M7. (ZRT-798)
Warning: Net CTS_ZCTSNET_437 has a frontside min_layer M1 that is outside the global min/max layer range M2 - M7. (ZRT-798)
Warning: Net u_datapath/CTS_ZCTSNET_274 has a frontside min_layer M1 that is outside the global min/max layer range M2 - M7. (ZRT-798)
Warning: Net u_datapath/CTS_ZCTSNET_277 has a frontside min_layer M1 that is outside the global min/max layer range M2 - M7. (ZRT-798)
Warning: Net u_datapath/u_gamma_correction/clock_gate_net_1471 has a frontside min_layer M1 that is outside the global min/max layer range M2 - M7. (ZRT-798)
Warning: Net CTS_ZCTSNET_438 has a frontside min_layer M1 that is outside the global min/max layer range M2 - M7. (ZRT-798)
Warning: Net u_datapath/CTS_ZCTSNET_265 has a frontside min_layer M1 that is outside the global min/max layer range M2 - M7. (ZRT-798)
Warning: Net u_datapath/u_gamma_correction/clock_gate_net_1472 has a frontside min_layer M1 that is outside the global min/max layer range M2 - M7. (ZRT-798)
Warning: Net CTS_ZCTSNET_439 has a frontside min_layer M1 that is outside the global min/max layer range M2 - M7. (ZRT-798)
Warning: Net CTS_ZCTSNET_406 has a frontside min_layer M1 that is outside the global min/max layer range M2 - M7. (ZRT-798)
Warning: Net CTS_ZCTSNET_440 has a frontside min_layer M1 that is outside the global min/max layer range M2 - M7. (ZRT-798)
Warning: Net CTS_ZCTSNET_407 has a frontside min_layer M1 that is outside the global min/max layer range M2 - M7. (ZRT-798)
Warning: Net u_datapath/CTS_ZCTSNET_266 has a frontside min_layer M1 that is outside the global min/max layer range M2 - M7. (ZRT-798)
Warning: Net CTS_ZCTSNET_441 has a frontside min_layer M1 that is outside the global min/max layer range M2 - M7. (ZRT-798)
Warning: Net u_datapath/CTS_ZCTSNET_267 has a frontside min_layer M1 that is outside the global min/max layer range M2 - M7. (ZRT-798)
Warning: Net u_main_controller_top/u_main_controller/CTS_ZCTSNET_491 has a frontside min_layer M1 that is outside the global min/max layer range M2 - M7. (ZRT-798)
Warning: Net CTS_ZCTSNET_442 has a frontside min_layer M1 that is outside the global min/max layer range M2 - M7. (ZRT-798)
Warning: Net u_datapath/u_gamma_correction/clock_gate_net_1473 has a frontside min_layer M1 that is outside the global min/max layer range M2 - M7. (ZRT-798)
Warning: Net u_main_controller_top/u_main_controller/CTS_ZCTSNET_492 has a frontside min_layer M1 that is outside the global min/max layer range M2 - M7. (ZRT-798)
Warning: Net CTS_ZCTSNET_443 has a frontside min_layer M1 that is outside the global min/max layer range M2 - M7. (ZRT-798)
Warning: Net u_datapath/u_gamma_correction/clock_gate_net_1474 has a frontside min_layer M1 that is outside the global min/max layer range M2 - M7. (ZRT-798)
Warning: Net u_main_controller_top/u_main_controller/CTS_ZCTSNET_493 has a frontside min_layer M1 that is outside the global min/max layer range M2 - M7. (ZRT-798)
Warning: Net CTS_ZCTSNET_444 has a frontside min_layer M1 that is outside the global min/max layer range M2 - M7. (ZRT-798)
Warning: Net u_main_controller_top/u_main_controller/CTS_ZCTSNET_494 has a frontside min_layer M1 that is outside the global min/max layer range M2 - M7. (ZRT-798)
Warning: Net CTS_ZCTSNET_445 has a frontside min_layer M1 that is outside the global min/max layer range M2 - M7. (ZRT-798)
Warning: Net u_datapath/u_input_line_buffer_control/CTS_ZCTSNET_71 has a frontside min_layer M1 that is outside the global min/max layer range M2 - M7. (ZRT-798)
Warning: Net CTS_ZCTSNET_446 has a frontside min_layer M1 that is outside the global min/max layer range M2 - M7. (ZRT-798)
Warning: Net u_datapath/u_input_line_buffer_control/CTS_ZCTSNET_72 has a frontside min_layer M1 that is outside the global min/max layer range M2 - M7. (ZRT-798)
Warning: Net u_datapath/u_gamma_correction/clock_gate_net_1475 has a frontside min_layer M1 that is outside the global min/max layer range M2 - M7. (ZRT-798)
Warning: Net CTS_ZCTSNET_447 has a frontside min_layer M1 that is outside the global min/max layer range M2 - M7. (ZRT-798)
Warning: Net u_main_controller_top/u_main_controller/CTS_ZCTSNET_495 has a frontside min_layer M1 that is outside the global min/max layer range M2 - M7. (ZRT-798)
Warning: Net u_datapath/u_gamma_correction/clock_gate_net_1477 has a frontside min_layer M1 that is outside the global min/max layer range M2 - M7. (ZRT-798)
Warning: Net CTS_ZCTSNET_408 has a frontside min_layer M1 that is outside the global min/max layer range M2 - M7. (ZRT-798)
Warning: Net CTS_ZCTSNET_449 has a frontside min_layer M1 that is outside the global min/max layer range M2 - M7. (ZRT-798)
Warning: Net CTS_ZCTSNET_409 has a frontside min_layer M1 that is outside the global min/max layer range M2 - M7. (ZRT-798)
Warning: Net u_datapath/u_gamma_correction/clock_gate_net_1478 has a frontside min_layer M1 that is outside the global min/max layer range M2 - M7. (ZRT-798)
Warning: Net u_datapath/u_input_line_buffer_control/CTS_ZCTSNET_73 has a frontside min_layer M1 that is outside the global min/max layer range M2 - M7. (ZRT-798)
Warning: Net u_datapath/u_gamma_correction/clock_gate_net_1479 has a frontside min_layer M1 that is outside the global min/max layer range M2 - M7. (ZRT-798)
Warning: Net CTS_ZCTSNET_410 has a frontside min_layer M1 that is outside the global min/max layer range M2 - M7. (ZRT-798)
Warning: Net u_datapath/u_gamma_correction/clock_gate_net_1480 has a frontside min_layer M1 that is outside the global min/max layer range M2 - M7. (ZRT-798)
Warning: Net u_main_controller_top/u_main_controller/CTS_ZCTSNET_488 has a frontside min_layer M1 that is outside the global min/max layer range M2 - M7. (ZRT-798)
Warning: Net u_datapath/u_gamma_correction/clock_gate_net_1481 has a frontside min_layer M1 that is outside the global min/max layer range M2 - M7. (ZRT-798)
Warning: Net CTS_ZCTSNET_412 has a frontside min_layer M1 that is outside the global min/max layer range M2 - M7. (ZRT-798)
Warning: Net u_datapath/u_gamma_correction/clock_gate_net_9604 has a frontside min_layer M1 that is outside the global min/max layer range M2 - M7. (ZRT-798)
Warning: Net u_datapath/u_gamma_correction/u_sr_d1kx16_f166c_compensation_table_0_wrap/CTS_ZCTSNET_9 has a frontside min_layer M1 that is outside the global min/max layer range M2 - M7. (ZRT-798)
Warning: Net u_datapath/u_gamma_correction/clock_gate_net_9609 has a frontside min_layer M1 that is outside the global min/max layer range M2 - M7. (ZRT-798)
Warning: Net CTS_ZCTSNET_413 has a frontside min_layer M1 that is outside the global min/max layer range M2 - M7. (ZRT-798)
Warning: Net u_datapath/u_gamma_correction/CTS_ZCTSNET_315 has a frontside min_layer M1 that is outside the global min/max layer range M2 - M7. (ZRT-798)
Warning: Net u_datapath/u_gamma_correction/clock_gate_net_1482 has a frontside min_layer M1 that is outside the global min/max layer range M2 - M7. (ZRT-798)
Warning: Net u_main_controller_top/clock_gate_net_4 has a frontside min_layer M1 that is outside the global min/max layer range M2 - M7. (ZRT-798)
Warning: Net CTS_ZCTSNET_414 has a frontside min_layer M1 that is outside the global min/max layer range M2 - M7. (ZRT-798)
Warning: Net u_datapath/u_gamma_correction/CTS_ZCTSNET_316 has a frontside min_layer M1 that is outside the global min/max layer range M2 - M7. (ZRT-798)
Warning: Net u_datapath/u_gamma_correction/clock_gate_net_1483 has a frontside min_layer M1 that is outside the global min/max layer range M2 - M7. (ZRT-798)
Warning: Net CTS_ZCTSNET_416 has a frontside min_layer M1 that is outside the global min/max layer range M2 - M7. (ZRT-798)
Warning: Net u_main_controller_top/clock_gate_net_9 has a frontside min_layer M1 that is outside the global min/max layer range M2 - M7. (ZRT-798)
Warning: Net u_datapath/CTS_ZCTSNET_270 has a frontside min_layer M1 that is outside the global min/max layer range M2 - M7. (ZRT-798)
Warning: Net CTS_ZCTSNET_417 has a frontside min_layer M1 that is outside the global min/max layer range M2 - M7. (ZRT-798)
Warning: Net u_datapath/CTS_ZCTSNET_271 has a frontside min_layer M1 that is outside the global min/max layer range M2 - M7. (ZRT-798)
Warning: Net u_datapath/u_gamma_correction/clock_gate_net_1484 has a frontside min_layer M1 that is outside the global min/max layer range M2 - M7. (ZRT-798)
Warning: Net u_datapath/CTS_ZCTSNET_272 has a frontside min_layer M1 that is outside the global min/max layer range M2 - M7. (ZRT-798)
Warning: Net CTS_ZCTSNET_418 has a frontside min_layer M1 that is outside the global min/max layer range M2 - M7. (ZRT-798)
Warning: Net u_datapath/u_pixel_in_buffer/clock_gate_net_2 has a frontside min_layer M1 that is outside the global min/max layer range M2 - M7. (ZRT-798)
Warning: Net CTS_ZCTSNET_419 has a frontside min_layer M1 that is outside the global min/max layer range M2 - M7. (ZRT-798)
Warning: Net u_datapath/u_pixel_in_buffer/clock_gate_net_3 has a frontside min_layer M1 that is outside the global min/max layer range M2 - M7. (ZRT-798)
Warning: Net CTS_ZCTSNET_425 has a frontside min_layer M1 that is outside the global min/max layer range M2 - M7. (ZRT-798)
Warning: Net u_datapath/u_pixel_in_buffer/clock_gate_net_4 has a frontside min_layer M1 that is outside the global min/max layer range M2 - M7. (ZRT-798)
Warning: Net CTS_ZCTSNET_428 has a frontside min_layer M1 that is outside the global min/max layer range M2 - M7. (ZRT-798)
Warning: Net u_datapath/u_pixel_in_buffer/clock_gate_net_5 has a frontside min_layer M1 that is outside the global min/max layer range M2 - M7. (ZRT-798)
Warning: Net CTS_ZCTSNET_429 has a frontside min_layer M1 that is outside the global min/max layer range M2 - M7. (ZRT-798)
Warning: Net CTS_ZCTSNET_430 has a frontside min_layer M1 that is outside the global min/max layer range M2 - M7. (ZRT-798)
Warning: Net u_datapath/u_pixel_in_buffer/clock_gate_net_744 has a frontside min_layer M1 that is outside the global min/max layer range M2 - M7. (ZRT-798)
Warning: Net u_datapath/u_pixel_in_buffer/clock_gate_net_767 has a frontside min_layer M1 that is outside the global min/max layer range M2 - M7. (ZRT-798)
Skipping 6 internal pins that are not physical. Set route.common.verbose_level to > 0 and run routing command to get skipped pin names.
Info: number of net_type_blockage: 0 
Information: Via ladder engine would be activated for pattern must join connection in certain commands. Please refer to man-page for the command list. (ZRT-619)
Warning: Rule [cts_w2_s2_vlg] can't be an autoNdr rule due to net [pll1_clk_in] is not an autoNdr net.
Warning: Rule [cts_w1_s2] can't be an autoNdr rule due to net [pll2_clk_in] is not an autoNdr net.
Information: AutoNdr rule can't be found. Check the settings.
Information: When applicable Min-max layer allow_pin_connection mode will allow paths of length 3.55 outside the layer range. (ZRT-707)
Information: When applicable Min-max layer allow_pin_connection mode will allow paths of length 3.55 outside the layer range on clock nets. (ZRT-718)
Information: When applicable layer based tapering will taper up to 0.00 in distance from the pin. (ZRT-706)
Warning: The value of route.common.extra_nonpreferred_direction_wire_cost_multiplier_by_layer_name is different from default value or mega switch value. Please make sure the value is expected. (ZRT-704)
Warning: Standard cell pin MUX41X2_HVT/S0 has no valid via regions. (ZRT-044)
Warning: Standard cell pin MUX41X2_RVT/S0 has no valid via regions. (ZRT-044)
Warning: Cell u_datapath/u_gamma_correction/u_sr_d1kx16_f166c_compensation_table_0_wrap/u_sr_d1kx16_f166c_bist/bist_wr_reg is placed overlapping with other cells at {{572.072 84.912} {577.544 86.584}}. (ZRT-763)
Warning: Cell u_main_controller_top/u_main_controller/eaddr_current_reg[1] is placed overlapping with other cells at {{264.728 297.256} {270.200 298.928}}. (ZRT-763)
Warning: Cell u_datapath/u_input_line_buffer_control/clock_gate_line_reg is placed overlapping with other cells at {{522.216 277.192} {526.016 278.864}}. (ZRT-763)
Warning: Cell u_datapath/u_gamma_correction/u_video_synthesis/pixel_counter/T1_reg is placed overlapping with other cells at {{587.880 293.912} {593.352 295.584}}. (ZRT-763)
Warning: Cell u_datapath/u_gamma_correction/current_change_value5_c_reg[2] is placed overlapping with other cells at {{819.528 303.944} {825.304 305.616}}. (ZRT-763)
Warning: Cell u_main_controller_top/u_main_controller/u_fifo_sync_d256x11_f116_ewa_mem/CTS_ZCTSINV_271_63321 is placed overlapping with other cells at {{210.616 324.008} {212.440 325.680}}. (ZRT-763)
Warning: Cell u_main_controller_top/u_main_controller/A15418 is placed overlapping with other cells at {{261.384 384.200} {262.752 385.872}}. (ZRT-763)
Warning: Cell u_main_controller_top/u_main_controller/outorder_reg[6][2] is placed overlapping with other cells at {{385.112 330.696} {390.584 332.368}}. (ZRT-763)
Warning: Cell CTS_ZCTSINV_1083_63540 is placed overlapping with other cells at {{417.944 340.728} {420.984 342.400}}. (ZRT-763)
Warning: Cell u_i2c_control/i2c_in1_reg[1] is placed overlapping with other cells at {{486.496 332.368} {491.968 334.040}}. (ZRT-763)
Warning: Cell u_datapath/u_gamma_correction/u_video_synthesis/burst_count_dly1_reg[1] is placed overlapping with other cells at {{561.736 332.368} {565.992 334.040}}. (ZRT-763)
Warning: Cell u_datapath/u_gamma_correction/gamma_table_address_reg[0] is placed overlapping with other cells at {{647.160 330.696} {652.632 332.368}}. (ZRT-763)
Warning: Cell HFSBUF_2735_47904 is placed overlapping with other cells at {{722.096 332.368} {728.480 334.040}}. (ZRT-763)
Warning: Cell u_datapath/u_gamma_correction/ms_pos_mem_b_reg[14][1] is placed overlapping with other cells at {{841.416 364.136} {846.888 365.808}}. (ZRT-763)
Warning: Cell u_main_controller_top/u_main_controller/parameters_reg[3] is placed overlapping with other cells at {{185.688 420.984} {191.160 422.656}}. (ZRT-763)
Warning: Cell u_main_controller_top/u_main_controller/A17648 is placed overlapping with other cells at {{257.584 404.264} {258.496 405.936}}. (ZRT-763)
Warning: Cell u_main_controller_top/u_main_controller/line_offsets_reg[15][0] is placed overlapping with other cells at {{329.024 419.312} {334.496 420.984}}. (ZRT-763)
Warning: Cell CTS_ZCTSINV_1137_63561 is placed overlapping with other cells at {{448.952 420.984} {451.992 422.656}}. (ZRT-763)
Warning: Cell u_main_controller_top/u_main_controller/bufmap2_static_out_reg[18] is placed overlapping with other cells at {{490.448 407.608} {495.920 409.280}}. (ZRT-763)
Warning: Cell u_datapath/u_input_line_buffer_control/plane_count_g_reg[0] is placed overlapping with other cells at {{617.824 459.440} {623.296 461.112}}. (ZRT-763)
Warning: Cell u_datapath/u_gamma_correction/ms_pos_mem_a_reg[9][3] is placed overlapping with other cells at {{697.320 414.296} {702.792 415.968}}. (ZRT-763)
Warning: Cell u_datapath/u_gamma_correction/ms_pos_mem_c_reg[31][1] is placed overlapping with other cells at {{771.952 409.280} {777.424 410.952}}. (ZRT-763)
Warning: Cell u_datapath/u_gamma_correction/ms_pos_mem_c_reg[1][4] is placed overlapping with other cells at {{799.160 441.048} {804.632 442.720}}. (ZRT-763)
Warning: Cell u_main_controller_top/u_main_controller/A19002 is placed overlapping with other cells at {{220.040 479.504} {221.560 481.176}}. (ZRT-763)
Warning: Cell u_main_controller_top/u_main_controller/DOUT_D2_reg[29] is placed overlapping with other cells at {{282.056 526.320} {286.312 527.992}}. (ZRT-763)
Warning: Cell u_flash_control/rd_sched_addr_reg[2] is placed overlapping with other cells at {{348.176 496.224} {353.648 497.896}}. (ZRT-763)
Warning: Cell u_flash_control/flash2control_dout_reg[36] is placed overlapping with other cells at {{449.408 509.600} {454.880 511.272}}. (ZRT-763)
Warning: Cell u_flash_control/outreg1_reg[11] is placed overlapping with other cells at {{509.448 494.552} {514.920 496.224}}. (ZRT-763)
Warning: Cell u_datapath/u_shiftout/out_f_L_reg[2] is placed overlapping with other cells at {{590.464 554.744} {595.936 556.416}}. (ZRT-763)
Warning: Cell HFSBUF_62406_47527 is placed overlapping with other cells at {{242.536 559.760} {244.816 561.432}}. (ZRT-763)
Warning: Cell u_reset_control/u_delay/T4_reg is placed overlapping with other cells at {{348.176 608.248} {353.648 609.920}}. (ZRT-763)
Warning: Cell u_datapath/A27407 is placed overlapping with other cells at {{428.888 598.216} {430.864 599.888}}. (ZRT-763)
Warning: Cell u_datapath/u_output_fifo_control/done_reg is placed overlapping with other cells at {{545.168 576.480} {550.640 578.152}}. (ZRT-763)
Warning: Cell u_datapath/CTS_ZCTSINV_1350_63587 is placed overlapping with other cells at {{599.432 578.152} {602.472 579.824}}. (ZRT-763)
Warning: Cell u_main_controller_top/u_main_controller/u_output_buf/ctrl_shiftout1_reg[20] is placed overlapping with other cells at {{296.192 681.816} {301.664 683.488}}. (ZRT-763)
Warning: Cell u_datapath/u_rotating_cache_control/rc1/mem9_reg[6] is placed overlapping with other cells at {{421.440 678.472} {426.912 680.144}}. (ZRT-763)
Warning: Cell u_datapath/u_rotating_cache_control/rc2/ad2_reg[15] is placed overlapping with other cells at {{501.392 671.784} {506.864 673.456}}. (ZRT-763)
Warning: Cell u_datapath/u_rotating_cache_control/rc2/mem0_reg[12] is placed overlapping with other cells at {{492.120 733.648} {497.592 735.320}}. (ZRT-763)
GR Routing Service: Started IMRD 
GR Routing Service: ndmAttrDef 'usr_tmng_crit' created with default value 0 
GR Routing Service: ndmAttrDef 'rted_by_minDly' created with default value 0 
GR Routing Service: ndmAttrDef 'port_subnet_crit_blkConn' created with default value 0 
GR Routing Service: ndmAttrDef 'port_subnet_crit_blkPort' created with default value 0 
Loading timing information to the router ...
Design  Scenario ss0p95v125c.func (Mode func Corner ss0p95v125c)
Information: Orientation ETCH is using reference direction: VERTICAL. (NEX-032)
Timing information loaded to the router.
GR Routing Service: Setting costIdx to 3 
GR Routing Service: rebuildCongmap: itr = 3 
Number of partitions: 1 (1 x 1)
Size of partitions: 562 gCells x 562 gCells
Average gCell capacity  3.44	 on layer (1)	 M1
Average gCell capacity  5.30	 on layer (2)	 M2
Average gCell capacity  2.98	 on layer (3)	 M3
Average gCell capacity  3.03	 on layer (4)	 M4
Average gCell capacity  1.46	 on layer (5)	 M5
Average gCell capacity  2.63	 on layer (6)	 M6
Average gCell capacity  1.09	 on layer (7)	 M7
Average gCell capacity  0.61	 on layer (8)	 M8
Average gCell capacity  0.00	 on layer (9)	 M9
Average gCell capacity  0.00	 on layer (10)	 MRDL
Average number of tracks per gCell 10.99	 on layer (1)	 M1
Average number of tracks per gCell 11.01	 on layer (2)	 M2
Average number of tracks per gCell 5.50	 on layer (3)	 M3
Average number of tracks per gCell 5.51	 on layer (4)	 M4
Average number of tracks per gCell 2.75	 on layer (5)	 M5
Average number of tracks per gCell 2.75	 on layer (6)	 M6
Average number of tracks per gCell 1.38	 on layer (7)	 M7
Average number of tracks per gCell 1.38	 on layer (8)	 M8
Average number of tracks per gCell 0.69	 on layer (9)	 M9
Average number of tracks per gCell 0.35	 on layer (10)	 MRDL
Number of gCells = 3158440
Number of partitions: 16 (4 x 4)
Size of partitions: 160 gCells x 160 gCells
[updNetsDmd] Elapsed real time: 0:00:00 
[updNetsDmd] Elapsed cpu  time: sys=0:00:00 usr=0:00:00 total=0:00:00
Created 4 thread routing service with costIdx = 3. (tbbMode 0)
GR Routing Service: Setting costIdx to 1 
rtapi Thread-server 1: startup 
rtapi Thread-server 0: startup 
rtapi Thread-server 3: startup 
rtapi Thread-server 2: startup 

************************************************************
* CTS STEP: Initial DRC fixing
************************************************************

[cto] Starting InitDrc.1
start cto; name: fsc_top; type: design; name: fsc_top; type: design; name: fsc_top; type: design; tot_drc_vio: 50; buf_ct: 1305; buf_area: 4947.929536; cell_area: 6187768.677568
start cto; name: func:comp_clk; type: clock; name: func:comp_clk; type: clock; name: func:comp_clk; type: clock; latency: 0.361612; gskew: 0.348263; tot_drc_vio: 3; wtran: 0.070076; wcap: 0.000000; buf_ct: 1; buf_area: 2.033152; cell_area: 10.674048
start cto; name: func:i2c_scl; type: clock; name: func:i2c_scl; type: clock; name: func:i2c_scl; type: clock; tot_drc_vio: 0; wtran: 0.000000; wcap: 0.000000; buf_ct: 0; buf_area: 0.000000; cell_area: 0.000000
start cto; name: func:pixel_clk; type: clock; name: func:pixel_clk; type: clock; name: func:pixel_clk; type: clock; latency: 0.386105; gskew: 0.164604; tot_drc_vio: 4; wtran: 0.070000; wcap: 0.000672; buf_ct: 2; buf_area: 5.082880; cell_area: 10.419904
start cto; name: func:pll1_clk_in; type: clock; name: func:pll1_clk_in; type: clock; name: func:pll1_clk_in; type: clock; latency: 2.181835; gskew: 1.925812; tot_drc_vio: 15; wtran: 0.101700; wcap: 0.148816; buf_ct: 371; buf_area: 1539.604352; cell_area: 885442.477696
start cto; name: func:pll2_clk_in; type: clock; name: func:pll2_clk_in; type: clock; name: func:pll2_clk_in; type: clock; latency: 1.738529; gskew: 1.738472; tot_drc_vio: 8; wtran: 0.070000; wcap: 0.029761; buf_ct: 59; buf_area: 258.464448; cell_area: 1765647.301696
start cto; name: func:system_clk; type: clock; name: func:system_clk; type: clock; name: func:system_clk; type: clock; latency: 1.994228; gskew: 1.947746; tot_drc_vio: 13; wtran: 0.070419; wcap: 0.000894; buf_ct: 553; buf_area: 2040.776320; cell_area: 3534429.215488
start cto; name: func:test_clk; type: clock; name: func:test_clk; type: clock; name: func:test_clk; type: clock; latency: 0.840424; gskew: 0.438805; tot_drc_vio: 7; wtran: 0.138531; wcap: 0.008766; buf_ct: 319; buf_area: 1101.968384; cell_area: 2228.588736
-------------------------------------------------------------
Optimizing clock tree DRC
clock: pll2_clk_in mode: func root: pll2_clk_in
clock: pll1_clk_in mode: func root: pll1_clk_in
clock: pixel_clk mode: func root: pixel_clk
clock: comp_clk mode: func root: comp_clk
clock: system_clk mode: func root: system_clk
clock: test_clk mode: func root: test_clk
Clock QoR Before DRC Optimization:
Clock: pll2_clk_in, Mode: func, Root: pll2_clk_in
Information: CTS QoR Pre Initial DRC Fixing: GlobalSkew = 1.7385; ID = 1.7385; NetsWithDRC = 6; Worst Tran/Cap/Fanout cost = 0.0700/0.0298/0; ClockBufCount = 62; ClockBufArea = 264.5639; ClockCellArea = 1765653.3750; ClockWireLen = 8085.2690; Clock = pll2_clk_in; Mode = func; Corner = ss0p95v125c; ClockRoot = pll2_clk_in. (CTS-037)
Clock: pll1_clk_in, Mode: func, Root: pll1_clk_in
Information: CTS QoR Pre Initial DRC Fixing: GlobalSkew = 1.9258; ID = 2.1818; NetsWithDRC = 11; Worst Tran/Cap/Fanout cost = 0.1017/0.1488/0; ClockBufCount = 374; ClockBufArea = 1547.4828; ClockCellArea = 885450.3750; ClockWireLen = 46233.8300; Clock = pll1_clk_in; Mode = func; Corner = ss0p95v125c; ClockRoot = pll1_clk_in. (CTS-037)
Clock: pixel_clk, Mode: func, Root: pixel_clk
Information: CTS QoR Pre Initial DRC Fixing: GlobalSkew = 0.1646; ID = 0.3861; NetsWithDRC = 5; Worst Tran/Cap/Fanout cost = 0.0700/0.0007/0; ClockBufCount = 8; ClockBufArea = 17.2818; ClockCellArea = 882674.6250; ClockWireLen = 551.9390; Clock = pixel_clk; Mode = func; Corner = ss0p95v125c; ClockRoot = pixel_clk. (CTS-037)
Clock: comp_clk, Mode: func, Root: comp_clk
Information: CTS QoR Pre Initial DRC Fixing: GlobalSkew = 0.3483; ID = 0.3616; NetsWithDRC = 5; Worst Tran/Cap/Fanout cost = 0.0701/0.0000/0; ClockBufCount = 4; ClockBufArea = 8.1326; ClockCellArea = 882640.0625; ClockWireLen = 532.2390; Clock = comp_clk; Mode = func; Corner = ss0p95v125c; ClockRoot = comp_clk. (CTS-037)
Clock: system_clk, Mode: func, Root: system_clk
Information: CTS QoR Pre Initial DRC Fixing: GlobalSkew = 1.9477; ID = 1.9942; NetsWithDRC = 16; Worst Tran/Cap/Fanout cost = 0.0704/0.0034/0; ClockBufCount = 562; ClockBufArea = 2075.0857; ClockCellArea = 6182325.5000; ClockWireLen = 77719.2490; Clock = system_clk; Mode = func; Corner = ss0p95v125c; ClockRoot = system_clk. (CTS-037)
Clock: test_clk, Mode: func, Root: test_clk
Information: CTS QoR Pre Initial DRC Fixing: GlobalSkew = 0.4388; ID = 0.8404; NetsWithDRC = 9; Worst Tran/Cap/Fanout cost = 0.1385/0.0088/0; ClockBufCount = 319; ClockBufArea = 1101.9684; ClockCellArea = 884848.5625; ClockWireLen = 44914.8370; Clock = test_clk; Mode = func; Corner = ss0p95v125c; ClockRoot = test_clk. (CTS-037)

Begin Pre-Opt Drc Fixing
Starting multithread based drc fixing Pre opt drc fixing
Iteration 1 (effort: high)
Corner Scaling is off, multiplier is 1.000000
Information: Orientation ETCH is using reference direction: VERTICAL. (NEX-032)
Information: timingScenario ss0p95v125c.func timingCorner ss0p95v125c.  Using corner ss0p95v125c for worst leakage corner. (OPT-078)
Information: Using default layer M5 (OPT-079)
Information: Nominal = 0.0353099  Design MT = inf  Target = 0.1379810  MaxRC = 0.096804 Fast Target = 0.044405 (OPT-081)
Using layer M5 for buffering distances
bmap: stepx = stepy = 18801
creating bmap
DB units per micron : 1000
Core Area = 50 X 50 ()
Iteration 2 (effort: high)

    Optimization Summary 		

-------------------------------------------------

	# Drivers Attempted               =         66
	# Skipped during isValid and estimate          =         24
	# Failed subgraph evaluation           =         12
	# Failed main graph committ          =          0
	# Successful main graph commit      =         30
	# Subgraph evaluation success rate in percent =     0.7143
	# Sg2Main acceptance ratio in percent      =     1.0000
	# NumCTCells changed               =         47

	# Accepted        cloning moves =        5
	# Accepted         sizing moves =        1
	# Accepted     relocation moves =        3
	# Accepted      buffering moves =       21

	# Total CPU time                  = 00h:00m:02s
	# Total elapsed time              = 00h:00m:01s
	# Flow total speed up             =     1.3764
	# Commit CPU time                 = 00h:00m:00s
	# Commit elapsed time             = 00h:00m:00s
	# Commit speed up                 =     2.1979
	# Generator CPU time              = 00h:00m:00s
	# Generator elapsed time          = 00h:00m:00s
	# Generator speed up              =     0.9982
	# Sg CPU time                     = 00h:00m:01s
	# Sg elapsed time                 = 00h:00m:01s
	# Sg speed up                     =     1.3262
	# The rest of flow speed up       =     1.2939

-------------------------------------------------

Pre-Opt drc fixing cpu time 00:00:02.79u 00:00:00.05s 00:00:02.17e: 
Clock QoR After Pre-Opt Drc Fixing:
Clock: pll2_clk_in, Mode: func, Root: pll2_clk_in
Information: CTS QoR Post Initial DRC Fixing: GlobalSkew = 1.6961; ID = 1.7645; NetsWithDRC = 1; Worst Tran/Cap/Fanout cost = 0.0700/0.0000/0; ClockBufCount = 73; ClockBufArea = 300.1441; ClockCellArea = 1765689.0000; ClockWireLen = 8568.8690; Clock = pll2_clk_in; Mode = func; Corner = ss0p95v125c; ClockRoot = pll2_clk_in. (CTS-037)
Clock: pll1_clk_in, Mode: func, Root: pll1_clk_in
Information: CTS QoR Post Initial DRC Fixing: GlobalSkew = 1.8896; ID = 2.1664; NetsWithDRC = 5; Worst Tran/Cap/Fanout cost = 0.0700/0.0066/0; ClockBufCount = 384; ClockBufArea = 1602.3779; ClockCellArea = 885505.2500; ClockWireLen = 47660.6840; Clock = pll1_clk_in; Mode = func; Corner = ss0p95v125c; ClockRoot = pll1_clk_in. (CTS-037)
Clock: pixel_clk, Mode: func, Root: pixel_clk
Information: CTS QoR Post Initial DRC Fixing: GlobalSkew = 0.2103; ID = 0.4722; NetsWithDRC = 3; Worst Tran/Cap/Fanout cost = 0.0700/0.0000/0; ClockBufCount = 14; ClockBufArea = 35.5802; ClockCellArea = 882692.8750; ClockWireLen = 578.2480; Clock = pixel_clk; Mode = func; Corner = ss0p95v125c; ClockRoot = pixel_clk. (CTS-037)
Clock: comp_clk, Mode: func, Root: comp_clk
Information: CTS QoR Post Initial DRC Fixing: GlobalSkew = 0.3835; ID = 0.4726; NetsWithDRC = 3; Worst Tran/Cap/Fanout cost = 0.0701/0.0000/0; ClockBufCount = 10; ClockBufArea = 26.4310; ClockCellArea = 882658.3125; ClockWireLen = 551.9270; Clock = comp_clk; Mode = func; Corner = ss0p95v125c; ClockRoot = comp_clk. (CTS-037)
Clock: system_clk, Mode: func, Root: system_clk
Information: CTS QoR Post Initial DRC Fixing: GlobalSkew = 1.9387; ID = 2.1214; NetsWithDRC = 8; Worst Tran/Cap/Fanout cost = 0.0700/0.0000/0; ClockBufCount = 582; ClockBufArea = 2128.7102; ClockCellArea = 6182379.5000; ClockWireLen = 77796.3720; Clock = system_clk; Mode = func; Corner = ss0p95v125c; ClockRoot = system_clk. (CTS-037)
Clock: test_clk, Mode: func, Root: test_clk
Information: CTS QoR Post Initial DRC Fixing: GlobalSkew = 0.4387; ID = 0.8345; NetsWithDRC = 5; Worst Tran/Cap/Fanout cost = 0.0700/0.0000/0; ClockBufCount = 329; ClockBufArea = 1129.1617; ClockCellArea = 884875.7500; ClockWireLen = 44933.0070; Clock = test_clk; Mode = func; Corner = ss0p95v125c; ClockRoot = test_clk. (CTS-037)
The elapsed time for optimization of clock tree is 0 hr : 0 min : 2.31 sec, cpu time is 0 hr : 0 min : 3.19 sec.
Information: The run time for Initial DRC fixing is 0 hr : 0 min : 2.38 sec, cpu time is 0 hr : 0 min : 3.29 sec. (CTS-104)
[cto] Finished InitDrc.1: PASS

************************************************************
* CTS STEP: Path-based global latency and skew optimization
************************************************************

[cto] Starting GLS.1
Select the tightest corner ss0p95v125c on transition constraint
Selecting clock pll2_clk_in mode func corner:  ss0p95v125c	
Select the tightest corner ss0p95v125c on transition constraint
Selecting clock pll1_clk_in mode func corner:  ss0p95v125c	
Select the tightest corner ss0p95v125c on transition constraint
Selecting clock pixel_clk mode func corner:  ss0p95v125c	
Select the tightest corner ss0p95v125c on transition constraint
Selecting clock comp_clk mode func corner:  ss0p95v125c	
Select the tightest corner ss0p95v125c on transition constraint
Selecting clock system_clk mode func corner:  ss0p95v125c	
Select the tightest corner ss0p95v125c on transition constraint
Selecting clock test_clk mode func corner:  ss0p95v125c	
-------------------------------------------------------------
Optimizing clock tree global latency and skew
clock: pll2_clk_in mode: func root: pll2_clk_in
clock: pll1_clk_in mode: func root: pll1_clk_in
clock: pixel_clk mode: func root: pixel_clk
clock: comp_clk mode: func root: comp_clk
clock: system_clk mode: func root: system_clk
clock: test_clk mode: func root: test_clk
Clock QoR Before Global latency and skew opt:
Clock: pll2_clk_in, Mode: func, Root: pll2_clk_in
Information: CTS QoR Pre Optimization: GlobalSkew = 1.6961; ID = 1.7645; NetsWithDRC = 1; Worst Tran/Cap/Fanout cost = 0.0700/0.0000/0; ClockBufCount = 73; ClockBufArea = 300.1441; ClockCellArea = 1765689.0000; ClockWireLen = 8568.8690; Clock = pll2_clk_in; Mode = func; Corner = ss0p95v125c; ClockRoot = pll2_clk_in. (CTS-037)
Clock: pll1_clk_in, Mode: func, Root: pll1_clk_in
Information: CTS QoR Pre Optimization: GlobalSkew = 1.8896; ID = 2.1664; NetsWithDRC = 5; Worst Tran/Cap/Fanout cost = 0.0700/0.0066/0; ClockBufCount = 384; ClockBufArea = 1602.3779; ClockCellArea = 885505.2500; ClockWireLen = 47660.6840; Clock = pll1_clk_in; Mode = func; Corner = ss0p95v125c; ClockRoot = pll1_clk_in. (CTS-037)
Clock: pixel_clk, Mode: func, Root: pixel_clk
Information: CTS QoR Pre Optimization: GlobalSkew = 0.2103; ID = 0.4722; NetsWithDRC = 3; Worst Tran/Cap/Fanout cost = 0.0700/0.0000/0; ClockBufCount = 14; ClockBufArea = 35.5802; ClockCellArea = 882692.8750; ClockWireLen = 578.2480; Clock = pixel_clk; Mode = func; Corner = ss0p95v125c; ClockRoot = pixel_clk. (CTS-037)
Clock: comp_clk, Mode: func, Root: comp_clk
Information: CTS QoR Pre Optimization: GlobalSkew = 0.3835; ID = 0.4726; NetsWithDRC = 3; Worst Tran/Cap/Fanout cost = 0.0701/0.0000/0; ClockBufCount = 10; ClockBufArea = 26.4310; ClockCellArea = 882658.3125; ClockWireLen = 551.9270; Clock = comp_clk; Mode = func; Corner = ss0p95v125c; ClockRoot = comp_clk. (CTS-037)
Clock: system_clk, Mode: func, Root: system_clk
Information: CTS QoR Pre Optimization: GlobalSkew = 1.9387; ID = 2.1214; NetsWithDRC = 8; Worst Tran/Cap/Fanout cost = 0.0700/0.0000/0; ClockBufCount = 582; ClockBufArea = 2128.7102; ClockCellArea = 6182379.5000; ClockWireLen = 77796.3720; Clock = system_clk; Mode = func; Corner = ss0p95v125c; ClockRoot = system_clk. (CTS-037)
Clock: test_clk, Mode: func, Root: test_clk
Information: CTS QoR Pre Optimization: GlobalSkew = 0.4387; ID = 0.8345; NetsWithDRC = 5; Worst Tran/Cap/Fanout cost = 0.0700/0.0000/0; ClockBufCount = 329; ClockBufArea = 1129.1617; ClockCellArea = 884875.7500; ClockWireLen = 44933.0070; Clock = test_clk; Mode = func; Corner = ss0p95v125c; ClockRoot = test_clk. (CTS-037)

Begin Global Latency and Skew Optimization
Starting multithread based global latency and skew optimization

    Optimization Summary 		

-------------------------------------------------

	# Drivers Attempted               =         75
	# Skipped during isValid and estimate          =         22
	# Failed subgraph evaluation           =         35
	# Failed main graph committ          =          0
	# Successful main graph commit      =         18
	# Subgraph evaluation success rate in percent =     0.3396
	# Sg2Main acceptance ratio in percent      =     1.0000
	# NumCTCells changed               =          8

	# Accepted        cloning moves =        2
	# Accepted         sizing moves =       11
	# Accepted        removal moves =        1
	# Accepted      buffering moves =        4

	# Total CPU time                  = 00h:00m:01s
	# Total elapsed time              = 00h:00m:00s
	# Flow total speed up             =     1.5777
	# Commit CPU time                 = 00h:00m:00s
	# Commit elapsed time             = 00h:00m:00s
	# Commit speed up                 =     2.6548
	# Generator CPU time              = 00h:00m:00s
	# Generator elapsed time          = 00h:00m:00s
	# Generator speed up              =     2.0264
	# Sg CPU time                     = 00h:00m:01s
	# Sg elapsed time                 = 00h:00m:00s
	# Sg speed up                     =     1.5032
	# The rest of flow speed up       =     1.5122

-------------------------------------------------


    Optimization Summary 		

-------------------------------------------------

	# Drivers Attempted               =        103
	# Skipped during isValid and estimate          =          0
	# Failed subgraph evaluation           =         44
	# Failed main graph committ          =          0
	# Successful main graph commit      =         59
	# Subgraph evaluation success rate in percent =     0.5728
	# Sg2Main acceptance ratio in percent      =     1.0000
	# NumCTCells changed               =         26

	# Accepted         sizing moves =       11
	# Accepted     relocation moves =       42
	# Accepted      buffering moves =        7

	# Total CPU time                  = 00h:00m:03s
	# Total elapsed time              = 00h:00m:02s
	# Flow total speed up             =     1.5017
	# Commit CPU time                 = 00h:00m:00s
	# Commit elapsed time             = 00h:00m:00s
	# Commit speed up                 =     2.3976
	# Generator CPU time              = 00h:00m:00s
	# Generator elapsed time          = 00h:00m:00s
	# Generator speed up              =     3.1096
	# Sg CPU time                     = 00h:00m:03s
	# Sg elapsed time                 = 00h:00m:02s
	# Sg speed up                     =     1.3488
	# The rest of flow speed up       =     1.4239

-------------------------------------------------

Global latency and skew opt cpu time 00:00:05.42u 00:00:00.02s 00:00:03.58e: 
Clock QoR After Global latency and skew opt:
Clock: pll2_clk_in, Mode: func, Root: pll2_clk_in
Information: CTS QoR Post Network Flow Optimization: GlobalSkew = 1.1345; ID = 1.6587; NetsWithDRC = 1; Worst Tran/Cap/Fanout cost = 0.0700/0.0000/0; ClockBufCount = 87; ClockBufArea = 339.7905; ClockCellArea = 1765728.6250; ClockWireLen = 10561.6990; Clock = pll2_clk_in; Mode = func; Corner = ss0p95v125c; ClockRoot = pll2_clk_in. (CTS-037)
Longest path:
  (0) 0.0002		0.0000		CTS_ctosc_drc_inst_64333/A
  (1) 0.0327		0.0325		CTS_ctosc_drc_inst_64333/Y
  (2) 0.0328		0.0001		CTS_ctosc_drc_inst_64332/A
  (3) 0.0410		0.0082		CTS_ctosc_drc_inst_64332/Y
  (4) 0.0410		0.0000		ctmi_34317/A2
  (5) 0.1294		0.0884		ctmi_34317/Y
  (6) 0.1294		0.0000		u_clk_gen/CTS_ctosc_drc_inst_64345/A
  (7) 0.1570		0.0276		u_clk_gen/CTS_ctosc_drc_inst_64345/Y
  (8) 0.1570		0.0000		u_clk_gen/CTS_ctosc_drc_inst_64344/A
  (9) 0.1730		0.0160		u_clk_gen/CTS_ctosc_drc_inst_64344/Y
  (10) 0.1731		0.0002		u_clk_gen/CTS_ZCTSINV_672_64032/A
  (11) 0.1940		0.0208		u_clk_gen/CTS_ZCTSINV_672_64032/Y
  (12) 0.2001		0.0061		u_clk_gen/u_clock_gen/C369/ctmi_22/A1
  (13) 0.3220		0.1219		u_clk_gen/u_clock_gen/C369/ctmi_22/Y
  (14) 0.3220		0.0000		u_clk_gen/u_clock_gen/panel_clk_sel_q3_reg/CLK
  (15) 0.5913		0.2693		u_clk_gen/u_clock_gen/panel_clk_sel_q3_reg/Q
  (16) 0.5913		0.0000		u_clk_gen/u_clock_gen/ctmi_156/A1
  (17) 0.7841		0.1928		u_clk_gen/u_clock_gen/ctmi_156/Y
  (18) 0.7841		0.0000		u_clk_gen/u_clock_gen/CTS_ctosc_drc_inst_64357/A
  (19) 0.8036		0.0195		u_clk_gen/u_clock_gen/CTS_ctosc_drc_inst_64357/Y
  (20) 0.8037		0.0001		u_clk_gen/u_clock_gen/CTS_ZCTSINV_383_64023/A
  (21) 0.8210		0.0173		u_clk_gen/u_clock_gen/CTS_ZCTSINV_383_64023/Y
  (22) 0.8211		0.0001		u_clk_gen/u_clock_gen/panel_clk_q_reg/CLK
  (23) 1.0942		0.2731		u_clk_gen/u_clock_gen/panel_clk_q_reg/Q
  (24) 1.0942		0.0000		u_clk_gen/u_clock_gen/ctmi_160/A3
  (25) 1.1665		0.0723		u_clk_gen/u_clock_gen/ctmi_160/Y
  (26) 1.1666		0.0000		u_clk_gen/u_clock_gen/ctmi_159/A2
  (27) 1.3019		0.1354		u_clk_gen/u_clock_gen/ctmi_159/Y
  (28) 1.3019		0.0000		u_clk_gen/u_clock_gen/CTS_ctosc_drc_inst_64365/A
  (29) 1.3358		0.0339		u_clk_gen/u_clock_gen/CTS_ctosc_drc_inst_64365/Y
  (30) 1.3358		0.0000		u_clk_gen/u_clock_gen/CTS_ctosc_drc_inst_64364/A
  (31) 1.3823		0.0465		u_clk_gen/u_clock_gen/CTS_ctosc_drc_inst_64364/Y
  (32) 1.3824		0.0001		u_clk_gen/u_clock_gen/CTS_ZCTSINV_19856_63868/A
  (33) 1.4115		0.0291		u_clk_gen/u_clock_gen/CTS_ZCTSINV_19856_63868/Y
  (34) 1.4131		0.0016		u_clk_gen/u_clock_gen/C377/ctmi_33/A1
  (35) 1.5562		0.1431		u_clk_gen/u_clock_gen/C377/ctmi_33/Y
  (36) 1.5562		0.0000		u_clk_gen/u_clock_gen/CTS_ctosc_drc_inst_64367/A
  (37) 1.5931		0.0369		u_clk_gen/u_clock_gen/CTS_ctosc_drc_inst_64367/Y
  (38) 1.5931		0.0000		u_clk_gen/u_clock_gen/CTS_ctosc_drc_inst_64366/A
  (39) 1.6259		0.0328		u_clk_gen/u_clock_gen/CTS_ctosc_drc_inst_64366/Y
  (40) 1.6260		0.0001		u_clk_gen/u_clock_gen/CTS_ZCTSINV_531_63409/A
  (41) 1.6414		0.0154		u_clk_gen/u_clock_gen/CTS_ZCTSINV_531_63409/Y
  (42) 1.6415		0.0001		u_clk_gen/u_clock_gen/CTS_ZCTSINV_484_63408/A
  (43) 1.6587		0.0172		u_clk_gen/u_clock_gen/CTS_ZCTSINV_484_63408/Y
  (44) 1.6587		0.0000		u_clk_gen/u_clock_gen/panel_clk_inv_gate
  (45) 1.6587		0.0000		u_datapath/u_shiftout/enable1_reg[1]/CLK
Shortest path:
  (0) 0.0002		0.0000		CTS_ctosc_drc_inst_64333/A
  (1) 0.0390		0.0388		CTS_ctosc_drc_inst_64333/Y
  (2) 0.0391		0.0001		CTS_ctosc_drc_inst_64332/A
  (3) 0.0593		0.0202		CTS_ctosc_drc_inst_64332/Y
  (4) 0.0593		0.0000		ctmi_34317/A2
  (5) 0.1545		0.0952		ctmi_34317/Y
  (6) 0.1545		0.0000		u_clk_gen/CTS_ctosc_drc_inst_64345/A
  (7) 0.1702		0.0157		u_clk_gen/CTS_ctosc_drc_inst_64345/Y
  (8) 0.1702		0.0000		u_clk_gen/CTS_ctosc_drc_inst_64344/A
  (9) 0.1911		0.0209		u_clk_gen/CTS_ctosc_drc_inst_64344/Y
  (10) 0.1913		0.0002		u_clk_gen/CTS_ZCTSINV_672_64032/A
  (11) 0.2089		0.0176		u_clk_gen/CTS_ZCTSINV_672_64032/Y
  (12) 0.2142		0.0053		u_clk_gen/CTS_ctosc_gls_inst_64431/A
  (13) 0.2661		0.0519		u_clk_gen/CTS_ctosc_gls_inst_64431/Y
  (14) 0.2689		0.0028		u_clk_gen/CTS_ctosc_gls_inst_64430/A
  (15) 0.3429		0.0740		u_clk_gen/CTS_ctosc_gls_inst_64430/Y
  (16) 0.3449		0.0020		u_clk_gen/CTS_ctosc_gls_inst_64429/A
  (17) 0.4162		0.0713		u_clk_gen/CTS_ctosc_gls_inst_64429/Y
  (18) 0.4182		0.0020		u_clk_gen/CTS_ctosc_gls_inst_64428/A
  (19) 0.4919		0.0737		u_clk_gen/CTS_ctosc_gls_inst_64428/Y
  (20) 0.4991		0.0072		u_clk_gen/CTS_ZCTSINV_359_64031/A
  (21) 0.5241		0.0250		u_clk_gen/CTS_ZCTSINV_359_64031/Y
  (22) 0.5242		0.0000		u_clk_gen/u_pll_mux/pll2_ld_q2_reg/CLK
Clock: pll1_clk_in, Mode: func, Root: pll1_clk_in
Information: CTS QoR Post Network Flow Optimization: GlobalSkew = 1.1181; ID = 2.0374; NetsWithDRC = 5; Worst Tran/Cap/Fanout cost = 0.0700/0.0066/0; ClockBufCount = 404; ClockBufArea = 1661.3394; ClockCellArea = 885564.1875; ClockWireLen = 49967.9460; Clock = pll1_clk_in; Mode = func; Corner = ss0p95v125c; ClockRoot = pll1_clk_in. (CTS-037)
Longest path:
  (0) 0.0003		0.0000		CTS_ctosc_drc_inst_64331/A
  (1) 0.0285		0.0282		CTS_ctosc_drc_inst_64331/Y
  (2) 0.0285		0.0001		CTS_ctosc_drc_inst_64330/A
  (3) 0.0312		0.0026		CTS_ctosc_drc_inst_64330/Y
  (4) 0.0312		0.0000		ctmi_36750/A2
  (5) 0.1175		0.0863		ctmi_36750/Y
  (6) 0.1175		0.0000		CTS_ctosc_drc_inst_64347/A
  (7) 0.1452		0.0278		CTS_ctosc_drc_inst_64347/Y
  (8) 0.1453		0.0000		CTS_ctosc_drc_inst_64346/A
  (9) 0.1632		0.0179		CTS_ctosc_drc_inst_64346/Y
  (10) 0.1633		0.0001		CTS_ZCTSINV_453_64039/A
  (11) 0.1844		0.0211		CTS_ZCTSINV_453_64039/Y
  (12) 0.1891		0.0047		u_clk_gen/CTS_ctosc_gls_inst_64439/A
  (13) 0.2503		0.0612		u_clk_gen/CTS_ctosc_gls_inst_64439/Y
  (14) 0.2530		0.0027		u_clk_gen/CTS_ctosc_gls_inst_64438/A
  (15) 0.3228		0.0698		u_clk_gen/CTS_ctosc_gls_inst_64438/Y
  (16) 0.3247		0.0019		u_clk_gen/CTS_ctosc_gls_inst_64427/A
  (17) 0.3553		0.0306		u_clk_gen/CTS_ctosc_gls_inst_64427/Y
  (18) 0.3555		0.0002		u_clk_gen/CTS_ctosc_gls_inst_64443/A
  (19) 0.3870		0.0315		u_clk_gen/CTS_ctosc_gls_inst_64443/Y
  (20) 0.3871		0.0001		u_clk_gen/CTS_ctosc_gls_inst_64442/A
  (21) 0.4453		0.0582		u_clk_gen/CTS_ctosc_gls_inst_64442/Y
  (22) 0.4476		0.0022		u_clk_gen/CTS_ctosc_gls_inst_64426/A
  (23) 0.5219		0.0743		u_clk_gen/CTS_ctosc_gls_inst_64426/Y
  (24) 0.5263		0.0044		u_clk_gen/CTS_ZCTSINV_250_64038/A
  (25) 0.5688		0.0426		u_clk_gen/CTS_ZCTSINV_250_64038/Y
  (26) 0.5694		0.0006		u_clk_gen/ctmi_494/A4
  (27) 0.8164		0.2470		u_clk_gen/ctmi_494/Y
  (28) 0.8165		0.0000		u_clk_gen/u_clock_gen/CTS_ZCTSINV_422_64028/A
  (29) 0.8485		0.0321		u_clk_gen/u_clock_gen/CTS_ZCTSINV_422_64028/Y
  (30) 0.8488		0.0003		u_clk_gen/u_clock_gen/C367/ctmi_20/A1
  (31) 0.9791		0.1303		u_clk_gen/u_clock_gen/C367/ctmi_20/Y
  (32) 0.9791		0.0000		u_clk_gen/u_clock_gen/sdram_clk_sel_q3_reg/CLK
  (33) 1.2482		0.2691		u_clk_gen/u_clock_gen/sdram_clk_sel_q3_reg/Q
  (34) 1.2482		0.0000		u_clk_gen/u_clock_gen/ctmi_148/A1
  (35) 1.4435		0.1953		u_clk_gen/u_clock_gen/ctmi_148/Y
  (36) 1.4436		0.0000		u_clk_gen/u_clock_gen/CTS_ctosc_drc_inst_64363/A
  (37) 1.4595		0.0159		u_clk_gen/u_clock_gen/CTS_ctosc_drc_inst_64363/Y
  (38) 1.4595		0.0000		u_clk_gen/u_clock_gen/CTS_ctosc_gls_inst_64436/A
  (39) 1.4846		0.0251		u_clk_gen/u_clock_gen/CTS_ctosc_gls_inst_64436/Y
  (40) 1.4847		0.0001		u_clk_gen/u_clock_gen/CTS_ctosc_gls_inst_64435/A
  (41) 1.4915		0.0068		u_clk_gen/u_clock_gen/CTS_ctosc_gls_inst_64435/Y
  (42) 1.4915		0.0000		u_clk_gen/u_clock_gen/ctmi_150/A3
  (43) 1.5225		0.0310		u_clk_gen/u_clock_gen/ctmi_150/Y
  (44) 1.5225		0.0000		u_clk_gen/u_clock_gen/C386/ctmi_36/A1
  (45) 1.6934		0.1709		u_clk_gen/u_clock_gen/C386/ctmi_36/Y
  (46) 1.6934		0.0000		u_clk_gen/u_clock_gen/sdram_clk_gate
  (47) 1.6934		0.0000		CTS_ZCTSINV_72237_64016/A
  (48) 1.7071		0.0137		CTS_ZCTSINV_72237_64016/Y
  (49) 1.7072		0.0001		CTS_ZCTSINV_72183_64015/A
  (50) 1.7349		0.0277		CTS_ZCTSINV_72183_64015/Y
  (51) 1.7352		0.0003		CTS_ZCTSINV_74730_59994/A
  (52) 1.7523		0.0171		CTS_ZCTSINV_74730_59994/Y
  (53) 1.7577		0.0054		CTS_ZCTSINV_5314_63708/A
  (54) 1.7800		0.0223		CTS_ZCTSINV_5314_63708/Y
  (55) 1.7919		0.0119		u_datapath/CTS_ZCTSINV_4513_63707/A
  (56) 1.8091		0.0172		u_datapath/CTS_ZCTSINV_4513_63707/Y
  (57) 1.8226		0.0136		u_datapath/clock_gate_u_rotating_cache_control/rc1/mem0_reg/CLK
  (58) 1.9506		0.1280		u_datapath/clock_gate_u_rotating_cache_control/rc1/mem0_reg/GCLK
  (59) 1.9507		0.0001		u_datapath/CTS_ZCTSINV_15085_63668/A
  (60) 1.9772		0.0265		u_datapath/CTS_ZCTSINV_15085_63668/Y
  (61) 1.9780		0.0008		u_datapath/CTS_ZCTSINV_13927_63667/A
  (62) 2.0074		0.0293		u_datapath/CTS_ZCTSINV_13927_63667/Y
  (63) 2.0092		0.0019		u_datapath/CTS_ZCTSINV_12476_p_63657/A
  (64) 2.0365		0.0273		u_datapath/CTS_ZCTSINV_12476_p_63657/Y
  (65) 2.0374		0.0009		u_datapath/u_rotating_cache_control/rc1/mem3_reg[9]/CLK
Shortest path:
  (0) 0.0003		0.0000		CTS_ctosc_drc_inst_64331/A
  (1) -0.0015		-0.0018		CTS_ctosc_drc_inst_64331/Y
  (2) -0.0014		0.0001		CTS_ctosc_drc_inst_64330/A
  (3) 0.0122		0.0136		CTS_ctosc_drc_inst_64330/Y
  (4) 0.0122		0.0000		ctmi_36750/A2
  (5) 0.1045		0.0923		ctmi_36750/Y
  (6) 0.1045		0.0000		CTS_ctosc_drc_inst_64347/A
  (7) 0.1204		0.0159		CTS_ctosc_drc_inst_64347/Y
  (8) 0.1204		0.0000		CTS_ctosc_drc_inst_64346/A
  (9) 0.1431		0.0227		CTS_ctosc_drc_inst_64346/Y
  (10) 0.1431		0.0001		CTS_ZCTSINV_453_64039/A
  (11) 0.1607		0.0175		CTS_ZCTSINV_453_64039/Y
  (12) 0.1654		0.0047		u_clk_gen/CTS_ctosc_gls_inst_64439/A
  (13) 0.2165		0.0511		u_clk_gen/CTS_ctosc_gls_inst_64439/Y
  (14) 0.2192		0.0028		u_clk_gen/CTS_ctosc_gls_inst_64438/A
  (15) 0.2898		0.0706		u_clk_gen/CTS_ctosc_gls_inst_64438/Y
  (16) 0.2918		0.0020		u_clk_gen/CTS_ctosc_gls_inst_64427/A
  (17) 0.3309		0.0391		u_clk_gen/CTS_ctosc_gls_inst_64427/Y
  (18) 0.3311		0.0002		u_clk_gen/CTS_ctosc_gls_inst_64443/A
  (19) 0.3662		0.0350		u_clk_gen/CTS_ctosc_gls_inst_64443/Y
  (20) 0.3662		0.0001		u_clk_gen/CTS_ctosc_gls_inst_64442/A
  (21) 0.4167		0.0504		u_clk_gen/CTS_ctosc_gls_inst_64442/Y
  (22) 0.4189		0.0022		u_clk_gen/CTS_ctosc_gls_inst_64426/A
  (23) 0.4841		0.0652		u_clk_gen/CTS_ctosc_gls_inst_64426/Y
  (24) 0.4884		0.0043		u_clk_gen/CTS_ZCTSINV_250_64038/A
  (25) 0.5393		0.0509		u_clk_gen/CTS_ZCTSINV_250_64038/Y
  (26) 0.5399		0.0006		u_clk_gen/CTS_ctosc_gls_inst_64445/A
  (27) 0.6054		0.0655		u_clk_gen/CTS_ctosc_gls_inst_64445/Y
  (28) 0.6071		0.0017		u_clk_gen/CTS_ctosc_gls_dly_dly_inst_64449/A
  (29) 0.6543		0.0472		u_clk_gen/CTS_ctosc_gls_dly_dly_inst_64449/Y
  (30) 0.6548		0.0006		u_clk_gen/CTS_ctosc_gls_dly_dly_inst_64451/A
  (31) 0.7040		0.0492		u_clk_gen/CTS_ctosc_gls_dly_dly_inst_64451/Y
  (32) 0.7046		0.0006		u_clk_gen/CTS_ctosc_gls_dly_dly_inst_64453/A
  (33) 0.7508		0.0463		u_clk_gen/CTS_ctosc_gls_dly_dly_inst_64453/Y
  (34) 0.7515		0.0006		u_clk_gen/CTS_ctosc_gls_dly_dly_inst_64455/A
  (35) 0.7938		0.0423		u_clk_gen/CTS_ctosc_gls_dly_dly_inst_64455/Y
  (36) 0.7941		0.0003		u_clk_gen/CTS_ctosc_gls_dly_dly_inst_64454/A
  (37) 0.8487		0.0546		u_clk_gen/CTS_ctosc_gls_dly_dly_inst_64454/Y
  (38) 0.8501		0.0014		u_clk_gen/CTS_ctosc_gls_dly_dly_inst_64452/A
  (39) 0.8606		0.0104		u_clk_gen/CTS_ctosc_gls_dly_dly_inst_64452/Y
  (40) 0.8613		0.0008		u_clk_gen/CTS_ctosc_gls_dly_dly_inst_64450/A
  (41) 0.8858		0.0245		u_clk_gen/CTS_ctosc_gls_dly_dly_inst_64450/Y
  (42) 0.8871		0.0012		u_clk_gen/CTS_ctosc_gls_dly_dly_inst_64448/A
  (43) 0.9033		0.0163		u_clk_gen/CTS_ctosc_gls_dly_dly_inst_64448/Y
  (44) 0.9046		0.0013		u_clk_gen/CTS_ctosc_gls_inst_64444/A
  (45) 0.9190		0.0144		u_clk_gen/CTS_ctosc_gls_inst_64444/Y
  (46) 0.9193		0.0003		u_clk_gen/u_pll_mux/pll1_ld_q2_reg/CLK
Clock: pixel_clk, Mode: func, Root: pixel_clk
Information: CTS QoR Post Network Flow Optimization: GlobalSkew = 0.2103; ID = 0.4722; NetsWithDRC = 3; Worst Tran/Cap/Fanout cost = 0.0700/0.0000/0; ClockBufCount = 14; ClockBufArea = 35.5802; ClockCellArea = 882692.8750; ClockWireLen = 578.2480; Clock = pixel_clk; Mode = func; Corner = ss0p95v125c; ClockRoot = pixel_clk. (CTS-037)
Longest path:
  (0) 0.0011		0.0000		CTS_ctosc_drc_inst_64329/A
  (1) 0.0487		0.0476		CTS_ctosc_drc_inst_64329/Y
  (2) 0.0489		0.0002		CTS_ctosc_drc_inst_64328/A
  (3) 0.0773		0.0284		CTS_ctosc_drc_inst_64328/Y
  (4) 0.0777		0.0004		ctmi_34369/A2
  (5) 0.1752		0.0975		ctmi_34369/Y
  (6) 0.1753		0.0000		u_clk_gen/u_clock_gen/CTS_ctosc_drc_inst_64349/A
  (7) 0.1956		0.0204		u_clk_gen/u_clock_gen/CTS_ctosc_drc_inst_64349/Y
  (8) 0.1956		0.0000		u_clk_gen/u_clock_gen/CTS_ctosc_drc_inst_64348/A
  (9) 0.2267		0.0311		u_clk_gen/u_clock_gen/CTS_ctosc_drc_inst_64348/Y
  (10) 0.2268		0.0001		u_clk_gen/u_clock_gen/CTS_ZCTSINV_109_63313/A
  (11) 0.2442		0.0174		u_clk_gen/u_clock_gen/CTS_ZCTSINV_109_63313/Y
  (12) 0.2452		0.0010		u_clk_gen/u_clock_gen/CTS_ZCTSINV_90_63312/A
  (13) 0.2619		0.0167		u_clk_gen/u_clock_gen/CTS_ZCTSINV_90_63312/Y
  (14) 0.2619		0.0000		u_clk_gen/u_clock_gen/C380/ctmi_38/A2
  (15) 0.4005		0.1386		u_clk_gen/u_clock_gen/C380/ctmi_38/Y
  (16) 0.4005		0.0000		u_clk_gen/u_clock_gen/CTS_ctosc_drc_inst_64353/A
  (17) 0.4381		0.0376		u_clk_gen/u_clock_gen/CTS_ctosc_drc_inst_64353/Y
  (18) 0.4381		0.0000		u_clk_gen/u_clock_gen/CTS_ctosc_drc_inst_64352/A
  (19) 0.4722		0.0340		u_clk_gen/u_clock_gen/CTS_ctosc_drc_inst_64352/Y
  (20) 0.4722		0.0001		u_clk_gen/u_clock_gen/pixel_comp_clk_enq_reg/CLK
Shortest path:
  (0) 0.0011		0.0000		CTS_ctosc_drc_inst_64329/A
  (1) 0.0487		0.0476		CTS_ctosc_drc_inst_64329/Y
  (2) 0.0489		0.0002		CTS_ctosc_drc_inst_64328/A
  (3) 0.0773		0.0284		CTS_ctosc_drc_inst_64328/Y
  (4) 0.0777		0.0004		ctmi_34369/A2
  (5) 0.1752		0.0975		ctmi_34369/Y
  (6) 0.1753		0.0000		u_clk_gen/u_clock_gen/CTS_ctosc_drc_inst_64349/A
  (7) 0.1956		0.0204		u_clk_gen/u_clock_gen/CTS_ctosc_drc_inst_64349/Y
  (8) 0.1956		0.0000		u_clk_gen/u_clock_gen/CTS_ctosc_drc_inst_64348/A
  (9) 0.2267		0.0311		u_clk_gen/u_clock_gen/CTS_ctosc_drc_inst_64348/Y
  (10) 0.2268		0.0001		u_clk_gen/u_clock_gen/CTS_ZCTSINV_109_63313/A
  (11) 0.2442		0.0174		u_clk_gen/u_clock_gen/CTS_ZCTSINV_109_63313/Y
  (12) 0.2452		0.0010		u_clk_gen/u_clock_gen/CTS_ZCTSINV_90_63312/A
  (13) 0.2619		0.0167		u_clk_gen/u_clock_gen/CTS_ZCTSINV_90_63312/Y
  (14) 0.2619		0.0000		u_clk_gen/u_clock_gen/pixel_clk_sel_q1_reg/CLK
Clock: comp_clk, Mode: func, Root: comp_clk
Information: CTS QoR Post Network Flow Optimization: GlobalSkew = 0.3835; ID = 0.4726; NetsWithDRC = 3; Worst Tran/Cap/Fanout cost = 0.0701/0.0000/0; ClockBufCount = 10; ClockBufArea = 26.4310; ClockCellArea = 882658.3125; ClockWireLen = 551.9270; Clock = comp_clk; Mode = func; Corner = ss0p95v125c; ClockRoot = comp_clk. (CTS-037)
Longest path:
  (0) 0.0044		0.0000		u_clk_gen/u_clock_gen/CTS_ctosc_drc_inst_64327/A
  (1) 0.0537		0.0493		u_clk_gen/u_clock_gen/CTS_ctosc_drc_inst_64327/Y
  (2) 0.0541		0.0004		u_clk_gen/u_clock_gen/CTS_ctosc_drc_inst_64326/A
  (3) 0.0873		0.0332		u_clk_gen/u_clock_gen/CTS_ctosc_drc_inst_64326/Y
  (4) 0.0891		0.0018		u_clk_gen/u_clock_gen/ctmi_154/A1
  (5) 0.1890		0.0999		u_clk_gen/u_clock_gen/ctmi_154/Y
  (6) 0.1890		0.0001		u_clk_gen/u_clock_gen/CTS_ctosc_drc_inst_64351/A
  (7) 0.2259		0.0369		u_clk_gen/u_clock_gen/CTS_ctosc_drc_inst_64351/Y
  (8) 0.2259		0.0000		u_clk_gen/u_clock_gen/CTS_ctosc_drc_inst_64350/A
  (9) 0.2568		0.0308		u_clk_gen/u_clock_gen/CTS_ctosc_drc_inst_64350/Y
  (10) 0.2569		0.0002		u_clk_gen/u_clock_gen/C380/ctmi_38/A1
  (11) 0.4008		0.1439		u_clk_gen/u_clock_gen/C380/ctmi_38/Y
  (12) 0.4008		0.0000		u_clk_gen/u_clock_gen/CTS_ctosc_drc_inst_64353/A
  (13) 0.4385		0.0377		u_clk_gen/u_clock_gen/CTS_ctosc_drc_inst_64353/Y
  (14) 0.4385		0.0000		u_clk_gen/u_clock_gen/CTS_ctosc_drc_inst_64352/A
  (15) 0.4725		0.0341		u_clk_gen/u_clock_gen/CTS_ctosc_drc_inst_64352/Y
  (16) 0.4726		0.0001		u_clk_gen/u_clock_gen/pixel_comp_clk_enq_reg/CLK
Shortest path:
  (0) 0.0044		0.0000		u_clk_gen/u_clock_gen/CTS_ctosc_drc_inst_64327/A
  (1) 0.0537		0.0493		u_clk_gen/u_clock_gen/CTS_ctosc_drc_inst_64327/Y
  (2) 0.0541		0.0004		u_clk_gen/u_clock_gen/CTS_ctosc_drc_inst_64326/A
  (3) 0.0873		0.0332		u_clk_gen/u_clock_gen/CTS_ctosc_drc_inst_64326/Y
  (4) 0.0892		0.0019		u_clk_gen/u_clock_gen/comp_clk_sel_q1_reg/CLK
Clock: system_clk, Mode: func, Root: system_clk
Information: CTS QoR Post Network Flow Optimization: GlobalSkew = 1.9387; ID = 2.1214; NetsWithDRC = 8; Worst Tran/Cap/Fanout cost = 0.0700/0.0000/0; ClockBufCount = 584; ClockBufArea = 2131.7598; ClockCellArea = 6182382.5000; ClockWireLen = 78048.1650; Clock = system_clk; Mode = func; Corner = ss0p95v125c; ClockRoot = system_clk. (CTS-037)
Longest path:
  (0) 0.0011		0.0000		CTS_ctosc_drc_inst_64339/A
  (1) 0.0492		0.0481		CTS_ctosc_drc_inst_64339/Y
  (2) 0.0494		0.0002		CTS_ctosc_drc_inst_64338/A
  (3) 0.0858		0.0364		CTS_ctosc_drc_inst_64338/Y
  (4) 0.0872		0.0014		CTS_ctosc_drc_inst_64335/A
  (5) 0.1163		0.0290		CTS_ctosc_drc_inst_64335/Y
  (6) 0.1167		0.0004		CTS_ctosc_drc_inst_64334/A
  (7) 0.1460		0.0293		CTS_ctosc_drc_inst_64334/Y
  (8) 0.1517		0.0057		u_clk_gen/u_clock_gen/C383/ctmi_32/A1
  (9) 0.2957		0.1440		u_clk_gen/u_clock_gen/C383/ctmi_32/Y
  (10) 0.2957		0.0000		u_clk_gen/u_clock_gen/CTS_ctosc_drc_inst_64343/A
  (11) 0.3325		0.0368		u_clk_gen/u_clock_gen/CTS_ctosc_drc_inst_64343/Y
  (12) 0.3325		0.0000		u_clk_gen/u_clock_gen/CTS_ctosc_drc_inst_64342/A
  (13) 0.3653		0.0328		u_clk_gen/u_clock_gen/CTS_ctosc_drc_inst_64342/Y
  (14) 0.3653		0.0000		u_clk_gen/u_clock_gen/CTS_ZCTSINV_31_64068/A
  (15) 0.3806		0.0153		u_clk_gen/u_clock_gen/CTS_ZCTSINV_31_64068/Y
  (16) 0.3807		0.0001		u_clk_gen/u_clock_gen/CTS_ZCTSINV_20_64067/A
  (17) 0.3982		0.0175		u_clk_gen/u_clock_gen/CTS_ZCTSINV_20_64067/Y
  (18) 0.3982		0.0000		u_clk_gen/u_clock_gen/i2c_clk
  (19) 0.3982		0.0000		CTS_ZCTSINV_10194_60044/A
  (20) 0.4152		0.0170		CTS_ZCTSINV_10194_60044/Y
  (21) 0.4221		0.0069		clock_gate_u_register_map_control/choice_44_reg/CLK
  (22) 0.5317		0.1096		clock_gate_u_register_map_control/choice_44_reg/GCLK
  (23) 0.5318		0.0002		CTS_ZCTSINV_984_64037/A
  (24) 0.5532		0.0213		CTS_ZCTSINV_984_64037/Y
  (25) 0.5532		0.0001		u_register_map_control/choice_44_reg[11]/CLK
  (26) 0.8336		0.2804		u_register_map_control/choice_44_reg[11]/Q
  (27) 0.8336		0.0000		u_clk_gen/u_clock_gen/ctmi_39208/A1
  (28) 0.8979		0.0643		u_clk_gen/u_clock_gen/ctmi_39208/Y
  (29) 0.8979		0.0000		u_clk_gen/u_clock_gen/CTS_ZCTSINV_28_64030/A
  (30) 0.9142		0.0163		u_clk_gen/u_clock_gen/CTS_ZCTSINV_28_64030/Y
  (31) 0.9142		0.0000		u_clk_gen/u_clock_gen/CTS_ZCTSINV_17_64029/A
  (32) 0.9375		0.0232		u_clk_gen/u_clock_gen/CTS_ZCTSINV_17_64029/Y
  (33) 0.9394		0.0019		u_clk_gen/u_clock_gen/A43593/A2
  (34) 1.0094		0.0700		u_clk_gen/u_clock_gen/A43593/Y
  (35) 1.0094		0.0000		u_clk_gen/u_clock_gen/C384/ctmi_37/S0
  (36) 1.1698		0.1603		u_clk_gen/u_clock_gen/C384/ctmi_37/Y
  (37) 1.1698		0.0000		u_clk_gen/u_clock_gen/CTS_ZCTSINV_568_64026/A
  (38) 1.1854		0.0157		u_clk_gen/u_clock_gen/CTS_ZCTSINV_568_64026/Y
  (39) 1.1855		0.0000		u_clk_gen/u_clock_gen/CTS_ZCTSINV_499_64025/A
  (40) 1.2091		0.0237		u_clk_gen/u_clock_gen/CTS_ZCTSINV_499_64025/Y
  (41) 1.2091		0.0000		u_clk_gen/u_clock_gen/system_clk_int
  (42) 1.2091		0.0000		u_clk_gen/u_panel_clk_by2/system_clk_div2_reg/CLK
  (43) 1.4796		0.2705		u_clk_gen/u_panel_clk_by2/system_clk_div2_reg/Q
  (44) 1.4797		0.0000		u_clk_gen/u_panel_clk_by2/CTS_ZCTSINV_197_64022/A
  (45) 1.4959		0.0162		u_clk_gen/u_panel_clk_by2/CTS_ZCTSINV_197_64022/Y
  (46) 1.4959		0.0000		u_clk_gen/u_panel_clk_by2/CTS_ZCTSINV_144_64021/A
  (47) 1.5196		0.0237		u_clk_gen/u_panel_clk_by2/CTS_ZCTSINV_144_64021/Y
  (48) 1.5196		0.0000		u_clk_gen/u_panel_clk_by2/system_clk_div2
  (49) 1.5196		0.0000		u_clk_gen/u_clock_gen/ctmi_140/A
  (50) 1.5258		0.0062		u_clk_gen/u_clock_gen/ctmi_140/Y
  (51) 1.5258		0.0000		u_clk_gen/u_clock_gen/ctmi_152/A3
  (52) 1.5580		0.0322		u_clk_gen/u_clock_gen/ctmi_152/Y
  (53) 1.5580		0.0000		u_clk_gen/u_clock_gen/C388/ctmi_34/A1
  (54) 1.7275		0.1695		u_clk_gen/u_clock_gen/C388/ctmi_34/Y
  (55) 1.7275		0.0001		CTS_ZCTSINV_82941_63836/A
  (56) 1.7412		0.0137		CTS_ZCTSINV_82941_63836/Y
  (57) 1.7413		0.0001		CTS_ZCTSINV_82559_63835/A
  (58) 1.7730		0.0317		CTS_ZCTSINV_82559_63835/Y
  (59) 1.7889		0.0159		CTS_ZCTSINV_81528_63828/A
  (60) 1.8043		0.0154		CTS_ZCTSINV_81528_63828/Y
  (61) 1.8047		0.0003		CTS_ZCTSINV_81423_63827/A
  (62) 1.8332		0.0286		CTS_ZCTSINV_81423_63827/Y
  (63) 1.8342		0.0010		u_main_controller_top/u_main_controller/CTS_ZCTSINV_6212_63823/A
  (64) 1.8661		0.0319		u_main_controller_top/u_main_controller/CTS_ZCTSINV_6212_63823/Y
  (65) 1.8737		0.0076		u_main_controller_top/u_main_controller/u_fifo_sync_d64x29_f116_ctrl_fifo/clock_gate_status_pointer_reg/CLK
  (66) 2.0779		0.2042		u_main_controller_top/u_main_controller/u_fifo_sync_d64x29_f116_ctrl_fifo/clock_gate_status_pointer_reg/GCLK
  (67) 2.0780		0.0000		u_main_controller_top/u_main_controller/u_fifo_sync_d64x29_f116_ctrl_fifo/ctmi_384/A
  (68) 2.1213		0.0434		u_main_controller_top/u_main_controller/u_fifo_sync_d64x29_f116_ctrl_fifo/ctmi_384/Y
  (69) 2.1214		0.0001		u_main_controller_top/u_main_controller/u_fifo_sync_d64x29_f116_ctrl_fifo/status_pointer_reg[5]/CLK
Shortest path:
  (0) 0.0011		0.0000		CTS_ctosc_drc_inst_64339/A
  (1) 0.0492		0.0481		CTS_ctosc_drc_inst_64339/Y
  (2) 0.0494		0.0002		CTS_ctosc_drc_inst_64338/A
  (3) 0.0858		0.0364		CTS_ctosc_drc_inst_64338/Y
  (4) 0.0872		0.0014		CTS_ctosc_drc_inst_64335/A
  (5) 0.1163		0.0290		CTS_ctosc_drc_inst_64335/Y
  (6) 0.1167		0.0004		CTS_ctosc_drc_inst_64334/A
  (7) 0.1460		0.0293		CTS_ctosc_drc_inst_64334/Y
  (8) 0.1516		0.0056		CTS_ZCTSINV_518_64071/A
  (9) 0.1639		0.0123		CTS_ZCTSINV_518_64071/Y
  (10) 0.1641		0.0002		CTS_ZCTSINV_474_64070/A
  (11) 0.1826		0.0185		CTS_ZCTSINV_474_64070/Y
  (12) 0.1827		0.0001		u_clk_gen/u_clock_gen/sdram_clk_sel_sys_q2_reg/CLK
Clock: test_clk, Mode: func, Root: test_clk
Information: CTS QoR Post Network Flow Optimization: GlobalSkew = 0.4387; ID = 0.8345; NetsWithDRC = 5; Worst Tran/Cap/Fanout cost = 0.0700/0.0000/0; ClockBufCount = 329; ClockBufArea = 1129.1617; ClockCellArea = 884875.7500; ClockWireLen = 44933.0070; Clock = test_clk; Mode = func; Corner = ss0p95v125c; ClockRoot = test_clk. (CTS-037)
Longest path:
  (0) 0.0013		0.0000		CTS_ctosc_drc_inst_64337/A
  (1) 0.0495		0.0482		CTS_ctosc_drc_inst_64337/Y
  (2) 0.0497		0.0002		CTS_ctosc_drc_inst_64336/A
  (3) 0.0788		0.0291		CTS_ctosc_drc_inst_64336/Y
  (4) 0.0793		0.0005		ctmi_36381/A2
  (5) 0.1772		0.0979		ctmi_36381/Y
  (6) 0.1772		0.0000		u_clk_gen/CTS_ctosc_drc_inst_64341/A
  (7) 0.1973		0.0201		u_clk_gen/CTS_ctosc_drc_inst_64341/Y
  (8) 0.1973		0.0000		u_clk_gen/CTS_ctosc_drc_inst_64340/A
  (9) 0.2383		0.0410		u_clk_gen/CTS_ctosc_drc_inst_64340/Y
  (10) 0.2384		0.0001		u_clk_gen/CTS_ZCTSINV_502_64034/A
  (11) 0.2541		0.0157		u_clk_gen/CTS_ZCTSINV_502_64034/Y
  (12) 0.2542		0.0001		u_clk_gen/CTS_ZCTSINV_407_64033/A
  (13) 0.2748		0.0206		u_clk_gen/CTS_ZCTSINV_407_64033/Y
  (14) 0.2774		0.0026		u_clk_gen/u_clock_gen/C388/ctmi_34/A2
  (15) 0.4406		0.1632		u_clk_gen/u_clock_gen/C388/ctmi_34/Y
  (16) 0.4407		0.0001		CTS_ZCTSINV_82941_63836/A
  (17) 0.4543		0.0137		CTS_ZCTSINV_82941_63836/Y
  (18) 0.4544		0.0001		CTS_ZCTSINV_82559_63835/A
  (19) 0.4861		0.0317		CTS_ZCTSINV_82559_63835/Y
  (20) 0.5020		0.0159		CTS_ZCTSINV_81528_63828/A
  (21) 0.5174		0.0154		CTS_ZCTSINV_81528_63828/Y
  (22) 0.5177		0.0003		CTS_ZCTSINV_81423_63827/A
  (23) 0.5463		0.0286		CTS_ZCTSINV_81423_63827/Y
  (24) 0.5473		0.0010		u_main_controller_top/u_main_controller/CTS_ZCTSINV_6212_63823/A
  (25) 0.5792		0.0319		u_main_controller_top/u_main_controller/CTS_ZCTSINV_6212_63823/Y
  (26) 0.5868		0.0076		u_main_controller_top/u_main_controller/u_fifo_sync_d64x29_f116_ctrl_fifo/clock_gate_status_pointer_reg/CLK
  (27) 0.7910		0.2042		u_main_controller_top/u_main_controller/u_fifo_sync_d64x29_f116_ctrl_fifo/clock_gate_status_pointer_reg/GCLK
  (28) 0.7911		0.0000		u_main_controller_top/u_main_controller/u_fifo_sync_d64x29_f116_ctrl_fifo/ctmi_384/A
  (29) 0.8344		0.0434		u_main_controller_top/u_main_controller/u_fifo_sync_d64x29_f116_ctrl_fifo/ctmi_384/Y
  (30) 0.8345		0.0001		u_main_controller_top/u_main_controller/u_fifo_sync_d64x29_f116_ctrl_fifo/status_pointer_reg[5]/CLK
Shortest path:
  (0) 0.0013		0.0000		CTS_ctosc_drc_inst_64337/A
  (1) 0.0495		0.0482		CTS_ctosc_drc_inst_64337/Y
  (2) 0.0497		0.0002		CTS_ctosc_drc_inst_64336/A
  (3) 0.0788		0.0291		CTS_ctosc_drc_inst_64336/Y
  (4) 0.0793		0.0005		ctmi_36381/A2
  (5) 0.1772		0.0979		ctmi_36381/Y
  (6) 0.1772		0.0000		u_clk_gen/CTS_ctosc_drc_inst_64341/A
  (7) 0.1973		0.0201		u_clk_gen/CTS_ctosc_drc_inst_64341/Y
  (8) 0.1973		0.0000		u_clk_gen/CTS_ctosc_drc_inst_64340/A
  (9) 0.2383		0.0410		u_clk_gen/CTS_ctosc_drc_inst_64340/Y
  (10) 0.2384		0.0001		u_clk_gen/CTS_ZCTSINV_502_64034/A
  (11) 0.2541		0.0157		u_clk_gen/CTS_ZCTSINV_502_64034/Y
  (12) 0.2542		0.0001		u_clk_gen/CTS_ZCTSINV_407_64033/A
  (13) 0.2748		0.0206		u_clk_gen/CTS_ZCTSINV_407_64033/Y
  (14) 0.2780		0.0031		u_clk_gen/u_clock_gen/C372/ctmi_27/A2
  (15) 0.3958		0.1179		u_clk_gen/u_clock_gen/C372/ctmi_27/Y
  (16) 0.3958		0.0000		u_clk_gen/u_clock_gen/panel_clk_q1_reg/CLK
The elapsed time for optimization of clock tree is 0 hr : 0 min : 3.74 sec, cpu time is 0 hr : 0 min : 5.82 sec.
Information: The run time for Path-based global latency and skew optimization is 0 hr : 0 min : 3.76 sec, cpu time is 0 hr : 0 min : 5.84 sec. (CTS-104)
[cto] Finished GLS.1: PASS

************************************************************
* CTS STEP: Area recovery
************************************************************

[cto] Starting AR.1
Select the tightest corner ss0p95v125c on transition constraint
Selecting clock pll2_clk_in mode func corner:  ss0p95v125c	
Select the tightest corner ss0p95v125c on transition constraint
Selecting clock pll1_clk_in mode func corner:  ss0p95v125c	
Select the tightest corner ss0p95v125c on transition constraint
Selecting clock pixel_clk mode func corner:  ss0p95v125c	
Select the tightest corner ss0p95v125c on transition constraint
Selecting clock comp_clk mode func corner:  ss0p95v125c	
Select the tightest corner ss0p95v125c on transition constraint
Selecting clock system_clk mode func corner:  ss0p95v125c	
Select the tightest corner ss0p95v125c on transition constraint
Selecting clock test_clk mode func corner:  ss0p95v125c	
-------------------------------------------------------------
Optimizing clock tree area
clock: pll2_clk_in mode: func root: pll2_clk_in
clock: pll1_clk_in mode: func root: pll1_clk_in
clock: pixel_clk mode: func root: pixel_clk
clock: comp_clk mode: func root: comp_clk
clock: system_clk mode: func root: system_clk
clock: test_clk mode: func root: test_clk
Starting multithread based area recovery and subtree balancing
Iteration 2 (effort: low)

    Optimization Summary 		

-------------------------------------------------

	# Drivers Attempted               =       1081
	# Skipped during isValid and estimate          =          0
	# Failed subgraph evaluation           =        340
	# Failed main graph committ          =         63
	# Successful main graph commit      =        678
	# Subgraph evaluation success rate in percent =     0.6855
	# Sg2Main acceptance ratio in percent      =     0.9150
	# NumCTCells changed               =        -26

	# Accepted         sizing moves =      665
	# Accepted        removal moves =       13

	# Total CPU time                  = 00h:00m:10s
	# Total elapsed time              = 00h:00m:03s
	# Flow total speed up             =     2.9203
	# Commit CPU time                 = 00h:00m:04s
	# Commit elapsed time             = 00h:00m:01s
	# Commit speed up                 =     2.8045
	# Generator CPU time              = 00h:00m:00s
	# Generator elapsed time          = 00h:00m:00s
	# Generator speed up              =     0.9975
	# Sg CPU time                     = 00h:00m:05s
	# Sg elapsed time                 = 00h:00m:01s
	# Sg speed up                     =     3.2330
	# The rest of flow speed up       =     3.0238

-------------------------------------------------

Clock QoR After Area Recovery and Subtree Balancing:
Clock: pll2_clk_in, Mode: func, Root: pll2_clk_in
Information: CTS QoR Post Area Recovery Resizing: GlobalSkew = 1.1298; ID = 1.6579; NetsWithDRC = 4; Worst Tran/Cap/Fanout cost = 0.0700/0.0000/0; ClockBufCount = 83; ClockBufArea = 237.1163; ClockCellArea = 1765626.0000; ClockWireLen = 10550.2780; Clock = pll2_clk_in; Mode = func; Corner = ss0p95v125c; ClockRoot = pll2_clk_in. (CTS-037)
Clock: pll1_clk_in, Mode: func, Root: pll1_clk_in
Information: CTS QoR Post Area Recovery Resizing: GlobalSkew = 1.1185; ID = 2.0332; NetsWithDRC = 7; Worst Tran/Cap/Fanout cost = 0.0700/0.0000/0; ClockBufCount = 398; ClockBufArea = 1056.4766; ClockCellArea = 884934.9375; ClockWireLen = 49855.2440; Clock = pll1_clk_in; Mode = func; Corner = ss0p95v125c; ClockRoot = pll1_clk_in. (CTS-037)
Clock: pixel_clk, Mode: func, Root: pixel_clk
Information: CTS QoR Post Area Recovery Resizing: GlobalSkew = 0.2103; ID = 0.4721; NetsWithDRC = 3; Worst Tran/Cap/Fanout cost = 0.0700/0.0000/0; ClockBufCount = 14; ClockBufArea = 33.5470; ClockCellArea = 882690.8750; ClockWireLen = 578.2480; Clock = pixel_clk; Mode = func; Corner = ss0p95v125c; ClockRoot = pixel_clk. (CTS-037)
Clock: comp_clk, Mode: func, Root: comp_clk
Information: CTS QoR Post Area Recovery Resizing: GlobalSkew = 0.3870; ID = 0.4724; NetsWithDRC = 3; Worst Tran/Cap/Fanout cost = 0.0701/0.0000/0; ClockBufCount = 10; ClockBufArea = 23.3812; ClockCellArea = 882655.2500; ClockWireLen = 551.9270; Clock = comp_clk; Mode = func; Corner = ss0p95v125c; ClockRoot = comp_clk. (CTS-037)
Clock: system_clk, Mode: func, Root: system_clk
Information: CTS QoR Post Area Recovery Resizing: GlobalSkew = 1.8835; ID = 2.1017; NetsWithDRC = 16; Worst Tran/Cap/Fanout cost = 0.0700/0.0000/0; ClockBufCount = 566; ClockBufArea = 1401.8583; ClockCellArea = 6181635.5000; ClockWireLen = 78016.6960; Clock = system_clk; Mode = func; Corner = ss0p95v125c; ClockRoot = system_clk. (CTS-037)
Clock: test_clk, Mode: func, Root: test_clk
Information: CTS QoR Post Area Recovery Resizing: GlobalSkew = 0.4288; ID = 0.8337; NetsWithDRC = 7; Worst Tran/Cap/Fanout cost = 0.0700/0.0000/0; ClockBufCount = 317; ClockBufArea = 785.5591; ClockCellArea = 884524.5000; ClockWireLen = 44911.7350; Clock = test_clk; Mode = func; Corner = ss0p95v125c; ClockRoot = test_clk. (CTS-037)
Area recovery and subtree balancing cpu time 00:00:11.43u 00:00:00.03s 00:00:04.15e: 
The elapsed time for optimization of clock tree is 0 hr : 0 min : 4.16 sec, cpu time is 0 hr : 0 min : 11.46 sec.
Information: The run time for Area recovery is 0 hr : 0 min : 4.18 sec, cpu time is 0 hr : 0 min : 11.49 sec. (CTS-104)
[cto] Finished AR.1: PASS

************************************************************
* CTS STEP: Final DRC fixing
************************************************************

[cto] Starting PostDrc.1
-------------------------------------------------------------
Optimizing clock tree DRC
clock: pll2_clk_in mode: func root: pll2_clk_in
clock: pll1_clk_in mode: func root: pll1_clk_in
clock: pixel_clk mode: func root: pixel_clk
clock: comp_clk mode: func root: comp_clk
clock: system_clk mode: func root: system_clk
clock: test_clk mode: func root: test_clk
Clock QoR Before DRC Optimization:
Clock: pll2_clk_in, Mode: func, Root: pll2_clk_in
Information: CTS QoR Pre Final DRC Fixing: GlobalSkew = 1.1298; ID = 1.6579; NetsWithDRC = 4; Worst Tran/Cap/Fanout cost = 0.0700/0.0000/0; ClockBufCount = 83; ClockBufArea = 237.1163; ClockCellArea = 1765626.0000; ClockWireLen = 10550.2780; Clock = pll2_clk_in; Mode = func; Corner = ss0p95v125c; ClockRoot = pll2_clk_in. (CTS-037)
Clock: pll1_clk_in, Mode: func, Root: pll1_clk_in
Information: CTS QoR Pre Final DRC Fixing: GlobalSkew = 1.1185; ID = 2.0332; NetsWithDRC = 7; Worst Tran/Cap/Fanout cost = 0.0700/0.0000/0; ClockBufCount = 398; ClockBufArea = 1056.4766; ClockCellArea = 884934.9375; ClockWireLen = 49855.2440; Clock = pll1_clk_in; Mode = func; Corner = ss0p95v125c; ClockRoot = pll1_clk_in. (CTS-037)
Clock: pixel_clk, Mode: func, Root: pixel_clk
Information: CTS QoR Pre Final DRC Fixing: GlobalSkew = 0.2103; ID = 0.4721; NetsWithDRC = 3; Worst Tran/Cap/Fanout cost = 0.0700/0.0000/0; ClockBufCount = 14; ClockBufArea = 33.5470; ClockCellArea = 882690.8750; ClockWireLen = 578.2480; Clock = pixel_clk; Mode = func; Corner = ss0p95v125c; ClockRoot = pixel_clk. (CTS-037)
Clock: comp_clk, Mode: func, Root: comp_clk
Information: CTS QoR Pre Final DRC Fixing: GlobalSkew = 0.3870; ID = 0.4724; NetsWithDRC = 3; Worst Tran/Cap/Fanout cost = 0.0701/0.0000/0; ClockBufCount = 10; ClockBufArea = 23.3812; ClockCellArea = 882655.2500; ClockWireLen = 551.9270; Clock = comp_clk; Mode = func; Corner = ss0p95v125c; ClockRoot = comp_clk. (CTS-037)
Clock: system_clk, Mode: func, Root: system_clk
Information: CTS QoR Pre Final DRC Fixing: GlobalSkew = 1.8835; ID = 2.1017; NetsWithDRC = 16; Worst Tran/Cap/Fanout cost = 0.0700/0.0000/0; ClockBufCount = 566; ClockBufArea = 1401.8583; ClockCellArea = 6181635.5000; ClockWireLen = 78016.6960; Clock = system_clk; Mode = func; Corner = ss0p95v125c; ClockRoot = system_clk. (CTS-037)
Clock: test_clk, Mode: func, Root: test_clk
Information: CTS QoR Pre Final DRC Fixing: GlobalSkew = 0.4288; ID = 0.8337; NetsWithDRC = 7; Worst Tran/Cap/Fanout cost = 0.0700/0.0000/0; ClockBufCount = 317; ClockBufArea = 785.5591; ClockCellArea = 884524.5000; ClockWireLen = 44911.7350; Clock = test_clk; Mode = func; Corner = ss0p95v125c; ClockRoot = test_clk. (CTS-037)

Begin Post-Opt Drc Fixing
Starting multithread based drc fixing Post opt drc fixing

    Optimization Summary 		

-------------------------------------------------

	# Drivers Attempted               =         38
	# Skipped during isValid and estimate          =          1
	# Failed subgraph evaluation           =         11
	# Failed main graph committ          =          3
	# Successful main graph commit      =         23
	# Subgraph evaluation success rate in percent =     0.7027
	# Sg2Main acceptance ratio in percent      =     0.8846
	# NumCTCells changed               =         16

	# Accepted         sizing moves =       15
	# Accepted      buffering moves =        8

	# Total CPU time                  = 00h:00m:01s
	# Total elapsed time              = 00h:00m:00s
	# Flow total speed up             =     1.9581
	# Commit CPU time                 = 00h:00m:00s
	# Commit elapsed time             = 00h:00m:00s
	# Commit speed up                 =     2.8500
	# Generator CPU time              = 00h:00m:00s
	# Generator elapsed time          = 00h:00m:00s
	# Generator speed up              =     0.9986
	# Sg CPU time                     = 00h:00m:00s
	# Sg elapsed time                 = 00h:00m:00s
	# Sg speed up                     =     2.3713
	# The rest of flow speed up       =     1.8508

-------------------------------------------------

Post-Opt drc fixing cpu time 00:00:01.48u 00:00:00.02s 00:00:00.76e: 
Clock QoR After Post-Opt Drc Fixing:
Clock: pll2_clk_in, Mode: func, Root: pll2_clk_in
Information: CTS QoR Post Final DRC Fixing: GlobalSkew = 1.1298; ID = 1.6579; NetsWithDRC = 1; Worst Tran/Cap/Fanout cost = 0.0700/0.0000/0; ClockBufCount = 83; ClockBufArea = 238.1329; ClockCellArea = 1765627.0000; ClockWireLen = 10550.2780; Clock = pll2_clk_in; Mode = func; Corner = ss0p95v125c; ClockRoot = pll2_clk_in. (CTS-037)
Clock: pll1_clk_in, Mode: func, Root: pll1_clk_in
Information: CTS QoR Post Final DRC Fixing: GlobalSkew = 1.1185; ID = 2.0332; NetsWithDRC = 5; Worst Tran/Cap/Fanout cost = 0.0700/0.0000/0; ClockBufCount = 398; ClockBufArea = 1058.5098; ClockCellArea = 884937.0000; ClockWireLen = 49855.2440; Clock = pll1_clk_in; Mode = func; Corner = ss0p95v125c; ClockRoot = pll1_clk_in. (CTS-037)
Clock: pixel_clk, Mode: func, Root: pixel_clk
Information: CTS QoR Post Final DRC Fixing: GlobalSkew = 0.2103; ID = 0.4509; NetsWithDRC = 3; Worst Tran/Cap/Fanout cost = 0.0700/0.0000/0; ClockBufCount = 16; ClockBufArea = 51.8454; ClockCellArea = 882709.1875; ClockWireLen = 578.2480; Clock = pixel_clk; Mode = func; Corner = ss0p95v125c; ClockRoot = pixel_clk. (CTS-037)
Clock: comp_clk, Mode: func, Root: comp_clk
Information: CTS QoR Post Final DRC Fixing: GlobalSkew = 0.3803; ID = 0.4722; NetsWithDRC = 3; Worst Tran/Cap/Fanout cost = 0.0700/0.0000/0; ClockBufCount = 14; ClockBufArea = 59.9780; ClockCellArea = 882691.8750; ClockWireLen = 551.9270; Clock = comp_clk; Mode = func; Corner = ss0p95v125c; ClockRoot = comp_clk. (CTS-037)
Clock: system_clk, Mode: func, Root: system_clk
Information: CTS QoR Post Final DRC Fixing: GlobalSkew = 1.8843; ID = 2.0599; NetsWithDRC = 5; Worst Tran/Cap/Fanout cost = 0.0700/0.0000/0; ClockBufCount = 574; ClockBufArea = 1442.5214; ClockCellArea = 6181676.5000; ClockWireLen = 78016.6960; Clock = system_clk; Mode = func; Corner = ss0p95v125c; ClockRoot = system_clk. (CTS-037)
Clock: test_clk, Mode: func, Root: test_clk
Information: CTS QoR Post Final DRC Fixing: GlobalSkew = 0.4278; ID = 0.8118; NetsWithDRC = 2; Worst Tran/Cap/Fanout cost = 0.0700/0.0000/0; ClockBufCount = 323; ClockBufArea = 817.0729; ClockCellArea = 884556.0000; ClockWireLen = 44911.7350; Clock = test_clk; Mode = func; Corner = ss0p95v125c; ClockRoot = test_clk. (CTS-037)
The elapsed time for optimization of clock tree is 0 hr : 0 min : 0.91 sec, cpu time is 0 hr : 0 min : 1.85 sec.
Information: The run time for Final DRC fixing is 0 hr : 0 min : 0.91 sec, cpu time is 0 hr : 0 min : 1.85 sec. (CTS-104)
[cto] Finished PostDrc.1: PASS

************************************************************
* CTS STEP: Target latency delay insertion
************************************************************

[cto] Starting TargetLatency.1
Gen clock panel_clk_dly will be ignored for target_latency processing because its master clock pll2_clk_in is in the -clock list.
Gen clock panel_clk_gate will be ignored for target_latency processing because its master clock pll2_clk_in is in the -clock list.
Gen clock panel_clk_inv_gate will be ignored for target_latency processing because its master clock pll2_clk_in is in the -clock list.
Gen clock sdram_clk will be ignored for target_latency processing because its master clock pll1_clk_in is in the -clock list.
Gen clock sdram_clk_gate will be ignored for target_latency processing because its master clock pll1_clk_in is in the -clock list.
Gen clock pixel_comp_clk_pix will be ignored for target_latency processing because its master clock pixel_clk is in the -clock list.
Gen clock flash_clk_gate will be ignored for target_latency processing because its master clock system_clk is in the -clock list.
Gen clock i2c_clk will be ignored for target_latency processing because its master clock system_clk is in the -clock list.
Gen clock system_clk_div2 will be ignored for target_latency processing because its master clock system_clk is in the -clock list.
Gen clock system_clk_int will be ignored for target_latency processing because its master clock system_clk is in the -clock list.
 The latency of clock pll2_clk_in (func mode) in ss0p95v125c corner is 0.528107 (the target is 0.300000)
 The latency of clock pll1_clk_in (func mode) in ss0p95v125c corner is 0.914688 (the target is 0.300000)
 The latency of clock pixel_clk (func mode) in ss0p95v125c corner is 0.240536 (the target is 0.300000)

    Optimization Summary 		

-------------------------------------------------

	# Drivers Attempted               =          1
	# Skipped during isValid and estimate          =          0
	# Failed subgraph evaluation           =          0
	# Failed main graph committ          =          0
	# Successful main graph commit      =          1
	# Subgraph evaluation success rate in percent =     1.0000
	# Sg2Main acceptance ratio in percent      =     1.0000
	# NumCTCells changed               =          2

	# Accepted                      =        1

	# Total CPU time                  = 00h:00m:00s
	# Total elapsed time              = 00h:00m:00s
	# Flow total speed up             =     1.6378
	# Commit CPU time                 = 00h:00m:00s
	# Commit elapsed time             = 00h:00m:00s
	# Commit speed up                 =     1.6107
	# Generator CPU time              = 00h:00m:00s
	# Generator elapsed time          = 00h:00m:00s
	# Generator speed up              =     1.0000
	# Sg CPU time                     = 00h:00m:00s
	# Sg elapsed time                 = 00h:00m:00s
	# Sg speed up                     =     1.6505
	# The rest of flow speed up       =     1.6476

-------------------------------------------------

 After adding delay, the latency is followings.
 The latency of clock pixel_clk (func mode) in ss0p95v125c corner is 0.280510
 The latency of clock comp_clk (func mode) in ss0p95v125c corner is 0.091953 (the target is 0.300000)

    Optimization Summary 		

-------------------------------------------------

	# Drivers Attempted               =          1
	# Skipped during isValid and estimate          =          0
	# Failed subgraph evaluation           =          0
	# Failed main graph committ          =          0
	# Successful main graph commit      =          1
	# Subgraph evaluation success rate in percent =     1.0000
	# Sg2Main acceptance ratio in percent      =     1.0000
	# NumCTCells changed               =          4

	# Accepted                      =        1

	# Total CPU time                  = 00h:00m:00s
	# Total elapsed time              = 00h:00m:00s
	# Flow total speed up             =     1.4573
	# Commit CPU time                 = 00h:00m:00s
	# Commit elapsed time             = 00h:00m:00s
	# Commit speed up                 =     1.5268
	# Generator CPU time              = 00h:00m:00s
	# Generator elapsed time          = 00h:00m:00s
	# Generator speed up              =     1.0000
	# Sg CPU time                     = 00h:00m:00s
	# Sg elapsed time                 = 00h:00m:00s
	# Sg speed up                     =     1.4373
	# The rest of flow speed up       =     1.4364

-------------------------------------------------

 After adding delay, the latency is followings.
 The latency of clock comp_clk (func mode) in ss0p95v125c corner is 0.294666
 The latency of clock system_clk (func mode) in ss0p95v125c corner is 0.175610 (the target is 0.300000)

    Optimization Summary 		

-------------------------------------------------

	# Drivers Attempted               =          1
	# Skipped during isValid and estimate          =          0
	# Failed subgraph evaluation           =          0
	# Failed main graph committ          =          0
	# Successful main graph commit      =          1
	# Subgraph evaluation success rate in percent =     1.0000
	# Sg2Main acceptance ratio in percent      =     1.0000
	# NumCTCells changed               =          2

	# Accepted                      =        1

	# Total CPU time                  = 00h:00m:00s
	# Total elapsed time              = 00h:00m:00s
	# Flow total speed up             =     1.9853
	# Commit CPU time                 = 00h:00m:00s
	# Commit elapsed time             = 00h:00m:00s
	# Commit speed up                 =     2.7320
	# Generator CPU time              = 00h:00m:00s
	# Generator elapsed time          = 00h:00m:00s
	# Generator speed up              =     0.8000
	# Sg CPU time                     = 00h:00m:00s
	# Sg elapsed time                 = 00h:00m:00s
	# Sg speed up                     =     1.5920
	# The rest of flow speed up       =     1.5901

-------------------------------------------------

 After adding delay, the latency is followings.
 The latency of clock system_clk (func mode) in ss0p95v125c corner is 0.279713
 The latency of clock test_clk (func mode) in ss0p95v125c corner is 0.384007 (the target is 0.300000)
Information: The run time for Target latency delay insertion is 0 hr : 0 min : 0.14 sec, cpu time is 0 hr : 0 min : 0.31 sec. (CTS-104)
[cto] Finished TargetLatency.1: PASS
[cto] Starting CtoAppOptionReset.1
[cto] Finished CtoAppOptionReset.1: PASS

************************************************************
* CTS STEP: Local skew optimization
************************************************************

[cto] Starting SolverBasedCto.1
Information: The stitching and editing of coupling caps is turned OFF for design 'fsc_top_CTS.nlib:fsc_top.design'. (TIM-125)
Information: Update timing completed net estimation for all the timing graph nets (TIM-111)
Information: Net estimation statistics: timing graph nets = 40470, routed nets = 1698, across physical hierarchy nets = 0, parasitics cached nets = 1698, delay annotated nets = 0, parasitics annotated nets = 0, multi-voltage nets = 0. (TIM-112)

Mode:func             Latency(early)   Latency(late)
Clock        Updated   rise    fall    rise    fall   Corner
------------------------------------------------------------
pll1_clk_in  Yes     0.9894  0.9894  1.0245  1.0245   ss0p95v125c
pll2_clk_in  Yes     0.5257  0.5257  0.5413  0.5413   ss0p95v125c
pixel_clk    Yes     0.4445  0.4445  0.4908  0.4908   ss0p95v125c
system_clk   Yes     0.2624  0.2624  0.2802  0.2802   ss0p95v125c
comp_clk     Yes     0.3848  0.3848  0.4078  0.4078   ss0p95v125c
i2c_scl      Yes         --      --      --      --   ss0p95v125c
test_clk     Yes     0.6398  0.6398  0.7156  0.7156   ss0p95v125c
system_clk_div2 Yes  0.4647  0.4647  0.5121  0.5121   ss0p95v125c
panel_clk_inv_gate Yes  0.0000  0.0000  0.0000  0.0000 ss0p95v125c
panel_clk_dly Yes        --      --      --      --   ss0p95v125c
panel_clk_gate Yes   0.0711  0.0711  0.0786  0.0786   ss0p95v125c
system_clk_int Yes   0.1463  0.1463  0.1598  0.1598   ss0p95v125c
flash_clk_gate Yes   0.2855  0.2855  0.3100  0.3100   ss0p95v125c
i2c_clk      Yes     0.2758  0.2758  0.2952  0.2952   ss0p95v125c
sdram_clk_gate Yes   0.2104  0.2104  0.2530  0.2530   ss0p95v125c
sdram_clk    Yes         --      --      --      --   ss0p95v125c
pixel_comp_clk_pix Yes      --      --      --      -- ss0p95v125c

Information: The stitching and editing of coupling caps is turned OFF for design 'fsc_top_CTS.nlib:fsc_top.design'. (TIM-125)
Warning: Timing Arc from 'u_clk_gen/u_clock_gen/C383/ctmi_32/S0' to 'u_clk_gen/u_clock_gen/C383/ctmi_32/Y' has been disabled to break loops in network of clock 'system_clk' (GRF-013)
Information: Update timing completed net estimation for all the timing graph nets (TIM-111)
Information: Net estimation statistics: timing graph nets = 40470, routed nets = 1698, across physical hierarchy nets = 0, parasitics cached nets = 40470, delay annotated nets = 0, parasitics annotated nets = 0, multi-voltage nets = 0. (TIM-112)
Clock: pll2_clk_in, Mode: func, Root: pll2_clk_in
Information: CTS QoR Pre Local Skew Optimization: GlobalSkew = nan; ID = nan; NetsWithDRC = 1; Worst Tran/Cap/Fanout cost = 0.0700/0.0000/0; ClockBufCount = 83; ClockBufArea = 238.1329; ClockCellArea = 1765627.0000; ClockWireLen = 10550.2780; Clock = pll2_clk_in; Mode = func; Corner = ss0p95v125c; ClockRoot = pll2_clk_in. (CTS-037)
Clock: pll1_clk_in, Mode: func, Root: pll1_clk_in
Information: CTS QoR Pre Local Skew Optimization: GlobalSkew = nan; ID = nan; NetsWithDRC = 5; Worst Tran/Cap/Fanout cost = 0.0700/0.0000/0; ClockBufCount = 398; ClockBufArea = 1058.5098; ClockCellArea = 884937.0000; ClockWireLen = 49855.2440; Clock = pll1_clk_in; Mode = func; Corner = ss0p95v125c; ClockRoot = pll1_clk_in. (CTS-037)
Clock: pixel_clk, Mode: func, Root: pixel_clk
Information: CTS QoR Pre Local Skew Optimization: GlobalSkew = nan; ID = nan; NetsWithDRC = 3; Worst Tran/Cap/Fanout cost = 0.0700/0.0000/0; ClockBufCount = 60; ClockBufArea = 222.6301; ClockCellArea = 882981.6250; ClockWireLen = 875.5010; Clock = pixel_clk; Mode = func; Corner = ss0p95v125c; ClockRoot = pixel_clk. (CTS-037)
Clock: comp_clk, Mode: func, Root: comp_clk
Information: CTS QoR Pre Local Skew Optimization: GlobalSkew = nan; ID = nan; NetsWithDRC = 4; Worst Tran/Cap/Fanout cost = 0.0700/0.0000/0; ClockBufCount = 18; ClockBufArea = 72.1769; ClockCellArea = 882704.0625; ClockWireLen = 689.1000; Clock = comp_clk; Mode = func; Corner = ss0p95v125c; ClockRoot = comp_clk. (CTS-037)
Clock: system_clk, Mode: func, Root: system_clk
Information: CTS QoR Pre Local Skew Optimization: GlobalSkew = nan; ID = nan; NetsWithDRC = 6; Worst Tran/Cap/Fanout cost = 0.0700/0.0000/0; ClockBufCount = 576; ClockBufArea = 1447.6042; ClockCellArea = 6181681.5000; ClockWireLen = 78315.6900; Clock = system_clk; Mode = func; Corner = ss0p95v125c; ClockRoot = system_clk. (CTS-037)
Clock: test_clk, Mode: func, Root: test_clk
Information: CTS QoR Pre Local Skew Optimization: GlobalSkew = nan; ID = nan; NetsWithDRC = 2; Worst Tran/Cap/Fanout cost = 0.0700/0.0000/0; ClockBufCount = 323; ClockBufArea = 817.0729; ClockCellArea = 884556.0000; ClockWireLen = 44911.7350; Clock = test_clk; Mode = func; Corner = ss0p95v125c; ClockRoot = test_clk. (CTS-037)
CCD MOO settings for (cto1, last_qor_strategy): 4 engines
    Engine R2R_TNS has 9 objectives, 3 enabled moves, iterationLimit = 1, solverType = CG_LP, estimateFanoutPower = 0, mergeIOWithR2R = 0, areaOnly = 0, useOldEngine = 0, preponeOpt = 1
                tns300Cutoff = 300, capAllowance = 1.600000, cgccdScaleBack = 5, powerccdScaleBack = 0, needTrialSeedGeneration = 0, drcMargin = 0.000000, commitOneByOne = 0
            R2R_TNS: priority 10, weight 10.000000, degradationPercentAllowed 0.010000, step back 0.090000, isTargeted 1, isMaximize 1
            ICG_TNS: priority 15, weight 10.000000, degradationPercentAllowed 0.000000, step back 0.090000, isTargeted 1, isMaximize 1
            HOLD_TNS: priority 20, weight 5.000000, degradationPercentAllowed 0.050000, step back 0.050000, isTargeted 1, isMaximize 1
            NONE_POWER: priority 30, weight 1.000000, degradationPercentAllowed 0.005000, step back 0.050000, isTargeted 1, isMaximize 0
            R2R_WNS: priority 50, weight 5.000000, degradationPercentAllowed 0.050000, step back 0.050000, isTargeted 1, isMaximize 1
            ICG_WNS: priority 55, weight 5.000000, degradationPercentAllowed 0.000000, step back 0.050000, isTargeted 1, isMaximize 1
            HOLD_WNS: priority 60, weight 5.000000, degradationPercentAllowed 0.050000, step back 0.050000, isTargeted 0, isMaximize 1
            IO_TNS: priority 70, weight 1.000000, degradationPercentAllowed 0.100000, step back 0.050000, isTargeted 0, isMaximize 1
            NONE_TOTAL_OFFSET: priority 99, weight 1.000000, degradationPercentAllowed nan, step back 0.050000, isTargeted 0, isMaximize 1
        Moves enabled: SIZE_CLOCK_TIMING, BUFFER_REMOVAL_CLOCK_TIMING, REPARENTING_CLOCK_TIMING, 
    Engine HOLD_TNS has 10 objectives, 2 enabled moves, iterationLimit = 1, solverType = CG_LP, estimateFanoutPower = 0, mergeIOWithR2R = 0, areaOnly = 0, useOldEngine = 0, preponeOpt = 0
                tns300Cutoff = 300, capAllowance = 1.600000, cgccdScaleBack = 5, powerccdScaleBack = 0, needTrialSeedGeneration = 0, drcMargin = 0.000000, commitOneByOne = 0
            HOLD_TNS: priority 10, weight 2.000000, degradationPercentAllowed 0.010000, step back 0.090000, isTargeted 1, isMaximize 1
            R2R_TNS: priority 20, weight 2.000000, degradationPercentAllowed 0.025000, step back 0.050000, isTargeted 1, isMaximize 1
            ICG_TNS: priority 25, weight 2.000000, degradationPercentAllowed 0.000000, step back 0.050000, isTargeted 1, isMaximize 1
            NONE_POWER: priority 30, weight 1.000000, degradationPercentAllowed 0.004000, step back 0.050000, isTargeted 1, isMaximize 0
            NONE_BUFFER_COUNT: priority 40, weight 5.000000, degradationPercentAllowed 0.005000, step back 0.100000, isTargeted 1, isMaximize 0
            R2R_WNS: priority 50, weight 1.000000, degradationPercentAllowed 0.010000, step back 0.050000, isTargeted 1, isMaximize 1
            ICG_WNS: priority 55, weight 1.000000, degradationPercentAllowed 0.000000, step back 0.050000, isTargeted 1, isMaximize 1
            HOLD_WNS: priority 60, weight 1.000000, degradationPercentAllowed 0.050000, step back 0.050000, isTargeted 0, isMaximize 1
            IO_TNS: priority 70, weight 1.000000, degradationPercentAllowed 0.100000, step back 0.050000, isTargeted 0, isMaximize 1
            NONE_TOTAL_OFFSET: priority 100, weight 1.000000, degradationPercentAllowed nan, step back 0.050000, isTargeted 0, isMaximize 1
        Moves enabled: SIZE_CLOCK_TIMING, BUFFER_CLOCK, 
    Engine R2R_TNS has 10 objectives, 2 enabled moves, iterationLimit = 1, solverType = CG_LP, estimateFanoutPower = 0, mergeIOWithR2R = 0, areaOnly = 0, useOldEngine = 0, preponeOpt = 0
                tns300Cutoff = 300, capAllowance = 1.600000, cgccdScaleBack = 5, powerccdScaleBack = 0, needTrialSeedGeneration = 1, drcMargin = 0.000000, commitOneByOne = 0
            R2R_TNS: priority 10, weight 10.000000, degradationPercentAllowed 0.010000, step back 0.090000, isTargeted 1, isMaximize 1
            ICG_TNS: priority 15, weight 10.000000, degradationPercentAllowed 0.000000, step back 0.090000, isTargeted 1, isMaximize 1
            HOLD_TNS: priority 20, weight 5.000000, degradationPercentAllowed 0.050000, step back 0.050000, isTargeted 1, isMaximize 1
            NONE_POWER: priority 30, weight 1.000000, degradationPercentAllowed 0.005000, step back 0.050000, isTargeted 1, isMaximize 0
            NONE_BUFFER_COUNT: priority 40, weight 5.000000, degradationPercentAllowed 0.005000, step back 0.100000, isTargeted 1, isMaximize 0
            R2R_WNS: priority 50, weight 5.000000, degradationPercentAllowed 0.050000, step back 0.050000, isTargeted 1, isMaximize 1
            ICG_WNS: priority 55, weight 5.000000, degradationPercentAllowed 0.000000, step back 0.050000, isTargeted 1, isMaximize 1
            HOLD_WNS: priority 60, weight 5.000000, degradationPercentAllowed 0.050000, step back 0.050000, isTargeted 0, isMaximize 1
            IO_TNS: priority 70, weight 1.000000, degradationPercentAllowed 0.100000, step back 0.050000, isTargeted 0, isMaximize 1
            NONE_TOTAL_OFFSET: priority 100, weight 1.000000, degradationPercentAllowed nan, step back 0.050000, isTargeted 0, isMaximize 1
          Objectives for trial seed generation: 
            R2R_TNS: priority 10, weight 10.000000, degradationPercentAllowed 0.010000, step back 0.070000, isTargeted 1, isMaximize 1
            ICG_TNS: priority 15, weight 10.000000, degradationPercentAllowed 0.000000, step back 0.070000, isTargeted 1, isMaximize 1
            NONE_BUFFER_COUNT: priority 20, weight 1.000000, degradationPercentAllowed 0.100000, step back 0.050000, isTargeted 1, isMaximize 0
            NONE_TOTAL_OFFSET: priority 30, weight 1.000000, degradationPercentAllowed nan, step back 0.050000, isTargeted 1, isMaximize 1
            R2R_WNS: priority 40, weight 5.000000, degradationPercentAllowed 0.010000, step back 0.050000, isTargeted 0, isMaximize 1
            ICG_WNS: priority 45, weight 5.000000, degradationPercentAllowed 0.000000, step back 0.050000, isTargeted 0, isMaximize 1
            HOLD_TNS: priority 50, weight 10.000000, degradationPercentAllowed 0.010000, step back 0.030000, isTargeted 0, isMaximize 1
            HOLD_WNS: priority 60, weight 1.000000, degradationPercentAllowed 0.010000, step back 0.030000, isTargeted 0, isMaximize 1
            IO_TNS: priority 70, weight 1.000000, degradationPercentAllowed 0.050000, step back 0.050000, isTargeted 0, isMaximize 1
        Moves enabled: SIZE_CLOCK_TIMING, BUFFER_CLOCK, 
    Engine NONE_POWER has 10 objectives, 2 enabled moves, iterationLimit = 1, solverType = CG_LP, estimateFanoutPower = 1, mergeIOWithR2R = 0, areaOnly = 0, useOldEngine = 0, preponeOpt = 0
                tns300Cutoff = 300, capAllowance = 100.000000, cgccdScaleBack = 5, powerccdScaleBack = 0, needTrialSeedGeneration = 0, drcMargin = 0.000000, commitOneByOne = 0
            NONE_POWER: priority 10, weight 20.000000, degradationPercentAllowed 0.005000, step back 0.050000, isTargeted 1, isMaximize 0
            NONE_BUFFER_COUNT: priority 20, weight 10.000000, degradationPercentAllowed 0.005000, step back 0.050000, isTargeted 1, isMaximize 0
            R2R_TNS: priority 30, weight 2.000000, degradationPercentAllowed 0.050000, step back 0.100000, isTargeted 1, isMaximize 1
            ICG_TNS: priority 35, weight 2.000000, degradationPercentAllowed 0.000000, step back 0.100000, isTargeted 1, isMaximize 1
            HOLD_TNS: priority 40, weight 1.000000, degradationPercentAllowed 0.000000, step back 0.050000, isTargeted 1, isMaximize 1
            R2R_WNS: priority 50, weight 1.000000, degradationPercentAllowed 0.005000, step back 0.050000, isTargeted 1, isMaximize 1
            ICG_WNS: priority 55, weight 1.000000, degradationPercentAllowed 0.000000, step back 0.050000, isTargeted 1, isMaximize 1
            HOLD_WNS: priority 60, weight 1.000000, degradationPercentAllowed 0.100000, step back 0.050000, isTargeted 0, isMaximize 1
            IO_TNS: priority 70, weight 1.000000, degradationPercentAllowed 0.100000, step back 0.050000, isTargeted 0, isMaximize 1
            NONE_TOTAL_OFFSET: priority 100, weight 1.000000, degradationPercentAllowed nan, step back 0.050000, isTargeted 0, isMaximize 1
        Moves enabled: SIZE_CLOCK_POWER, BUFFER_REMOVAL_CLOCK_POWER, 
DBG: ccdInfra::ccdInfra
Drc Mode Option: auto
CCD blasted path groups
DBG: ccdInfra::initAppOptions
DBG: ccdInfra::initCtsFixedBalancePins

CCD-Info: App options set by user
   ccd.enable_top_wns_optimization = true
   ccd.fmax_optimization_effort = low
   ccd.macro_seed_offset_strategy = model
   ccd.timing_effort = medium
   clock_opt.flow.enable_ccd = true
   clock_opt.flow.enable_multibit_debanking = true
   clock_opt.flow.optimize_ndr = true
CCD: using 4 threads
CTSSC route status detected: clock (VR 86, GR 39153, DR 58), data (VR 38775, GR 0, DR 0); stage = auto, isPostRoute = FALSE
Information: Activity propagation will be performed for scenario ss0p95v125c.func.
Information: Doing activity propagation for mode 'func' and corner 'ss0p95v125c' with effort level 'low'. (POW-024)
Information: Timer-derived activity data is cached on scenario ss0p95v125c.func (POW-052)
Information: Running switching activity propagation with 4 threads!

 **** Information : No. of simulation cycles = 4 ****
Total power = 22.736115, Leakage = 19.871126, Internal = 1.594765, Switching = 1.270223
Information: 'ss0p95v125c' is identified as primary corner for initial clock tree building. (CTS-103)
Warning: App option ccd.cto_max_displacement_threshold expects auto or a float number, tool uses auto
Information: Orientation ETCH is using reference direction: VERTICAL. (NEX-032)

CCD: Initial QOR:
---------------------------------------------------------------------------------------------
 Design (setup) WNS = -1490.366089, TNS = -9998706.000000, NVP = 16632
 Design (hold) WNHS = -30.844364, TNHS = -1687.207397, NHVP = 3417

    Scenario ss0p95v125c.func  WNS = -1490.366089, TNS = -9998705.733406, NVP = 16632
    Scenario ss0p95v125c.func  WNHS = -30.844364, TNHS = -1687.207391, NHVP = 3417
---------------------------------------------------------------------------------------------
CCD-QoR: Timing: WNS = -1490.366, TNS = -9998706.000, NVP = 16632, UNWEIGHTED_TNS = -10021525.000, WNHS = -30.844, TNHS = -1687.207, NHVP = 3417, UNWEIGHTED_TNHS = -1687.207, R2R(wns=-1450.303955, tns=-6509380.500000, nvp=14210)
 All scenarios used by CCD
    scenario 0: ss0p95v125c.func , isDynamicPower, isLeakagePower, isMaxTran, isMaxCap
          mode: func, id = 1
          corner: ss0p95v125c, id = 1
          isSetup: wns = -1490.366089, unweighted tns = -10021525.000000
          isHold: wns = -30.844364, unweighted tns = -1687.207397

Enable clock slack update
 Warning: the specified linear program was not feasible. The main cost function variables in the program have the following values: 
 Value of WNS cost function in LP: -2.893435 with range [ -3.131102 , -1.022888 ] 
 Value of WNS cost function in LP: -1.096856 with range [ -1.229338 , -0.879007 ] 
 Value of WNS cost function in LP: -0.190104 with range [ -0.221238 , 0.000000 ] 
Value of TNS cost function in LP: -1895.194580 with range [ -1930.763672 , 0.000000 ] 
Value of TNS cost function in LP: -0.380208 with range [ -0.380208 , 0.000000 ] 
Value of TNS cost function in LP: -1538.108276 with range [ -1621.582886 , 0.000000 ] 
 Value of POWER cost function in LP: 28.265486 with range [ -inf , 129.168304 ] 
Value of TNS cost function in LP: -231.497452 with range [ -212.414185 , 0.000000 ] 
 Value of TOTAL OFFSET cost function in LP: -18.810047 with range [ -inf , inf ] 
 The values of the cost functions on the dummy solution calculated for this program are: 

    Optimization Summary 		

-------------------------------------------------

  # Seeds generated                              179
  # Valid linear regressions                     177
  # Seeds with valid budget                      110
  # Seeds with accepted implementation           109
  # NumCTCells changed                           -2

  # Number of cells sized                        109
  # Number of cells added                        0
  # Number of cells removed                      2
  # Number of cells relocated                    16
  # Number of cells flipped rotated              0
  # Number of cells reparented                   8

  # Total CPU time                               00h:00m:25s
  # Total elapsed time                           00h:00m:08s
  # Flow total speed up                          2.902309
  # Init lazy tns CPU time                       00h:00m:09s
  # Init lazy tns elapsed time                   00h:00m:02s
  # Init lazy tns speed up                       3.537267
  # Seed generation CPU time                     00h:00m:01s
  # Seed generation elapsed time                 00h:00m:00s
  # Seed generation speed up                     2.195287
  # Linear regression CPU time                   00h:00m:01s
  # Linear regression elapsed time               00h:00m:00s
  # Linear regression speed up                   3.925779
  # LP solver CPU time                           00h:00m:08s
  # LP solver elapsed time                       00h:00m:03s
  # LP solver speed up                           2.615155
  # Breakdown of elapsed runtime for solver:     
     Lazy model initializations:                 71.00%
     Prepare moo/get initial QOR:                7.95%
     Commit/annotate budget:                     0.00%
     Solve runtime: 20.51% of which 14.05% is incremental-LP runtime
     Other:                                      0.54%
  # Sg implementation CPU time                   00h:00m:00s
  # Sg implementation elapsed time               00h:00m:00s
  # Sg speed up                                  3.714866
  # Commit CPU time                              00h:00m:03s
  # Commit elapsed time                          00h:00m:01s
  # Commit speed up                              2.400960

-------------------------------------------------


CCD: After FMAX optimization:cto1_R2R_TNS0
---------------------------------------------------------------------------------------------
 Design (setup) WNS = -1490.366089, TNS = -9998660.000000, NVP = 16632
 Design (hold) WNHS = -30.847492, TNHS = -1706.349731, NHVP = 3411

    Scenario ss0p95v125c.func  WNS = -1490.366089, TNS = -9998659.514282, NVP = 16632
    Scenario ss0p95v125c.func  WNHS = -30.847492, TNHS = -1706.349734, NHVP = 3411
---------------------------------------------------------------------------------------------
CCD-QoR: Timing: WNS = -1490.366, TNS = -9998660.000, NVP = 16632, UNWEIGHTED_TNS = -10021479.000, WNHS = -30.847, TNHS = -1706.350, NHVP = 3411, UNWEIGHTED_TNHS = -1706.350, R2R(wns=-1450.303955, tns=-6509334.500000, nvp=14210)

    Optimization Summary 		

-------------------------------------------------

  # Seeds generated                              102
  # Valid linear regressions                     102
  # Seeds with valid budget                      0
  # Seeds with accepted implementation           0
  # NumCTCells changed                           0


  # Total CPU time                               00h:00m:19s
  # Total elapsed time                           00h:00m:07s
  # Flow total speed up                          2.699053
  # Init lazy tns CPU time                       00h:00m:08s
  # Init lazy tns elapsed time                   00h:00m:02s
  # Init lazy tns speed up                       3.593920
  # Seed generation CPU time                     00h:00m:00s
  # Seed generation elapsed time                 00h:00m:00s
  # Seed generation speed up                     2.807695
  # Linear regression CPU time                   00h:00m:09s
  # Linear regression elapsed time               00h:00m:03s
  # Linear regression speed up                   2.310207
  # LP solver CPU time                           00h:00m:00s
  # LP solver elapsed time                       00h:00m:00s
  # LP solver speed up                           1.639223
  # Breakdown of elapsed runtime for solver:     
     Lazy model initializations:                 7.59%
     Prepare moo/get initial QOR:                15.12%
     Commit/annotate budget:                     0.00%
     Solve runtime: 75.36% of which 48.07% is incremental-LP runtime
     Other:                                      1.92%

-------------------------------------------------


CCD: After FMAX optimization:cto1_HOLD_TNS1
---------------------------------------------------------------------------------------------
 Design (setup) WNS = -1490.366089, TNS = -9998660.000000, NVP = 16632
 Design (hold) WNHS = -30.847492, TNHS = -1706.349731, NHVP = 3411

    Scenario ss0p95v125c.func  WNS = -1490.366089, TNS = -9998659.514282, NVP = 16632
    Scenario ss0p95v125c.func  WNHS = -30.847492, TNHS = -1706.349734, NHVP = 3411
---------------------------------------------------------------------------------------------
CCD-QoR: Timing: WNS = -1490.366, TNS = -9998660.000, NVP = 16632, UNWEIGHTED_TNS = -10021479.000, WNHS = -30.847, TNHS = -1706.350, NHVP = 3411, UNWEIGHTED_TNHS = -1706.350, R2R(wns=-1450.303955, tns=-6509334.500000, nvp=14210)
