Strategy-Info: Evaluating single metric strategy for timing metric_target
Strategy-Info: technology_node is undefined for the current block.

Strategy-Info: Metric(s) : timing
+----------------------------------------------------+---------------+------------+------------+------------+
|           Option Name                              | Metric Group  |  Tool      |  Current   |  Target    |
|                                                    |               |  Default   |  Setting   |  Setting   |
+----------------------------------------------------+---------------+------------+------------+------------+
| time.enable_clock_to_data_analysis                 | *All metrics* | false      | true       | true       |
| place.common.use_placement_model                   | *All metrics* | false      | true       | true       |
| compile.final_place.effort                         | timing        | medium     | high       | high       |
| place.coarse.enhanced_low_power_effort             | timing        | low        | none       | none       |
| compile.flow.enable_power                          | timing        | false      | false      | false      |
+----------------------------------------------------+---------------+------------+------------+------------+
Strategy-Info: Auto-detected closest technology node established.
Strategy-Info: Evaluating single metric strategy for timing metric_target
Strategy-Info: technology_node is undefined for the current block.

Strategy-Info: Metric(s) : timing
Strategy-Info: No differences found between current and recommended set_qor_strategy settings.  
Information: Enabling runtime flow for U-2022 (FLW-3600)
INFO: compile_fusion is running in balanced flow mode.
INFO: EIO v5 is enabled
Information: Structural Congestion Optimization technology (Early SCO) has been enabled. (SCO-0001)
Information: Starting 'compile_fusion -from final_place -to final_opto' (FLW-8000)
Information: Time: 2026-06-26 15:19:43 / Session:  00:02:00 / Command:  00:00:00 / CPU:  00:00:00 / Memory: 1891 MB (FLW-8100)
****************************************
Report : report_tbcs
Version: V-2023.12-SP5
Date   : Fri Jun 26 15:19:43 2026
****************************************
INFO: Start environment monitoring: recipes
Information: Enabling runtime flow for U-2022 (FLW-3600)
Warning: The app option 'compile.flow.high_effort_timing' will be changed to Boolean type in the future.  To ensure compatibility, this app option should only be set to a value of 0 or 1 for now (FLW-3502)
INFO: compile_fusion is running in balanced flow mode.
INFO: EIO v5 is enabled
Information: Committing UPF. (MV-134)
Information: Related supplies are not explicitly specified on 195 port(s) and primary supplies (vdd, vss) of top power domain will be assumed as the related supply. (UPF-467)
Information: Total 0 isolation cell(s) in the design. (MV-021)
Information: Total 0 level shifter cell(s) in the design. (MV-021)
Information: Total 0 enable level shifter cell(s) in the design. (MV-021)
Information: Total 0 repeater cell(s) in the design. (MV-021)
Information: Total 0 retention cell(s) in the design. (MV-021)
Information: Total 0 power switch cell(s) in the design. (MV-021)
Information: Total 0 netlist change(s) and disconnections have been made to resolve conflicts between power intent and PG netlist. (UPF-073)
Information: UPF has been successfully committed. (UPF-072)
Information: The automatic clock gate timing flow is activated. Clock latencies set on clock gate cells will be automatically adjusted by an estimate for latency. (CGT-4005)
CCD app option: ccd.targeted_ccd_path_groups:  **clock_gating_default**
Target path group: scenario ss0p95v125c.func pathgroup **clock_gating_default**
Information: CCD will use corner ss0p95v125c for honoring max prepone/postpone limits

Summary of messages during CTS:
===============================================================
  Tag   Count  Type           Description
---------------------------------------------------------------
 No error or warning message.
CCD app option: ccd.targeted_ccd_path_groups:  **clock_gating_default**
Target path group: scenario ss0p95v125c.func pathgroup **clock_gating_default**
Information: CCD will use corner ss0p95v125c for honoring max prepone/postpone limits
Information: Useful skew copied/scaled 0 balance points and 6 clock latencies. (CCD-103)

Summary of messages during CTS:
===============================================================
  Tag   Count  Type           Description
---------------------------------------------------------------
 No error or warning message.
Information: Structural Congestion Optimization technology (Early SCO) has been enabled. (SCO-0001)
Information: Structural Congestion Optimization technology (Post-DTDP SCO) has been enabled. (SCO-0001)
INFO: compile_fusion is running in balanced flow mode
Warning: Power app option opt.power.effort has been deprecated. Please remove it from your script. (OPT-035)
INFO: Leakage Power Aware Optimization Enabled
Information: The automatic clock gate timing flow is activated. Clock latencies set on clock gate cells will be automatically adjusted by an estimate for latency. (CGT-4005)
INFO: disable CRPR-based timing. 
Number of Site types in the design = 1
Setting up Chip Core
Chip Core shape: (8000 8000) (932008 930944)
Number of VARs = 1
Number of unique PDs = 1
Number of Power Domains = 1
Number of Voltage Areas = 1
Number of supply Nets = 2
Number of used supplies = 0
Blocked VAs: 
CCD app option: ccd.targeted_ccd_path_groups:  **clock_gating_default**
Target path group: scenario ss0p95v125c.func pathgroup **clock_gating_default**
Information: CCD will use corner ss0p95v125c for honoring max prepone/postpone limits

Summary of messages during CTS:
===============================================================
  Tag   Count  Type           Description
---------------------------------------------------------------
 No error or warning message.
CCD app option: ccd.targeted_ccd_path_groups:  **clock_gating_default**
Target path group: scenario ss0p95v125c.func pathgroup **clock_gating_default**
Information: CCD will use corner ss0p95v125c for honoring max prepone/postpone limits
Information: Useful skew copied/scaled 0 balance points and 0 clock latencies. (CCD-103)

Summary of messages during CTS:
===============================================================
  Tag   Count  Type           Description
---------------------------------------------------------------
 No error or warning message.

----------------------------------------------------------------------------------------------------------
Information: Starting compile_fusion / final_place (FLW-8000)
Information: Time: 2026-06-26 15:19:46 / Session:  00:02:03 / Command:  00:00:03 / CPU:  00:00:05 / Memory: 1891 MB (FLW-8100)
----------------------------------------------------------------------------------------------------------



Compile-fusion optimization Phase 4 Iter  1          8.60        0.00         -         -     567041.62        5.15       38150              0.03      1890


Information: Starting compile_fusion / final_place / Optimization (FLW-8000)
Information: Time: 2026-06-26 15:19:47 / Session:  00:02:04 / Command:  00:00:03 / CPU:  00:00:10 / Memory: 1921 MB (FLW-8100)

Compile-fusion command begin                   CPU:   471 s (  0.13 hr )  ELAPSE:   124 s (  0.03 hr )  MEM-PEAK:  1920 MB
Info: update em.

Compile-fusion timing update complete          CPU:   471 s (  0.13 hr )  ELAPSE:   124 s (  0.03 hr )  MEM-PEAK:  1920 MB

Compile-fusion initial QoR
__________________________
Scenario Mapping Table
1: ss0p95v125c.func

Pathgroup Mapping Table
1: **default**
2: **async_default**
3: **clock_gating_default**
4: **in2reg_default**
5: **reg2out_default**
6: **in2out_default**
7: pll1_clk_in
8: pll2_clk_in
9: pixel_clk
10: system_clk
11: comp_clk
12: i2c_scl
13: system_clk_div2
14: pll2_clk_div2
15: panel_clk_inv_gate
16: panel_clk_dly
17: panel_clk_gate
18: system_clk_int
19: flash_clk_gate
20: i2c_clk
21: sdram_clk_gate
22: sdram_clk
23: pixel_comp_clk_pix
24: REGOUT
25: IN2REG
26: REGIN
27: FEEDTHROUGH
28: R2R
29: REG2MEM
30: MEM2REG
31: IN2MEM
32: MEM2OUT
33: REG2ICG
34: MEM2ICG
35: IN2ICG
36: ICG2MEM
37: ICG2REG

-------------------------------------------------------------------------------------------------------------------------------------------------------------
PATHGROUP QOR 
-------------------------------------------------------------------------------------------------------------------------------------------------------------
Scene  PG      WNS        TNS    NSV      WHV        THV    NHV
    1   1   0.0000     0.0000      0        -          -      -
    1   2   0.0000     0.0000      0        -          -      -
    1   3   0.0000     0.0000      0        -          -      -
    1   4   0.0000     0.0000      0        -          -      -
    1   5   0.0000     0.0000      0        -          -      -
    1   6   0.0000     0.0000      0        -          -      -
    1   7   0.0000     0.0000      0        -          -      -
    1   8   0.0000     0.0000      0        -          -      -
    1   9   0.0000     0.0000      0        -          -      -
    1  10   0.0000     0.0000      0        -          -      -
    1  11   0.0000     0.0000      0        -          -      -
    1  12   0.0000     0.0000      0        -          -      -
    1  13   0.0000     0.0000      0        -          -      -
    1  14   0.0000     0.0000      0        -          -      -
    1  15   0.0000     0.0000      0        -          -      -
    1  16   0.0000     0.0000      0        -          -      -
    1  17   0.0000     0.0000      0        -          -      -
    1  18   0.0000     0.0000      0        -          -      -
    1  19   0.0000     0.0000      0        -          -      -
    1  20   0.0000     0.0000      0        -          -      -
    1  21   0.0000     0.0000      0        -          -      -
    1  22   0.0000     0.0000      0        -          -      -
    1  23   0.0000     0.0000      0        -          -      -
    1  24   0.0000     0.0000      0        -          -      -
    1  25   0.0000     0.0000      0        -          -      -
    1  26   0.0000     0.0000      0        -          -      -
    1  27   4.3523     8.5984      2        -          -      -
    1  28   0.0000     0.0000      0        -          -      -
    1  29   0.0000     0.0000      0        -          -      -
    1  30   0.0000     0.0000      0        -          -      -
    1  31   0.0000     0.0000      0        -          -      -
    1  32   0.0000     0.0000      0        -          -      -
    1  33   0.0000     0.0000      0        -          -      -
    1  34   0.0000     0.0000      0        -          -      -
    1  35   0.0000     0.0000      0        -          -      -
    1  36   0.0000     0.0000      0        -          -      -
    1  37   0.0000     0.0000      0        -          -      -
----------------------------------------------------------------------------------------------------------------------------------------------------------------------
SCENARIO QOR 
----------------------------------------------------------------------------------------------------------------------------------------------------------------------
Scene  PG      WNS        TNS   R2RTNS    NSV      WHV        THV    NHV  MaxTrnV   MaxTranC  MaxCapV    Leakage
    1   *   4.3523     8.5984   0.0000      2        -          -      -       11     0.3477      441      5.154
----------------------------------------------------------------------------------------------------------------------------------------------------------------------
DESIGN QOR 
----------------------------------------------------------------------------------------------------------------------------------------------------------------------
Scene  PG      WNS        TNS   R2RTNS    NSV      WHV        THV    NHV  MaxTrnV   MaxTranC  MaxCapV    Leakage         Area    InstCnt     BufCnt     InvCnt
    *   *   4.3523     8.5984   0.0000      2   0.0000     0.0000      0       11     0.3477      441      5.154    567041.62      38150       2898       2802
----------------------------------------------------------------------------------------------------------------------------------------------------------------------

Compile-fusion initial QoR Summary       WNS        TNS   R2RTNS    NSV      WHV        THV    NHV  MaxTrnV  MaxCapV    Leakage         Area    InstCnt
Compile-fusion initial QoR Summary    4.3523     8.5984   0.0000      2   0.0000     0.0000      0       11      441      5.154    567041.62      38150
Information: The netlist change observers are disabled for incremental extraction. (TIM-126)
INFO: using 16 threads
Information: Orientation ETCH is using reference direction: VERTICAL. (NEX-032)
Compile-fusion initialization complete         CPU:   478 s (  0.13 hr )  ELAPSE:   125 s (  0.03 hr )  MEM-PEAK:  1930 MB
Compile-fusion optimization summary            SETUP-COST    R2R-COST HOLD-COST LDRC-COST          AREA     LEAKAGE     INSTCNT            ELAPSE       MEM
Information: The netlist change observers are enabled for incremental extraction. (TIM-127)

Information: Initializing advanced legalizer cellmap without advanced rules enabled and without PDC enabled
Information: The following app options are used in cellmap
        place.legalize.enable_color_aware_placement : false
        place.legalize.use_nll_query_cm : false
        place.legalize.enable_advanced_legalizer : true
        place.legalize.enable_prerouted_net_check : false
        place.legalize.enable_advanced_prerouted_net_check : true
        place.legalize.always_continue : true
        place.legalize.limit_legality_checks : false
        place.common.pnet_aware_density : 1.0000
        place.common.pnet_aware_min_width : 0.0000
        place.common.pnet_aware_layers : {}
        place.common.use_placement_model : true
        place.common.enable_advanced_placement_model : true
        cts.placement.cell_spacing_rule_style : maximum
Total 0.0804 seconds to build cellmap data including placement model analysis 0.0140 seconds
INFO: creating 188(r) x 188(c) GridCells YDim 5.016 XDim 5.016
INFO: number of GridCells (compile_initial_opto): 35344
INFO: creating 188(r) x 188(c) GridCells YDim 5.016 XDim 5.016
INFO: number of GridCells (compile_initial_opto): 35344
Total 0.2948 seconds to load 49781 cell instances into cellmap
Moveable cells: 38120; Application fixed cells: 0; Macro cells: 0; User fixed cells: 11661
Average cell width 2.8627, cell height 1.6720, cell area 4.7864 for total 38120 placed and application fixed cells
Compile-fusion optimization Phase 8 Iter  1          8.60        0.00      0.00       452     567041.62        5.15       38150              0.04      1930
Corner Scaling is off, multiplier is 1.000000
Corner Scaling is off, multiplier is 1.000000
Information: Using default layer M5 (OPT-079)
bmap: stepx = stepy = 18801
creating bmap
DB units per micron : 1000
INFO: New Levelizer turned on
Compile-fusion optimization Phase 8 Iter  2          8.60        0.00      0.00       452     567041.62        5.15       38150              0.04      1930

Compile-fusion optimization Phase 9 Iter  1          8.60        0.00      0.00       269     567700.62        5.58       38345              0.04      1930

Compile-fusion optimization summary            SETUP-COST    R2R-COST HOLD-COST LDRC-COST          AREA     LEAKAGE     INSTCNT            ELAPSE       MEM
Compile-fusion                                       8.60        0.00      0.00       269     567700.62        5.58       38345              0.04      1930
Information: Ending   compile_fusion / final_place / Optimization (FLW-8001)
Information: Time: 2026-06-26 15:19:51 / Session:  00:02:07 / Command:  00:00:07 / CPU:  00:00:27 / Memory: 1931 MB (FLW-8100)

Information: Starting compile_fusion / final_place / Timing and Congestion Driven Placement with Legalization (FLW-8000)
Information: Time: 2026-06-26 15:19:51 / Session:  00:02:07 / Command:  00:00:07 / CPU:  00:00:27 / Memory: 1931 MB (FLW-8100)
Compile-fusion optimization Phase 11 Iter  1         8.60        0.00      0.00       269     567700.62        5.58       38345              0.04      1930
Running final (timing-driven) placement step.
----------------------------------------------------------------
Running congestion-aware direct-timing-driven placement
Start transferring placement data.
Information: Initializing advanced legalizer cellmap without advanced rules enabled and without NPLDRC enabled
Information: The following app options are used in cellmap
        place.legalize.enable_allowable_orient : false
        place.legalize.enable_color_aware_placement : false
        place.legalize.use_nll_query_cm : false
        place.legalize.enable_advanced_legalizer : true
        place.legalize.enable_prerouted_net_check : true
        place.legalize.enable_advanced_prerouted_net_check : true
        place.legalize.always_continue : true
        place.legalize.limit_legality_checks : true
        place.legalize.max_legality_check_range : 50
        place.common.pnet_aware_density : 1.0000
        place.common.pnet_aware_min_width : 0.0000
        place.common.pnet_aware_layers : {}
        place.common.use_placement_model : true
        place.common.enable_advanced_placement_model : true
        cts.placement.cell_spacing_rule_style : maximum
Total 0.0645 seconds to build cellmap data
Information: Creating advanced legalizer rule checker.
Information: user defined min VT filler size is 2. The smallest size of filler cells should be 2.
Information: Setting bounds and VA for block 'fsc_top'...
Information: Setting up voltage area 'DEFAULT_VA'.
Information: checking lib cells power/ground pins
Information: Lib cells of site unit have their ground pins at bottom 

Information: Legalizer threading is enabled with high effort (LGL-130)

Information: Setting up cell instances...
Information: All fillers in the reference libraries will be considered during legalization/check legality
Information: Initializing site map 'unit' at {8 8} {932.008 930.944}.
Information: Init siteMap unit with 6079 sites x 552 rows
Adding rule engine Basic Rules version 1.0.0...
Adding rule engine VT Implant Rules version 1.0.0...
Adding rule engine OD Rules version 1.0.0...
Adding rule engine TPO Rules version 1.0.0...
Information: place.legalize.enable_pin_extension_for_pin_access is false.
Adding rule engine Pin Access Rules version 1.0.0...
Adding rule engine Span Rules version 1.0.0...
Adding rule engine Index Rules version 1.0.0...
Adding rule engine Color Rules version 1.0.0...
Adding rule engine Inbound Rules version 1.0.0...
Adding rule engine PG DRC Rules version 1.0.0...
Adding rule engine Exp Rules version 1.0.0...
Adding rule engine Under PG Rules version 1.0.0...
Adding rule engine Chipfin Rules version 1.0.0...
Adding rule engine Density Rules version 1.0.0...
Adding rule engine User Rules version 1.0.0...
Adding rule engine Back Side Rules version 1.0.0...
Adding rule engine NP-Well Rules version 1.0.0...
Adding rule engine Route-aware Pin Access Rules version 1.0.0...
Adding rule engine Safety Register Rules version 1.0.0...
Adding rule engine Soft Rules version 1.0.0...
Information: extended cellmap search is on; max legality trials is 5000
Information: Apply spacing rule on full inbound edge (place.legalize.apply_spacing_rule_full_inbound_edge): no
Information: Use base site row as spacing rule sub row (for uni-row only) (place.legalize.use_base_site_row_as_spacing_rule_sub_row): no
Information: Initializing CTS constraints...
Information: User specified layer M3 will check pin color alignment
Constructing pin color alignment legality info...
Information: Reading Vertical abutment prohibit pattern from app option (place.legalize.vertical_abutment_forbidden_pairs)...
	Format 1: label1-label2
	Format 2: label1-label2-minConsecutivePairs
	Format 3: label1-label2-minVertDist-maxVertDist
	Format 4: label1-label2-minVertDist-maxVertDist-minConsecutivePairs
Information: App option (place.legalize.vertical_abutment_forbidden_pairs) is empty.
Information: Reading Vertical abutment prohibit pattern from PRF...
Information: Is mixed-row flow: no
Information: Enabling hard placement rule pin_color_align...
Information: Adjusting SRAM1RW64x32 to a multi-height library cell. (LGL-336)
Information: Adjusting SRAM2RW32x32 to a multi-height library cell. (LGL-336)
Information: Adjusting SRAM2RW16x32 to a multi-height library cell. (LGL-336)
Information: Adjusting SRAM2RW128x16 to a multi-height library cell. (LGL-336)
Information: Adjusting SRAM2RW128x32 to a multi-height library cell. (LGL-336)
Snapped 38315 standard cells to the nearest cellrow to improve the accuracy of congestion analysis.
Information: Dynamic Rule Ordering (DRO): true
Information: Coarse placer is using floating point demand from GR.
INFO: wire-opt feature for router enabled
Start Global Route ... 
[Init] Elapsed real time: 0:00:00 
[Init] Elapsed cpu  time: sys=0:00:00 usr=0:00:00 total=0:00:00
[Init] Stage (MB): Used    0  Alloctr    0  Proc    0 
[Init] Total (MB): Used    7  Alloctr    8  Proc 13406 
Printing options for 'route.common.*'
common.connect_within_pins_by_layer_name                :	 {M1 via_all_pins}   
common.extra_nonpreferred_direction_wire_cost_multiplier_by_layer_name:	 {M1 0.1}            
common.wire_on_grid_by_layer_name                       :	 {M1 false}          

Printing options for 'route.global.*'
global.deterministic                                    :	 on                  
global.timing_driven                                    :	 false               

Begin global routing.
Warning: Cell contains tie connections which are not connected to real PG. (ZRT-511)
Cell Min-Routing-Layer = M2
Cell Max-Routing-Layer = M7
Turn off antenna since no rule is specified
Information: Option route.detail.force_end_on_preferred_grid will be ignored since none of the layers have preferred grid. (ZRT-703)
Warning: Cannot find a default contact code for layer CO. (ZRT-022)
Skipping 1 internal pins that are not physical. Set route.common.verbose_level to > 0 and run routing command to get skipped pin names.
Info: number of net_type_blockage: 0 
Information: Via ladder engine would be activated for pattern must join connection in certain commands. Please refer to man-page for the command list. (ZRT-619)
Information: AutoNdr rule can't be found. Check the settings.
Information: When applicable Min-max layer allow_pin_connection mode will allow paths of length 3.55 outside the layer range. (ZRT-707)
Information: When applicable Min-max layer allow_pin_connection mode will allow paths of length 3.55 outside the layer range on clock nets. (ZRT-718)
Information: When applicable layer based tapering will taper up to 0.00 in distance from the pin. (ZRT-706)
Warning: The value of route.common.extra_nonpreferred_direction_wire_cost_multiplier_by_layer_name is different from default value or mega switch value. Please make sure the value is expected. (ZRT-704)
Warning: Standard cell pin MUX41X2_HVT/S0 has no valid via regions. (ZRT-044)
Warning: Cell compile_optlc_53755 is placed overlapping with other cells at {{120.936 8.000} {121.696 9.672}}. (ZRT-763)
Warning: Cell u_main_controller_top/u_main_controller/ptr_update_word_reg[34] is placed overlapping with other cells at {{222.168 69.864} {227.640 71.536}}. (ZRT-763)
Warning: Cell u_main_controller_top/u_main_controller/ewa_din_reg[6] is placed overlapping with other cells at {{265.488 69.864} {270.960 71.536}}. (ZRT-763)
Warning: Cell u_main_controller_top/u_main_controller/A16136 is placed overlapping with other cells at {{366.112 14.688} {367.328 16.360}}. (ZRT-763)
Warning: Cell u_main_controller_top/u_main_controller/active_numrows_next_reg[1] is placed overlapping with other cells at {{400.768 16.360} {406.240 18.032}}. (ZRT-763)
Warning: Cell u_YCrCb2RGB/C_int_reg[13] is placed overlapping with other cells at {{492.120 19.704} {497.288 21.376}}. (ZRT-763)
Warning: Cell u_datapath/u_pixel_in_buffer/A27551 is placed overlapping with other cells at {{568.272 13.016} {569.488 14.688}}. (ZRT-763)
Warning: Cell u_datapath/u_gamma_correction/sum_table_write_data_reg[8] is placed overlapping with other cells at {{656.280 16.360} {660.536 18.032}}. (ZRT-763)
Warning: Cell u_datapath/u_gamma_correction/u_sr_d1kx16_f166c_compensation_table_1_wrap/u_sr_d1kx16_f166c_bist/bist_addr_reg[6] is placed overlapping with other cells at {{735.168 29.736} {740.640 31.408}}. (ZRT-763)
Warning: Cell u_datapath/u_gamma_correction/u_sr_d1kx16_f166c_compensation_table_0_wrap/A31946 is placed overlapping with other cells at {{836.856 11.344} {838.072 13.016}}. (ZRT-763)
Warning: Cell u_main_controller_top/u_main_controller/u_fifo_sync_d256x11_f116_ewa_mem/u_rf_d256x11_f116_wrap/compile_ctmTdsLR_1_54037 is placed overlapping with other cells at {{199.976 148.448} {201.648 150.120}}. (ZRT-763)
Warning: Cell u_main_controller_top/u_main_controller/nextcolor_offset_reg[3] is placed overlapping with other cells at {{381.464 83.240} {386.936 84.912}}. (ZRT-763)
Warning: Cell u_datapath/u_SDR_controller/u_counter1/ctmi_236 is placed overlapping with other cells at {{419.616 118.352} {421.136 120.024}}. (ZRT-763)
Warning: Cell u_YCrCb2RGB/B1_int_reg[3] is placed overlapping with other cells at {{508.536 113.336} {513.704 115.008}}. (ZRT-763)
Warning: Cell u_datapath/u_color_interleaver/A31420 is placed overlapping with other cells at {{594.264 148.448} {595.784 150.120}}. (ZRT-763)
Warning: Cell u_datapath/u_gamma_correction/u_sr_d1kx16_f166c_compensation_table_0_wrap/u_sr_d1kx16_f166c_bist/bist_addr_q_reg[7] is placed overlapping with other cells at {{656.584 83.240} {662.056 84.912}}. (ZRT-763)
Warning: Cell u_datapath/u_gamma_correction/u_sr_d1kx16_f166c_compensation_table_0_wrap/u_sr_d1kx16_f166c_bist/A28939 is placed overlapping with other cells at {{736.992 86.584} {738.208 88.256}}. (ZRT-763)
Warning: Cell u_datapath/u_gamma_correction/u_sr_d1kx16_f166c_compensation_table_0_wrap/u_sr_d1kx16_f166c_bist/phfnr_buf_41113 is placed overlapping with other cells at {{836.400 98.288} {837.160 99.960}}. (ZRT-763)
Warning: Cell u_main_controller_top/u_main_controller/u_address_fifo/u_rf_d256x17_f166_wrap/u_rf_d256x17_f166_bist/ctmi_43009 is placed overlapping with other cells at {{124.280 185.232} {126.104 186.904}}. (ZRT-763)
Warning: Cell u_main_controller_top/u_main_controller/u_ctrue_to_ITO_delay/A33184 is placed overlapping with other cells at {{397.120 198.608} {399.248 200.280}}. (ZRT-763)
Warning: Cell u_datapath/u_SDR_controller/u_counter2/count_reg[3] is placed overlapping with other cells at {{456.096 166.840} {461.568 168.512}}. (ZRT-763)
Warning: Cell u_datapath/u_SDR_controller/u_counter2/count_reg[13] is placed overlapping with other cells at {{478.136 175.200} {483.608 176.872}}. (ZRT-763)
Warning: Cell u_datapath/u_color_interleaver/data_out_reg[3] is placed overlapping with other cells at {{581.496 161.824} {586.968 163.496}}. (ZRT-763)
Warning: Cell u_datapath/u_gamma_correction/u_sr_d1kx16_f166c_compensation_table_0_wrap/u_sr_d1kx16_f166c_bist/current_state_reg[3] is placed overlapping with other cells at {{736.840 166.840} {742.312 168.512}}. (ZRT-763)
Warning: Cell u_datapath/u_gamma_correction/A20399 is placed overlapping with other cells at {{838.072 191.920} {839.744 193.592}}. (ZRT-763)
Warning: Cell u_main_controller_top/u_main_controller/u_address_fifo/u_rf_d256x17_f166_wrap/compile_HFSBUF_4_44063 is placed overlapping with other cells at {{67.280 260.472} {68.800 262.144}}. (ZRT-763)
Warning: Cell u_main_controller_top/u_main_controller/u_address_fifo/u_rf_d256x17_f166_wrap/compile_HFSINV_6_44068 is placed overlapping with other cells at {{82.328 260.472} {83.544 262.144}}. (ZRT-763)
Warning: Cell u_main_controller_top/u_main_controller/u_fifo_sync_d256x11_f116_ewa_mem/u_rf_d256x11_f116_wrap/A33231 is placed overlapping with other cells at {{203.624 293.912} {205.296 295.584}}. (ZRT-763)
Warning: Cell u_main_controller_top/u_main_controller/ewa_din_reg[13] is placed overlapping with other cells at {{239.496 278.864} {244.968 280.536}}. (ZRT-763)
Warning: Cell u_main_controller_top/u_main_controller/global_parameters_reg[15] is placed overlapping with other cells at {{386.480 245.424} {391.952 247.096}}. (ZRT-763)
Warning: Cell u_main_controller_top/u_main_controller/u_ctrue_to_ITO_delay5/ctmi_42982 is placed overlapping with other cells at {{399.096 240.408} {400.920 242.080}}. (ZRT-763)
Warning: Cell u_clk_gen/u_power_manager/count_reg[1] is placed overlapping with other cells at {{480.416 243.752} {485.888 245.424}}. (ZRT-763)
Warning: Cell u_datapath/u_pixel_in_buffer/phfnr_buf_40923 is placed overlapping with other cells at {{577.848 238.736} {578.608 240.408}}. (ZRT-763)
Warning: Cell u_YCrCb2RGB/Cb_reg1_reg[7] is placed overlapping with other cells at {{639.408 303.944} {644.880 305.616}}. (ZRT-763)
Warning: Cell u_datapath/u_gamma_correction/compile_HFSINV_34_44235 is placed overlapping with other cells at {{737.752 252.112} {739.576 253.784}}. (ZRT-763)
Warning: Cell u_datapath/u_gamma_correction/A21490 is placed overlapping with other cells at {{838.832 245.424} {840.352 247.096}}. (ZRT-763)
Warning: Cell u_datapath/u_gamma_correction/ms_pos_mem_b_reg[4][11] is placed overlapping with other cells at {{887.776 312.304} {893.248 313.976}}. (ZRT-763)
Warning: Cell u_main_controller_top/u_main_controller/u_address_fifo/ctmi_28 is placed overlapping with other cells at {{99.352 322.336} {101.024 324.008}}. (ZRT-763)
Warning: Cell u_main_controller_top/u_main_controller/ctmi_43042 is placed overlapping with other cells at {{186.600 322.336} {188.424 324.008}}. (ZRT-763)
Warning: Cell u_main_controller_top/u_main_controller/A16793 is placed overlapping with other cells at {{244.208 318.992} {247.552 320.664}}. (ZRT-763)
Warning: Cell u_main_controller_top/u_main_controller/compile_ZBUF_2_inst_54276 is placed overlapping with other cells at {{348.024 327.352} {350.304 329.024}}. (ZRT-763)
Warning: Cell u_i2c_control/u_DI2CSB/R0000C_reg[6] is placed overlapping with other cells at {{426.000 327.352} {431.472 329.024}}. (ZRT-763)
Warning: Cell u_DE_generator/active_display_reg is placed overlapping with other cells at {{481.176 320.664} {486.648 322.336}}. (ZRT-763)
Warning: Cell u_datapath/u_gamma_flash_fifo_control/ctmi_193 is placed overlapping with other cells at {{566.296 327.352} {567.816 329.024}}. (ZRT-763)
Warning: Cell u_datapath/u_gamma_correction/comp_out_d1_reg[4] is placed overlapping with other cells at {{639.104 318.992} {644.576 320.664}}. (ZRT-763)
Warning: Cell u_datapath/u_gamma_correction/lines_reg[6] is placed overlapping with other cells at {{719.968 325.680} {726.048 327.352}}. (ZRT-763)
Warning: Cell u_datapath/u_gamma_correction/compile_ctmTdsLR_1_50967 is placed overlapping with other cells at {{803.416 322.336} {804.936 324.008}}. (ZRT-763)
Warning: Cell u_datapath/u_gamma_correction/ms_pos_mem_b_reg[22][15] is placed overlapping with other cells at {{900.240 325.680} {905.712 327.352}}. (ZRT-763)
Warning: Cell u_main_controller_top/u_main_controller/u_sr_d512x72f116_MMS0_wrap/A30900 is placed overlapping with other cells at {{75.032 471.144} {76.248 472.816}}. (ZRT-763)
Warning: Cell u_main_controller_top/u_main_controller/lout_count_early_reg[2] is placed overlapping with other cells at {{135.680 407.608} {141.152 409.280}}. (ZRT-763)
Warning: Cell u_main_controller_top/u_main_controller/phfnr_buf_41882 is placed overlapping with other cells at {{172.920 400.920} {173.680 402.592}}. (ZRT-763)
Warning: Cell u_main_controller_top/u_main_controller/compile_HFSINV_1273_45346 is placed overlapping with other cells at {{240.408 402.592} {241.168 404.264}}. (ZRT-763)
Warning: Cell u_main_controller_top/u_main_controller/compile_HFSINV_1113_45397 is placed overlapping with other cells at {{323.096 405.936} {324.008 407.608}}. (ZRT-763)
Warning: Cell u_i2c_control/compile_ctmTdsLR_1_50923 is placed overlapping with other cells at {{437.856 400.920} {438.768 402.592}}. (ZRT-763)
Warning: Cell u_register_map_control/choice_36_reg[18] is placed overlapping with other cells at {{503.368 405.936} {508.840 407.608}}. (ZRT-763)
Warning: Cell u_flash_control/A25384 is placed overlapping with other cells at {{561.280 400.920} {562.192 402.592}}. (ZRT-763)
Warning: Cell u_datapath/u_gamma_correction/A21133 is placed overlapping with other cells at {{676.648 405.936} {678.624 407.608}}. (ZRT-763)
Warning: Cell u_datapath/u_gamma_correction/comp_table_read_data0_a_reg[2] is placed overlapping with other cells at {{721.032 405.936} {726.504 407.608}}. (ZRT-763)
Warning: Cell u_datapath/u_gamma_correction/ms_pos_mem_c_reg[7][11] is placed overlapping with other cells at {{803.872 405.936} {809.344 407.608}}. (ZRT-763)
Warning: Cell u_datapath/u_gamma_correction/ms_pos_mem_b_reg[28][4] is placed overlapping with other cells at {{893.400 407.608} {898.872 409.280}}. (ZRT-763)
Warning: Cell u_main_controller_top/u_main_controller/parameters6_reg[1] is placed overlapping with other cells at {{147.992 486.192} {153.464 487.864}}. (ZRT-763)
Warning: Cell u_main_controller_top/u_main_controller/phfnr_buf_41793 is placed overlapping with other cells at {{165.472 482.848} {166.232 484.520}}. (ZRT-763)
Warning: Cell u_main_controller_top/u_main_controller/wrapped_line_reg is placed overlapping with other cells at {{245.728 481.176} {251.200 482.848}}. (ZRT-763)
Warning: Cell u_main_controller_top/u_main_controller/phfnr_buf_42150 is placed overlapping with other cells at {{321.120 479.504} {321.880 481.176}}. (ZRT-763)
Warning: Cell u_register_map_control/choice_E_reg[20] is placed overlapping with other cells at {{446.216 486.192} {451.688 487.864}}. (ZRT-763)
Warning: Cell u_register_map_control/choice_3d_reg[8] is placed overlapping with other cells at {{479.656 479.504} {485.128 481.176}}. (ZRT-763)
Warning: Cell u_datapath/u_input_line_buffer_control/ctmi_42826 is placed overlapping with other cells at {{588.944 479.504} {590.768 481.176}}. (ZRT-763)
Warning: Cell u_datapath/u_input_line_buffer_control/wr_addr_b_reg[1] is placed overlapping with other cells at {{691.240 482.848} {696.712 484.520}}. (ZRT-763)
Warning: Cell u_datapath/u_input_line_buffer_control/u_input_line_buffer_b/ctmi_6 is placed overlapping with other cells at {{741.856 484.520} {742.768 486.192}}. (ZRT-763)
Warning: Cell u_datapath/u_input_line_buffer_control/u_input_line_buffer_b/u_sr_d1kx16_f166_wrap0/u_sr_d1kx16_f166_bist/A29737 is placed overlapping with other cells at {{803.112 486.192} {805.240 487.864}}. (ZRT-763)
Warning: Cell u_datapath/u_input_line_buffer_control/u_input_line_buffer_g/u_sr_d1kx16_f166_wrap1/u_sr_d1kx16_f166_bist/current_state_reg[3] is placed overlapping with other cells at {{881.848 484.520} {887.320 486.192}}. (ZRT-763)
Warning: Cell u_main_controller_top/u_main_controller/mirror_mem_din_2_reg[15] is placed overlapping with other cells at {{147.232 564.776} {152.704 566.448}}. (ZRT-763)
Warning: Cell u_main_controller_top/u_main_controller/mirror_mem_din_1_reg[8] is placed overlapping with other cells at {{163.496 568.120} {168.968 569.792}}. (ZRT-763)
Warning: Cell u_main_controller_top/u_main_controller/A15992 is placed overlapping with other cells at {{269.288 559.760} {270.960 561.432}}. (ZRT-763)
Warning: Cell u_datapath/u_SDR_controller/data_in4_reg[13] is placed overlapping with other cells at {{317.928 574.808} {322.184 576.480}}. (ZRT-763)
Warning: Cell u_datapath/u_rotating_cache_control/rc1/A22854 is placed overlapping with other cells at {{417.944 568.120} {419.920 569.792}}. (ZRT-763)
Warning: Cell u_datapath/u_rotating_cache_control/we1_dly_reg[4] is placed overlapping with other cells at {{493.640 568.120} {497.896 569.792}}. (ZRT-763)
Warning: Cell u_datapath/u_rotating_cache_control/dout_reg[7] is placed overlapping with other cells at {{565.232 568.120} {570.704 569.792}}. (ZRT-763)
Warning: Cell u_datapath/u_input_line_buffer_control/u_input_line_buffer_g/u_sr_d1kx16_f166_wrap0/u_sr_d1kx16_f166_bist/bist_req_reg is placed overlapping with other cells at {{656.584 574.808} {662.056 576.480}}. (ZRT-763)
Warning: Cell u_datapath/u_input_line_buffer_control/u_input_line_buffer_g/u_sr_d1kx16_f166_wrap0/u_sr_d1kx16_f166_bist/compile_ctmTdsLR_1_54050 is placed overlapping with other cells at {{738.512 571.464} {740.336 573.136}}. (ZRT-763)
Warning: Cell u_datapath/u_input_line_buffer_control/u_input_line_buffer_g/u_sr_d1kx16_f166_wrap0/u_sr_d1kx16_f166_bist/current_state_reg[3] is placed overlapping with other cells at {{836.552 566.448} {842.024 568.120}}. (ZRT-763)
Warning: Cell u_main_controller_top/u_main_controller/compile_ZBUF_2_inst_54368 is placed overlapping with other cells at {{145.256 641.688} {147.536 643.360}}. (ZRT-763)
Warning: Cell u_main_controller_top/u_main_controller/u_output_buf/ctrl_shiftout1_reg[24] is placed overlapping with other cells at {{289.808 671.784} {295.280 673.456}}. (ZRT-763)
Warning: Cell u_flash_control/step1_reg[13][2] is placed overlapping with other cells at {{328.872 638.344} {334.344 640.016}}. (ZRT-763)
Warning: Cell u_datapath/u_rotating_cache_control/rc1/mem6_reg[4] is placed overlapping with other cells at {{399.248 643.360} {404.720 645.032}}. (ZRT-763)
Warning: Cell u_datapath/u_rotating_cache_control/rc2/mem7_reg[9] is placed overlapping with other cells at {{510.512 640.016} {515.984 641.688}}. (ZRT-763)
Warning: Cell u_datapath/u_output_fifo_control/u_output_fifo_1/wr_addr_reg[7] is placed overlapping with other cells at {{575.872 641.688} {581.344 643.360}}. (ZRT-763)
Warning: Cell u_datapath/u_input_line_buffer_control/u_input_line_buffer_g/u_sr_d1kx16_f166_wrap0/u_sr_d1kx16_f166_bist/A29527 is placed overlapping with other cells at {{737.752 640.016} {739.424 641.688}}. (ZRT-763)
Warning: Cell u_datapath/u_input_line_buffer_control/compile_ctmTdsLR_1_54117 is placed overlapping with other cells at {{802.048 645.032} {804.328 646.704}}. (ZRT-763)
Warning: Cell u_main_controller_top/u_main_controller/mirror_mem_din_2_reg[19] is placed overlapping with other cells at {{23.808 780.464} {29.280 782.136}}. (ZRT-763)
Warning: Cell u_main_controller_top/u_main_controller/u_sr_d512x72f116_MMS2_wrap/u_sr_d512x72f116_MMS2_bist/A30655 is placed overlapping with other cells at {{143.584 723.616} {146.168 725.288}}. (ZRT-763)
Warning: Cell u_main_controller_top/u_main_controller/mirror_mem_din_2_reg[22] is placed overlapping with other cells at {{167.144 780.464} {172.616 782.136}}. (ZRT-763)
Warning: Cell u_main_controller_top/u_main_controller/u_fifo_sync_d64x29_f116_ctrl_fifo/A32534 is placed overlapping with other cells at {{286.920 733.648} {289.504 735.320}}. (ZRT-763)
Warning: Cell u_main_controller_top/u_main_controller/green_parameters2_reg[13] is placed overlapping with other cells at {{339.056 721.944} {344.528 723.616}}. (ZRT-763)
Warning: Cell u_datapath/u_rotating_cache_control/rc2/mem1_reg[13] is placed overlapping with other cells at {{494.096 718.600} {499.568 720.272}}. (ZRT-763)
Warning: Cell u_datapath/u_SDR_controller/data_in1_reg[16] is placed overlapping with other cells at {{568.424 721.944} {573.896 723.616}}. (ZRT-763)
Warning: Cell u_datapath/u_output_fifo_control/u_output_fifo_0/u_sr_d1kx32_f233_wrap/A30203 is placed overlapping with other cells at {{661.904 780.464} {663.424 782.136}}. (ZRT-763)
Warning: Cell u_datapath/u_input_line_buffer_control/u_input_line_buffer_r/u_sr_d1kx16_f166_wrap1/u_sr_d1kx16_f166_bist/compile_ctmTdsLR_1_50698 is placed overlapping with other cells at {{738.664 735.320} {739.880 736.992}}. (ZRT-763)
Warning: Cell u_datapath/u_input_line_buffer_control/compile_ctmTdsLR_1_50541 is placed overlapping with other cells at {{839.744 725.288} {841.872 726.960}}. (ZRT-763)
Warning: Cell u_main_controller_top/u_main_controller/u_sr_d512x72f116_MMS2_wrap/u_sr_d512x72f116_MMS2_bist/A30589 is placed overlapping with other cells at {{144.800 808.888} {146.016 810.560}}. (ZRT-763)
Warning: Cell u_datapath/compile_HFSBUF_5_44129 is placed overlapping with other cells at {{435.728 833.968} {436.944 835.640}}. (ZRT-763)
Warning: Cell u_datapath/u_output_fifo_control/u_output_fifo_0/A42574 is placed overlapping with other cells at {{555.200 800.528} {556.416 802.200}}. (ZRT-763)
Warning: Cell u_datapath/u_output_fifo_control/u_output_fifo_0/u_sr_d1kx32_f233_wrap/u_sr_d1kx32_f233_bist/bist_addr_q_reg[5] is placed overlapping with other cells at {{575.568 805.544} {581.040 807.216}}. (ZRT-763)
Warning: Cell u_datapath/u_input_line_buffer_control/u_input_line_buffer_b/u_sr_d1kx16_f166_wrap1/u_sr_d1kx16_f166_bist/A29867 is placed overlapping with other cells at {{736.840 815.576} {738.056 817.248}}. (ZRT-763)
Warning: Cell u_datapath/u_input_line_buffer_control/u_input_line_buffer_r/u_sr_d1kx16_f166_wrap1/u_sr_d1kx16_f166_bist/compile_ctmTdsLR_1_54079 is placed overlapping with other cells at {{836.248 817.248} {837.616 818.920}}. (ZRT-763)
Warning: Cell u_main_controller_top/u_main_controller/u_sr_d512x72f116_MMS2_wrap/u_sr_d512x72f116_MMS2_bist/A30623 is placed overlapping with other cells at {{145.408 879.112} {147.536 880.784}}. (ZRT-763)
Warning: Cell u_datapath/u_input_line_buffer_control/u_input_line_buffer_b/u_sr_d1kx16_f166_wrap1/u_sr_d1kx16_f166_bist/A29897 is placed overlapping with other cells at {{736.688 879.112} {738.816 880.784}}. (ZRT-763)
Warning: Cell u_datapath/u_input_line_buffer_control/u_input_line_buffer_r/u_sr_d1kx16_f166_wrap1/u_sr_d1kx16_f166_bist/compile_ctmTdsLR_1_54105 is placed overlapping with other cells at {{837.768 884.128} {838.528 885.800}}. (ZRT-763)
Current Stage stats:
[End of Read DB] Elapsed real time: 0:00:00 
[End of Read DB] Elapsed cpu  time: sys=0:00:00 usr=0:00:02 total=0:00:02
[End of Read DB] Stage (MB): Used   82  Alloctr   85  Proc  -32 
[End of Read DB] Total (MB): Used   89  Alloctr   94  Proc 13374 
Constructing data structure ...
Design statistics:
Design Bounding Box (0.00um,0.00um,940.01um,938.94um)
Number of routing layers = 10
layer M1, dir Hor, min width = 0.05um, min space = 0.05um pitch = 0.152um
layer M2, dir Ver, min width = 0.056um, min space = 0.056um pitch = 0.152um
layer M3, dir Hor, min width = 0.056um, min space = 0.056um pitch = 0.304um
layer M4, dir Ver, min width = 0.056um, min space = 0.056um pitch = 0.304um
layer M5, dir Hor, min width = 0.056um, min space = 0.056um pitch = 0.608um
layer M6, dir Ver, min width = 0.056um, min space = 0.056um pitch = 0.608um
layer M7, dir Hor, min width = 0.056um, min space = 0.056um pitch = 1.216um
layer M8, dir Ver, min width = 0.056um, min space = 0.056um pitch = 1.216um
layer M9, dir Hor, min width = 0.16um, min space = 0.16um pitch = 2.432um
layer MRDL, dir Ver, min width = 2um, min space = 2um pitch = 4.864um
Current Stage stats:
[End of Build Tech Data] Elapsed real time: 0:00:00 
[End of Build Tech Data] Elapsed cpu  time: sys=0:00:00 usr=0:00:00 total=0:00:00
[End of Build Tech Data] Stage (MB): Used   10  Alloctr    9  Proc    0 
[End of Build Tech Data] Total (MB): Used  100  Alloctr  104  Proc 13374 
Net statistics:
Total number of nets     = 38865
Number of nets to route  = 38459
Number of single or zero port nets = 1
Number of nets with min-layer-mode soft = 1182
Number of nets with min-layer-mode soft-cost-medium = 1182
Number of nets with max-layer-mode hard = 1182
405 nets are fully connected,
 of which 405 are detail routed and 0 are global routed.
Net length statistics: 
Net Count(Ignore Fully Rted) 38459, Total Half Perimeter Wire Length (HPWL) 1429396 microns
HPWL   0 ~   50 microns: Net Count    31696	Total HPWL       391472 microns
HPWL  50 ~  100 microns: Net Count     3084	Total HPWL       220002 microns
HPWL 100 ~  200 microns: Net Count     2202	Total HPWL       313413 microns
HPWL 200 ~  300 microns: Net Count      827	Total HPWL       200688 microns
HPWL 300 ~  400 microns: Net Count      366	Total HPWL       126122 microns
HPWL 400 ~  500 microns: Net Count      125	Total HPWL        55127 microns
HPWL 500 ~  600 microns: Net Count       55	Total HPWL        29736 microns
HPWL 600 ~  700 microns: Net Count       32	Total HPWL        20012 microns
HPWL 700 ~  800 microns: Net Count       14	Total HPWL        10584 microns
HPWL 800 ~  900 microns: Net Count        7	Total HPWL         6085 microns
HPWL 900 ~ 1000 microns: Net Count       12	Total HPWL        11165 microns
HPWL     > 1000 microns: Net Count       39	Total HPWL        44989 microns
Current Stage stats:
[End of Build All Nets] Elapsed real time: 0:00:00 
[End of Build All Nets] Elapsed cpu  time: sys=0:00:00 usr=0:00:00 total=0:00:00
[End of Build All Nets] Stage (MB): Used   30  Alloctr   31  Proc    0 
[End of Build All Nets] Total (MB): Used  130  Alloctr  135  Proc 13374 
Number of partitions: 1 (1 x 1)
Size of partitions: 562 gCells x 562 gCells
Average gCell capacity  3.83	 on layer (1)	 M1
Average gCell capacity  5.30	 on layer (2)	 M2
Average gCell capacity  2.98	 on layer (3)	 M3
Average gCell capacity  3.03	 on layer (4)	 M4
Average gCell capacity  1.46	 on layer (5)	 M5
Average gCell capacity  2.63	 on layer (6)	 M6
Average gCell capacity  1.09	 on layer (7)	 M7
Average gCell capacity  0.61	 on layer (8)	 M8
Average gCell capacity  0.00	 on layer (9)	 M9
Average gCell capacity  0.00	 on layer (10)	 MRDL
Average number of tracks per gCell 10.99	 on layer (1)	 M1
Average number of tracks per gCell 11.01	 on layer (2)	 M2
Average number of tracks per gCell 5.50	 on layer (3)	 M3
Average number of tracks per gCell 5.51	 on layer (4)	 M4
Average number of tracks per gCell 2.75	 on layer (5)	 M5
Average number of tracks per gCell 2.75	 on layer (6)	 M6
Average number of tracks per gCell 1.38	 on layer (7)	 M7
Average number of tracks per gCell 1.38	 on layer (8)	 M8
Average number of tracks per gCell 0.69	 on layer (9)	 M9
Average number of tracks per gCell 0.35	 on layer (10)	 MRDL
Number of gCells = 3158440
Current Stage stats:
[End of Build Congestion Map] Elapsed real time: 0:00:01 
[End of Build Congestion Map] Elapsed cpu  time: sys=0:00:00 usr=0:00:01 total=0:00:01
[End of Build Congestion Map] Stage (MB): Used   56  Alloctr   57  Proc    0 
[End of Build Congestion Map] Total (MB): Used  186  Alloctr  192  Proc 13374 
Number of partitions: 1 (1 x 1)
Size of partitions: 562 gCells x 562 gCells
Current Stage stats:
[End of Add Nets Demand] Elapsed real time: 0:00:00 
[End of Add Nets Demand] Elapsed cpu  time: sys=0:00:00 usr=0:00:00 total=0:00:00
[End of Add Nets Demand] Stage (MB): Used    1  Alloctr    1  Proc    0 
[End of Add Nets Demand] Total (MB): Used  188  Alloctr  194  Proc 13374 
Number of user frozen nets = 0
Total stats:
[End of Build Data] Elapsed real time: 0:00:01 
[End of Build Data] Elapsed cpu  time: sys=0:00:00 usr=0:00:02 total=0:00:02
[End of Build Data] Stage (MB): Used   98  Alloctr  100  Proc    0 
[End of Build Data] Total (MB): Used  188  Alloctr  194  Proc 13374 
Number of partitions: 1 (1 x 1)
Size of partitions: 562 gCells x 562 gCells
Current Stage stats:
[End of Blocked Pin Detection] Elapsed real time: 0:00:02 
[End of Blocked Pin Detection] Elapsed cpu  time: sys=0:00:00 usr=0:00:02 total=0:00:02
[End of Blocked Pin Detection] Stage (MB): Used  104  Alloctr  104  Proc    0 
[End of Blocked Pin Detection] Total (MB): Used  292  Alloctr  298  Proc 13374 
Information: Using 16 threads for routing. (ZRT-444)
Information: Placement fast mode ON
Information: Multiple gcell levels ON
Information: Buffer distance is estimated to be ~862.0000um (515 gCells)

Start GR phase 0
Number of partitions: 1 (1 x 1)
Size of partitions: 562 gCells x 562 gCells
10% of nets complete Elapsed cpu time: 0:00:00 Elapsed real time: 0:00:00
20% of nets complete Elapsed cpu time: 0:00:00 Elapsed real time: 0:00:00
30% of nets complete Elapsed cpu time: 0:00:00 Elapsed real time: 0:00:00
40% of nets complete Elapsed cpu time: 0:00:00 Elapsed real time: 0:00:00
50% of nets complete Elapsed cpu time: 0:00:00 Elapsed real time: 0:00:00
60% of nets complete Elapsed cpu time: 0:00:01 Elapsed real time: 0:00:01
70% of nets complete Elapsed cpu time: 0:00:02 Elapsed real time: 0:00:02
80% of nets complete Elapsed cpu time: 0:00:02 Elapsed real time: 0:00:02
90% of nets complete Elapsed cpu time: 0:00:04 Elapsed real time: 0:00:04
[rtAllBotParts] Elapsed real time: 0:00:11 
[rtAllBotParts] Elapsed cpu  time: sys=0:00:00 usr=0:00:11 total=0:00:11
[rtTop] Elapsed real time: 0:00:00 
[rtTop] Elapsed cpu  time: sys=0:00:00 usr=0:00:00 total=0:00:00
Current Stage stats:
[End of Initial Routing] Elapsed real time: 0:00:11 
[End of Initial Routing] Elapsed cpu  time: sys=0:00:00 usr=0:00:11 total=0:00:11
[End of Initial Routing] Stage (MB): Used   53  Alloctr   54  Proc    0 
[End of Initial Routing] Total (MB): Used  345  Alloctr  353  Proc 13374 
Initial. Routing result:
Initial. Both Dirs: Dmd-Cap  =  5255 Max = 17 GRCs = 34730 (5.50%)
Initial. H routing: Dmd-Cap  =  4627 Max =  5 (GRCs =  1) GRCs = 34013 (10.77%)
Initial. V routing: Dmd-Cap  =   627 Max = 17 (GRCs =  1) GRCs =   717 (0.23%)
Initial. Both Dirs: Overflow = 10935 Max = 18 GRCs = 43178 (6.84%)
Initial. H routing: Overflow =  7735 Max =  4 (GRCs = 20) GRCs = 39264 (12.43%)
Initial. V routing: Overflow =  3199 Max = 18 (GRCs =  1) GRCs =  3914 (1.24%)
Initial. M1         Overflow =     0 Max =  0 (GRCs =  0) GRCs =     0 (0.00%)
Initial. M2         Overflow =  2457 Max = 18 (GRCs =  1) GRCs =  2005 (0.63%)
Initial. M3         Overflow =  2739 Max =  4 (GRCs = 18) GRCs =  2758 (0.87%)
Initial. M4         Overflow =   211 Max =  3 (GRCs =  4) GRCs =   259 (0.08%)
Initial. M5         Overflow =   525 Max =  3 (GRCs =  1) GRCs =  1001 (0.32%)
Initial. M6         Overflow =   530 Max =  3 (GRCs =  3) GRCs =  1650 (0.52%)
Initial. M7         Overflow =  4470 Max =  4 (GRCs =  2) GRCs = 35505 (11.24%)
Initial. M8         Overflow =     0 Max =  0 (GRCs =  0) GRCs =     0 (0.00%)
Initial. M9         Overflow =     0 Max =  0 (GRCs =  0) GRCs =     0 (0.00%)
Initial. MRDL       Overflow =     0 Max =  0 (GRCs =  0) GRCs =     0 (0.00%)


Overflow over macro areas

Initial. Both Dirs: Overflow =  5417 Max =  4 GRCs = 38537 (13.61%)
Initial. H routing: Overflow =  4866 Max =  4 (GRCs = 10) GRCs = 36787 (25.99%)
Initial. V routing: Overflow =   550 Max =  3 (GRCs =  9) GRCs =  1750 (1.24%)
Initial. M1         Overflow =     0 Max =  0 (GRCs =  0) GRCs =     0 (0.00%)
Initial. M2         Overflow =    58 Max =  3 (GRCs =  2) GRCs =    83 (0.06%)
Initial. M3         Overflow =   306 Max =  4 (GRCs =  8) GRCs =   705 (0.50%)
Initial. M4         Overflow =    63 Max =  3 (GRCs =  4) GRCs =   118 (0.08%)
Initial. M5         Overflow =   123 Max =  3 (GRCs =  1) GRCs =   611 (0.43%)
Initial. M6         Overflow =   428 Max =  3 (GRCs =  3) GRCs =  1549 (1.09%)
Initial. M7         Overflow =  4436 Max =  4 (GRCs =  2) GRCs = 35471 (25.06%)
Initial. M8         Overflow =     0 Max =  0 (GRCs =  0) GRCs =     0 (0.00%)
Initial. M9         Overflow =     0 Max =  0 (GRCs =  0) GRCs =     0 (0.00%)
Initial. MRDL       Overflow =     0 Max =  0 (GRCs =  0) GRCs =     0 (0.00%)

Initial. Total Wire Length = 1586225.31
Initial. Layer M1 wire length = 83.25
Initial. Layer M2 wire length = 421400.73
Initial. Layer M3 wire length = 416560.90
Initial. Layer M4 wire length = 246893.09
Initial. Layer M5 wire length = 212305.87
Initial. Layer M6 wire length = 153627.40
Initial. Layer M7 wire length = 135354.08
Initial. Layer M8 wire length = 0.00
Initial. Layer M9 wire length = 0.00
Initial. Layer MRDL wire length = 0.00
Initial. Total Number of Contacts = 359214
Initial. Via VIA12SQ_C count = 152539
Initial. Via VIA23SQ_C count = 142495
Initial. Via VIA34SQ_C count = 28245
Initial. Via VIA45SQ_C count = 24964
Initial. Via VIA56SQ_C count = 5424
Initial. Via VIA67SQ_C count = 5547
Initial. Via VIA78SQ_C count = 0
Initial. Via VIA89_C count = 0
Initial. Via VIA9RDL count = 0
Initial. completed.

Start GR phase 1
Fri Jun 26 15:20:08 2026
Number of partitions: 16 (4 x 4)
Size of partitions: 160 gCells x 160 gCells
10% of nets complete Elapsed cpu time: 0:00:03 Elapsed real time: 0:00:01
20% of nets complete Elapsed cpu time: 0:00:06 Elapsed real time: 0:00:02
30% of nets complete Elapsed cpu time: 0:00:06 Elapsed real time: 0:00:02
40% of nets complete Elapsed cpu time: 0:00:07 Elapsed real time: 0:00:02
50% of nets complete Elapsed cpu time: 0:00:07 Elapsed real time: 0:00:02
60% of nets complete Elapsed cpu time: 0:00:07 Elapsed real time: 0:00:02
70% of nets complete Elapsed cpu time: 0:00:07 Elapsed real time: 0:00:02
80% of nets complete Elapsed cpu time: 0:00:08 Elapsed real time: 0:00:02
90% of nets complete Elapsed cpu time: 0:00:08 Elapsed real time: 0:00:02
[rtAllParts] Elapsed real time: 0:00:03 
[rtAllParts] Elapsed cpu  time: sys=0:00:00 usr=0:00:09 total=0:00:09
Number of partitions: 16 (4 x 4)
Size of partitions: 160 gCells x 160 gCells
[updNetsDmd] Elapsed real time: 0:00:00 
[updNetsDmd] Elapsed cpu  time: sys=0:00:00 usr=0:00:00 total=0:00:00
Current Stage stats:
[End of Phase1 Routing] Elapsed real time: 0:00:03 
[End of Phase1 Routing] Elapsed cpu  time: sys=0:00:00 usr=0:00:09 total=0:00:10
[End of Phase1 Routing] Stage (MB): Used    1  Alloctr    3  Proc    0 
[End of Phase1 Routing] Total (MB): Used  346  Alloctr  356  Proc 13374 
phase1. Routing result:
phase1. Both Dirs: Dmd-Cap  =   463 Max = 11 GRCs =   370 (0.06%)
phase1. H routing: Dmd-Cap  =   320 Max =  4 (GRCs =  2) GRCs =   270 (0.09%)
phase1. V routing: Dmd-Cap  =   143 Max = 11 (GRCs =  1) GRCs =   100 (0.03%)
phase1. Both Dirs: Overflow =  2283 Max = 14 GRCs =  1900 (0.30%)
phase1. H routing: Overflow =  1562 Max =  6 (GRCs =  1) GRCs =  1300 (0.41%)
phase1. V routing: Overflow =   720 Max = 14 (GRCs =  1) GRCs =   600 (0.19%)
phase1. M1         Overflow =     0 Max =  1 (GRCs =  1) GRCs =     1 (0.00%)
phase1. M2         Overflow =   561 Max = 14 (GRCs =  1) GRCs =   444 (0.14%)
phase1. M3         Overflow =  1232 Max =  6 (GRCs =  1) GRCs =   985 (0.31%)
phase1. M4         Overflow =    48 Max =  2 (GRCs =  1) GRCs =    47 (0.01%)
phase1. M5         Overflow =   141 Max =  2 (GRCs =  8) GRCs =   133 (0.04%)
phase1. M6         Overflow =   111 Max =  2 (GRCs =  2) GRCs =   109 (0.03%)
phase1. M7         Overflow =   189 Max =  2 (GRCs =  8) GRCs =   181 (0.06%)
phase1. M8         Overflow =     0 Max =  0 (GRCs =  0) GRCs =     0 (0.00%)
phase1. M9         Overflow =     0 Max =  0 (GRCs =  0) GRCs =     0 (0.00%)
phase1. MRDL       Overflow =     0 Max =  0 (GRCs =  0) GRCs =     0 (0.00%)


Overflow over macro areas

phase1. Both Dirs: Overflow =   342 Max =  2 GRCs =   324 (0.11%)
phase1. H routing: Overflow =   253 Max =  2 (GRCs = 13) GRCs =   240 (0.17%)
phase1. V routing: Overflow =    89 Max =  2 (GRCs =  5) GRCs =    84 (0.06%)
phase1. M1         Overflow =     0 Max =  0 (GRCs =  0) GRCs =     0 (0.00%)
phase1. M2         Overflow =    14 Max =  2 (GRCs =  3) GRCs =    11 (0.01%)
phase1. M3         Overflow =    70 Max =  2 (GRCs =  5) GRCs =    65 (0.05%)
phase1. M4         Overflow =     1 Max =  1 (GRCs =  1) GRCs =     1 (0.00%)
phase1. M5         Overflow =    19 Max =  1 (GRCs = 19) GRCs =    19 (0.01%)
phase1. M6         Overflow =    74 Max =  2 (GRCs =  2) GRCs =    72 (0.05%)
phase1. M7         Overflow =   164 Max =  2 (GRCs =  8) GRCs =   156 (0.11%)
phase1. M8         Overflow =     0 Max =  0 (GRCs =  0) GRCs =     0 (0.00%)
phase1. M9         Overflow =     0 Max =  0 (GRCs =  0) GRCs =     0 (0.00%)
phase1. MRDL       Overflow =     0 Max =  0 (GRCs =  0) GRCs =     0 (0.00%)

phase1. Total Wire Length = 1606588.40
phase1. Layer M1 wire length = 116.97
phase1. Layer M2 wire length = 429214.83
phase1. Layer M3 wire length = 423638.78
phase1. Layer M4 wire length = 257041.13
phase1. Layer M5 wire length = 210497.16
phase1. Layer M6 wire length = 152427.25
phase1. Layer M7 wire length = 133635.56
phase1. Layer M8 wire length = 16.72
phase1. Layer M9 wire length = 0.00
phase1. Layer MRDL wire length = 0.00
phase1. Total Number of Contacts = 366237
phase1. Via VIA12SQ_C count = 152584
phase1. Via VIA23SQ_C count = 144691
phase1. Via VIA34SQ_C count = 30959
phase1. Via VIA45SQ_C count = 26165
phase1. Via VIA56SQ_C count = 5922
phase1. Via VIA67SQ_C count = 5904
phase1. Via VIA78SQ_C count = 12
phase1. Via VIA89_C count = 0
phase1. Via VIA9RDL count = 0
phase1. completed.
[End of Whole Chip Routing] Elapsed real time: 0:00:18 
[End of Whole Chip Routing] Elapsed cpu  time: sys=0:00:00 usr=0:00:25 total=0:00:26
[End of Whole Chip Routing] Stage (MB): Used  256  Alloctr  262  Proc    0 
[End of Whole Chip Routing] Total (MB): Used  346  Alloctr  356  Proc 13374 

Congestion utilization per direction:
Average vertical track utilization   = 18.00 %
Peak    vertical track utilization   = 178.57 %
Average horizontal track utilization = 18.73 %
Peak    horizontal track utilization = 300.00 %

[End of Global Routing] Elapsed real time: 0:00:18 
[End of Global Routing] Elapsed cpu  time: sys=0:00:00 usr=0:00:25 total=0:00:26
[End of Global Routing] Stage (MB): Used  190  Alloctr  196  Proc    0 
[End of Global Routing] Total (MB): Used  279  Alloctr  290  Proc 13374 
Writing out congestion map...
Updating congestion ...
Updating congestion ...
[End of dbOut] Elapsed real time: 0:00:00 
[End of dbOut] Elapsed cpu  time: sys=0:00:00 usr=0:00:00 total=0:00:00
[End of dbOut] Stage (MB): Used -131  Alloctr -141  Proc    0 
[End of dbOut] Total (MB): Used   36  Alloctr   37  Proc 13374 
Information: Extraction observers are detached as design net change threshold is reached.
Using per-layer congestion maps for congestion reduction.
Information: 48.86% of design has horizontal routing density above target_routing_density of 0.80.
Information: 42.99% of design has vertical routing density above target_routing_density of 0.80.
Completed transferring placement data.
Running placement using 16 thread(s)
Information: Enhanced Auto Density Control is used. (PLACE-098)
Information: Enhanced auto density configuration is 13179.
Information: Automatic density control has selected the following settings: max_density 0.65, congestion_driven_max_util 0.89. (PLACE-027)
Information: HFW control 'on' invoked.
coarse place 100% done.
Warning: There is insufficient area available to achieve the target routing density of 0.80. Using a value of 0.81 instead. (PLACE-029)
Information: Reducing cell density for 10.8% of the movable cells to alleviate congestion. This changes the average cell density in non-congested areas from 0.442 to 0.456. (PLACE-030)
Information: Orientation ETCH is using reference direction: VERTICAL. (NEX-032)
Information: Orientation ETCH is using reference direction: VERTICAL. (NEX-032)
Information: Orientation ETCH is using reference direction: VERTICAL. (NEX-032)
Information: Orientation ETCH is using reference direction: VERTICAL. (NEX-032)
Information: Orientation ETCH is using reference direction: VERTICAL. (NEX-032)
Information: Orientation ETCH is using reference direction: VERTICAL. (NEX-032)
Information: Orientation ETCH is using reference direction: VERTICAL. (NEX-032)
Information: Orientation ETCH is using reference direction: VERTICAL. (NEX-032)
Information: Orientation ETCH is using reference direction: VERTICAL. (NEX-032)
Information: Orientation ETCH is using reference direction: VERTICAL. (NEX-032)
Information: Orientation ETCH is using reference direction: VERTICAL. (NEX-032)
Information: Orientation ETCH is using reference direction: VERTICAL. (NEX-032)
Information: Orientation ETCH is using reference direction: VERTICAL. (NEX-032)
Information: Orientation ETCH is using reference direction: VERTICAL. (NEX-032)
Information: Orientation ETCH is using reference direction: VERTICAL. (NEX-032)
Warning: Timing Arc from 'u_clk_gen/u_clock_gen/C383/ctmi_32/S0' to 'u_clk_gen/u_clock_gen/C383/ctmi_32/Y' has been disabled to break loops in network of clock 'system_clk' (GRF-013)
CGRW: permuting timing equivalent pins only
Corner Scaling is off, multiplier is 1.000000
Information: Orientation ETCH is using reference direction: VERTICAL. (NEX-032)
Information: timingScenario ss0p95v125c.func timingCorner ss0p95v125c.  Using corner ss0p95v125c for worst leakage corner. (OPT-078)
Information: Using default layer M5 (OPT-079)
Information: Nominal = 0.0353099  Design MT = 0.400000  Target = 0.1379810  MaxRC = 0.096804 Fast Target = 0.044405 (OPT-081)
nplLib: default vr hor dist = 1155
nplLib: default vr ver dist = 1155
nplLib: default vr buf size = 6
nplLib: default vr buf size = 2
Placer using max_unbuffered_distance = 1154.78
Pin density aware placement mode.
Automatically computed max pin density per square micron = 1.25902

Placement Options:
Effort:                        high_effort         
Timing Driven:                 true                
Buffering Aware Timing Driven: false               
Seed locs:                     true                
Incremental:                   false               
Congestion:                    true                
Congestion Effort:             medium              
Fix Macros:                    true                
Place Macros:                  false               
Channel Size Macros:           false               

Printing options for 'place.coarse.*' (non-default only)
place.coarse.auto_density_control                       :	 enhanced            
place.coarse.cong_restruct_effort                       :	 low                 
place.coarse.cong_restruct_iterations                   :	 1                   
place.coarse.congestion_expansion_direction             :	 both                
place.coarse.enable_enhanced_soft_blockages             :	 true                
place.coarse.enhanced_low_power_effort                  :	 none                
place.coarse.icg_auto_bound                             :	 true                
place.coarse.increased_cell_expansion                   :	 true                
place.coarse.pin_density_aware                          :	 true                
Printing options for 'place.common.*' (non-default only)
place.common.use_placement_model                        :	 true                

Info: ICG auto bound skipping extra processing.
Info: ICG AutoBound found 511 ICGs
Info: ICG AutoBound created 0 group bounds 
Start transferring placement data.
****** Net weight manager: report ******
Weights included: PostEffort  
Number of nets with non-default weights: 1183
Non-default weight range: (5, 5)
                             Min         Max         Avg       Stdev        Skew
      Final Weights            5           5           5           0           0
Information: Automatic repeater spreading is enabled.
Information: Automatic timing control is enabled.
checking app option clockgate_objective_weight : none
Information: Clock gate latency aware placement is enabled. (PLACE-085)
Information: Orientation ETCH is using reference direction: VERTICAL. (NEX-032)
Information: Orientation ETCH is using reference direction: VERTICAL. (NEX-032)
Information: Orientation ETCH is using reference direction: VERTICAL. (NEX-032)
DTDP placement: scenario=ss0p95v125c.func
Information: Orientation ETCH is using reference direction: VERTICAL. (NEX-032)
Information: Orientation ETCH is using reference direction: VERTICAL. (NEX-032)
Information: Orientation ETCH is using reference direction: VERTICAL. (NEX-032)
Information: Orientation ETCH is using reference direction: VERTICAL. (NEX-032)
Factor(1) = 1
Factor(BASE) = 1
Information: Orientation ETCH is using reference direction: VERTICAL. (NEX-032)
Information: The net parasitics of block fsc_top are cleared. (TIM-123)
Completed transferring placement data.
Running placement using 16 thread(s)
Information: Enhanced Auto Density Control is used. (PLACE-098)
Information: Enhanced auto density configuration is 13179.
Information: Automatic density control has selected the following settings: max_density 0.65, congestion_driven_max_util 0.89. (PLACE-027)
Information: HFW control 'on' invoked.
coarse place 45% done.
coarse place 50% done.
coarse place 55% done.
coarse place 60% done.
coarse place 65% done.
coarse place 70% done.
coarse place 75% done.
coarse place 80% done.
coarse place 85% done.
Information: Selected 13389 cells for integrated legalization.
Information: Extraction observers are detached as design net change threshold is reached.
Information: user defined min VT filler size is 2. The smallest size of filler cells should be 2.
Information: Setting bounds and VA for block 'fsc_top'...
Information: Setting up voltage area 'DEFAULT_VA'.
Information: checking lib cells power/ground pins
Information: Lib cells of site unit have their ground pins at bottom 

Information: Legalizer threading is enabled with high effort (LGL-130)

Information: Setting up cell instances...
Information: All fillers in the reference libraries will be considered during legalization/check legality
Information: Initializing site map 'unit' at {8 8} {932.008 930.944}.
Information: Init siteMap unit with 6079 sites x 552 rows
Adding rule engine Basic Rules version 1.0.0...
Adding rule engine VT Implant Rules version 1.0.0...
Adding rule engine OD Rules version 1.0.0...
Adding rule engine TPO Rules version 1.0.0...
Information: place.legalize.enable_pin_extension_for_pin_access is false.
Adding rule engine Pin Access Rules version 1.0.0...
Adding rule engine Span Rules version 1.0.0...
Adding rule engine Index Rules version 1.0.0...
Adding rule engine Color Rules version 1.0.0...
Adding rule engine Inbound Rules version 1.0.0...
Adding rule engine PG DRC Rules version 1.0.0...
Adding rule engine Exp Rules version 1.0.0...
Adding rule engine Under PG Rules version 1.0.0...
Adding rule engine Chipfin Rules version 1.0.0...
Adding rule engine Density Rules version 1.0.0...
Adding rule engine User Rules version 1.0.0...
Adding rule engine Back Side Rules version 1.0.0...
Adding rule engine NP-Well Rules version 1.0.0...
Adding rule engine Route-aware Pin Access Rules version 1.0.0...
Adding rule engine Safety Register Rules version 1.0.0...
Adding rule engine Soft Rules version 1.0.0...
2D rule auto detection will enable the following rules:
pin_color_align
spacing_rule
pg_drc
vt_min_area
Information: Apply spacing rule on full inbound edge (place.legalize.apply_spacing_rule_full_inbound_edge): no
Information: Use base site row as spacing rule sub row (for uni-row only) (place.legalize.use_base_site_row_as_spacing_rule_sub_row): no
Information: Initializing CTS constraints...
Information: user defined min VT filler size is 2. Any fillers smaller than 2x will be ignored
Information: nwell layer number 1
Constructing VT legality info...
Warning: Detected lib cells with no implant layer shapes. Please check the lib cells to see if need to use virtual implant.If user want to use virtual implant, please enable related app options. (place.legalize.use_virtual_implant_layer and set up place.legalize.virtual_implant_layer_min_width) (LGL-480)
Constructing implant ignored layer info...
Information: The ignored implant layer for vt_min_width (place.legalize.vt_min_width_ignored_implant_layers) is not specified, skipped.
Warning: Filler cell 'SHFILL128_HVT' has no VT implant layer shapes. (LGL-151)
Warning: Filler cell 'SHFILL1_HVT' has no VT implant layer shapes. (LGL-151)
Warning: Filler cell 'SHFILL2_HVT' has no VT implant layer shapes. (LGL-151)
Warning: Filler cell 'SHFILL3_HVT' has no VT implant layer shapes. (LGL-151)
Warning: Filler cell 'SHFILL64_HVT' has no VT implant layer shapes. (LGL-151)
Information: reference lib cells do not contain VT jogs
Information: Design scale factor is 1000
Information: User specified layer M3 will check pin color alignment
Constructing pin color alignment legality info...
Information: Reading Vertical abutment prohibit pattern from app option (place.legalize.vertical_abutment_forbidden_pairs)...
	Format 1: label1-label2
	Format 2: label1-label2-minConsecutivePairs
	Format 3: label1-label2-minVertDist-maxVertDist
	Format 4: label1-label2-minVertDist-maxVertDist-minConsecutivePairs
Information: App option (place.legalize.vertical_abutment_forbidden_pairs) is empty.
Information: Reading Vertical abutment prohibit pattern from PRF...
Information: Is mixed-row flow: no
Initializing PG drc check engine...
NPLDRC: Using a 8x8 grid for PG structure analysis
NPLDRC: Filter 38.60% (1581/4096) blocked grids
Warning: Routing direction of metal layer CO is neither "horizontal" nor "vertical".  PDC checks will not be performed on this layer. (PDC-003)
Scanning PG objects...
PG hash cached 2 nets; 49 viaBoxes; 0 viaMatrixRefs; 0 patterns; 0 extensions.
PG scanned 7426 shapes (4114 on M6); 103473 vias (33139 on M1); 0 via matrix (0 on CO); 0 shape pattern (0 on CO); 847 under straps (570 on M1); 0 staples; 0 tall vias; 2078 base straps.
PG scan complete.  Hash key = 604e75ad5a2a7ce4
Information: Reading PG structure for 'fsc_top_compile.nlib:compile_initial_opto.design'. (NPLDRC-003)
Warning: Detected a sector {{280.1970 67.3000} {352.4780 68.4600}} on layer M6 with 162 metal and/or via shapes. (NPLDRC-007)
Warning: Detected a sector {{235.1960 66.1280} {352.4780 67.3000}} on layer M6 with 178 metal and/or via shapes. (NPLDRC-007)
Warning: Detected a sector {{131.5170 144.0010} {217.3160 145.1730}} on layer M6 with 220 metal and/or via shapes. (NPLDRC-007)
Warning: Detected a sector {{651.4000 221.2510} {704.8020 222.4110}} on layer M6 with 120 metal and/or via shapes. (NPLDRC-007)
Warning: Detected a sector {{602.3500 220.0790} {704.8020 221.2510}} on layer M6 with 159 metal and/or via shapes. (NPLDRC-007)
Warning: Detected a sector {{587.7300 139.2400} {650.9500 140.4120}} on layer M6 with 143 metal and/or via shapes. (NPLDRC-007)
Warning: Detected a sector {{9.2770 255.8400} {117.1280 257.0120}} on layer M6 with 194 metal and/or via shapes. (NPLDRC-007)
Warning: Detected a sector {{234.8610 274.8400} {295.4610 276.0120}} on layer M6 with 135 metal and/or via shapes. (NPLDRC-007)
Warning: Detected a sector {{306.0390 275.0900} {352.4220 276.0120}} on layer M6 with 105 metal and/or via shapes. (NPLDRC-007)
Warning: Detected a sector {{308.9360 274.8400} {352.4220 275.0900}} on layer M6 with 102 metal and/or via shapes. (NPLDRC-007)

NPLDRC Sector Array Stats:
Num Sectors: 155450
Num SecDefs:   871

Place DRC cache product build has changed.
Outdated cache file, starting new Place cache for 'fsc_top_compile.nlib:compile_initial_opto.design'
Access DRC cache product build has changed.
Outdated cache file, starting new Access cache for 'fsc_top_compile.nlib:compile_initial_opto.design'
NPLDRC: Read 680 libCell Equivalence info from file
Connection checks for layer M2: blocked_pin pin_access_default track_none pin_extend0
Connection checks for layer M3: blocked_pin pin_access_default track_none pin_extend1
Connection checks for layer M4: blocked_pin pin_access_default track_none pin_extend1
Connection checks for layer M5: blocked_pin pin_access_default track_none pin_extend1

NPLDRC app_option (user set) values:
---------------------------------------

place.legalize.enable_pin_color_alignment_check				true
place.legalize.check_metal_dpt_odd_cycle_on_layers				M3 
place.legalize.pin_color_alignment_layers				M3 
place.legalize.enable_color_shifting				false
place.legalize.alternative_edrc_data_model				false

---------------------------------------

---------------------------------------
Information: NPLDRC is created for block compile_initial_opto
Information: Extracting M1 PG straps
Information: Constructing cell pin extension data for fast PG check.
Information: Constructing PG-Via/VIB/VINS layer info (VIA1/M2)...
Information: PG-Via Abut check extension is 0
Information: PG-Via(pg_via_abut) design rule for layer VIA1 and VIA1 not found
Information: VIB(vib_abut) design rule for layer M2 and VIA1 not found
Information: VINS(vins_abut) design rule for layer M2 and VIA1 not found
Information: Enabling hard placement rule spacing_rule...
Information: Enabling hard placement rule vt_min_area...
Information: Enabling hard placement rule pin_color_align...
Information: Enabling hard placement rule pg_drc...
vioCnt 13388 cnt 13389
Information: Running high density optimizations.
Information: Legalizing 13389 moveable cells.
Information: Dynamic Rule Ordering (DRO) is changing rule-checking order dynamically 
Information: Dynamic Rule Ordering (DRO) is changing rule-checking order dynamically 
Legalization progress 9%...
Legalization progress 19%...
Legalization progress 29%...
Legalization progress 39%...
Legalization progress 49%...
Legalization progress 59%...
Legalization progress 69%...
Legalization progress 79%...
Legalization progress 89%...
Legalization progress 99%...
Legalization progress 100%...
Information: Legalizer used up to 1 thread (LGL-131)
Information: Optimizing AL cell displacements..
Information: AL displacement optimization 20% complete....
Information: AL displacement optimization 40% complete...
Information: AL displacement optimization 60% complete....
Information: AL displacement optimization 80% complete
Information: AL displacement optimization 100% complete.
Information: Initializing post-fixing for unresolved advanced rules (place.legalize.enable_post_fixing_for_advanced_rules)...
Information: The maximum number of placement DRCs to be resolved by post-fixing (place.legalize.post_fixing_for_advanced_rules_threshold): 10
Warning: Auto rule 'max_merged_length_width' is not detected, skipped.
Warning: Auto rule 'cpode_group_space' is not detected, skipped.
Warning: Auto rule 'vt_protection' is not detected, skipped.
Information: No required rule is detected, skipped post-fixing.
10 references with the lowest legality passing rate:
SDFFARX1_LVT: 6.2% (1 / 16)
SDFFASX1_LVT: 6.2% (1 / 16)
SDFFARX2_HVT: 7.0% (195 / 2793)
SDFFARX1_HVT: 7.4% (12301 / 165255)
SDFFASX1_RVT: 8.2% (31 / 377)
SDFFSSRX2_HVT: 10.4% (59 / 566)
SDFFASX1_HVT: 10.7% (360 / 3363)
SDFFX2_RVT: 11.7% (26 / 222)
DFFASRX1_HVT: 12.0% (82 / 686)
SDFFX1_RVT: 13.7% (87 / 636)
Information: Dynamic Rule Ordering (DRO): true
... spacing_rule         has failure rate:     0% on about 2.6e+04 checks
... vt_min_area          has failure rate:     0% on about 2.6e+04 checks
... pin_color_align      has failure rate:     0% on about 3.3e+05 checks
... pg_drc               has failure rate:    93% on about 3.3e+05 checks
Place Cache save: 10938 elements -- 0 drcFail 10938 drcOk
Place Cache save: 14 libcells referenced from 3 libs
Place Cache save: used 10 of 871 total secDefs
Access Cache save: 11296 elements -- 8865 drcFail 2431 drcOk
Access Cache save: 14 libcells referenced from 3 libs
Access Cache save: used 10 of 871 total secDefs
NPLDRC Wic Cache: unique cache elements 60562
NPLDRC Wic Cache: hit rate  27.8% (60564 / 83940)
NPLDRC: Processed 690 libCells; 666 unique
NPLDRC: 690 LibCell Equivalence info written to file
NPLDRC Place Cache: unique cache elements 10938
NPLDRC Place Cache: hit rate  96.7%  (10942 / 330655)
NPLDRC Access Cache: unique cache elements 11296
NPLDRC Access Cache: hit rate  96.6%  (11300 / 330655)
coarse place 90% done.
coarse place 95% done.
coarse place 100% done.
Information: Coarse placer wire length estimate = 1.60144e+06
Information: Coarse placer active wire length estimate = 0
Information: Coarse placer weighted wire length estimate = 1.71301e+06
Information: Orientation ETCH is using reference direction: VERTICAL. (NEX-032)
Information: Orientation ETCH is using reference direction: VERTICAL. (NEX-032)
Information: Orientation ETCH is using reference direction: VERTICAL. (NEX-032)
Information: Orientation ETCH is using reference direction: VERTICAL. (NEX-032)
Information: Orientation ETCH is using reference direction: VERTICAL. (NEX-032)
Information: Orientation ETCH is using reference direction: VERTICAL. (NEX-032)
Information: Orientation ETCH is using reference direction: VERTICAL. (NEX-032)
Information: Orientation ETCH is using reference direction: VERTICAL. (NEX-032)
Information: Orientation ETCH is using reference direction: VERTICAL. (NEX-032)
Information: Orientation ETCH is using reference direction: VERTICAL. (NEX-032)
Information: Orientation ETCH is using reference direction: VERTICAL. (NEX-032)
Information: Orientation ETCH is using reference direction: VERTICAL. (NEX-032)
Information: Orientation ETCH is using reference direction: VERTICAL. (NEX-032)
Information: Orientation ETCH is using reference direction: VERTICAL. (NEX-032)
Information: Orientation ETCH is using reference direction: VERTICAL. (NEX-032)
Information: Estimating clock gate latencies for scenario 'ss0p95v125c.func'. (OPT-909)
Information: Orientation ETCH is using reference direction: VERTICAL. (NEX-032)
Information: Orientation ETCH is using reference direction: VERTICAL. (NEX-032)
----------------------------------------------------------------
Non-default App Option report
All App Options have their default value.
Fixing logic constant
Fixing logic constant
Information: The stitching and editing of coupling caps is turned OFF for design 'fsc_top_compile.nlib:compile_initial_opto.design'. (TIM-125)
Information: Orientation ETCH is using reference direction: VERTICAL. (NEX-032)
Warning: Constant net *Logic0* is a dont_touch net. (OPT-063)
Warning: Constant net *Logic1* is a dont_touch net. (OPT-063)
Information: Initializing advanced legalizer cellmap without advanced rules enabled and without NPLDRC enabled
Information: The following app options are used in cellmap
        place.legalize.enable_allowable_orient : false
        place.legalize.enable_color_aware_placement : false
        place.legalize.use_nll_query_cm : false
        place.legalize.enable_advanced_legalizer : true
        place.legalize.enable_prerouted_net_check : true
        place.legalize.enable_advanced_prerouted_net_check : true
        place.legalize.always_continue : true
        place.legalize.limit_legality_checks : false
        place.legalize.max_legality_check_range : 500
        place.common.pnet_aware_density : 1.0000
        place.common.pnet_aware_min_width : 0.0000
        place.common.pnet_aware_layers : {}
        place.common.use_placement_model : true
        place.common.enable_advanced_placement_model : true
        cts.placement.cell_spacing_rule_style : maximum
Total 0.0885 seconds to build cellmap data including placement model analysis 0.0143 seconds
INFO: creating 100(r) x 100(c) GridCells YDim 9.39 XDim 9.401
INFO: number of GridCells (compile_initial_opto): 10000
INFO: creating 100(r) x 100(c) GridCells YDim 9.39 XDim 9.401
INFO: number of GridCells (compile_initial_opto): 10000
Total 0.2901 seconds to load 49976 cell instances into cellmap, 24886 cells are off site row
Moveable cells: 38315; Application fixed cells: 0; Macro cells: 0; User fixed cells: 11661
Average cell width 2.8584, cell height 1.6720, cell area 4.7792 for total 38315 placed and application fixed cells
INFO: total number of constant pins: 26213
INFO: constant pins which are scan-pins: 23462
INFO: constant pins that are not scan-pins: 2751
Completed Timing-driven placement, Elapsed time =   0: 1:39 
----------------------------------------------------------------
Running legalize_placement
Information: Legalizing block 'fsc_top'.
Information: Legalizing RP Groups...

Running Advanced Legalizer....
Information: user defined min VT filler size is 2. The smallest size of filler cells should be 2.
Information: Setting bounds and VA for block 'fsc_top'...
Information: Setting up voltage area 'DEFAULT_VA'.
Information: checking lib cells power/ground pins
Information: Lib cells of site unit have their ground pins at bottom 

Information: Legalizer threading is enabled with high effort (LGL-130)

Information: Setting up cell instances...
Information: All fillers in the reference libraries will be considered during legalization/check legality
Information: Initializing site map 'unit' at {8 8} {932.008 930.944}.
Information: Init siteMap unit with 6079 sites x 552 rows
Adding rule engine Basic Rules version 1.0.0...
Adding rule engine VT Implant Rules version 1.0.0...
Adding rule engine OD Rules version 1.0.0...
Adding rule engine TPO Rules version 1.0.0...
Information: place.legalize.enable_pin_extension_for_pin_access is false.
Adding rule engine Pin Access Rules version 1.0.0...
Adding rule engine Span Rules version 1.0.0...
Adding rule engine Index Rules version 1.0.0...
Adding rule engine Color Rules version 1.0.0...
Adding rule engine Inbound Rules version 1.0.0...
Adding rule engine PG DRC Rules version 1.0.0...
Adding rule engine Exp Rules version 1.0.0...
Adding rule engine Under PG Rules version 1.0.0...
Adding rule engine Chipfin Rules version 1.0.0...
Adding rule engine Density Rules version 1.0.0...
Adding rule engine User Rules version 1.0.0...
Adding rule engine Back Side Rules version 1.0.0...
Adding rule engine NP-Well Rules version 1.0.0...
Adding rule engine Route-aware Pin Access Rules version 1.0.0...
Adding rule engine Safety Register Rules version 1.0.0...
Adding rule engine Soft Rules version 1.0.0...
2D rule auto detection will enable the following rules:
pin_color_align
spacing_rule
pg_drc
vt_min_area
Information: Apply spacing rule on full inbound edge (place.legalize.apply_spacing_rule_full_inbound_edge): no
Information: Use base site row as spacing rule sub row (for uni-row only) (place.legalize.use_base_site_row_as_spacing_rule_sub_row): no
Information: Initializing CTS constraints...
Information: user defined min VT filler size is 2. Any fillers smaller than 2x will be ignored
Information: nwell layer number 1
Constructing VT legality info...
Warning: Detected lib cells with no implant layer shapes. Please check the lib cells to see if need to use virtual implant.If user want to use virtual implant, please enable related app options. (place.legalize.use_virtual_implant_layer and set up place.legalize.virtual_implant_layer_min_width) (LGL-480)
Constructing implant ignored layer info...
Information: The ignored implant layer for vt_min_width (place.legalize.vt_min_width_ignored_implant_layers) is not specified, skipped.
Information: reference lib cells do not contain VT jogs
Information: Design scale factor is 1000
Information: User specified layer M3 will check pin color alignment
Constructing pin color alignment legality info...
Information: Reading Vertical abutment prohibit pattern from app option (place.legalize.vertical_abutment_forbidden_pairs)...
	Format 1: label1-label2
	Format 2: label1-label2-minConsecutivePairs
	Format 3: label1-label2-minVertDist-maxVertDist
	Format 4: label1-label2-minVertDist-maxVertDist-minConsecutivePairs
Information: App option (place.legalize.vertical_abutment_forbidden_pairs) is empty.
Information: Reading Vertical abutment prohibit pattern from PRF...
Information: Is mixed-row flow: no
Initializing PG drc check engine...
NPLDRC: Using a 8x8 grid for PG structure analysis
NPLDRC: Filter 38.60% (1581/4096) blocked grids
Warning: Routing direction of metal layer CO is neither "horizontal" nor "vertical".  PDC checks will not be performed on this layer. (PDC-003)
Scanning PG objects...
PG hash cached 2 nets; 49 viaBoxes; 0 viaMatrixRefs; 0 patterns; 0 extensions.
PG scanned 7426 shapes (4114 on M6); 103473 vias (33139 on M1); 0 via matrix (0 on CO); 0 shape pattern (0 on CO); 847 under straps (570 on M1); 0 staples; 0 tall vias; 2078 base straps.
PG scan complete.  Hash key = 604e75ad5a2a7ce4
Information: Reading PG structure for 'fsc_top_compile.nlib:compile_initial_opto.design'. (NPLDRC-003)
Warning: Detected a sector {{280.1970 67.3000} {352.4780 68.4600}} on layer M6 with 162 metal and/or via shapes. (NPLDRC-007)
Warning: Detected a sector {{235.1960 66.1280} {352.4780 67.3000}} on layer M6 with 178 metal and/or via shapes. (NPLDRC-007)
Warning: Detected a sector {{131.5170 144.0010} {217.3160 145.1730}} on layer M6 with 220 metal and/or via shapes. (NPLDRC-007)
Warning: Detected a sector {{651.4000 221.2510} {704.8020 222.4110}} on layer M6 with 120 metal and/or via shapes. (NPLDRC-007)
Warning: Detected a sector {{602.3500 220.0790} {704.8020 221.2510}} on layer M6 with 159 metal and/or via shapes. (NPLDRC-007)
Warning: Detected a sector {{587.7300 139.2400} {650.9500 140.4120}} on layer M6 with 143 metal and/or via shapes. (NPLDRC-007)
Warning: Detected a sector {{9.2770 255.8400} {117.1280 257.0120}} on layer M6 with 194 metal and/or via shapes. (NPLDRC-007)
Warning: Detected a sector {{234.8610 274.8400} {295.4610 276.0120}} on layer M6 with 135 metal and/or via shapes. (NPLDRC-007)
Warning: Detected a sector {{306.0390 275.0900} {352.4220 276.0120}} on layer M6 with 105 metal and/or via shapes. (NPLDRC-007)
Warning: Detected a sector {{308.9360 274.8400} {352.4220 275.0900}} on layer M6 with 102 metal and/or via shapes. (NPLDRC-007)

NPLDRC Sector Array Stats:
Num Sectors: 155450
Num SecDefs:   871

Place Cache read: 10938 elements -- 0 drcFail 10938 drcOk
Place Cache read: 14 libcells referenced from 3 libs
Place Cache read: used 10 of 871 total secDefs
Access Cache read: 11296 elements -- 8865 drcFail 2431 drcOk
Access Cache read: 14 libcells referenced from 3 libs
Access Cache read: used 10 of 871 total secDefs
NPLDRC: Read 690 libCell Equivalence info from file
Connection checks for layer M2: blocked_pin pin_access_default track_none pin_extend0
Connection checks for layer M3: blocked_pin pin_access_default track_none pin_extend1
Connection checks for layer M4: blocked_pin pin_access_default track_none pin_extend1
Connection checks for layer M5: blocked_pin pin_access_default track_none pin_extend1

NPLDRC app_option (user set) values:
---------------------------------------

place.legalize.enable_pin_color_alignment_check				true
place.legalize.check_metal_dpt_odd_cycle_on_layers				M3 
place.legalize.pin_color_alignment_layers				M3 
place.legalize.enable_color_shifting				false
place.legalize.alternative_edrc_data_model				false

---------------------------------------

---------------------------------------
Information: NPLDRC is created for block compile_initial_opto
Information: Extracting M1 PG straps
Information: Constructing cell pin extension data for fast PG check.
Information: Constructing PG-Via/VIB/VINS layer info (VIA1/M2)...
Information: PG-Via Abut check extension is 0
Information: PG-Via(pg_via_abut) design rule for layer VIA1 and VIA1 not found
Information: VIB(vib_abut) design rule for layer M2 and VIA1 not found
Information: VINS(vins_abut) design rule for layer M2 and VIA1 not found
Information: Enabling hard placement rule spacing_rule...
Information: Enabling hard placement rule vt_min_area...
Information: Enabling hard placement rule pin_color_align...
Information: Enabling hard placement rule pg_drc...
vioCnt 23596 cnt 38281
Information: Running high density optimizations.
Information: Legalizing 38281 moveable cells.
Information: Dynamic Rule Ordering (DRO) is changing rule-checking order dynamically 
Information: Dynamic Rule Ordering (DRO) is changing rule-checking order dynamically 
Legalization progress 9%...
Legalization progress 19%...
Legalization progress 29%...
Legalization progress 39%...
Legalization progress 49%...
Legalization progress 59%...
Legalization progress 69%...
Legalization progress 79%...
Legalization progress 89%...
Legalization progress 99%...
Legalization progress 100%...
Information: Legalizer used up to 1 thread (LGL-131)
Information: Optimizing AL cell displacements.
Information: AL displacement optimization 20% complete....
Information: AL displacement optimization 40% complete....
Information: AL displacement optimization 60% complete...
Information: AL displacement optimization 80% complete
Information: AL displacement optimization 100% complete.
Information: NPLDRC is shared by 2 clients for block compile_initial_opto
Information: Executing pin access optimization.
Information: Pin access optimization used up to 16 threads. (LGL-174)
Information: Pin access optimization moved 0 cells (0.0%) with an average displacement of 0.000 and a maximum of 0.000. (LGL-054)
Information: 0 cells have changed to a different variant during optimization.
Information: Initializing post-fixing for unresolved advanced rules (place.legalize.enable_post_fixing_for_advanced_rules)...
Information: The maximum number of placement DRCs to be resolved by post-fixing (place.legalize.post_fixing_for_advanced_rules_threshold): 10
Warning: Auto rule 'max_merged_length_width' is not detected, skipped.
Warning: Auto rule 'cpode_group_space' is not detected, skipped.
Warning: Auto rule 'vt_protection' is not detected, skipped.
Information: No required rule is detected, skipped post-fixing.
Information: Extraction observers are detached as design net change threshold is reached.
10 references with the lowest legality passing rate:
MUX41X1_HVT: 0.8% (176 / 22298)
MUX21X2_HVT: 6.2% (12 / 192)
AO222X2_RVT: 7.1% (6 / 85)
NOR4X1_RVT: 7.3% (8 / 109)
AOI222X1_LVT: 7.5% (3 / 40)
AOI221X1_RVT: 8.0% (9 / 112)
AO222X2_HVT: 8.0% (86 / 1070)
AOI222X2_RVT: 8.3% (1 / 12)
OAI22X2_HVT: 8.3% (2 / 24)
OA221X2_HVT: 8.6% (12 / 139)
================ Displacement Report =================
Area: placed=720348, unplaced=0, fixed=23322, blocked=1623444, total=3355608
Density = 743670/1732164 sites = 42.93%
Inbound cells: 0; 2-row cells: 0; >2-row cells: 30
    Total cell instance count: 49972 (38281 placed, 0 unplaced, 11691 fixed)
        Number of cells moved: 26482 (52.99%)   Orientation changes only: 9
    Average cell displacement: 0.5022 um (AW: 0.3819 um = 0.2284 rh)
        RMS cell displacement: 0.9952 um (AW: 0.9828 um = 0.5878 rh)
        Max cell displacement: 76.8655 um = 45.9722 rh
           Max displaced cell: u_datapath/u_gamma_correction/u_sr_d1kx16_f166c_compensation_table_1_wrap/u_sr_d1kx16_f166c_bist/A29153 (740.184 44.026)
Number of large displacements: 11
 Large displacement threshold: 3.0000 rh
 Largest displacement cells (location is origin, lower-left corner displacement):
   Cell: u_datapath/u_gamma_correction/u_sr_d1kx16_f166c_compensation_table_1_wrap/u_sr_d1kx16_f166c_bist/A29153 (MUX41X1_HVT)
     Input location: (740.184 44.026)
     Legal location: (660.536 36.424)
     Displacement: 76.8655 um, 45.9722 rh.
   Cell: u_datapath/u_gamma_correction/u_sr_d1kx16_f166c_compensation_table_0_wrap/u_sr_d1kx16_f166c_bist/A29038 (MUX41X1_HVT)
     Input location: (742.312 87.192)
     Legal location: (733.8 143.432)
     Displacement: 54.8122 um, 32.7824 rh.
   Cell: u_main_controller_top/u_main_controller/u_sr_d512x72f116_MMS2_wrap/u_sr_d512x72f116_MMS2_bist/compile_ctmTdsLR_2_50379 (MUX41X1_HVT)
     Input location: (145.712 822.629)
     Legal location: (117.288 782.136)
     Displacement: 51.4674 um, 30.7819 rh.
   Cell: u_datapath/u_input_line_buffer_control/u_input_line_buffer_g/u_sr_d1kx16_f166_wrap0/u_sr_d1kx16_f166_bist/A29613 (MUX41X1_HVT)
     Input location: (735.168 587.398)
     Legal location: (727.872 624.968)
     Displacement: 39.0476 um, 23.3538 rh.
   Cell: u_datapath/u_input_line_buffer_control/u_input_line_buffer_b/u_sr_d1kx16_f166_wrap1/u_sr_d1kx16_f166_bist/A29958 (MUX41X1_HVT)
     Input location: (736.84 745.083)
     Legal location: (727.872 778.792)
     Displacement: 35.8871 um, 21.4636 rh.
   Cell: u_datapath/u_input_line_buffer_control/u_input_line_buffer_g/u_sr_d1kx16_f166_wrap0/A32307 (AO22X2_HVT)
     Input location: (740.64 659.419)
     Legal location: (740.64 651.72)
     Displacement: 7.6990 um, 4.6047 rh.
   Cell: u_datapath/u_gamma_correction/u_sr_d1kx16_f166c_compensation_table_1_wrap/u_sr_d1kx16_f166c_bist/A29097 (AO22X1_HVT)
     Input location: (656.128 42.196)
     Legal location: (661.752 39.768)
     Displacement: 7.1839 um, 4.2966 rh.
   Cell: u_datapath/u_pixel_in_buffer/A27515 (AO22X1_HVT)
     Input location: (654.608 125.572)
     Legal location: (663.272 123.368)
     Displacement: 7.1638 um, 4.2846 rh.
   Cell: compile_optlc_56593 (TIEL_HVT)
     Input location: (662.664 89.928)
     Legal location: (656.736 93.272)
     Displacement: 6.8061 um, 4.0707 rh.
   Cell: u_datapath/u_gamma_correction/u_sr_d1kx16_f166c_compensation_table_1_wrap/u_sr_d1kx16_f166c_bist/A29076 (AO22X1_HVT)
     Input location: (656.28 86.977)
     Legal location: (662.36 89.928)
     Displacement: 6.7583 um, 4.0421 rh.

 Largest average lib-cell displacement in [um] sorted by displacement (number of cells):
    MUX41X1_HVT       :    2.82180  (176)
    OA21X2_RVT        :    1.82169  (2)
    OA21X1_RVT        :    1.58149  (6)
    AOI222X1_LVT      :    1.44215  (3)
    OAI21X2_LVT       :    1.43112  (1)
    OR3X2_HVT         :    1.42087  (7)
    NAND4X0_LVT       :    1.30855  (5)
    MUX21X2_HVT       :    1.26322  (12)
    TIEL_HVT          :    1.23763  (1168)
    OA222X2_HVT       :    1.14243  (13)

 Largest average lib-cell displacement in [um] for large displaced cells, sorted by number of cells (number of cells):
    MUX41X1_HVT       :   51.61594  (5)
    AO22X1_HVT        :    7.03533  (3)
    AO22X2_HVT        :    7.69900  (1)
    TIEL_HVT          :    6.80614  (1)
    SDFFARX1_HVT      :    5.16800  (1)
======================================================
Information: Dynamic Rule Ordering (DRO): true
... spacing_rule         has failure rate:     0% on about 4.2e+04 checks
... vt_min_area          has failure rate:     0% on about 4.2e+04 checks
... pin_color_align      has failure rate:     0% on about 2.2e+05 checks
... pg_drc               has failure rate:    81% on about 2.2e+05 checks
Place Cache save: 61163 elements -- 0 drcFail 61163 drcOk
Place Cache save: 152 libcells referenced from 3 libs
Place Cache save: used 13 of 871 total secDefs
Access Cache save: 63620 elements -- 52795 drcFail 10825 drcOk
Access Cache save: 152 libcells referenced from 3 libs
Access Cache save: used 13 of 871 total secDefs
NPLDRC Wic Cache: unique cache elements 210890
NPLDRC Wic Cache: hit rate  23.5% (210890 / 275842)
NPLDRC: Processed 692 libCells; 668 unique
NPLDRC: 692 LibCell Equivalence info written to file
NPLDRC Place Cache: unique cache elements 61163
NPLDRC Place Cache: read cache elements 10938
NPLDRC Place Cache: hit rate  77.0%  (50225 / 218799)
NPLDRC Access Cache: unique cache elements 63620
NPLDRC Access Cache: read cache elements 11296
NPLDRC Access Cache: hit rate  76.1%  (52324 / 218799)
Completed Legalization, Elapsed time =   0: 1:22 
Moved 26482 out of 49972 cells, ratio = 0.529937
Total displacement = 30553.767578(um)
Max displacement = 85.578003(um), u_datapath/u_gamma_correction/u_sr_d1kx16_f166c_compensation_table_1_wrap/u_sr_d1kx16_f166c_bist/A29153 (740.184021, 44.026001, 6) => (660.536011, 36.424000, 4)
Displacement histogram:
  0 ~  10% cells displacement <=      0.24(um)
  0 ~  20% cells displacement <=      0.44(um)
  0 ~  30% cells displacement <=      0.62(um)
  0 ~  40% cells displacement <=      0.79(um)
  0 ~  50% cells displacement <=      0.95(um)
  0 ~  60% cells displacement <=      1.16(um)
  0 ~  70% cells displacement <=      1.41(um)
  0 ~  80% cells displacement <=      1.73(um)
  0 ~  90% cells displacement <=      2.25(um)
  0 ~ 100% cells displacement <=     85.58(um)
Information: The net parasitics of block fsc_top are cleared. (TIM-123)
Legalization succeeded.
----------------------------------------------------------------
Information: The stitching and editing of coupling caps is turned OFF for design 'fsc_top_compile.nlib:compile_initial_opto.design'. (TIM-125)
Information: Orientation ETCH is using reference direction: VERTICAL. (NEX-032)
DEBUG FLOWMSGPRINTER: HANDLER IS NULL
Compile-fusion optimization summary            SETUP-COST    R2R-COST HOLD-COST LDRC-COST          AREA     LEAKAGE     INSTCNT            ELAPSE       MEM
Compile-fusion                                       8.60        0.00      0.00       269     567657.44        5.58       38345              0.09      1956
Information: Ending   compile_fusion / final_place / Timing and Congestion Driven Placement with Legalization (FLW-8001)
Information: Time: 2026-06-26 15:22:53 / Session:  00:05:09 / Command:  00:03:09 / CPU:  00:05:38 / Memory: 1957 MB (FLW-8100)
Information: 15 out of 20 LGL-151 messages were not printed due to limit 5 (after 'compile_fusion' at run_all_ccd.tcl:165) (MSG-3913)
Information: 271 out of 276 LGL-336 messages were not printed due to limit 5 (after 'compile_fusion' at run_all_ccd.tcl:165) (MSG-3913)


Compile-fusion optimization complete                 8.60        0.00      0.00       269     567657.44        5.58       38311              0.09      1956
Co-efficient Ratio Summary:
4.193421030387  6.578038922567  2.479639287277  7.744187740401  0.485050000353  3.179565833784  5.567214754587  2.894455487461  6.565921241536  9.017971605874  3.104670315383  9.819133661351  6.071938964085  2.744487141123  8.318395804907
9.699225451215  2.464623709891  1.382370221226  9.387184229619  3.142429406669  0.968752789964  6.613180723294  4.146579893224  7.876358942885  2.191179203696  0.963734656444  2.756842505381  3.843265064440  3.750485853169  7.663638042299
6.212201592182  7.759678222794  7.862243056717  0.402387177150  0.032845095897  0.596111512371  4.701287396892  7.205136612169  8.278351322931  1.183769290997  3.334436913694  5.813303893122  7.176609385364  9.669098799761  7.591667547087
7.632106728498  7.679078812153  9.831314288630  1.878805017928  3.230072343539  1.226270037326  7.050450494780  2.403928473631  6.139852547320  4.100236766110  1.274718037768  4.526416615563  5.627602308820  7.826156553678  4.759313618263
5.409027351509  2.609823401661  0.626142538674  6.381676852919  9.187474022495  0.513656796621  5.027570618562  6.119813746103  6.181472315473  1.581691065776  7.486041370210  9.530232421256  2.044551887119  3.921469167338  0.650668882345
9.472458337631  3.368484143721  4.897111549020  6.860149444452  2.000104051691  9.095345907689  2.197041709512  0.915900367443  5.466092301792  8.142616755883  4.607193713337  8.290133756067  3.507604205451  1.682015312888  7.173613918510
9.939562132962  3.617852521207  8.946772637652  1.169969732707  4.529946656262  3.090979409795  5.580726136993  1.131300563510  0.721709111235  7.515050217690  0.649322757484  1.063796786263  5.814340766269  5.826039183342  4.349563492435

Compile-fusion final QoR
________________________
Scenario Mapping Table
1: ss0p95v125c.func

Pathgroup Mapping Table
1: **default**
2: **async_default**
3: **clock_gating_default**
4: **in2reg_default**
5: **reg2out_default**
6: **in2out_default**
7: pll1_clk_in
8: pll2_clk_in
9: pixel_clk
10: system_clk
11: comp_clk
12: i2c_scl
13: system_clk_div2
14: pll2_clk_div2
15: panel_clk_inv_gate
16: panel_clk_dly
17: panel_clk_gate
18: system_clk_int
19: flash_clk_gate
20: i2c_clk
21: sdram_clk_gate
22: sdram_clk
23: pixel_comp_clk_pix
24: REGOUT
25: IN2REG
26: REGIN
27: FEEDTHROUGH
28: R2R
29: REG2MEM
30: MEM2REG
31: IN2MEM
32: MEM2OUT
33: REG2ICG
34: MEM2ICG
35: IN2ICG
36: ICG2MEM
37: ICG2REG

-------------------------------------------------------------------------------------------------------------------------------------------------------------
PATHGROUP QOR 
-------------------------------------------------------------------------------------------------------------------------------------------------------------
Scene  PG      WNS        TNS    NSV      WHV        THV    NHV
    1   1   0.0000     0.0000      0        -          -      -
    1   2   0.0000     0.0000      0        -          -      -
    1   3   0.0000     0.0000      0        -          -      -
    1   4   0.0000     0.0000      0        -          -      -
    1   5   0.0000     0.0000      0        -          -      -
    1   6   0.0000     0.0000      0        -          -      -
    1   7   0.0000     0.0000      0        -          -      -
    1   8   0.0000     0.0000      0        -          -      -
    1   9   0.0000     0.0000      0        -          -      -
    1  10   0.0000     0.0000      0        -          -      -
    1  11   0.0000     0.0000      0        -          -      -
    1  12   0.0000     0.0000      0        -          -      -
    1  13   0.0000     0.0000      0        -          -      -
    1  14   0.0000     0.0000      0        -          -      -
    1  15   0.0000     0.0000      0        -          -      -
    1  16   0.0000     0.0000      0        -          -      -
    1  17   0.0000     0.0000      0        -          -      -
    1  18   0.0000     0.0000      0        -          -      -
    1  19   0.0000     0.0000      0        -          -      -
    1  20   0.0000     0.0000      0        -          -      -
    1  21   0.0000     0.0000      0        -          -      -
    1  22   0.0000     0.0000      0        -          -      -
    1  23   0.0000     0.0000      0        -          -      -
    1  24   0.0000     0.0000      0        -          -      -
    1  25   0.0000     0.0000      0        -          -      -
    1  26   0.0000     0.0000      0        -          -      -
    1  27   4.3470     8.5962      2        -          -      -
    1  28   0.0000     0.0000      0        -          -      -
    1  29   0.0000     0.0000      0        -          -      -
    1  30   0.0000     0.0000      0        -          -      -
    1  31   0.0000     0.0000      0        -          -      -
    1  32   0.0000     0.0000      0        -          -      -
    1  33   0.0000     0.0000      0        -          -      -
    1  34   0.0000     0.0000      0        -          -      -
    1  35   0.0000     0.0000      0        -          -      -
    1  36   0.0000     0.0000      0        -          -      -
    1  37   0.0000     0.0000      0        -          -      -
----------------------------------------------------------------------------------------------------------------------------------------------------------------------
SCENARIO QOR 
----------------------------------------------------------------------------------------------------------------------------------------------------------------------
Scene  PG      WNS        TNS   R2RTNS    NSV      WHV        THV    NHV  MaxTrnV   MaxTranC  MaxCapV    Leakage
    1   *   4.3470     8.5962   0.0000      2        -          -      -      138     5.9608     1138      5.581
----------------------------------------------------------------------------------------------------------------------------------------------------------------------
DESIGN QOR 
----------------------------------------------------------------------------------------------------------------------------------------------------------------------
Scene  PG      WNS        TNS   R2RTNS    NSV      WHV        THV    NHV  MaxTrnV   MaxTranC  MaxCapV    Leakage         Area    InstCnt     BufCnt     InvCnt
    *   *   4.3470     8.5962   0.0000      2   0.0000     0.0000      0      138     5.9608     1138      5.581    567657.44      38311       3093       2802
----------------------------------------------------------------------------------------------------------------------------------------------------------------------

Compile-fusion final QoR Summary         WNS        TNS   R2RTNS    NSV      WHV        THV    NHV  MaxTrnV  MaxCapV    Leakage         Area    InstCnt
Compile-fusion final QoR Summary      4.3470     8.5962   0.0000      2   0.0000     0.0000      0      138     1138      5.581    567657.44      38311

Compile-fusion command complete                CPU:   803 s (  0.22 hr )  ELAPSE:   311 s (  0.09 hr )  MEM-PEAK:  1956 MB
Compile-fusion command statistics  CPU=332 sec (0.09 hr) ELAPSED=187 sec (0.05 hr) MEM-PEAK=1.910 GB


Information: Runtime Summary (compile_fusion / final_place)  (FLW-9000)
----------------------------------------------------------------------------
    Elapse (Hrs)   Elapse (%)       CPU/Elapse       Category
----------------------------------------------------------------------------
      0.02           44.3%             1.0           Legalize 
      0.02           39.6%             2.4           Placement 
      0.01           10.5%             1.4           Global Route 
      0.00            3.0%             2.7           Other 
      0.00            1.0%             5.5           Init 
      0.00            0.9%             6.6           Full Timing Update 
      0.00            0.8%             4.8           LDRC 
      0.00            0.0%             0.9           DFT Opt 
      0.00            0.0%             0.0           RC Refresh 
----------------------------------------------------------------------------
      0.05          100.0%             1.8           Total 
----------------------------------------------------------------------------

Host Options:
-------------
Max cores: 16

Machine Spec:
-------------
INTEL(R) XEON(R) GOLD 6548Y+ / 128 CPUs  
Sockets: 2, Cores: 32, HT/SMT, not-VM
----------------------------------------------------------------------------

Information: Ending   compile_fusion / final_place (FLW-8001)
Information: Time: 2026-06-26 15:22:54 / Session:  00:05:11 / Command:  00:03:11 / CPU:  00:05:43 / Memory: 1957 MB (FLW-8100)

Information: >>>>>>> 8 unique error and warning message tags while observing compile_fusion / final_place: (MSG-3100)
Information: #prnt #trgr #lmt    Tag  Level     Format (or last printed message)                                (MSG-3036)
Information:     2     1  0 ZRT-704   WARNING   Warning: The value of route.common.extra_nonpreferred_direct... (MSG-3032)
Information:     2     1  0 ZRT-511   WARNING   Warning: Cell contains tie connections which are not connect... (MSG-3032)
Information:     2     1  0 ZRT-022   WARNING   Warning: Cannot find a default contact code for layer CO. (Z... (MSG-3032)
Information:     2     1  0 PLACE-029 WARNING   Warning: There is insufficient area available to achieve the... (MSG-3032)
Information:   212   108  0 ZRT-763   WARNING   Warning: Cell u_datapath/u_input_line_buffer_control/u_input... (MSG-3032)
Information:     6     2  0 OPT-063   WARNING   Warning: Constant net *Logic1* is a dont_touch net. (OPT-063... (MSG-3032)
Information:    10     5  5 LGL-151   WARNING   Warning: Filler cell 'SHFILL64_HVT' has no VT implant layer ... (MSG-3032)
Information:     3     2  0 LGL-480   WARNING   Warning: Detected lib cells with no implant layer shapes. Pl... (MSG-3032)
Information:   239   121  1        8  <------   Total sum of messages (MSG-3038)
Information: >>>>>>> Summary: 121 error&warning MSGs observed during compile_fusion / final_place (MSG-3103)


----------------------------------------------------------------------------------------------------------
Information: Starting compile_fusion / final_opto (FLW-8000)
Information: Time: 2026-06-26 15:22:54 / Session:  00:05:11 / Command:  00:03:11 / CPU:  00:05:44 / Memory: 1957 MB (FLW-8100)
----------------------------------------------------------------------------------------------------------

Information: The net parasitics of block fsc_top are cleared. (TIM-123)
Information: The stitching and editing of coupling caps is turned OFF for design 'fsc_top_compile.nlib:compile_initial_opto.design'. (TIM-125)
Information: Orientation ETCH is using reference direction: VERTICAL. (NEX-032)
Number of Site types in the design = 1
Setting up Chip Core
Chip Core shape: (8000 8000) (932008 930944)
Number of VARs = 1
Number of unique PDs = 1
Number of Power Domains = 1
Number of Voltage Areas = 1
Number of supply Nets = 2
Number of used supplies = 0
Blocked VAs: 

Information: Starting compile_fusion / final_opto / Optimization (1) (FLW-8000)
Information: Time: 2026-06-26 15:22:55 / Session:  00:05:12 / Command:  00:03:12 / CPU:  00:05:48 / Memory: 1957 MB (FLW-8100)

Info: update em.

Compile-fusion timing update complete          CPU:   809 s (  0.22 hr )  ELAPSE:   313 s (  0.09 hr )  MEM-PEAK:  1956 MB

Compile-fusion initial QoR
__________________________
Scenario Mapping Table
1: ss0p95v125c.func

Pathgroup Mapping Table
1: **default**
2: **async_default**
3: **clock_gating_default**
4: **in2reg_default**
5: **reg2out_default**
6: **in2out_default**
7: pll1_clk_in
8: pll2_clk_in
9: pixel_clk
10: system_clk
11: comp_clk
12: i2c_scl
13: system_clk_div2
14: pll2_clk_div2
15: panel_clk_inv_gate
16: panel_clk_dly
17: panel_clk_gate
18: system_clk_int
19: flash_clk_gate
20: i2c_clk
21: sdram_clk_gate
22: sdram_clk
23: pixel_comp_clk_pix
24: REGOUT
25: IN2REG
26: REGIN
27: FEEDTHROUGH
28: R2R
29: REG2MEM
30: MEM2REG
31: IN2MEM
32: MEM2OUT
33: REG2ICG
34: MEM2ICG
35: IN2ICG
36: ICG2MEM
37: ICG2REG

-------------------------------------------------------------------------------------------------------------------------------------------------------------
PATHGROUP QOR 
-------------------------------------------------------------------------------------------------------------------------------------------------------------
Scene  PG      WNS        TNS    NSV      WHV        THV    NHV
    1   1   0.0000     0.0000      0        -          -      -
    1   2   0.0000     0.0000      0        -          -      -
    1   3   0.0000     0.0000      0        -          -      -
    1   4   0.0000     0.0000      0        -          -      -
    1   5   0.0000     0.0000      0        -          -      -
    1   6   0.0000     0.0000      0        -          -      -
    1   7   0.0000     0.0000      0        -          -      -
    1   8   0.0000     0.0000      0        -          -      -
    1   9   0.0000     0.0000      0        -          -      -
    1  10   0.0000     0.0000      0        -          -      -
    1  11   0.0000     0.0000      0        -          -      -
    1  12   0.0000     0.0000      0        -          -      -
    1  13   0.0000     0.0000      0        -          -      -
    1  14   0.0000     0.0000      0        -          -      -
    1  15   0.0000     0.0000      0        -          -      -
    1  16   0.0000     0.0000      0        -          -      -
    1  17   0.0000     0.0000      0        -          -      -
    1  18   0.0000     0.0000      0        -          -      -
    1  19   0.0000     0.0000      0        -          -      -
    1  20   0.0000     0.0000      0        -          -      -
    1  21   0.0000     0.0000      0        -          -      -
    1  22   0.0000     0.0000      0        -          -      -
    1  23   0.0000     0.0000      0        -          -      -
    1  24   0.0000     0.0000      0        -          -      -
    1  25   0.0000     0.0000      0        -          -      -
    1  26   0.0000     0.0000      0        -          -      -
    1  27   4.3470     8.5962      2        -          -      -
    1  28   0.0000     0.0000      0        -          -      -
    1  29   0.0000     0.0000      0        -          -      -
    1  30   0.0000     0.0000      0        -          -      -
    1  31   0.0000     0.0000      0        -          -      -
    1  32   0.0000     0.0000      0        -          -      -
    1  33   0.0000     0.0000      0        -          -      -
    1  34   0.0000     0.0000      0        -          -      -
    1  35   0.0000     0.0000      0        -          -      -
    1  36   0.0000     0.0000      0        -          -      -
    1  37   0.0000     0.0000      0        -          -      -
----------------------------------------------------------------------------------------------------------------------------------------------------------------------
SCENARIO QOR 
----------------------------------------------------------------------------------------------------------------------------------------------------------------------
Scene  PG      WNS        TNS   R2RTNS    NSV      WHV        THV    NHV  MaxTrnV   MaxTranC  MaxCapV    Leakage
    1   *   4.3470     8.5962   0.0000      2        -          -      -      138     5.9608     1138      5.581
----------------------------------------------------------------------------------------------------------------------------------------------------------------------
DESIGN QOR 
----------------------------------------------------------------------------------------------------------------------------------------------------------------------
Scene  PG      WNS        TNS   R2RTNS    NSV      WHV        THV    NHV  MaxTrnV   MaxTranC  MaxCapV    Leakage         Area    InstCnt     BufCnt     InvCnt
    *   *   4.3470     8.5962   0.0000      2   0.0000     0.0000      0      138     5.9608     1138      5.581    567657.44      38311       3093       2802
----------------------------------------------------------------------------------------------------------------------------------------------------------------------

Compile-fusion initial QoR Summary       WNS        TNS   R2RTNS    NSV      WHV        THV    NHV  MaxTrnV  MaxCapV    Leakage         Area    InstCnt
Compile-fusion initial QoR Summary    4.3470     8.5962   0.0000      2   0.0000     0.0000      0      138     1138      5.581    567657.44      38311
Information: The netlist change observers are disabled for incremental extraction. (TIM-126)
INFO: using 16 threads
Information: Orientation ETCH is using reference direction: VERTICAL. (NEX-032)
Compile-fusion initialization complete         CPU:   816 s (  0.23 hr )  ELAPSE:   314 s (  0.09 hr )  MEM-PEAK:  1976 MB
Compile-fusion optimization summary            SETUP-COST    R2R-COST HOLD-COST LDRC-COST          AREA     LEAKAGE     INSTCNT            ELAPSE       MEM
Information: The netlist change observers are enabled for incremental extraction. (TIM-127)

Information: Initializing advanced legalizer cellmap without advanced rules enabled and without NPLDRC enabled
Information: The following app options are used in cellmap
        place.legalize.enable_allowable_orient : false
        place.legalize.enable_color_aware_placement : false
        place.legalize.use_nll_query_cm : false
        place.legalize.enable_advanced_legalizer : true
        place.legalize.enable_prerouted_net_check : true
        place.legalize.enable_advanced_prerouted_net_check : true
        place.legalize.always_continue : true
        place.legalize.limit_legality_checks : false
        place.legalize.max_legality_check_range : 500
        place.common.pnet_aware_density : 1.0000
        place.common.pnet_aware_min_width : 0.0000
        place.common.pnet_aware_layers : {}
        place.common.use_placement_model : true
        place.common.enable_advanced_placement_model : true
        cts.placement.cell_spacing_rule_style : maximum
Total 0.0870 seconds to build cellmap data including placement model analysis 0.0143 seconds
INFO: creating 188(r) x 188(c) GridCells YDim 5.016 XDim 5.016
INFO: number of GridCells (compile_initial_opto): 35344
INFO: creating 188(r) x 188(c) GridCells YDim 5.016 XDim 5.016
INFO: number of GridCells (compile_initial_opto): 35344
Total 0.3042 seconds to load 49942 cell instances into cellmap
Moveable cells: 38281; Application fixed cells: 0; Macro cells: 0; User fixed cells: 11661
Average cell width 2.8602, cell height 1.6720, cell area 4.7823 for total 38281 placed and application fixed cells
Compile-fusion optimization Phase 18 Iter  1         8.60        0.00      0.00      1276     567657.44        5.58       38311              0.09      1976
Isolated 0 ports, skipped 0 ports
Already Isolated 0 ports, Deleted 0 existing Isolation cells 

Compile-fusion optimization Phase 19 Iter  1         8.60        0.00      0.00      1276     567657.44        5.58       38311              0.09      1976
Corner Scaling is off, multiplier is 1.000000
Corner Scaling is off, multiplier is 1.000000
Information: Using default layer M5 (OPT-079)
bmap: stepx = stepy = 18801
creating bmap
DB units per micron : 1000
INFO: New Levelizer turned on
Compile-fusion optimization Phase 19 Iter  2         8.60        0.00      0.00      1276     567657.44        5.58       38311              0.09      1976
Compile-fusion optimization Phase 19 Iter  3         8.60        0.00      0.00       265     569388.12        6.25       38311              0.09      1976

Compile-fusion optimization Phase 20 Iter  1         8.60        0.00      0.00       264     569388.12        6.25       38844              0.09      1976
Number of Site types in the design = 1
INFO: Skipping activation of hold scenarios prior to CUS.
CCD app option: ccd.targeted_ccd_path_groups:  **clock_gating_default**
Target path group: scenario ss0p95v125c.func pathgroup **clock_gating_default**
Information: CCD will use corner ss0p95v125c for honoring max prepone/postpone limits
Uskew Characterizer: corner: ss0p95v125c, scalingFactor: 1.000
@ CG solver holdWeight = 0.500000
@ CG solver setupWeight = 1.000000
@ CG solver delayCostWeight = 5.000000
@ CG solver zeroDirWeight = 5.000000
@ CG solver wnsWeight = 400.000000
Information: Skip pll1_clk_ld_reg/CLK, reason 'pin is on dont_touch net system_clk'. (CCD-001)
Information: Skip pll2_clk_ld_reg/CLK, reason 'pin is on dont_touch net system_clk'. (CCD-001)
Information: Skip pll1_clk_in, reason 'pin is on dont_touch net pll1_clk_in'. (CCD-001)
Information: Skip pll2_clk_in, reason 'pin is on dont_touch net pll2_clk_in'. (CCD-001)
Information: Skip pixel_clk, reason 'pin is on dont_touch net pixel_clk'. (CCD-001)
Information: Skip system_clk, reason 'pin is on dont_touch net system_clk'. (CCD-001)
Information: Skip comp_clk, reason 'pin is on dont_touch net comp_clk'. (CCD-001)
Information: Skip i2c_scl, reason 'pin is not in the balance portion of the clock tree'. (CCD-001)
Information: Skip i2c_scl, reason 'pin is on dont_touch net i2c_scl'. (CCD-001)
Information: Skip pll2_clk_div2_reg/CLK, reason 'pin is not in the balance portion of the clock tree'. (CCD-001)
Information: There were 21 objects skipped by CCD due to the reason 'pin is not in the balance portion of the clock tree'. (CCD-002)
Information: There were 12 objects skipped by CCD due to the reason 'pin is on dont_touch net'. (CCD-002)

Summary of messages during CTS:
===============================================================
  Tag   Count  Type           Description
---------------------------------------------------------------
 No error or warning message.
Information: Orientation ETCH is using reference direction: VERTICAL. (NEX-032)
Information: Orientation ETCH is using reference direction: VERTICAL. (NEX-032)
Information: Orientation ETCH is using reference direction: VERTICAL. (NEX-032)
Information: Orientation ETCH is using reference direction: VERTICAL. (NEX-032)
Information: Orientation ETCH is using reference direction: VERTICAL. (NEX-032)
Information: Orientation ETCH is using reference direction: VERTICAL. (NEX-032)
Information: Orientation ETCH is using reference direction: VERTICAL. (NEX-032)
Information: Orientation ETCH is using reference direction: VERTICAL. (NEX-032)
Information: Orientation ETCH is using reference direction: VERTICAL. (NEX-032)
Information: Orientation ETCH is using reference direction: VERTICAL. (NEX-032)
Information: Orientation ETCH is using reference direction: VERTICAL. (NEX-032)
Information: Orientation ETCH is using reference direction: VERTICAL. (NEX-032)
Information: Orientation ETCH is using reference direction: VERTICAL. (NEX-032)
Information: Orientation ETCH is using reference direction: VERTICAL. (NEX-032)
Information: Orientation ETCH is using reference direction: VERTICAL. (NEX-032)
Information: Estimating clock gate latencies for scenario 'ss0p95v125c.func'. (OPT-909)
Information: Orientation ETCH is using reference direction: VERTICAL. (NEX-032)
Information: Orientation ETCH is using reference direction: VERTICAL. (NEX-032)
INFO: Skipping deactivation of hold scenarios after CUS.
Number of Site types in the design = 1
Compile-fusion optimization summary            SETUP-COST    R2R-COST HOLD-COST LDRC-COST          AREA     LEAKAGE     INSTCNT            ELAPSE       MEM
Compile-fusion optimization Phase 20 Iter  2         8.60        0.00      0.00       264     569388.12        6.25       38844              0.09      1976
Compile-fusion optimization Phase 20 Iter  3         8.60        0.00      0.00       264     569388.12        6.25       38844              0.09      1976
Compile-fusion optimization Phase 20 Iter  4         8.60        0.00      0.00       264     569388.12        6.25       38844              0.09      1976
Compile-fusion optimization Phase 20 Iter  5         8.60        0.00      0.00       264     569388.12        6.25       38844              0.09      1976
Number of Site types in the design = 1
INFO: Skipping activation of hold scenarios prior to CUS.
CCD app option: ccd.targeted_ccd_path_groups:  **clock_gating_default**
Target path group: scenario ss0p95v125c.func pathgroup **clock_gating_default**
Information: CCD will use corner ss0p95v125c for honoring max prepone/postpone limits
Uskew Characterizer: corner: ss0p95v125c, scalingFactor: 1.000
@ CG solver holdWeight = 0.500000
@ CG solver setupWeight = 1.000000
@ CG solver delayCostWeight = 5.000000
@ CG solver zeroDirWeight = 5.000000
@ CG solver wnsWeight = 400.000000
Information: There were 21 objects skipped by CCD due to the reason 'pin is not in the balance portion of the clock tree'. (CCD-002)
Information: There were 12 objects skipped by CCD due to the reason 'pin is on dont_touch net'. (CCD-002)

Summary of messages during CTS:
===============================================================
  Tag   Count  Type           Description
---------------------------------------------------------------
 No error or warning message.
Information: Orientation ETCH is using reference direction: VERTICAL. (NEX-032)
Information: Orientation ETCH is using reference direction: VERTICAL. (NEX-032)
Information: Orientation ETCH is using reference direction: VERTICAL. (NEX-032)
Information: Orientation ETCH is using reference direction: VERTICAL. (NEX-032)
Information: Orientation ETCH is using reference direction: VERTICAL. (NEX-032)
Information: Orientation ETCH is using reference direction: VERTICAL. (NEX-032)
Information: Orientation ETCH is using reference direction: VERTICAL. (NEX-032)
Information: Orientation ETCH is using reference direction: VERTICAL. (NEX-032)
Information: Orientation ETCH is using reference direction: VERTICAL. (NEX-032)
Information: Orientation ETCH is using reference direction: VERTICAL. (NEX-032)
Information: Orientation ETCH is using reference direction: VERTICAL. (NEX-032)
Information: Orientation ETCH is using reference direction: VERTICAL. (NEX-032)
Information: Orientation ETCH is using reference direction: VERTICAL. (NEX-032)
Information: Orientation ETCH is using reference direction: VERTICAL. (NEX-032)
Information: Orientation ETCH is using reference direction: VERTICAL. (NEX-032)
Information: Estimating clock gate latencies for scenario 'ss0p95v125c.func'. (OPT-909)
Information: Orientation ETCH is using reference direction: VERTICAL. (NEX-032)
Information: Orientation ETCH is using reference direction: VERTICAL. (NEX-032)
INFO: Skipping deactivation of hold scenarios after CUS.
Number of Site types in the design = 1
Compile-fusion optimization Phase 20 Iter  6         8.60        0.00      0.00       264     569388.12        6.25       38844              0.09      1976
Corner Scaling is off, multiplier is 1.000000
Information: Using default layer M5 (OPT-079)
bmap: stepx = stepy = 18801
creating bmap
DB units per micron : 1000
Compile-fusion optimization Phase 20 Iter  7         8.60        0.00      0.00       264     569388.12        6.25       38844              0.09      1976
Compile-fusion optimization Phase 20 Iter  8         8.60        0.00      0.00       264     569388.12        6.25       38844              0.09      1976
Compile-fusion optimization Phase 20 Iter  9         8.60        0.00      0.00       264     569388.12        6.25       38844              0.09      1976
Compile-fusion optimization Phase 20 Iter 10         8.60        0.00      0.00       264     569388.12        6.25       38844              0.09      1976
Compile-fusion optimization Phase 20 Iter 11         8.60        0.00      0.00       264     569388.12        6.25       38844              0.09      1976
Information: 56 out of 66 CCD-001 messages were not printed due to limit 10 (after 'compile_fusion' at run_all_ccd.tcl:165) (MSG-3913)

Compile-fusion optimization Phase 21 Iter  1         8.60        0.00      0.00       264     569391.94        6.25       38845              0.09      1976

Disable clock slack update for ideal clocks
Compile-fusion optimization Phase 22 Iter  1         8.59        0.00      0.00       264     569391.94        6.25       38845              0.09      1976
INFO: cellmap features:  adv-rules=(N), pdc=(N), clock-rules=(Y)

Disable clock slack update for ideal clocks
Compile-fusion optimization Phase 23 Iter  1         8.59        0.00      0.00       264     569391.94        6.25       38845              0.09      1976
INFO: cellmap features:  adv-rules=(N), pdc=(N), clock-rules=(Y)

Compile-fusion optimization Phase 24 Iter  1         8.59        0.00      0.00       264     569391.94        6.25       38845              0.09      1976
INFO: New Levelizer turned on

Compile-fusion optimization Phase 25 Iter  1         8.59        0.00      0.00       264     569391.94        6.25       38845              0.09      1976
INFO: New Levelizer turned on

Compile-fusion optimization Phase 26 Iter  1         8.59        0.00      0.00       264     567860.00        5.49       38220              0.09      1976
INFO: New Levelizer turned on
Compile-fusion optimization Phase 26 Iter  2         8.59        0.00      0.00       264     567245.19        5.26       38220              0.09      1976
INFO: New Levelizer turned on

Disable clock slack update for ideal clocks
Compile-fusion optimization Phase 27 Iter  1         8.59        0.00      0.00       264     567220.56        5.26       38220              0.09      1976
INFO: cellmap features:  adv-rules=(N), pdc=(N), clock-rules=(Y)

Compile-fusion optimization Phase 28 Iter  1         8.59        0.00      0.00       264     567198.44        5.26       38220              0.09      1976
INFO: New Levelizer turned on

Compile-fusion optimization Phase 29 Iter  1         8.59        0.00      0.00       264     567189.81        5.26       38216              0.09      1976
INFO: New Levelizer turned on

Disable clock slack update for ideal clocks
Compile-fusion optimization Phase 30 Iter  1         8.59        0.00      0.00       264     567189.81        5.26       38216              0.09      1976
INFO: cellmap features:  adv-rules=(N), pdc=(N), clock-rules=(Y)

Compile-fusion optimization Phase 31 Iter  1         8.59        0.00      0.00       264     567189.81        5.26       38216              0.09      1976
INFO: New Levelizer turned on

Disable clock slack update for ideal clocks
INFO:  SEQ DEL WNS is protecting TNS
INFO:  SEQ DEL WNS is protecting TNS
Compile-fusion optimization Phase 32 Iter  1         8.59        0.00      0.00       264     567187.75        5.26       38216              0.09      1976
INFO: cellmap features:  adv-rules=(N), pdc=(N), clock-rules=(Y)

Compile-fusion optimization Phase 33 Iter  1         8.59        0.00      0.00       264     567187.75        5.26       38216              0.09      1976

Compile-fusion optimization Phase 34 Iter  1         8.59        0.00      0.00       264     567187.75        5.26       38216              0.09      1976
Warning: Constant net *Logic0* is a dont_touch net. (OPT-063)
Warning: Constant net *Logic1* is a dont_touch net. (OPT-063)
INFO: total number of constant pins: 77
INFO: constant pins which are scan-pins: 0
INFO: constant pins that are not scan-pins: 77

Compile-fusion optimization Phase 35 Iter  1         8.59        0.00      0.00       264     567187.75        5.26       38216              0.09      1976

Compile-fusion optimization Phase 36 Iter  1         8.59        0.00      0.00       264     567187.75        5.26       38216              0.09      1976

Compile-fusion optimization summary            SETUP-COST    R2R-COST HOLD-COST LDRC-COST          AREA     LEAKAGE     INSTCNT            ELAPSE       MEM
Compile-fusion                                       8.59        0.00      0.00       271     567187.75        5.26       38216              0.09      1976
Information: Ending   compile_fusion / final_opto / Optimization (1) (FLW-8001)
Information: Time: 2026-06-26 15:23:19 / Session:  00:05:36 / Command:  00:03:36 / CPU:  00:08:02 / Memory: 1977 MB (FLW-8100)

Information: Starting compile_fusion / final_opto / Legalization (1) (FLW-8000)
Information: Time: 2026-06-26 15:23:19 / Session:  00:05:36 / Command:  00:03:36 / CPU:  00:08:02 / Memory: 1977 MB (FLW-8100)

START_FUNC : legalize_placement_pre_run_core CPU :    942 s ( 0.26 hr) ELAPSE :    336 s ( 0.09 hr) MEM-PEAK :  1976 Mb
END_FUNC : legalize_placement_pre_run_core CPU :    942 s ( 0.26 hr) ELAPSE :    336 s ( 0.09 hr) MEM-PEAK :  1976 Mb
Compile-fusion optimization Phase 39 Iter  1         8.59        0.00      0.00       271     567187.75        5.26       38216              0.09      1976
Information: Legalizing block 'fsc_top'.
Information: Legalizing RP Groups...

Running Advanced Legalizer....
Information: user defined min VT filler size is 2. The smallest size of filler cells should be 2.
Information: Setting bounds and VA for block 'fsc_top'...
Information: Setting up voltage area 'DEFAULT_VA'.
Information: checking lib cells power/ground pins
Information: Lib cells of site unit have their ground pins at bottom 

Information: Legalizer threading is enabled with high effort (LGL-130)

Information: Setting up cell instances...
Information: All fillers in the reference libraries will be considered during legalization/check legality
Information: Initializing site map 'unit' at {8 8} {932.008 930.944}.
Information: Init siteMap unit with 6079 sites x 552 rows
Adding rule engine Basic Rules version 1.0.0...
Adding rule engine VT Implant Rules version 1.0.0...
Adding rule engine OD Rules version 1.0.0...
Adding rule engine TPO Rules version 1.0.0...
Information: place.legalize.enable_pin_extension_for_pin_access is false.
Adding rule engine Pin Access Rules version 1.0.0...
Adding rule engine Span Rules version 1.0.0...
Adding rule engine Index Rules version 1.0.0...
Adding rule engine Color Rules version 1.0.0...
Adding rule engine Inbound Rules version 1.0.0...
Adding rule engine PG DRC Rules version 1.0.0...
Adding rule engine Exp Rules version 1.0.0...
Adding rule engine Under PG Rules version 1.0.0...
Adding rule engine Chipfin Rules version 1.0.0...
Adding rule engine Density Rules version 1.0.0...
Adding rule engine User Rules version 1.0.0...
Adding rule engine Back Side Rules version 1.0.0...
Adding rule engine NP-Well Rules version 1.0.0...
Adding rule engine Route-aware Pin Access Rules version 1.0.0...
Adding rule engine Safety Register Rules version 1.0.0...
Adding rule engine Soft Rules version 1.0.0...
2D rule auto detection will enable the following rules:
pin_color_align
spacing_rule
pg_drc
vt_min_area
Information: Apply spacing rule on full inbound edge (place.legalize.apply_spacing_rule_full_inbound_edge): no
Information: Use base site row as spacing rule sub row (for uni-row only) (place.legalize.use_base_site_row_as_spacing_rule_sub_row): no
Information: Initializing CTS constraints...
Information: user defined min VT filler size is 2. Any fillers smaller than 2x will be ignored
Information: nwell layer number 1
Constructing VT legality info...
Warning: Detected lib cells with no implant layer shapes. Please check the lib cells to see if need to use virtual implant.If user want to use virtual implant, please enable related app options. (place.legalize.use_virtual_implant_layer and set up place.legalize.virtual_implant_layer_min_width) (LGL-480)
Constructing implant ignored layer info...
Information: The ignored implant layer for vt_min_width (place.legalize.vt_min_width_ignored_implant_layers) is not specified, skipped.
Warning: Filler cell 'SHFILL128_HVT' has no VT implant layer shapes. (LGL-151)
Warning: Filler cell 'SHFILL1_HVT' has no VT implant layer shapes. (LGL-151)
Warning: Filler cell 'SHFILL2_HVT' has no VT implant layer shapes. (LGL-151)
Warning: Filler cell 'SHFILL3_HVT' has no VT implant layer shapes. (LGL-151)
Warning: Filler cell 'SHFILL64_HVT' has no VT implant layer shapes. (LGL-151)
Information: reference lib cells do not contain VT jogs
Information: Design scale factor is 1000
Information: User specified layer M3 will check pin color alignment
Constructing pin color alignment legality info...
Information: Reading Vertical abutment prohibit pattern from app option (place.legalize.vertical_abutment_forbidden_pairs)...
	Format 1: label1-label2
	Format 2: label1-label2-minConsecutivePairs
	Format 3: label1-label2-minVertDist-maxVertDist
	Format 4: label1-label2-minVertDist-maxVertDist-minConsecutivePairs
Information: App option (place.legalize.vertical_abutment_forbidden_pairs) is empty.
Information: Reading Vertical abutment prohibit pattern from PRF...
Information: Is mixed-row flow: no
Initializing PG drc check engine...
NPLDRC: Using a 8x8 grid for PG structure analysis
NPLDRC: Filter 38.60% (1581/4096) blocked grids
Warning: Routing direction of metal layer CO is neither "horizontal" nor "vertical".  PDC checks will not be performed on this layer. (PDC-003)
Scanning PG objects...
PG hash cached 2 nets; 49 viaBoxes; 0 viaMatrixRefs; 0 patterns; 0 extensions.
PG scanned 7426 shapes (4114 on M6); 103473 vias (33139 on M1); 0 via matrix (0 on CO); 0 shape pattern (0 on CO); 847 under straps (570 on M1); 0 staples; 0 tall vias; 2078 base straps.
PG scan complete.  Hash key = 604e75ad5a2a7ce4
Information: Reading PG structure for 'fsc_top_compile.nlib:compile_initial_opto.design'. (NPLDRC-003)
Warning: Detected a sector {{280.1970 67.3000} {352.4780 68.4600}} on layer M6 with 162 metal and/or via shapes. (NPLDRC-007)
Warning: Detected a sector {{235.1960 66.1280} {352.4780 67.3000}} on layer M6 with 178 metal and/or via shapes. (NPLDRC-007)
Warning: Detected a sector {{131.5170 144.0010} {217.3160 145.1730}} on layer M6 with 220 metal and/or via shapes. (NPLDRC-007)
Warning: Detected a sector {{651.4000 221.2510} {704.8020 222.4110}} on layer M6 with 120 metal and/or via shapes. (NPLDRC-007)
Warning: Detected a sector {{602.3500 220.0790} {704.8020 221.2510}} on layer M6 with 159 metal and/or via shapes. (NPLDRC-007)
Warning: Detected a sector {{587.7300 139.2400} {650.9500 140.4120}} on layer M6 with 143 metal and/or via shapes. (NPLDRC-007)
Warning: Detected a sector {{9.2770 255.8400} {117.1280 257.0120}} on layer M6 with 194 metal and/or via shapes. (NPLDRC-007)
Warning: Detected a sector {{234.8610 274.8400} {295.4610 276.0120}} on layer M6 with 135 metal and/or via shapes. (NPLDRC-007)
Warning: Detected a sector {{306.0390 275.0900} {352.4220 276.0120}} on layer M6 with 105 metal and/or via shapes. (NPLDRC-007)
Warning: Detected a sector {{308.9360 274.8400} {352.4220 275.0900}} on layer M6 with 102 metal and/or via shapes. (NPLDRC-007)

NPLDRC Sector Array Stats:
Num Sectors: 155450
Num SecDefs:   871

Place Cache read: 61163 elements -- 0 drcFail 61163 drcOk
Place Cache read: 152 libcells referenced from 3 libs
Place Cache read: used 13 of 871 total secDefs
Access Cache read: 63620 elements -- 52795 drcFail 10825 drcOk
Access Cache read: 152 libcells referenced from 3 libs
Access Cache read: used 13 of 871 total secDefs
NPLDRC: Read 692 libCell Equivalence info from file
Connection checks for layer M2: blocked_pin pin_access_default track_none pin_extend0
Connection checks for layer M3: blocked_pin pin_access_default track_none pin_extend1
Connection checks for layer M4: blocked_pin pin_access_default track_none pin_extend1
Connection checks for layer M5: blocked_pin pin_access_default track_none pin_extend1

NPLDRC app_option (user set) values:
---------------------------------------

place.legalize.enable_pin_color_alignment_check				true
place.legalize.check_metal_dpt_odd_cycle_on_layers				M3 
place.legalize.pin_color_alignment_layers				M3 
place.legalize.enable_color_shifting				false
place.legalize.alternative_edrc_data_model				false

---------------------------------------

---------------------------------------
Information: NPLDRC is created for block compile_initial_opto
Information: Extracting M1 PG straps
Information: Constructing cell pin extension data for fast PG check.
Information: Constructing PG-Via/VIB/VINS layer info (VIA1/M2)...
Information: PG-Via Abut check extension is 0
Information: PG-Via(pg_via_abut) design rule for layer VIA1 and VIA1 not found
Information: VIB(vib_abut) design rule for layer M2 and VIA1 not found
Information: VINS(vins_abut) design rule for layer M2 and VIA1 not found
Information: Enabling hard placement rule spacing_rule...
Information: Enabling hard placement rule vt_min_area...
Information: Enabling hard placement rule pin_color_align...
Information: Enabling hard placement rule pg_drc...
Information: Adjusting SRAM1RW64x32 to a multi-height library cell. (LGL-336)
Information: Adjusting SRAM2RW32x32 to a multi-height library cell. (LGL-336)
Information: Adjusting SRAM2RW16x32 to a multi-height library cell. (LGL-336)
Information: Adjusting SRAM2RW128x16 to a multi-height library cell. (LGL-336)
Information: Adjusting SRAM2RW128x32 to a multi-height library cell. (LGL-336)
vioCnt 0 cnt 38186
Information: Running high density optimizations.
Information: Legalizing 38186 moveable cells.
Legalization progress 9%...
Legalization progress 19%...
Information: Dynamic Rule Ordering (DRO) is changing rule-checking order dynamically 
Legalization progress 29%...
Legalization progress 39%...
Information: Dynamic Rule Ordering (DRO) is changing rule-checking order dynamically 
Legalization progress 49%...
Legalization progress 59%...
Legalization progress 69%...
Legalization progress 79%...
Legalization progress 89%...
Legalization progress 99%...
Legalization progress 100%...
Information: Legalizer used up to 1 thread (LGL-131)
Information: Optimizing AL cell displacements.
Information: AL displacement optimization 20% complete
Information: AL displacement optimization 40% complete
Information: AL displacement optimization 60% complete
Information: AL displacement optimization 80% complete
Information: AL displacement optimization 100% complete.
Information: NPLDRC is shared by 2 clients for block compile_initial_opto
Information: Executing pin access optimization.
Information: Pin access optimization runs in incremental mode.
Information: Pin access optimization used up to 16 threads. (LGL-174)
Information: Pin access optimization moved 0 cells (0.0%) with an average displacement of 0.000 and a maximum of 0.000. (LGL-054)
Information: 0 cells have changed to a different variant during optimization.
Information: Initializing post-fixing for unresolved advanced rules (place.legalize.enable_post_fixing_for_advanced_rules)...
Information: The maximum number of placement DRCs to be resolved by post-fixing (place.legalize.post_fixing_for_advanced_rules_threshold): 10
Warning: Auto rule 'max_merged_length_width' is not detected, skipped.
Warning: Auto rule 'cpode_group_space' is not detected, skipped.
Warning: Auto rule 'vt_protection' is not detected, skipped.
Information: No required rule is detected, skipped post-fixing.
10 references with the lowest legality passing rate:
AOI222X1_RVT: 3.8% (1 / 26)
NAND2X1_LVT: 10.0% (1 / 10)
NBUFFX16_LVT: 10.0% (1 / 10)
AND2X1_LVT: 14.3% (1 / 7)
NOR4X1_RVT: 15.6% (5 / 32)
INVX4_LVT: 17.7% (22 / 124)
AOI222X2_HVT: 20.0% (4 / 20)
OR3X2_HVT: 25.8% (8 / 31)
NBUFFX2_HVT: 29.1% (330 / 1133)
AND2X2_RVT: 29.4% (5 / 17)
================ Displacement Report =================
Area: placed=718500, unplaced=0, fixed=23322, blocked=1623444, total=3355608
Density = 741822/1732164 sites = 42.83%
Inbound cells: 0; 2-row cells: 0; >2-row cells: 30
    Total cell instance count: 49877 (38186 placed, 0 unplaced, 11691 fixed)
        Number of cells moved: 1449 (2.91%)   Orientation changes only: 49
    Average cell displacement: 0.0282 um (AW: 0.0228 um = 0.0137 rh)
        RMS cell displacement: 0.2162 um (AW: 0.1965 um = 0.1175 rh)
        Max cell displacement: 5.0183 um = 3.0014 rh
           Max displaced cell: u_main_controller_top/u_main_controller/compile_ZBUF_200_inst_57236 (350.456 491.208)
Number of large displacements: 1
 Large displacement threshold: 3.0000 rh
 Largest displacement cell (location is origin, lower-left corner displacement):
   Cell: u_main_controller_top/u_main_controller/compile_ZBUF_200_inst_57236 (NBUFFX8_LVT)
     Input location: (350.456 491.208)
     Legal location: (350.304 484.52)
     Displacement: 5.0183 um, 3.0014 rh.

 Largest average lib-cell displacement in [um] sorted by displacement (number of cells):
    NBUFFX4_LVT       :    1.14710  (119)
    NBUFFX2_HVT       :    0.77637  (318)
    AOI222X1_RVT      :    0.76000  (1)
    NAND2X1_LVT       :    0.60800  (1)
    NBUFFX16_LVT      :    0.60800  (1)
    NBUFFX8_LVT       :    0.55931  (28)
    OR3X2_HVT         :    0.43700  (8)
    NOR4X1_RVT        :    0.42560  (5)
    OAI21X2_HVT       :    0.40533  (3)
    AND2X1_LVT        :    0.30400  (1)

 Largest average lib-cell displacement in [um] for large displaced cells, sorted by number of cells (number of cells):
    NBUFFX8_LVT       :    5.01830  (1)
======================================================
Information: Dynamic Rule Ordering (DRO): true
... spacing_rule         has failure rate:     0% on about 4.0e+04 checks
... vt_min_area          has failure rate:     0% on about 4.0e+04 checks
... pin_color_align      has failure rate:     0% on about 4.9e+04 checks
... pg_drc               has failure rate:    21% on about 4.9e+04 checks
Place Cache save: 62863 elements -- 0 drcFail 62863 drcOk
Place Cache save: 165 libcells referenced from 3 libs
Place Cache save: used 13 of 871 total secDefs
Access Cache save: 65798 elements -- 54313 drcFail 11485 drcOk
Access Cache save: 165 libcells referenced from 3 libs
Access Cache save: used 13 of 871 total secDefs
NPLDRC Wic Cache: unique cache elements 23613
NPLDRC Wic Cache: hit rate  28.1% (23613 / 32854)
NPLDRC: Processed 692 libCells; 668 unique
NPLDRC: 692 LibCell Equivalence info written to file
NPLDRC Place Cache: unique cache elements 62863
NPLDRC Place Cache: read cache elements 61163
NPLDRC Place Cache: hit rate  96.5%  (1700 / 48974)
NPLDRC Access Cache: unique cache elements 65798
NPLDRC Access Cache: read cache elements 63620
NPLDRC Access Cache: hit rate  95.6%  (2178 / 48974)
Information: The net parasitics of block fsc_top are cleared. (TIM-123)
Information: The stitching and editing of coupling caps is turned OFF for design 'fsc_top_compile.nlib:compile_initial_opto.design'. (TIM-125)
Information: Orientation ETCH is using reference direction: VERTICAL. (NEX-032)
Information: 5 out of 10 LGL-151 messages were not printed due to limit 5 (after 'compile_fusion' at run_all_ccd.tcl:165) (MSG-3913)
Information: 87 out of 92 LGL-336 messages were not printed due to limit 5 (after 'compile_fusion' at run_all_ccd.tcl:165) (MSG-3913)

Compile-fusion optimization summary            SETUP-COST    R2R-COST HOLD-COST LDRC-COST          AREA     LEAKAGE     INSTCNT            ELAPSE       MEM
Compile-fusion optimization summary            SETUP-COST    R2R-COST HOLD-COST LDRC-COST          AREA     LEAKAGE     INSTCNT            ELAPSE       MEM
Compile-fusion                                       8.59        0.00      0.00       276     567187.75        5.26       38216              0.10      1976
Information: Ending   compile_fusion / final_opto / Legalization (1) (FLW-8001)
Information: Time: 2026-06-26 15:23:31 / Session:  00:05:47 / Command:  00:03:47 / CPU:  00:08:20 / Memory: 1977 MB (FLW-8100)

Information: Starting compile_fusion / final_opto / Optimization (2) (FLW-8000)
Information: Time: 2026-06-26 15:23:31 / Session:  00:05:47 / Command:  00:03:47 / CPU:  00:08:20 / Memory: 1977 MB (FLW-8100)
INFO: Enabled CLO at stage after_LGL3.

INFO: Last Legalizer Used: Advanced
INFO: First Compile-fusion did not mark run with CLO enabled/disabled property
INFO: Concurrent Legalization and Optimization (CLO) Enabled
Information: Setting cm.enable_advanced_legalizer_engine to true

INFO: ALMap's advanced rules are not enabled
INFO: ALMap is activating all rules (including PG/advanced rules)
Information: ALMap mode is on
Information: user defined min VT filler size is 2. The smallest size of filler cells should be 2.
Information: Setting bounds and VA for block 'fsc_top'...
Information: Setting up voltage area 'DEFAULT_VA'.
Information: checking lib cells power/ground pins
Information: Lib cells of site unit have their ground pins at bottom 

Information: Legalizer threading is enabled with high effort (LGL-130)

Information: Setting up cell instances...
Information: All fillers in the reference libraries will be considered during legalization/check legality
Information: Initializing site map 'unit' at {8 8} {932.008 930.944}.
Information: Init siteMap unit with 6079 sites x 552 rows
Adding rule engine Basic Rules version 1.0.0...
Adding rule engine VT Implant Rules version 1.0.0...
Adding rule engine OD Rules version 1.0.0...
Adding rule engine TPO Rules version 1.0.0...
Information: place.legalize.enable_pin_extension_for_pin_access is false.
Adding rule engine Pin Access Rules version 1.0.0...
Adding rule engine Span Rules version 1.0.0...
Adding rule engine Index Rules version 1.0.0...
Adding rule engine Color Rules version 1.0.0...
Adding rule engine Inbound Rules version 1.0.0...
Adding rule engine PG DRC Rules version 1.0.0...
Adding rule engine Exp Rules version 1.0.0...
Adding rule engine Under PG Rules version 1.0.0...
Adding rule engine Chipfin Rules version 1.0.0...
Adding rule engine Density Rules version 1.0.0...
Adding rule engine User Rules version 1.0.0...
Adding rule engine Back Side Rules version 1.0.0...
Adding rule engine NP-Well Rules version 1.0.0...
Adding rule engine Route-aware Pin Access Rules version 1.0.0...
Adding rule engine Safety Register Rules version 1.0.0...
Adding rule engine Soft Rules version 1.0.0...
2D rule auto detection will enable the following rules:
pin_color_align
spacing_rule
pg_drc
vt_min_area
Information: Apply spacing rule on full inbound edge (place.legalize.apply_spacing_rule_full_inbound_edge): no
Information: Use base site row as spacing rule sub row (for uni-row only) (place.legalize.use_base_site_row_as_spacing_rule_sub_row): no
Information: Initializing CTS constraints...
Information: user defined min VT filler size is 2. Any fillers smaller than 2x will be ignored
Information: nwell layer number 1
Constructing VT legality info...
Warning: Detected lib cells with no implant layer shapes. Please check the lib cells to see if need to use virtual implant.If user want to use virtual implant, please enable related app options. (place.legalize.use_virtual_implant_layer and set up place.legalize.virtual_implant_layer_min_width) (LGL-480)
Constructing implant ignored layer info...
Information: The ignored implant layer for vt_min_width (place.legalize.vt_min_width_ignored_implant_layers) is not specified, skipped.
Warning: Filler cell 'SHFILL128_HVT' has no VT implant layer shapes. (LGL-151)
Warning: Filler cell 'SHFILL1_HVT' has no VT implant layer shapes. (LGL-151)
Warning: Filler cell 'SHFILL2_HVT' has no VT implant layer shapes. (LGL-151)
Warning: Filler cell 'SHFILL3_HVT' has no VT implant layer shapes. (LGL-151)
Warning: Filler cell 'SHFILL64_HVT' has no VT implant layer shapes. (LGL-151)
Information: reference lib cells do not contain VT jogs
Information: Design scale factor is 1000
Information: User specified layer M3 will check pin color alignment
Constructing pin color alignment legality info...
Information: Reading Vertical abutment prohibit pattern from app option (place.legalize.vertical_abutment_forbidden_pairs)...
	Format 1: label1-label2
	Format 2: label1-label2-minConsecutivePairs
	Format 3: label1-label2-minVertDist-maxVertDist
	Format 4: label1-label2-minVertDist-maxVertDist-minConsecutivePairs
Information: App option (place.legalize.vertical_abutment_forbidden_pairs) is empty.
Information: Reading Vertical abutment prohibit pattern from PRF...
Information: Is mixed-row flow: no
Initializing PG drc check engine...
NPLDRC: Using a 8x8 grid for PG structure analysis
NPLDRC: Filter 38.60% (1581/4096) blocked grids
Warning: Routing direction of metal layer CO is neither "horizontal" nor "vertical".  PDC checks will not be performed on this layer. (PDC-003)
Scanning PG objects...
PG hash cached 2 nets; 49 viaBoxes; 0 viaMatrixRefs; 0 patterns; 0 extensions.
PG scanned 7426 shapes (4114 on M6); 103473 vias (33139 on M1); 0 via matrix (0 on CO); 0 shape pattern (0 on CO); 847 under straps (570 on M1); 0 staples; 0 tall vias; 2078 base straps.
PG scan complete.  Hash key = 604e75ad5a2a7ce4
Information: Reading PG structure for 'fsc_top_compile.nlib:compile_initial_opto.design'. (NPLDRC-003)
Warning: Detected a sector {{280.1970 67.3000} {352.4780 68.4600}} on layer M6 with 162 metal and/or via shapes. (NPLDRC-007)
Warning: Detected a sector {{235.1960 66.1280} {352.4780 67.3000}} on layer M6 with 178 metal and/or via shapes. (NPLDRC-007)
Warning: Detected a sector {{131.5170 144.0010} {217.3160 145.1730}} on layer M6 with 220 metal and/or via shapes. (NPLDRC-007)
Warning: Detected a sector {{651.4000 221.2510} {704.8020 222.4110}} on layer M6 with 120 metal and/or via shapes. (NPLDRC-007)
Warning: Detected a sector {{602.3500 220.0790} {704.8020 221.2510}} on layer M6 with 159 metal and/or via shapes. (NPLDRC-007)
Warning: Detected a sector {{587.7300 139.2400} {650.9500 140.4120}} on layer M6 with 143 metal and/or via shapes. (NPLDRC-007)
Warning: Detected a sector {{9.2770 255.8400} {117.1280 257.0120}} on layer M6 with 194 metal and/or via shapes. (NPLDRC-007)
Warning: Detected a sector {{234.8610 274.8400} {295.4610 276.0120}} on layer M6 with 135 metal and/or via shapes. (NPLDRC-007)
Warning: Detected a sector {{306.0390 275.0900} {352.4220 276.0120}} on layer M6 with 105 metal and/or via shapes. (NPLDRC-007)
Warning: Detected a sector {{308.9360 274.8400} {352.4220 275.0900}} on layer M6 with 102 metal and/or via shapes. (NPLDRC-007)

NPLDRC Sector Array Stats:
Num Sectors: 155450
Num SecDefs:   871

Place Cache read: 62863 elements -- 0 drcFail 62863 drcOk
Place Cache read: 165 libcells referenced from 3 libs
Place Cache read: used 13 of 871 total secDefs
Access Cache read: 65798 elements -- 54313 drcFail 11485 drcOk
Access Cache read: 165 libcells referenced from 3 libs
Access Cache read: used 13 of 871 total secDefs
NPLDRC: Read 692 libCell Equivalence info from file
Connection checks for layer M2: blocked_pin pin_access_default track_none pin_extend0
Connection checks for layer M3: blocked_pin pin_access_default track_none pin_extend1
Connection checks for layer M4: blocked_pin pin_access_default track_none pin_extend1
Connection checks for layer M5: blocked_pin pin_access_default track_none pin_extend1

NPLDRC app_option (user set) values:
---------------------------------------

place.legalize.enable_pin_color_alignment_check				true
place.legalize.check_metal_dpt_odd_cycle_on_layers				M3 
place.legalize.pin_color_alignment_layers				M3 
place.legalize.enable_color_shifting				false
place.legalize.alternative_edrc_data_model				false

---------------------------------------

---------------------------------------
Information: NPLDRC is created for block compile_initial_opto
Information: Extracting M1 PG straps
Information: Constructing cell pin extension data for fast PG check.
Information: Constructing PG-Via/VIB/VINS layer info (VIA1/M2)...
Information: PG-Via Abut check extension is 0
Information: PG-Via(pg_via_abut) design rule for layer VIA1 and VIA1 not found
Information: VIB(vib_abut) design rule for layer M2 and VIA1 not found
Information: VINS(vins_abut) design rule for layer M2 and VIA1 not found
Information: Enabling hard placement rule spacing_rule...
Information: Enabling hard placement rule cts_spacing...
Information: Enabling hard placement rule vt_min_area...
Information: Enabling hard placement rule pin_color_align...
Information: Enabling hard placement rule pg_drc...
Information: Adjusting SRAM1RW64x32 to a multi-height library cell. (LGL-336)
Information: Adjusting SRAM2RW32x32 to a multi-height library cell. (LGL-336)
Information: Adjusting SRAM2RW16x32 to a multi-height library cell. (LGL-336)
Information: Adjusting SRAM2RW128x16 to a multi-height library cell. (LGL-336)
Information: Adjusting SRAM2RW128x32 to a multi-height library cell. (LGL-336)
Information: Cellmap context awareness is 100% of the current design
Information: 38186 cells are added to cellmap context (for block fsc_top).
INFO: creating 138(r) x 139(c) nypdGridCells adjYDim 6.688 (5.016) adjXDim 6.688 (5.016)
INFO: number of GridCells (compile_initial_opto): 19182
INFO: extracted primary site defs: unit 
initInstances softBlockage 0 clkIsFixed 0
CLO multi-threading is turned ON
Information: NPLDRC is shared by 2 clients for block compile_initial_opto
Compile-fusion optimization Phase 43 Iter  1         8.59        0.00      0.00       276     567187.75        5.26       38216              0.10      1976
INFO: New Levelizer turned on
Information: 5 out of 10 LGL-151 messages were not printed due to limit 5 (after 'compile_fusion' at run_all_ccd.tcl:165) (MSG-3913)
Information: 87 out of 92 LGL-336 messages were not printed due to limit 5 (after 'compile_fusion' at run_all_ccd.tcl:165) (MSG-3913)

Compile-fusion optimization Phase 44 Iter  1         8.59        0.00      0.00       276     567187.75        5.26       38216              0.10      1976
Corner Scaling is off, multiplier is 1.000000
Information: Using default layer M5 (OPT-079)
bmap: stepx = stepy = 18801
creating bmap
DB units per micron : 1000

INFO: Enabling move Inst Tracker for  delay6-Wlb-Tlb step. 
Compile-fusion optimization Phase 45 Iter  1         8.59        0.00      0.00       276     567187.75        5.26       38216              0.10      1976
Compile-fusion optimization Phase 45 Iter  2         8.59        0.00      0.00       276     567187.75        5.26       38216              0.10      1976
Compile-fusion optimization Phase 45 Iter  3         8.59        0.00      0.00       276     567187.75        5.26       38216              0.10      1976
Compile-fusion optimization Phase 45 Iter  4         8.59        0.00      0.00       276     567187.75        5.26       38216              0.10      1976
Compile-fusion optimization Phase 45 Iter  5         8.59        0.00      0.00       276     567187.75        5.26       38216              0.10      1976

Compile-fusion optimization Phase 46 Iter  1         8.59        0.00      0.00       276     567187.75        5.26       38216              0.10      1976
Corner Scaling is off, multiplier is 1.000000
Information: Using default layer M5 (OPT-079)
bmap: stepx = stepy = 18801
creating bmap
DB units per micron : 1000
INFO: New Levelizer turned on
Compile-fusion optimization Phase 46 Iter  2         8.59        0.00      0.00       276     567187.75        5.26       38216              0.10      1976
Information: Dynamic Rule Ordering (DRO) is changing rule-checking order dynamically 
Information: Dynamic Rule Ordering (DRO) is changing rule-checking order dynamically 
Compile-fusion optimization Phase 46 Iter  3         8.59        0.00      0.00       229     567280.00        5.31       38216              0.10      1976

Compile-fusion optimization summary            SETUP-COST    R2R-COST HOLD-COST LDRC-COST          AREA     LEAKAGE     INSTCNT            ELAPSE       MEM
Compile-fusion                                       8.59        0.00      0.00       227     567282.56        5.31       38249              0.10      1976
Information: Ending   compile_fusion / final_opto / Optimization (2) (FLW-8001)
Information: Time: 2026-06-26 15:23:36 / Session:  00:05:52 / Command:  00:03:52 / CPU:  00:08:40 / Memory: 1977 MB (FLW-8100)

Information: Starting compile_fusion / final_opto / Legalization (2) (FLW-8000)
Information: Time: 2026-06-26 15:23:36 / Session:  00:05:52 / Command:  00:03:52 / CPU:  00:08:40 / Memory: 1977 MB (FLW-8100)

START_FUNC : legalize_placement_pre_run_core CPU :    980 s ( 0.27 hr) ELAPSE :    352 s ( 0.10 hr) MEM-PEAK :  1976 Mb
Information: OTF total size or move pass rate 100% (641/641)
Information: OTF total add cell pass rate 100% (584/584)
INFO: Advanced Legalizer Map and NDM objects are in sync
Information: OTF total size or move pass rate 0% (0/0)
Information: OTF total add cell pass rate 0% (0/0)
Information: clearing localOTF observer info
Information: Dynamic Rule Ordering (DRO): true
... spacing_rule         has failure rate:     0% on about 2.9e+03 checks
... cts_spacing          has failure rate:     0% on about 2.9e+03 checks
... vt_min_area          has failure rate:     0% on about 2.9e+03 checks
... pin_color_align      has failure rate:     0% on about 8.0e+03 checks
... pg_drc               has failure rate:    76% on about 8.0e+03 checks
Place Cache save: 63207 elements -- 0 drcFail 63207 drcOk
Place Cache save: 180 libcells referenced from 3 libs
Place Cache save: used 13 of 871 total secDefs
Access Cache save: 66561 elements -- 54874 drcFail 11687 drcOk
Access Cache save: 180 libcells referenced from 3 libs
Access Cache save: used 13 of 871 total secDefs
NPLDRC Wic Cache: unique cache elements 4254
NPLDRC Wic Cache: hit rate  32.9% (4254 / 6338)
NPLDRC: Processed 692 libCells; 668 unique
NPLDRC: 692 LibCell Equivalence info written to file
NPLDRC Place Cache: unique cache elements 63207
NPLDRC Place Cache: read cache elements 62863
NPLDRC Place Cache: hit rate  95.7%  (344 / 7982)
NPLDRC Access Cache: unique cache elements 66561
NPLDRC Access Cache: read cache elements 65798
NPLDRC Access Cache: hit rate  90.4%  (763 / 7982)
================ Displacement Report (CLO) =================
Block: fsc_top
Area: placed=718873, unplaced=0, fixed=23322, blocked=1623444, total=3355608
Density = 742195/1732164 sites = 42.85%
Inbound cells: 0; 2-row cells: 0; >2-row cells: 30
    Total cell instance count: 49910 (38219 placed, 0 unplaced, 11691 fixed)
        Number of cells moved: 51 (0.10%)   Orientation changes only: 3
    Average cell displacement: 0.0013 um (AW: 0.0010 um = 0.0006 rh)
        RMS cell displacement: 0.0491 um (AW: 0.0418 um = 0.0250 rh)
        Max cell displacement: 3.2064 um = 1.9177 rh
           Max displaced cell: u_datapath/u_rotating_cache_control/rc2/compile_ZBUF_170_inst_57866 (520.544 621.624)
Number of large displacements: 0
 Large displacement threshold: 4.0000 rh

 Largest average lib-cell displacement in [um] sorted by displacement (number of cells):
    NBUFFX4_LVT       :    0.27780  (150)
    NBUFFX8_LVT       :    0.06834  (29)
    NAND3X2_HVT       :    0.05067  (6)
    AOI22X2_HVT       :    0.04800  (19)
    AO21X2_HVT        :    0.04185  (54)
    NAND2X2_HVT       :    0.02432  (50)
    NAND4X0_RVT       :    0.01361  (166)
    AO22X2_HVT        :    0.00866  (321)
    AO221X2_HVT       :    0.00735  (62)
    AND2X4_HVT        :    0.00704  (108)
======================================================
INFO: Turning Off CLO.
Information: Setting cm.enable_advanced_legalizer_engine to false
END_FUNC : legalize_placement_pre_run_core CPU :    981 s ( 0.27 hr) ELAPSE :    353 s ( 0.10 hr) MEM-PEAK :  1976 Mb
Compile-fusion optimization Phase 49 Iter  1         8.59        0.00      0.00       227     567282.56        5.31       38249              0.10      1976
Information: Legalizing block 'fsc_top'.
Information: Legalizing RP Groups...

Running Advanced Legalizer....
Information: user defined min VT filler size is 2. The smallest size of filler cells should be 2.
Information: Setting bounds and VA for block 'fsc_top'...
Information: Setting up voltage area 'DEFAULT_VA'.
Information: checking lib cells power/ground pins
Information: Lib cells of site unit have their ground pins at bottom 

Information: Legalizer threading is enabled with high effort (LGL-130)

Information: Setting up cell instances...
Information: All fillers in the reference libraries will be considered during legalization/check legality
Information: Initializing site map 'unit' at {8 8} {932.008 930.944}.
Information: Init siteMap unit with 6079 sites x 552 rows
Adding rule engine Basic Rules version 1.0.0...
Adding rule engine VT Implant Rules version 1.0.0...
Adding rule engine OD Rules version 1.0.0...
Adding rule engine TPO Rules version 1.0.0...
Information: place.legalize.enable_pin_extension_for_pin_access is false.
Adding rule engine Pin Access Rules version 1.0.0...
Adding rule engine Span Rules version 1.0.0...
Adding rule engine Index Rules version 1.0.0...
Adding rule engine Color Rules version 1.0.0...
Adding rule engine Inbound Rules version 1.0.0...
Adding rule engine PG DRC Rules version 1.0.0...
Adding rule engine Exp Rules version 1.0.0...
Adding rule engine Under PG Rules version 1.0.0...
Adding rule engine Chipfin Rules version 1.0.0...
Adding rule engine Density Rules version 1.0.0...
Adding rule engine User Rules version 1.0.0...
Adding rule engine Back Side Rules version 1.0.0...
Adding rule engine NP-Well Rules version 1.0.0...
Adding rule engine Route-aware Pin Access Rules version 1.0.0...
Adding rule engine Safety Register Rules version 1.0.0...
Adding rule engine Soft Rules version 1.0.0...
2D rule auto detection will enable the following rules:
pin_color_align
spacing_rule
pg_drc
vt_min_area
Information: Apply spacing rule on full inbound edge (place.legalize.apply_spacing_rule_full_inbound_edge): no
Information: Use base site row as spacing rule sub row (for uni-row only) (place.legalize.use_base_site_row_as_spacing_rule_sub_row): no
Information: Initializing CTS constraints...
Information: user defined min VT filler size is 2. Any fillers smaller than 2x will be ignored
Information: nwell layer number 1
Constructing VT legality info...
Warning: Detected lib cells with no implant layer shapes. Please check the lib cells to see if need to use virtual implant.If user want to use virtual implant, please enable related app options. (place.legalize.use_virtual_implant_layer and set up place.legalize.virtual_implant_layer_min_width) (LGL-480)
Constructing implant ignored layer info...
Information: The ignored implant layer for vt_min_width (place.legalize.vt_min_width_ignored_implant_layers) is not specified, skipped.
Warning: Filler cell 'SHFILL128_HVT' has no VT implant layer shapes. (LGL-151)
Warning: Filler cell 'SHFILL1_HVT' has no VT implant layer shapes. (LGL-151)
Warning: Filler cell 'SHFILL2_HVT' has no VT implant layer shapes. (LGL-151)
Warning: Filler cell 'SHFILL3_HVT' has no VT implant layer shapes. (LGL-151)
Warning: Filler cell 'SHFILL64_HVT' has no VT implant layer shapes. (LGL-151)
Information: reference lib cells do not contain VT jogs
Information: Design scale factor is 1000
Information: User specified layer M3 will check pin color alignment
Constructing pin color alignment legality info...
Information: Reading Vertical abutment prohibit pattern from app option (place.legalize.vertical_abutment_forbidden_pairs)...
	Format 1: label1-label2
	Format 2: label1-label2-minConsecutivePairs
	Format 3: label1-label2-minVertDist-maxVertDist
	Format 4: label1-label2-minVertDist-maxVertDist-minConsecutivePairs
Information: App option (place.legalize.vertical_abutment_forbidden_pairs) is empty.
Information: Reading Vertical abutment prohibit pattern from PRF...
Information: Is mixed-row flow: no
Initializing PG drc check engine...
NPLDRC: Using a 8x8 grid for PG structure analysis
NPLDRC: Filter 38.60% (1581/4096) blocked grids
Warning: Routing direction of metal layer CO is neither "horizontal" nor "vertical".  PDC checks will not be performed on this layer. (PDC-003)
Scanning PG objects...
PG hash cached 2 nets; 49 viaBoxes; 0 viaMatrixRefs; 0 patterns; 0 extensions.
PG scanned 7426 shapes (4114 on M6); 103473 vias (33139 on M1); 0 via matrix (0 on CO); 0 shape pattern (0 on CO); 847 under straps (570 on M1); 0 staples; 0 tall vias; 2078 base straps.
PG scan complete.  Hash key = 604e75ad5a2a7ce4
Information: Reading PG structure for 'fsc_top_compile.nlib:compile_initial_opto.design'. (NPLDRC-003)
Warning: Detected a sector {{280.1970 67.3000} {352.4780 68.4600}} on layer M6 with 162 metal and/or via shapes. (NPLDRC-007)
Warning: Detected a sector {{235.1960 66.1280} {352.4780 67.3000}} on layer M6 with 178 metal and/or via shapes. (NPLDRC-007)
Warning: Detected a sector {{131.5170 144.0010} {217.3160 145.1730}} on layer M6 with 220 metal and/or via shapes. (NPLDRC-007)
Warning: Detected a sector {{651.4000 221.2510} {704.8020 222.4110}} on layer M6 with 120 metal and/or via shapes. (NPLDRC-007)
Warning: Detected a sector {{602.3500 220.0790} {704.8020 221.2510}} on layer M6 with 159 metal and/or via shapes. (NPLDRC-007)
Warning: Detected a sector {{587.7300 139.2400} {650.9500 140.4120}} on layer M6 with 143 metal and/or via shapes. (NPLDRC-007)
Warning: Detected a sector {{9.2770 255.8400} {117.1280 257.0120}} on layer M6 with 194 metal and/or via shapes. (NPLDRC-007)
Warning: Detected a sector {{234.8610 274.8400} {295.4610 276.0120}} on layer M6 with 135 metal and/or via shapes. (NPLDRC-007)
Warning: Detected a sector {{306.0390 275.0900} {352.4220 276.0120}} on layer M6 with 105 metal and/or via shapes. (NPLDRC-007)
Warning: Detected a sector {{308.9360 274.8400} {352.4220 275.0900}} on layer M6 with 102 metal and/or via shapes. (NPLDRC-007)

NPLDRC Sector Array Stats:
Num Sectors: 155450
Num SecDefs:   871

Place Cache read: 63207 elements -- 0 drcFail 63207 drcOk
Place Cache read: 180 libcells referenced from 3 libs
Place Cache read: used 13 of 871 total secDefs
Access Cache read: 66561 elements -- 54874 drcFail 11687 drcOk
Access Cache read: 180 libcells referenced from 3 libs
Access Cache read: used 13 of 871 total secDefs
NPLDRC: Read 692 libCell Equivalence info from file
Connection checks for layer M2: blocked_pin pin_access_default track_none pin_extend0
Connection checks for layer M3: blocked_pin pin_access_default track_none pin_extend1
Connection checks for layer M4: blocked_pin pin_access_default track_none pin_extend1
Connection checks for layer M5: blocked_pin pin_access_default track_none pin_extend1

NPLDRC app_option (user set) values:
---------------------------------------

place.legalize.enable_pin_color_alignment_check				true
place.legalize.check_metal_dpt_odd_cycle_on_layers				M3 
place.legalize.pin_color_alignment_layers				M3 
place.legalize.enable_color_shifting				false
place.legalize.alternative_edrc_data_model				false

---------------------------------------

---------------------------------------
Information: NPLDRC is created for block compile_initial_opto
Information: Extracting M1 PG straps
Information: Constructing cell pin extension data for fast PG check.
Information: Constructing PG-Via/VIB/VINS layer info (VIA1/M2)...
Information: PG-Via Abut check extension is 0
Information: PG-Via(pg_via_abut) design rule for layer VIA1 and VIA1 not found
Information: VIB(vib_abut) design rule for layer M2 and VIA1 not found
Information: VINS(vins_abut) design rule for layer M2 and VIA1 not found
Information: Enabling hard placement rule spacing_rule...
Information: Enabling hard placement rule vt_min_area...
Information: Enabling hard placement rule pin_color_align...
Information: Enabling hard placement rule pg_drc...
Information: Adjusting SRAM1RW64x32 to a multi-height library cell. (LGL-336)
Information: Adjusting SRAM2RW32x32 to a multi-height library cell. (LGL-336)
Information: Adjusting SRAM2RW16x32 to a multi-height library cell. (LGL-336)
Information: Adjusting SRAM2RW128x16 to a multi-height library cell. (LGL-336)
Information: Adjusting SRAM2RW128x32 to a multi-height library cell. (LGL-336)
vioCnt 0 cnt 38219
Information: OTF total size or move pass rate 0% (0/0)
Information: OTF total add cell pass rate 0% (0/0)
Information: clearing localOTF observer info
Information: Legalizing 38219 moveable cells.
Information: Legalizer used up to 16 threads (LGL-131)
Information: NPLDRC is shared by 2 clients for block compile_initial_opto
Information: Executing pin access optimization.
Information: Pin access optimization runs in incremental mode.
Information: Pin access optimization used up to 16 threads. (LGL-174)
Information: Pin access optimization moved 0 cells (0.0%) with an average displacement of 0.000 and a maximum of 0.000. (LGL-054)
Information: 0 cells have changed to a different variant during optimization.
Information: Initializing post-fixing for unresolved advanced rules (place.legalize.enable_post_fixing_for_advanced_rules)...
Information: The maximum number of placement DRCs to be resolved by post-fixing (place.legalize.post_fixing_for_advanced_rules_threshold): 10
Warning: Auto rule 'max_merged_length_width' is not detected, skipped.
Warning: Auto rule 'cpode_group_space' is not detected, skipped.
Warning: Auto rule 'vt_protection' is not detected, skipped.
Information: No required rule is detected, skipped post-fixing.
10 references with the lowest legality passing rate:
AND2X1_HVT: 100.0% (1690 / 1690)
AND2X1_LVT: 100.0% (1 / 1)
AND2X1_RVT: 100.0% (55 / 55)
AND2X2_HVT: 100.0% (134 / 134)
AND2X2_RVT: 100.0% (5 / 5)
AND2X4_HVT: 100.0% (108 / 108)
AND2X4_LVT: 100.0% (3 / 3)
AND3X1_HVT: 100.0% (258 / 258)
AND3X1_RVT: 100.0% (24 / 24)
AND3X2_HVT: 100.0% (58 / 58)
================ Displacement Report =================
Area: placed=718873, unplaced=0, fixed=23322, blocked=1623444, total=3355608
Density = 742195/1732164 sites = 42.85%
Inbound cells: 0; 2-row cells: 0; >2-row cells: 30
    Total cell instance count: 49910 (38219 placed, 0 unplaced, 11691 fixed)
No cells moved
======================================================
Information: Dynamic Rule Ordering (DRO): true
... spacing_rule         has failure rate:     0% on about 7.6e+04 checks
... vt_min_area          has failure rate:     0% on about 7.6e+04 checks
... pin_color_align      has failure rate:     0% on about 7.6e+04 checks
... pg_drc               has failure rate:     0% on about 7.6e+04 checks
NPLDRC: Processed 692 libCells; 668 unique
NPLDRC: 692 LibCell Equivalence info written to file
NPLDRC Place Cache: unique cache elements 63207
NPLDRC Place Cache: read cache elements 63207
NPLDRC Place Cache: hit rate 100.0%  (0 / 76438)
NPLDRC Access Cache: unique cache elements 66561
NPLDRC Access Cache: read cache elements 66561
NPLDRC Access Cache: hit rate 100.0%  (0 / 76438)
Information: The net parasitics of block fsc_top are cleared. (TIM-123)
Information: The stitching and editing of coupling caps is turned OFF for design 'fsc_top_compile.nlib:compile_initial_opto.design'. (TIM-125)
Information: Orientation ETCH is using reference direction: VERTICAL. (NEX-032)
Information: 5 out of 10 LGL-151 messages were not printed due to limit 5 (after 'compile_fusion' at run_all_ccd.tcl:165) (MSG-3913)
Information: 87 out of 92 LGL-336 messages were not printed due to limit 5 (after 'compile_fusion' at run_all_ccd.tcl:165) (MSG-3913)

Compile-fusion optimization summary            SETUP-COST    R2R-COST HOLD-COST LDRC-COST          AREA     LEAKAGE     INSTCNT            ELAPSE       MEM
Compile-fusion                                       8.59        0.00      0.00       227     567282.56        5.31       38249              0.10      1981
Information: Ending   compile_fusion / final_opto / Legalization (2) (FLW-8001)
Information: Time: 2026-06-26 15:23:39 / Session:  00:05:55 / Command:  00:03:55 / CPU:  00:08:50 / Memory: 1981 MB (FLW-8100)
INFO: Enabled CLO at stage after_LGL4.

INFO: Last Legalizer Used: Advanced
INFO: First Compile-fusion did not mark run with CLO enabled/disabled property
INFO: Concurrent Legalization and Optimization (CLO) Enabled
Information: Setting cm.enable_advanced_legalizer_engine to true

INFO: ALMap's advanced rules are not enabled
INFO: ALMap is activating all rules (including PG/advanced rules)
Information: ALMap mode is on
Information: user defined min VT filler size is 2. The smallest size of filler cells should be 2.
Information: Setting bounds and VA for block 'fsc_top'...
Information: Setting up voltage area 'DEFAULT_VA'.
Information: checking lib cells power/ground pins
Information: Lib cells of site unit have their ground pins at bottom 

Information: Legalizer threading is enabled with high effort (LGL-130)

Information: Setting up cell instances...
Information: All fillers in the reference libraries will be considered during legalization/check legality
Information: Initializing site map 'unit' at {8 8} {932.008 930.944}.
Information: Init siteMap unit with 6079 sites x 552 rows
Adding rule engine Basic Rules version 1.0.0...
Adding rule engine VT Implant Rules version 1.0.0...
Adding rule engine OD Rules version 1.0.0...
Adding rule engine TPO Rules version 1.0.0...
Information: place.legalize.enable_pin_extension_for_pin_access is false.
Adding rule engine Pin Access Rules version 1.0.0...
Adding rule engine Span Rules version 1.0.0...
Adding rule engine Index Rules version 1.0.0...
Adding rule engine Color Rules version 1.0.0...
Adding rule engine Inbound Rules version 1.0.0...
Adding rule engine PG DRC Rules version 1.0.0...
Adding rule engine Exp Rules version 1.0.0...
Adding rule engine Under PG Rules version 1.0.0...
Adding rule engine Chipfin Rules version 1.0.0...
Adding rule engine Density Rules version 1.0.0...
Adding rule engine User Rules version 1.0.0...
Adding rule engine Back Side Rules version 1.0.0...
Adding rule engine NP-Well Rules version 1.0.0...
Adding rule engine Route-aware Pin Access Rules version 1.0.0...
Adding rule engine Safety Register Rules version 1.0.0...
Adding rule engine Soft Rules version 1.0.0...
2D rule auto detection will enable the following rules:
pin_color_align
spacing_rule
pg_drc
vt_min_area
Information: Apply spacing rule on full inbound edge (place.legalize.apply_spacing_rule_full_inbound_edge): no
Information: Use base site row as spacing rule sub row (for uni-row only) (place.legalize.use_base_site_row_as_spacing_rule_sub_row): no
Information: Initializing CTS constraints...
Information: user defined min VT filler size is 2. Any fillers smaller than 2x will be ignored
Information: nwell layer number 1
Constructing VT legality info...
Warning: Detected lib cells with no implant layer shapes. Please check the lib cells to see if need to use virtual implant.If user want to use virtual implant, please enable related app options. (place.legalize.use_virtual_implant_layer and set up place.legalize.virtual_implant_layer_min_width) (LGL-480)
Constructing implant ignored layer info...
Information: The ignored implant layer for vt_min_width (place.legalize.vt_min_width_ignored_implant_layers) is not specified, skipped.
Warning: Filler cell 'SHFILL128_HVT' has no VT implant layer shapes. (LGL-151)
Warning: Filler cell 'SHFILL1_HVT' has no VT implant layer shapes. (LGL-151)
Warning: Filler cell 'SHFILL2_HVT' has no VT implant layer shapes. (LGL-151)
Warning: Filler cell 'SHFILL3_HVT' has no VT implant layer shapes. (LGL-151)
Warning: Filler cell 'SHFILL64_HVT' has no VT implant layer shapes. (LGL-151)
Information: reference lib cells do not contain VT jogs
Information: Design scale factor is 1000
Information: User specified layer M3 will check pin color alignment
Constructing pin color alignment legality info...
Information: Reading Vertical abutment prohibit pattern from app option (place.legalize.vertical_abutment_forbidden_pairs)...
	Format 1: label1-label2
	Format 2: label1-label2-minConsecutivePairs
	Format 3: label1-label2-minVertDist-maxVertDist
	Format 4: label1-label2-minVertDist-maxVertDist-minConsecutivePairs
Information: App option (place.legalize.vertical_abutment_forbidden_pairs) is empty.
Information: Reading Vertical abutment prohibit pattern from PRF...
Information: Is mixed-row flow: no
Initializing PG drc check engine...
NPLDRC: Using a 8x8 grid for PG structure analysis
NPLDRC: Filter 38.60% (1581/4096) blocked grids
Warning: Routing direction of metal layer CO is neither "horizontal" nor "vertical".  PDC checks will not be performed on this layer. (PDC-003)
Scanning PG objects...
PG hash cached 2 nets; 49 viaBoxes; 0 viaMatrixRefs; 0 patterns; 0 extensions.
PG scanned 7426 shapes (4114 on M6); 103473 vias (33139 on M1); 0 via matrix (0 on CO); 0 shape pattern (0 on CO); 847 under straps (570 on M1); 0 staples; 0 tall vias; 2078 base straps.
PG scan complete.  Hash key = 604e75ad5a2a7ce4
Information: Reading PG structure for 'fsc_top_compile.nlib:compile_initial_opto.design'. (NPLDRC-003)
Warning: Detected a sector {{280.1970 67.3000} {352.4780 68.4600}} on layer M6 with 162 metal and/or via shapes. (NPLDRC-007)
Warning: Detected a sector {{235.1960 66.1280} {352.4780 67.3000}} on layer M6 with 178 metal and/or via shapes. (NPLDRC-007)
Warning: Detected a sector {{131.5170 144.0010} {217.3160 145.1730}} on layer M6 with 220 metal and/or via shapes. (NPLDRC-007)
Warning: Detected a sector {{651.4000 221.2510} {704.8020 222.4110}} on layer M6 with 120 metal and/or via shapes. (NPLDRC-007)
Warning: Detected a sector {{602.3500 220.0790} {704.8020 221.2510}} on layer M6 with 159 metal and/or via shapes. (NPLDRC-007)
Warning: Detected a sector {{587.7300 139.2400} {650.9500 140.4120}} on layer M6 with 143 metal and/or via shapes. (NPLDRC-007)
Warning: Detected a sector {{9.2770 255.8400} {117.1280 257.0120}} on layer M6 with 194 metal and/or via shapes. (NPLDRC-007)
Warning: Detected a sector {{234.8610 274.8400} {295.4610 276.0120}} on layer M6 with 135 metal and/or via shapes. (NPLDRC-007)
Warning: Detected a sector {{306.0390 275.0900} {352.4220 276.0120}} on layer M6 with 105 metal and/or via shapes. (NPLDRC-007)
Warning: Detected a sector {{308.9360 274.8400} {352.4220 275.0900}} on layer M6 with 102 metal and/or via shapes. (NPLDRC-007)

NPLDRC Sector Array Stats:
Num Sectors: 155450
Num SecDefs:   871

NPLDRC: Read 692 libCell Equivalence info from file
Connection checks for layer M2: blocked_pin pin_access_default track_none pin_extend0
Connection checks for layer M3: blocked_pin pin_access_default track_none pin_extend1
Connection checks for layer M4: blocked_pin pin_access_default track_none pin_extend1
Connection checks for layer M5: blocked_pin pin_access_default track_none pin_extend1

NPLDRC app_option (user set) values:
---------------------------------------

place.legalize.enable_pin_color_alignment_check				true
place.legalize.check_metal_dpt_odd_cycle_on_layers				M3 
place.legalize.pin_color_alignment_layers				M3 
place.legalize.enable_color_shifting				false
place.legalize.alternative_edrc_data_model				false

---------------------------------------

---------------------------------------
Information: NPLDRC is created for block compile_initial_opto
Information: Extracting M1 PG straps
Information: Constructing cell pin extension data for fast PG check.
Information: Constructing PG-Via/VIB/VINS layer info (VIA1/M2)...
Information: PG-Via Abut check extension is 0
Information: PG-Via(pg_via_abut) design rule for layer VIA1 and VIA1 not found
Information: VIB(vib_abut) design rule for layer M2 and VIA1 not found
Information: VINS(vins_abut) design rule for layer M2 and VIA1 not found
Information: Enabling hard placement rule spacing_rule...
Information: Enabling hard placement rule cts_spacing...
Information: Enabling hard placement rule vt_min_area...
Information: Enabling hard placement rule pin_color_align...
Information: Enabling hard placement rule pg_drc...
Information: Adjusting SRAM1RW64x32 to a multi-height library cell. (LGL-336)
Information: Adjusting SRAM2RW32x32 to a multi-height library cell. (LGL-336)
Information: Adjusting SRAM2RW16x32 to a multi-height library cell. (LGL-336)
Information: Adjusting SRAM2RW128x16 to a multi-height library cell. (LGL-336)
Information: Adjusting SRAM2RW128x32 to a multi-height library cell. (LGL-336)
Information: Cellmap context awareness is 100% of the current design
Information: 38219 cells are added to cellmap context (for block fsc_top).
INFO: creating 138(r) x 139(c) nypdGridCells adjYDim 6.688 (5.016) adjXDim 6.688 (5.016)
INFO: number of GridCells (compile_initial_opto): 19182
INFO: extracted primary site defs: unit 
initInstances softBlockage 0 clkIsFixed 0
CLO multi-threading is turned ON
Information: NPLDRC is shared by 2 clients for block compile_initial_opto
Compile-fusion optimization Phase 52 Iter  1         8.59        0.00      0.00       227     567282.56        5.31       38249              0.10      1981
Information: 5 out of 10 LGL-151 messages were not printed due to limit 5 (after 'compile_fusion' at run_all_ccd.tcl:165) (MSG-3913)
Information: 87 out of 92 LGL-336 messages were not printed due to limit 5 (after 'compile_fusion' at run_all_ccd.tcl:165) (MSG-3913)

Compile-fusion optimization Phase 53 Iter  1         8.59        0.00      0.00       228     567282.56        5.31       38249              0.10      1981


Information: Runtime Summary (compile_fusion / final_opto)  (FLW-9000)
----------------------------------------------------------------------------
    Elapse (Hrs)   Elapse (%)       CPU/Elapse       Category
----------------------------------------------------------------------------
      0.00           29.6%             1.8           Legalize 
      0.00           20.4%             3.9           Other 
      0.00           14.6%             8.1           Power/Area Opt 
      0.00           12.3%             5.1           CUS 
      0.00            9.7%             1.9           Setup Opt 
      0.00            7.8%             6.7           LDRC 
      0.00            5.7%             4.4           Init 
----------------------------------------------------------------------------
      0.01          100.0%             4.1           Total 
----------------------------------------------------------------------------

Host Options:
-------------
Max cores: 16

Machine Spec:
-------------
INTEL(R) XEON(R) GOLD 6548Y+ / 128 CPUs  
Sockets: 2, Cores: 32, HT/SMT, not-VM
----------------------------------------------------------------------------

Information: Ending   compile_fusion / final_opto (FLW-8001)
Information: Time: 2026-06-26 15:23:41 / Session:  00:05:58 / Command:  00:03:58 / CPU:  00:08:55 / Memory: 1981 MB (FLW-8100)

Information: >>>>>>> 3 unique error and warning message tags while observing compile_fusion / final_opto: (MSG-3100)
Information: #prnt #trgr #lmt    Tag  Level     Format (or last printed message)                                (MSG-3036)
Information:     8     2  0 OPT-063   WARNING   Warning: Constant net *Logic1* is a dont_touch net. (OPT-063... (MSG-3032)
Information:    30    20  5 LGL-151   WARNING   Warning: Filler cell 'SHFILL64_HVT' has no VT implant layer ... (MSG-3032)
Information:     7     4  0 LGL-480   WARNING   Warning: Detected lib cells with no implant layer shapes. Pl... (MSG-3032)
Information:    45    26  1        3  <------   Total sum of messages (MSG-3038)
Information: >>>>>>> Summary: 26 error&warning MSGs observed during compile_fusion / final_opto (MSG-3103)

Information: OTF total size or move pass rate 0% (0/0)
Information: OTF total add cell pass rate 0% (0/0)
INFO: Advanced Legalizer Map and NDM objects are in sync
Information: OTF total size or move pass rate 0% (0/0)
Information: OTF total add cell pass rate 0% (0/0)
Information: clearing localOTF observer info
Information: Dynamic Rule Ordering (DRO): true
NPLDRC: Processed 692 libCells; 668 unique
NPLDRC: 692 LibCell Equivalence info written to file
================ Displacement Report (CLO) =================
Block: fsc_top
Area: placed=718873, unplaced=0, fixed=23322, blocked=1623444, total=3355608
Density = 742195/1732164 sites = 42.85%
Inbound cells: 0; 2-row cells: 0; >2-row cells: 30
    Total cell instance count: 49910 (38219 placed, 0 unplaced, 11691 fixed)
No cells moved
======================================================
Number of Site types in the design = 1
Setting up Chip Core
Chip Core shape: (8000 8000) (932008 930944)
Number of VARs = 1
Number of unique PDs = 1
Number of Power Domains = 1
Number of Voltage Areas = 1
Number of supply Nets = 2
Number of used supplies = 0
Blocked VAs: 
INFO: Running FTB cleanup in end of npo flow.
Enable dominated scenarios

Compile-fusion optimization complete                 8.59        0.00      0.00       227     567282.56        5.31       38249              0.10      1981
Co-efficient Ratio Summary:
4.193421039744  6.578038922354  2.479639287277  7.744187740401  0.485050000353  3.179565833784  5.567214754587  2.894467187461  6.565921703844  9.017040305874  3.104670358046  9.819194242501  6.071954064085  2.744507641123  8.318395804907
9.699225450672  2.464623709688  1.382370221226  9.387184229619  3.142429406669  0.968752789964  6.613180723294  4.146581593224  7.876358404193  2.191248903696  0.963734699107  2.756803186531  3.843281164440  3.750505353169  7.663638042299
6.212201591549  7.759678222581  7.862243056717  0.402387177150  0.032845095897  0.596111512371  4.701287396892  7.205148312169  8.278351884249  1.183838990997  3.334436956357  5.813364474372  7.176625485364  9.669118299761  7.591667547087
7.632106727855  7.679078812940  9.831314288630  1.878805017928  3.230072343539  1.226270037326  7.050450494780  2.403931973631  6.139852030035  4.100323866110  1.274718037768  4.526401396713  5.627609908820  7.826156553678  4.759313618263
5.409027350966  2.609823401458  0.626142538674  6.381676852919  9.187474022495  0.513656796621  5.027570618562  6.119826246103  6.181472808188  1.581788165776  7.486041370210  9.530227102406  2.044558487119  3.921469167338  0.650668882345
9.472458336098  3.368484143518  4.897111549020  6.860149444452  2.000104051691  9.095345907689  2.197041709512  0.915913867443  5.466092894407  8.142703855883  4.607193713337  8.290128437217  3.507601805451  1.682015312888  7.173613918510
9.939562132962  3.617852521207  8.946772637652  1.169969732707  4.529946656262  3.090979409795  5.580726136993  1.131300563510  0.721709111235  7.515050217690  0.649322757484  1.063796786263  5.814340766269  5.826039183342  4.349563492435
0.216216342906  9.612142271141  7.311156782104  0.823519341628  0.356161286693  8.022019569284  2.603132585844  5.024802351363  1.359359528799  5.407588151201  2.804123092867  1.211238864700  0.410544713533  1.833134065081  6.448737937188
4.848373546137  2.936801803963  8.671494124225  4.212305516610  9.007627270112  3.308107178452  5.607471109985  8.514743440423  2.764676976870  9.324231638770  1.551199504338  2.356437395375  0.757469530179  1.961783111696  2.781583541418
3.355375589249  9.437909641532  9.136702642545  9.020209408464  9.978471495117  7.467457734047  3.171274721421  9.815920540044  4.331414634574  0.413549684361  3.309910713050  7.408627399853  1.905601424529  5.623769959547  7.269543208696
3.367403537373  7.093641363632  7.411336156476  6.944246176650  5.239565921087  4.802189647382  3.894401463832  4.531610219342  1.605155654249  8.173755947963  9.287277399859  7.596330131255  0.003137817956  5.833046256721  4.754767489445
4.387461080181  1.217863759623  7.505874310467  0.800933186343  9.509851607812  3.964085274420  8.341123831811  5.604907769922  5.026083243808  3.950089838237  0.221226553159  4.075548407992  9.409443596875  2.789226361318  0.723474614657
8.793224111224  8.918112067043  5.103696096373  4.141094470014  8.443881384045  0.064440375020  6.053169766345  8.842299421220  1.167950772303  8.473982486224  3.056717665679  7.923089196934  5.098671559611  1.512633170128  7.396072920513
5.512169251424  1.398268966202  5.190997333443  6.408244786760  9.731622717389  4.385364966981  9.999761759148  7.347087563210  6.393266764343  8.063342683131  4.288630625586  5.863604323007  2.346351122627  0.037628705045  0.494958640392
8.173631047574  2.544054268951  0.066110127471  8.589655657074  6.653063562487  8.808820782685  7.253678475913  3.418263340902  7.926377267326  3.652850362614  2.538674154243  6.608631964997  4.025217051365  6.796923502757  0.618730011981
3.446103042736  2.312107906097  5.365776748604  1.822107158456  2.469756204172  7.387119392116  0.867338065048  8.682345747245  8.902409333282  4.394910789711  1.549020101987  9.290161043760  4.054413909534  5.907981219704  1.709780491590
0.067443970298  2.308426662199  0.055883460719  3.265224024446  3.794567350487  0.705451168271  6.012888717343  3.718510793956  2.708373368129  2.772609294677  2.637652631634  9.588415333144  6.659083909097  9.409096158072  6.136161513139
7.763510406769  9.625254509424  7.417690064932  2.209371301703  1.043513581151  9.666269582673  0.883342434938  3.292435821621  6.918317968658  2.422543131115  6.782104507099  9.197336916866  1.289414402201  9.569585860313  2.585012902480
2.551363569524  9.521353398686  3.451201280412  3.477518326530  0.052200041776  0.313533183387  2.465081644855  7.737188284837  3.112548290024  1.055059267149  4.124225946978  5.362328881912  7.273933930810  7.178753160747  1.109153251474
3.640423600056  6.979434780351  6.938770155119  9.989997430050  8.202625075468  5.030179196142  1.411696278130  3.341418135537  5.155650940134  9.893628313670  2.642545428469  9.254172662847  1.498938346745  7.734348917127  4.721699381592
0.740044867730  4.637138899282  4.984361330991  0.198619945279  8.206103190282  7.924529562340  7.259547726936  3.008696136740  3.103784706708  1.515728141133  6.156476110863  6.922368298956  5.924808080218  9.647683989440  1.463000853161
0.419342594104  5.657803665203  0.247963928727  7.774418954040  1.048505000035  3.317956583378  4.556721475458  7.289445238746  1.656592128120  3.901719150587  4.310467506432  3.932051625985  1.600633996408  5.274721434112  3.831089960490
7.969922936297  3.246462143936  4.138237022122  6.938718602961  9.314242940666  9.096875278996  4.661318072329  4.414657679322  4.787635898255  2.219139910369  6.096373930548  4.226722519388  1.387866606444  0.375321205316  9.766513284229
9.621220540384  0.775967695226  7.786224305671  7.040238997715  0.003284509589  7.059611151237  1.470128739689  2.720513351216  9.827835136260  8.118398919099  7.333443166263  4.532478648162  2.710100038536  4.966282599976  1.759316134708
7.763210063915  6.767907654262  6.983131428863  0.187880781792  8.323007234353  9.122627003732  6.705045049478  0.240392617363  1.613985251849  4.410047406611  0.127471374304  5.403782330306  3.565208480882  0.782986325367  8.475181741826
3.540902126226  7.260982113113  4.062614253867  4.638167865291  9.918747402249  5.051365679662  1.502757061856  2.611981144610  3.618147238654  7.158183936577  6.748604608659  7.904164911975  6.207993338711  9.392417686733  8.065216268234
5.947245224839  9.336848287329  4.489711154902  0.686014124445  2.200010405169  1.909534590768  9.219704170951  2.091590806744  3.546609237286  6.814285405588  3.460719842961  4.870154044456  7.353208670545  1.168572201288  8.717511771851
0.993956604424  3.361785025198  3.894677263765  2.116996153270  7.452994665626  2.309097940979  5.558072613699  3.113139676351  0.072170969820  4.751510541769  0.064932746376  1.157411879351  3.584972566626  9.582974688334  2.434106729243
5.021621025428  7.961214090182  7.731115678210  4.082351114162  8.035616128669  3.802201956928  4.260313258584  4.502480155136  3.135935959430  3.540772145120  1.280412863190  8.172248770220  0.044597631353  3.183688846508  1.644023173718
8.484837745841  8.293680953433  3.867149412422  5.421230731661  0.900762727011  2.330810717845  2.560747110998  5.851474264042  3.276467694248  4.932447493877  0.155119414338  7.286768595262  5.078289103017  9.196443741169  6.278308734141
8.335537949152  0.943790737290  2.913670264254  5.902020120846  4.997847149511  7.746745773404  7.317127472142  1.981592974004  4.433141460018  8.041378298436  1.330991535200  9.791987595610  3.193003392452  9.562641325954  7.726104700869
6.336740744965  4.709364909400  2.741133615647  6.694424897665  0.523956592108  7.480218964738  2.389440146383  2.453161941934  2.160515562085  3.817399824796  3.928727293880  8.700758879850  5.003856931795  6.583679055672  1.475626128944
5.438746599246  2.121786148009  3.750587431046  7.080093598634  3.950985160781  2.396408527442  0.834112383181  1.560490696992  2.502608321941  2.395022213823  7.022122119210  8.458679606424  2.943487509687  5.278297066131  8.072597841465
7.879322802350  5.891811079841  3.510369609637  3.414109627001  4.844388138404  5.006444037502  0.605316976634  5.884229762122  0.116795074778  7.847318778622  4.305671234949  8.743433256578  4.502303605961  1.151531047012  8.739857672051
3.551216316370  5.139826669767  2.519099733344  3.640824658676  0.973162271738  9.438536496698  1.999976175914  8.734708576321  0.639326673972  7.806354698313  1.428863548604  0.537410088550  7.237177812262  7.003036570504  5.049646424039
2.817363595985  5.254405299932  1.006611012747  1.858965745707  4.665306356248  7.880882078268  5.725367847591  3.341826154090  2.792637723270  2.365205406261  4.253867993732  7.611919147024  7.405063405136  5.679966050275  7.061024661198
1.344610795401  7.231210563746  7.536577674860  4.182210995845  6.246975620417  2.738711939211  6.086733806504  8.868234394724  5.890240930868  8.439411448971  1.154902598527  4.970163476251  0.408983090953  4.590062821970  4.170129609159
0.006744788257  9.230842439356  9.005588346071  9.326522682444  6.379456735048  7.070545116827  1.601288871734  3.371851899395  6.270837333352  5.277280389467  7.263765741515  6.909998991449  4.668440130909  7.940273455807  2.613867711313
9.776351431804  0.962525223089  4.741769006493  2.220937310170  3.104351358115  1.966626958267  3.088334243493  8.329243302162  1.691831793305  4.242274773111  5.678210938151  1.960880059711  6.121483280220  1.956222326031  3.258752850248
0.255136747180  5.952135102905  6.345120128041  2.347751012653  0.005220004177  6.031353318338  7.246508164485  5.773718648483  7.311254826542  0.105525386714  9.412422072049  0.587389246226  2.720835133081  0.717149156074  7.110166985147
4.364042751233  7.697943241172  1.693877015511  9.998999923005  0.820262507546  8.503017919614  2.141169627813  0.334141633553  7.515565091553  0.989382291367  0.264254020128  0.976564645934  7.142335674674  5.773708631712  7.472310598159
Information: The net parasitics of block fsc_top are cleared. (TIM-123)
Information: The stitching and editing of coupling caps is turned OFF for design 'fsc_top_compile.nlib:compile_initial_opto.design'. (TIM-125)
Information: Orientation ETCH is using reference direction: VERTICAL. (NEX-032)

Compile-fusion final QoR
________________________
Scenario Mapping Table
1: ss0p95v125c.func

Pathgroup Mapping Table
1: **default**
2: **async_default**
3: **clock_gating_default**
4: **in2reg_default**
5: **reg2out_default**
6: **in2out_default**
7: pll1_clk_in
8: pll2_clk_in
9: pixel_clk
10: system_clk
11: comp_clk
12: i2c_scl
13: system_clk_div2
14: pll2_clk_div2
15: panel_clk_inv_gate
16: panel_clk_dly
17: panel_clk_gate
18: system_clk_int
19: flash_clk_gate
20: i2c_clk
21: sdram_clk_gate
22: sdram_clk
23: pixel_comp_clk_pix
24: REGOUT
25: IN2REG
26: REGIN
27: FEEDTHROUGH
28: R2R
29: REG2MEM
30: MEM2REG
31: IN2MEM
32: MEM2OUT
33: REG2ICG
34: MEM2ICG
35: IN2ICG
36: ICG2MEM
37: ICG2REG

-------------------------------------------------------------------------------------------------------------------------------------------------------------
PATHGROUP QOR 
-------------------------------------------------------------------------------------------------------------------------------------------------------------
Scene  PG      WNS        TNS    NSV      WHV        THV    NHV
    1   1   0.0000     0.0000      0   0.0000     0.0000      0
    1   2   0.0000     0.0000      0   0.0000     0.0000      0
    1   3   0.0000     0.0000      0   0.0000     0.0000      0
    1   4   0.0000     0.0000      0   0.0000     0.0000      0
    1   5   0.0000     0.0000      0   0.0000     0.0000      0
    1   6   0.0000     0.0000      0   0.0000     0.0000      0
    1   7   0.0000     0.0000      0   3.1638     3.1638      1
    1   8   0.0000     0.0000      0   0.0000     0.0000      0
    1   9   0.0000     0.0000      0  13.7686    16.1671      3
    1  10   0.0000     0.0000      0  14.5787    14.5787      1
    1  11   0.0000     0.0000      0   0.0000     0.0000      0
    1  12   0.0000     0.0000      0   0.0000     0.0000      0
    1  13   0.0000     0.0000      0  29.6885    29.6885      1
    1  14   0.0000     0.0000      0   0.0000     0.0000      0
    1  15   0.0000     0.0000      0   0.0000     0.0000      0
    1  16   0.0000     0.0000      0   0.0000     0.0000      0
    1  17   0.0000     0.0000      0   0.0000     0.0000      0
    1  18   0.0000     0.0000      0   0.0000     0.0000      0
    1  19   0.0000     0.0000      0   0.0000     0.0000      0
    1  20   0.0000     0.0000      0   0.0000     0.0000      0
    1  21   0.0000     0.0000      0   0.0000     0.0000      0
    1  22   0.0000     0.0000      0   0.0000     0.0000      0
    1  23   0.0000     0.0000      0   0.0000     0.0000      0
    1  24   0.0000     0.0000      0   0.0000     0.0000      0
    1  25   0.0000     0.0000      0   0.0000     0.0000      0
    1  26   0.0000     0.0000      0   0.0000     0.0000      0
    1  27   4.3470     8.5893      2   0.0000     0.0000      0
    1  28   0.0000     0.0000      0   0.8002     2.5180      4
    1  29   0.0000     0.0000      0   0.0000     0.0000      0
    1  30   0.0000     0.0000      0   0.0000     0.0000      0
    1  31   0.0000     0.0000      0   0.0000     0.0000      0
    1  32   0.0000     0.0000      0   0.0000     0.0000      0
    1  33   0.0000     0.0000      0   0.0000     0.0000      0
    1  34   0.0000     0.0000      0   0.0000     0.0000      0
    1  35   0.0000     0.0000      0   0.0000     0.0000      0
    1  36   0.0000     0.0000      0   0.0000     0.0000      0
    1  37   0.0000     0.0000      0   0.0000     0.0000      0
----------------------------------------------------------------------------------------------------------------------------------------------------------------------
SCENARIO QOR 
----------------------------------------------------------------------------------------------------------------------------------------------------------------------
Scene  PG      WNS        TNS   R2RTNS    NSV      WHV        THV    NHV  MaxTrnV   MaxTranC  MaxCapV    Leakage
    1   *   4.3470     8.5893   0.0000      2  29.6885    66.1161     10        8     0.0728      220      5.309
----------------------------------------------------------------------------------------------------------------------------------------------------------------------
DESIGN QOR 
----------------------------------------------------------------------------------------------------------------------------------------------------------------------
Scene  PG      WNS        TNS   R2RTNS    NSV      WHV        THV    NHV  MaxTrnV   MaxTranC  MaxCapV    Leakage         Area    InstCnt     BufCnt     InvCnt
    *   *   4.3470     8.5893   0.0000      2  29.6885    66.1161     10        8     0.0728      220      5.309    567282.56      38249       3049       2784
----------------------------------------------------------------------------------------------------------------------------------------------------------------------

Compile-fusion final QoR Summary         WNS        TNS   R2RTNS    NSV      WHV        THV    NHV  MaxTrnV  MaxCapV    Leakage         Area    InstCnt
Compile-fusion final QoR Summary      4.3470     8.5893   0.0000      2  29.6885    66.1161     10        8      220      5.309    567282.56      38249

Compile-fusion command complete                CPU:  1007 s (  0.28 hr )  ELAPSE:   361 s (  0.10 hr )  MEM-PEAK:  1981 MB
Compile-fusion command statistics  CPU=203 sec (0.06 hr) ELAPSED=49 sec (0.01 hr) MEM-PEAK=1.935 GB
Information: Setting cm.enable_advanced_legalizer_engine to false
Information: The net parasitics of block fsc_top are cleared. (TIM-123)
INFO: End environment monitoring: recipes
INFO: Restored 0 timer status, 5 app options, 0 tcl gvars, 0 env vars
Information: >>>>>>> 11 unique error and warning message tags while observing fusion: (MSG-3100)
Information: #prnt #trgr #lmt    Tag  Level     Format (or last printed message)                                (MSG-3036)
Information:     2     1  0 FLW-3502  WARNING   Warning: The app option 'compile.flow.high_effort_timing' wi... (MSG-3032)
Information:     1     1 10 SQM-1061  WARNING   Warning: Cannot infer functionality of libcell 'saed32pll/PL... (MSG-3032)
Information:     2     1  0 ZRT-704   WARNING   Warning: The value of route.common.extra_nonpreferred_direct... (MSG-3032)
Information:     2     1  0 ZRT-511   WARNING   Warning: Cell contains tie connections which are not connect... (MSG-3032)
Information:     2     1  0 ZRT-022   WARNING   Warning: Cannot find a default contact code for layer CO. (Z... (MSG-3032)
Information:     2     1  0 PLACE-029 WARNING   Warning: There is insufficient area available to achieve the... (MSG-3032)
Information:   212   108  0 ZRT-763   WARNING   Warning: Cell u_datapath/u_input_line_buffer_control/u_input... (MSG-3032)
Information:     8     4  0 OPT-063   WARNING   Warning: Constant net *Logic1* is a dont_touch net. (OPT-063... (MSG-3032)
Information:    30    25  5 LGL-151   WARNING   Warning: Filler cell 'SHFILL64_HVT' has no VT implant layer ... (MSG-3032)
Information:     7     6  0 LGL-480   WARNING   Warning: Detected lib cells with no implant layer shapes. Pl... (MSG-3032)
Information:     5     1  0 OPT-035   WARNING   Warning: Power app option opt.power.effort has been deprecat... (MSG-3032)
Information:   273   150  2       11  <------   Total sum of messages (MSG-3038)
Information: >>>>>>> Summary: 150 error&warning MSGs observed during fusion (MSG-3103)

  Block: fsc_top_compile.nlib:compile_initial_opto.design
  Current State: is mapped; is placed; 
  Events:
	- initial_map             	02/27/26 15:01 -->     0.016 hours
	- logic_opto              	02/27/26 15:02 -->     0.034 hours
	  [netlist change detected]
	- initial_place           	02/27/26 15:04 -->     0.009 hours
	- initial_drc             	02/27/26 15:05 -->     0.011 hours
	- initial_opto            	06/26/26 15:17 -->     0.029 hours
	- final_place             	06/26/26 15:19 -->     0.052 hours
	- final_opto              	06/26/26 15:22 -->     0.013 hours

DEBUG FLOWMSGPRINTER: HANDLER IS NULL
Information: Ending   'compile_fusion -from final_place -to final_opto' (FLW-8001)
Information: Time: 2026-06-26 15:23:45 / Session:  00:06:01 / Command:  00:04:01 / CPU:  00:09:08 / Memory: 1981 MB (FLW-8100)
Information: Running auto PG connection. (NDM-099)
1
