INFO: compile_fusion is running in balanced flow mode.
Information: Structural Congestion Optimization technology (Early SCO) has been enabled. (SCO-0001)
Information: Starting 'compile_fusion' (FLW-8000)
Information: Time: 2026-07-01 14:28:42 / Session:  00:01:08 / Command:  00:00:00 / CPU:  00:00:00 / Memory: 1023 MB (FLW-8100)
Information: CPU Load: 0%, Ram Free: 159 GB, Swap Free: 13 GB, Work Disk Free: 5929 GB, Tmp Disk Free: 70 GB (MSG-3995)
CPU Load: 0%, Ram Free: 159 GB, Swap Free: 13 GB, Work Disk Free: 5929 GB, Tmp Disk Free: 70 GB
****************************************
Report : report_tbcs
Version: V-2023.12-SP5
Date   : Wed Jul  1 14:28:42 2026
****************************************
INFO: Start environment monitoring: recipes
INFO: compile_fusion is running in balanced flow mode.
Warning: No valid clocks available in mode 'test'. Setting clock frequency to 1 GHz. (POW-034)
Information: The net parasitics of block fsc_top are cleared. (TIM-123)
Information: Timer using 8 threads
Warning: No valid clocks available in mode 'test'. Setting clock frequency to 1 GHz. (POW-034)
Warning: No valid clocks available in mode 'test'. Setting clock frequency to 1 GHz. (POW-034)
Warning: No valid clocks available in mode 'test'. Setting clock frequency to 1 GHz. (POW-034)
Warning: No valid clocks available in mode 'test'. Setting clock frequency to 1 GHz. (POW-034)
Warning: No valid clocks available in mode 'test'. Setting clock frequency to 1 GHz. (POW-034)
Warning: Cannot infer functionality of libcell 'saed32pll/PLL' and will be excluded from sequential mapping. (SQM-1061)
Information: The automatic clock gate timing flow is activated. Clock latencies set on clock gate cells will be automatically adjusted by an estimate for latency. (CGT-4005)
----------------------------------------------------------------------------------------------------------
Information: Starting compile_fusion / initial_map (FLW-8000)
Information: Time: 2026-07-01 14:28:43 / Session:  00:01:09 / Command:  00:00:00 / CPU:  00:00:00 / Memory: 1059 MB (FLW-8100)
Information: CPU Load: 0%, Ram Free: 159 GB, Swap Free: 13 GB, Work Disk Free: 5929 GB, Tmp Disk Free: 70 GB (MSG-3995)
----------------------------------------------------------------------------------------------------------
Information: Starting compile_fusion / initial_map / Load Design (FLW-8000)
Information: Time: 2026-07-01 14:28:43 / Session:  00:01:09 / Command:  00:00:01 / CPU:  00:00:01 / Memory: 1059 MB (FLW-8100)
Information: CPU Load: 0%, Ram Free: 159 GB, Swap Free: 13 GB, Work Disk Free: 5929 GB, Tmp Disk Free: 70 GB (MSG-3995)
Warning: No valid clocks available in mode 'test'. Setting clock frequency to 1 GHz. (POW-034)
Warning: No valid clocks available in mode 'test'. Setting clock frequency to 1 GHz. (POW-034)
Warning: No valid clocks available in mode 'test'. Setting clock frequency to 1 GHz. (POW-034)
Compile-fusion optimization summary            SETUP-COST    R2R-COST HOLD-COST LDRC-COST          AREA     LEAKAGE     INSTCNT            ELAPSE       MEM
Compile-fusion                                          -           -         -         -     537175.62           -       31403              0.02      1078
Information: Ending   compile_fusion / initial_map / Load Design (FLW-8001)
Information: Time: 2026-07-01 14:28:44 / Session:  00:01:09 / Command:  00:00:01 / CPU:  00:00:01 / Memory: 1079 MB (FLW-8100)
Information: CPU Load: 0%, Ram Free: 159 GB, Swap Free: 13 GB, Work Disk Free: 5929 GB, Tmp Disk Free: 70 GB (MSG-3995)
Information: Starting compile_fusion / initial_map / MV Cell Insertion (FLW-8000)
Information: Time: 2026-07-01 14:28:44 / Session:  00:01:09 / Command:  00:00:01 / CPU:  00:00:01 / Memory: 1079 MB (FLW-8100)
Information: CPU Load: 0%, Ram Free: 159 GB, Swap Free: 13 GB, Work Disk Free: 5929 GB, Tmp Disk Free: 70 GB (MSG-3995)
MV related app options set by user:
  mv.pg.default_ground_supply_net_name = vss
  mv.pg.default_ground_supply_port_name = vss
  mv.pg.default_power_supply_net_name = vdd
  mv.pg.default_power_supply_port_name = vdd
Compile-fusion optimization summary            SETUP-COST    R2R-COST HOLD-COST LDRC-COST          AREA     LEAKAGE     INSTCNT            ELAPSE       MEM
Compile-fusion                                          -           -         -         -     537175.62           -       31403              0.02      1078
Information: Ending   compile_fusion / initial_map / MV Cell Insertion (FLW-8001)
Information: Time: 2026-07-01 14:28:44 / Session:  00:01:09 / Command:  00:00:01 / CPU:  00:00:01 / Memory: 1079 MB (FLW-8100)
Information: CPU Load: 0%, Ram Free: 159 GB, Swap Free: 13 GB, Work Disk Free: 5929 GB, Tmp Disk Free: 70 GB (MSG-3995)
Information: Starting compile_fusion / initial_map / Logic Simplification (1) (FLW-8000)
Information: Time: 2026-07-01 14:28:44 / Session:  00:01:09 / Command:  00:00:01 / CPU:  00:00:01 / Memory: 1079 MB (FLW-8100)
Information: CPU Load: 0%, Ram Free: 159 GB, Swap Free: 13 GB, Work Disk Free: 5929 GB, Tmp Disk Free: 70 GB (MSG-3995)
Information: The hierarchy u_clk_gen/u_panel_clk_by2 is not ungrouped due to restrictions. (UNG-1004)
Information: The hierarchy u_clk_gen/u_pll_mux is ungrouped due to auto_ungrouping. (UNG-1001)
Information: The hierarchy u_clk_gen/u_clock_gen is not ungrouped due to restrictions. (UNG-1004)
Information: The hierarchy u_clk_gen/u_power_manager is ungrouped due to auto_ungrouping. (UNG-1001)
Information: The hierarchy u_DE_generator/u_hsync_count is ungrouped due to auto_ungrouping. (UNG-1001)
Information: The hierarchy u_DE_generator/u_de_cycle_count is ungrouped due to auto_ungrouping. (UNG-1001)
Information: The hierarchy u_datapath/u_pixel_in_buffer/u_length_counter is ungrouped due to auto_ungrouping. (UNG-1001)
Information: The hierarchy u_datapath/u_gamma_flash_fifo_control/u_load_mem_fifo/u_sync_r2w_load_mem_fifo is ungrouped due to auto_ungrouping. (UNG-1001)
Information: The hierarchy u_datapath/u_gamma_flash_fifo_control/u_load_mem_fifo/u_sync_w2r_load_mem_fifo is ungrouped due to auto_ungrouping. (UNG-1001)
Information: The hierarchy u_datapath/u_gamma_flash_fifo_control/u_load_mem_fifo/u_wptr_full_load_mem_fifo is ungrouped due to auto_ungrouping. (UNG-1001)
Information: The hierarchy u_datapath/u_gamma_flash_fifo_control/u_load_mem_fifo/u_rptr_empty_load_mem_fifo is ungrouped due to auto_ungrouping. (UNG-1001)
Information: The hierarchy u_datapath/u_gamma_flash_fifo_control/u_load_mem_fifo is not ungrouped due to restrictions. (UNG-1004)
Information: The hierarchy u_datapath/u_gamma_correction/u_video_synthesis/line_counter is ungrouped due to auto_ungrouping. (UNG-1001)
Information: The hierarchy u_datapath/u_gamma_correction/u_sr_d1kx16_f166g_gamma_wrap is not ungrouped due to restrictions. (UNG-1004)
Information: The hierarchy u_datapath/u_gamma_correction/u_sr_d1kx16_f166c_compensation_table_2_wrap is not ungrouped due to restrictions. (UNG-1004)
Information: The hierarchy u_datapath/u_gamma_correction/u_sr_d1kx16_f166c_compensation_table_1_wrap is not ungrouped due to restrictions. (UNG-1004)
Information: The hierarchy u_datapath/u_gamma_correction/u_sr_d1kx16_f166c_compensation_table_0_wrap is not ungrouped due to restrictions. (UNG-1004)
Information: The hierarchy u_datapath/u_input_line_buffer_control/u_input_line_buffer_r/u_sr_d1kx16_f166_wrap0 is not ungrouped due to restrictions. (UNG-1004)
Information: The hierarchy u_datapath/u_input_line_buffer_control/u_input_line_buffer_r/u_sr_d1kx16_f166_wrap1 is not ungrouped due to restrictions. (UNG-1004)
Information: The hierarchy u_datapath/u_input_line_buffer_control/u_input_line_buffer_g/u_sr_d1kx16_f166_wrap1 is not ungrouped due to restrictions. (UNG-1004)
Information: 62 of 103 hierarchies are ungrouped. Use report_ungroup for a list. (UNG-1003)
Information: 41 of 103 hierarchies are not ungrouped because of restrictions. Use report_ungroup for a list. (UNG-1005)
Information: Result of compile_fusion / initial_map / Auto Ungroup (FLW-8500)
Information: Ungroup Summary Report (UNG-1007)
-------------------------------------------------------------------
Hierarchy                                                 Count
-------------------------------------------------------------------
Auto ungrouped hierarchies                                  62
Hierarchies preserved due to restrictions                   41
-------------------------------------------------------------------
Information: 52 out of 62 UNG-1001 messages were not printed due to limit 10 (after 'compile_fusion' at run_all_hier.tcl:48) (MSG-3913)
Information: 31 out of 41 UNG-1004 messages were not printed due to limit 10 (after 'compile_fusion' at run_all_hier.tcl:48) (MSG-3913)
Information: Starting compile_fusion / initial_map / Logic Simplification (1) / Constant and Equal Register Detection (FLW-8000)
Information: Time: 2026-07-01 14:28:45 / Session:  00:01:10 / Command:  00:00:02 / CPU:  00:00:02 / Memory: 1079 MB (FLW-8100)
Information: CPU Load: 0%, Ram Free: 159 GB, Swap Free: 13 GB, Work Disk Free: 5929 GB, Tmp Disk Free: 70 GB (MSG-3995)
Information: Extraction observers are detached as design net change threshold is reached.
Warning: No valid clocks available in mode 'test'. Setting clock frequency to 1 GHz. (POW-034)
Information: The register u_datapath/u_rotating_cache_control/rc1/A1_reg[10] is removed because it is merged to register u_datapath/u_rotating_cache_control/rc1/A1_reg[14]. (SQM-4102)
Information: The register u_datapath/u_rotating_cache_control/rc1/A1_reg[6] is removed because it is merged to register u_datapath/u_rotating_cache_control/rc1/A1_reg[14]. (SQM-4102)
Information: The register u_datapath/u_rotating_cache_control/rc1/A1_reg[2] is removed because it is merged to register u_datapath/u_rotating_cache_control/rc1/A1_reg[14]. (SQM-4102)
Information: The register u_datapath/u_rotating_cache_control/rc1/A1_reg[9] is removed because it is merged to register u_datapath/u_rotating_cache_control/rc1/A1_reg[13]. (SQM-4102)
Information: The register u_datapath/u_rotating_cache_control/rc1/A1_reg[5] is removed because it is merged to register u_datapath/u_rotating_cache_control/rc1/A1_reg[13]. (SQM-4102)
Information: The register u_datapath/u_rotating_cache_control/rc1/A1_reg[1] is removed because it is merged to register u_datapath/u_rotating_cache_control/rc1/A1_reg[13]. (SQM-4102)
Information: The register u_datapath/u_input_line_buffer_control/addr_end_r_reg[4] is removed because it is merged to register u_datapath/u_input_line_buffer_control/addr_end_r_reg[6]. (SQM-4102)
Information: The register u_datapath/u_rotating_cache_control/rc2/A2_reg[1] is removed because it is merged to register u_datapath/u_rotating_cache_control/rc2/A2_reg[9]. (SQM-4102)
Information: The register u_datapath/u_rotating_cache_control/rc2/ad1_reg[11] is removed because it is merged to register u_datapath/u_rotating_cache_control/rc2/ad1_reg[15]. (SQM-4102)
Information: The register u_datapath/u_rotating_cache_control/rc2/ad1_reg[7] is removed because it is merged to register u_datapath/u_rotating_cache_control/rc2/ad1_reg[15]. (SQM-4102)
Information: Register Bits Before Sharing = 10812, After Sharing = 10363, Savings = 449 (SQM-2000)
Information: 449 registers were merged. Use report_transformed_registers for a list. (SQM-4106)
Information: 439 out of 449 SQM-4102 messages were not printed due to limit 10 (after 'compile_fusion' at run_all_hier.tcl:48) (MSG-3913)
Compile-fusion optimization summary            SETUP-COST    R2R-COST HOLD-COST LDRC-COST          AREA     LEAKAGE     INSTCNT            ELAPSE       MEM
Compile-fusion                                          -           -         -         -     533133.75           -       30972              0.02      1146
Information: Ending   compile_fusion / initial_map / Logic Simplification (1) / Constant and Equal Register Detection (FLW-8001)
Information: Time: 2026-07-01 14:28:50 / Session:  00:01:15 / Command:  00:00:07 / CPU:  00:00:07 / Memory: 1146 MB (FLW-8100)
Information: CPU Load: 0%, Ram Free: 159 GB, Swap Free: 13 GB, Work Disk Free: 5929 GB, Tmp Disk Free: 70 GB (MSG-3995)
Information: Starting compile_fusion / initial_map / Logic Simplification (1) / Register Merging (FLW-8000)
Information: Time: 2026-07-01 14:28:50 / Session:  00:01:15 / Command:  00:00:07 / CPU:  00:00:07 / Memory: 1146 MB (FLW-8100)
Information: CPU Load: 0%, Ram Free: 159 GB, Swap Free: 13 GB, Work Disk Free: 5929 GB, Tmp Disk Free: 70 GB (MSG-3995)
Compile-fusion optimization summary            SETUP-COST    R2R-COST HOLD-COST LDRC-COST          AREA     LEAKAGE     INSTCNT            ELAPSE       MEM
Compile-fusion                                          -           -         -         -     533133.75           -       30972              0.02      1146
Information: Ending   compile_fusion / initial_map / Logic Simplification (1) / Register Merging (FLW-8001)
Information: Time: 2026-07-01 14:28:50 / Session:  00:01:15 / Command:  00:00:07 / CPU:  00:00:07 / Memory: 1146 MB (FLW-8100)
Information: CPU Load: 0%, Ram Free: 159 GB, Swap Free: 13 GB, Work Disk Free: 5929 GB, Tmp Disk Free: 70 GB (MSG-3995)
Information: Starting compile_fusion / initial_map / Logic Simplification (1) / Constant Propagation and Register Optimization (FLW-8000)
Information: Time: 2026-07-01 14:28:50 / Session:  00:01:15 / Command:  00:00:07 / CPU:  00:00:07 / Memory: 1146 MB (FLW-8100)
Information: CPU Load: 0%, Ram Free: 159 GB, Swap Free: 13 GB, Work Disk Free: 5929 GB, Tmp Disk Free: 70 GB (MSG-3995)
Warning: No valid clocks available in mode 'test'. Setting clock frequency to 1 GHz. (POW-034)
Warning: No valid clocks available in mode 'test'. Setting clock frequency to 1 GHz. (POW-034)
Compile-fusion optimization summary            SETUP-COST    R2R-COST HOLD-COST LDRC-COST          AREA     LEAKAGE     INSTCNT            ELAPSE       MEM
Compile-fusion                                          -           -         -         -     532653.38           -       30779              0.02      1146
Information: Ending   compile_fusion / initial_map / Logic Simplification (1) / Constant Propagation and Register Optimization (FLW-8001)
Information: Time: 2026-07-01 14:28:50 / Session:  00:01:15 / Command:  00:00:07 / CPU:  00:00:08 / Memory: 1146 MB (FLW-8100)
Information: CPU Load: 0%, Ram Free: 159 GB, Swap Free: 13 GB, Work Disk Free: 5929 GB, Tmp Disk Free: 70 GB (MSG-3995)
Compile-fusion optimization summary            SETUP-COST    R2R-COST HOLD-COST LDRC-COST          AREA     LEAKAGE     INSTCNT            ELAPSE       MEM
Compile-fusion                                          -           -         -         -     532653.38           -       30779              0.02      1146
Information: Ending   compile_fusion / initial_map / Logic Simplification (1) (FLW-8001)
Information: Time: 2026-07-01 14:28:50 / Session:  00:01:15 / Command:  00:00:07 / CPU:  00:00:08 / Memory: 1146 MB (FLW-8100)
Information: CPU Load: 0%, Ram Free: 159 GB, Swap Free: 13 GB, Work Disk Free: 5929 GB, Tmp Disk Free: 70 GB (MSG-3995)
Warning: No valid clocks available in mode 'test'. Setting clock frequency to 1 GHz. (POW-034)
Information: Starting compile_fusion / initial_map / High-Level Optimization and Technology Mapping (1) (FLW-8000)
Information: Time: 2026-07-01 14:28:51 / Session:  00:01:16 / Command:  00:00:08 / CPU:  00:00:08 / Memory: 1146 MB (FLW-8100)
Information: CPU Load: 0%, Ram Free: 159 GB, Swap Free: 13 GB, Work Disk Free: 5929 GB, Tmp Disk Free: 70 GB (MSG-3995)
Warning: No valid clocks available in mode 'test'. Setting clock frequency to 1 GHz. (POW-034)
Information: Timer using 8 threads
Warning: Timing Arc from 'u_clk_gen/u_clock_gen/C383/ctmi_32/S0' to 'u_clk_gen/u_clock_gen/C383/ctmi_32/Y' has been disabled to break loops in network of clock 'system_clk' (GRF-013)
Compile-fusion optimization summary            SETUP-COST    R2R-COST HOLD-COST LDRC-COST          AREA     LEAKAGE     INSTCNT            ELAPSE       MEM
Compile-fusion                                          -           -         -         -     533175.69           -       31312              0.02      1567
Information: Ending   compile_fusion / initial_map / High-Level Optimization and Technology Mapping (1) (FLW-8001)
Information: Time: 2026-07-01 14:28:55 / Session:  00:01:21 / Command:  00:00:12 / CPU:  00:00:32 / Memory: 1567 MB (FLW-8100)
Information: CPU Load: 0%, Ram Free: 158 GB, Swap Free: 13 GB, Work Disk Free: 5929 GB, Tmp Disk Free: 70 GB (MSG-3995)
Warning: No valid clocks available in mode 'test'. Setting clock frequency to 1 GHz. (POW-034)
Information: Starting compile_fusion / initial_map / High-Level Optimization and Technology Mapping (2) (FLW-8000)
Information: Time: 2026-07-01 14:28:55 / Session:  00:01:21 / Command:  00:00:12 / CPU:  00:00:32 / Memory: 1567 MB (FLW-8100)
Information: CPU Load: 0%, Ram Free: 158 GB, Swap Free: 13 GB, Work Disk Free: 5929 GB, Tmp Disk Free: 70 GB (MSG-3995)
Information: 1 shift register chains were inferred in module fsc_top. Use report_transformed_registers for a list. (SQM-2015)
Warning: Sequential element 'u_YCrCb2RGB/X_int_reg[14]' of module 'fsc_top' is mapped to library cell 'SDFFX1_LVT' or its equivalents, which don't have nextstate:data defined on input port. This may result in synchronous input nets swapped. (SQM-1046)
Warning: Sequential element 'u_YCrCb2RGB/X_int_reg[11]' of module 'fsc_top' is mapped to library cell 'SDFFX1_LVT' or its equivalents, which don't have nextstate:data defined on input port. This may result in synchronous input nets swapped. (SQM-1046)
Warning: Sequential element 'u_YCrCb2RGB/X_int_reg[9]' of module 'fsc_top' is mapped to library cell 'SDFFX1_LVT' or its equivalents, which don't have nextstate:data defined on input port. This may result in synchronous input nets swapped. (SQM-1046)
Warning: Sequential element 'u_YCrCb2RGB/X_int_reg[6]' of module 'fsc_top' is mapped to library cell 'SDFFX1_LVT' or its equivalents, which don't have nextstate:data defined on input port. This may result in synchronous input nets swapped. (SQM-1046)
Warning: Sequential element 'u_YCrCb2RGB/X_int_reg[5]' of module 'fsc_top' is mapped to library cell 'SDFFX1_LVT' or its equivalents, which don't have nextstate:data defined on input port. This may result in synchronous input nets swapped. (SQM-1046)
Warning: Sequential element 'u_YCrCb2RGB/X_int_reg[4]' of module 'fsc_top' is mapped to library cell 'SDFFX1_LVT' or its equivalents, which don't have nextstate:data defined on input port. This may result in synchronous input nets swapped. (SQM-1046)
Warning: Sequential element 'u_YCrCb2RGB/X_int_reg[3]' of module 'fsc_top' is mapped to library cell 'SDFFX1_LVT' or its equivalents, which don't have nextstate:data defined on input port. This may result in synchronous input nets swapped. (SQM-1046)
Warning: Sequential element 'u_YCrCb2RGB/X_int_reg[2]' of module 'fsc_top' is mapped to library cell 'SDFFX1_LVT' or its equivalents, which don't have nextstate:data defined on input port. This may result in synchronous input nets swapped. (SQM-1046)
Warning: Sequential element 'u_YCrCb2RGB/A_int_reg[17]' of module 'fsc_top' is mapped to library cell 'SDFFX1_LVT' or its equivalents, which don't have nextstate:data defined on input port. This may result in synchronous input nets swapped. (SQM-1046)
Warning: Sequential element 'u_YCrCb2RGB/B_int_reg[20]' of module 'fsc_top' is mapped to library cell 'SDFFSSRX1_RVT' or its equivalents, which have multiple input ports defined as nextstate:data. This may result in synchronous input nets swapped. (SQM-1047)
Warning: Sequential element 'u_YCrCb2RGB/B_int_reg[19]' of module 'fsc_top' is mapped to library cell 'SDFFSSRX1_RVT' or its equivalents, which have multiple input ports defined as nextstate:data. This may result in synchronous input nets swapped. (SQM-1047)
Warning: Sequential element 'u_YCrCb2RGB/B_int_reg[18]' of module 'fsc_top' is mapped to library cell 'SDFFSSRX1_RVT' or its equivalents, which have multiple input ports defined as nextstate:data. This may result in synchronous input nets swapped. (SQM-1047)
Warning: Sequential element 'u_YCrCb2RGB/B_int_reg[17]' of module 'fsc_top' is mapped to library cell 'SDFFSSRX1_RVT' or its equivalents, which have multiple input ports defined as nextstate:data. This may result in synchronous input nets swapped. (SQM-1047)
Warning: Sequential element 'u_YCrCb2RGB/B_int_reg[16]' of module 'fsc_top' is mapped to library cell 'SDFFSSRX1_RVT' or its equivalents, which have multiple input ports defined as nextstate:data. This may result in synchronous input nets swapped. (SQM-1047)
Warning: Sequential element 'u_YCrCb2RGB/B_int_reg[15]' of module 'fsc_top' is mapped to library cell 'SDFFSSRX1_RVT' or its equivalents, which have multiple input ports defined as nextstate:data. This may result in synchronous input nets swapped. (SQM-1047)
Warning: Sequential element 'u_YCrCb2RGB/B_int_reg[14]' of module 'fsc_top' is mapped to library cell 'SDFFSSRX1_RVT' or its equivalents, which have multiple input ports defined as nextstate:data. This may result in synchronous input nets swapped. (SQM-1047)
Warning: Sequential element 'u_YCrCb2RGB/B_int_reg[13]' of module 'fsc_top' is mapped to library cell 'SDFFSSRX1_RVT' or its equivalents, which have multiple input ports defined as nextstate:data. This may result in synchronous input nets swapped. (SQM-1047)
Warning: Sequential element 'u_YCrCb2RGB/B_int_reg[12]' of module 'fsc_top' is mapped to library cell 'SDFFSSRX1_RVT' or its equivalents, which have multiple input ports defined as nextstate:data. This may result in synchronous input nets swapped. (SQM-1047)
Warning: Sequential element 'u_YCrCb2RGB/B_int_reg[11]' of module 'fsc_top' is mapped to library cell 'SDFFSSRX1_RVT' or its equivalents, which have multiple input ports defined as nextstate:data. This may result in synchronous input nets swapped. (SQM-1047)
Information: 12 shift register chains were inferred in module main_controller. Use report_transformed_registers for a list. (SQM-2015)
Information: Inferred a shift register of length 37 with u_datapath/u_rotating_cache_control/r_we_reg as head in module datapath. (SQM-2005)
Information: Inferred a shift register of length 2 with u_datapath/u_shiftout/out_f_reg[0] as head in module datapath. (SQM-2005)
Information: Inferred a shift register of length 2 with u_datapath/u_shiftout/out_f_reg[10] as head in module datapath. (SQM-2005)
Information: Inferred a shift register of length 2 with u_datapath/u_shiftout/out_f_reg[11] as head in module datapath. (SQM-2005)
Information: Inferred a shift register of length 2 with u_datapath/u_shiftout/out_f_reg[12] as head in module datapath. (SQM-2005)
Information: Inferred a shift register of length 2 with u_datapath/u_shiftout/out_f_reg[13] as head in module datapath. (SQM-2005)
Information: Inferred a shift register of length 2 with u_datapath/u_shiftout/out_f_reg[14] as head in module datapath. (SQM-2005)
Information: 17 shift register chains were inferred in module datapath. Use report_transformed_registers for a list. (SQM-2015)
Warning: Sequential element 'u_rotating_cache_control/count1_reg[5]' of module 'datapath' is mapped to library cell 'SDFFARX1_HVT' or its equivalents, which don't have nextstate:data defined on input port. This may result in synchronous input nets swapped. (SQM-1046)
Information: Inferred a shift register of length 2 with u_datapath/u_input_line_buffer_control/blue_plane_count1_reg[1] as head in module input_line_buffer_control. (SQM-2005)
Information: Inferred a shift register of length 2 with u_datapath/u_input_line_buffer_control/color1_reg[1] as head in module input_line_buffer_control. (SQM-2005)
Information: 2 shift register chains were inferred in module input_line_buffer_control. Use report_transformed_registers for a list. (SQM-2015)
Information: Inferred a shift register of length 2 with u_main_controller_top/u_rst_framesync/numlines_reg[8] as head in module main_controller_top. (SQM-2005)
Information: 1 shift register chains were inferred in module main_controller_top. Use report_transformed_registers for a list. (SQM-2015)
Warning: No cell bus will be mapped to multibit because there is no multibit cells in the cell libraries. (SQM-1040)
Information: Shift register Inferencing is enabled so only head flop will be replaced with scan cell and not all registers in shift register chains are scan replaced. (SQM-1074)
Information: 1 register's output was inverted. Use report_transformed_registers for a list. (SQM-2014)
Information: 41 out of 42 SQM-1040 messages were not printed due to limit 1 (after 'compile_fusion' at run_all_hier.tcl:48) (MSG-3913)
Information: 47 out of 57 SQM-1046 messages were not printed due to limit 10 (after 'compile_fusion' at run_all_hier.tcl:48) (MSG-3913)
Information: 54 out of 64 SQM-1047 messages were not printed due to limit 10 (after 'compile_fusion' at run_all_hier.tcl:48) (MSG-3913)
Information: 41 out of 42 SQM-1074 messages were not printed due to limit 1 (after 'compile_fusion' at run_all_hier.tcl:48) (MSG-3913)
Information: 23 out of 33 SQM-2005 messages were not printed due to limit 10 (after 'compile_fusion' at run_all_hier.tcl:48) (MSG-3913)
Information: 6 out of 7 SQM-2014 messages were not printed due to limit 1 (after 'compile_fusion' at run_all_hier.tcl:48) (MSG-3913)
Compile-fusion optimization summary            SETUP-COST    R2R-COST HOLD-COST LDRC-COST          AREA     LEAKAGE     INSTCNT            ELAPSE       MEM
Compile-fusion                                          -           -         -         -     526288.12           -       28674              0.02      1587
Information: Ending   compile_fusion / initial_map / High-Level Optimization and Technology Mapping (2) (FLW-8001)
Information: Time: 2026-07-01 14:28:59 / Session:  00:01:24 / Command:  00:00:16 / CPU:  00:00:42 / Memory: 1587 MB (FLW-8100)
Information: CPU Load: 0%, Ram Free: 158 GB, Swap Free: 13 GB, Work Disk Free: 5929 GB, Tmp Disk Free: 70 GB (MSG-3995)
Information: Starting compile_fusion / initial_map / DFT Core Wrapper Analysis (FLW-8000)
Information: Time: 2026-07-01 14:28:59 / Session:  00:01:24 / Command:  00:00:16 / CPU:  00:00:42 / Memory: 1587 MB (FLW-8100)
Information: CPU Load: 0%, Ram Free: 158 GB, Swap Free: 13 GB, Work Disk Free: 5929 GB, Tmp Disk Free: 70 GB (MSG-3995)
Compile-fusion optimization summary            SETUP-COST    R2R-COST HOLD-COST LDRC-COST          AREA     LEAKAGE     INSTCNT            ELAPSE       MEM
Compile-fusion                                          -           -         -         -     526288.12           -       28674              0.02      1587
Information: Ending   compile_fusion / initial_map / DFT Core Wrapper Analysis (FLW-8001)
Information: Time: 2026-07-01 14:28:59 / Session:  00:01:24 / Command:  00:00:16 / CPU:  00:00:42 / Memory: 1587 MB (FLW-8100)
Information: CPU Load: 0%, Ram Free: 158 GB, Swap Free: 13 GB, Work Disk Free: 5929 GB, Tmp Disk Free: 70 GB (MSG-3995)
Information: Starting compile_fusion / initial_map / Logic Simplification (2) (FLW-8000)
Information: Time: 2026-07-01 14:28:59 / Session:  00:01:24 / Command:  00:00:16 / CPU:  00:00:42 / Memory: 1587 MB (FLW-8100)
Information: CPU Load: 0%, Ram Free: 158 GB, Swap Free: 13 GB, Work Disk Free: 5929 GB, Tmp Disk Free: 70 GB (MSG-3995)
Information: The register u_main_controller_top/u_main_controller/macslp1_acc_reg[10] is removed as constant '0'. (SQM-4100)
Information: The register u_YCrCb2RGB/X_int_reg[14] is removed as constant '0'. (SQM-4100)
Information: The register u_YCrCb2RGB/X_int_reg[11] is removed as constant '0'. (SQM-4100)
Information: The register u_YCrCb2RGB/X_int_reg[9] is removed as constant '0'. (SQM-4100)
Information: The register u_YCrCb2RGB/X_int_reg[6] is removed as constant '0'. (SQM-4100)
Information: The register u_YCrCb2RGB/X_int_reg[5] is removed as constant '0'. (SQM-4100)
Information: The register u_YCrCb2RGB/X_int_reg[4] is removed as constant '0'. (SQM-4100)
Information: The register u_YCrCb2RGB/X_int_reg[3] is removed as constant '0'. (SQM-4100)
Information: The register u_YCrCb2RGB/X_int_reg[2] is removed as constant '0'. (SQM-4100)
Information: The register u_YCrCb2RGB/A_int_reg[17] is removed as constant '0'. (SQM-4100)
Information: The register u_main_controller_top/u_main_controller/clnsm2_d1_reg[4] is removed because it is merged to register u_main_controller_top/u_main_controller/active_line3_reg. (SQM-4102)
Information: The register u_main_controller_top/u_main_controller/active_line2_reg is removed because it is merged to register u_main_controller_top/u_main_controller/laser_on_count2b_r_reg[7]. (SQM-4102)
Information: The register u_datapath/u_gamma_correction/lines_reg[8] is removed because it is merged to register u_datapath/u_gamma_correction/u_video_synthesis/halfway_reg[4]. (SQM-4102)
Information: The register u_main_controller_top/u_main_controller/active_line1_reg is removed because it is merged to register u_main_controller_top/u_main_controller/codelines_reg[7]. (SQM-4102)
Information: The register u_main_controller_top/u_main_controller/displayed_numrows_m1_reg[5] is removed because it is merged to register u_main_controller_top/u_main_controller/laser_on_count2b_r_reg[3]. (SQM-4102)
Information: The register u_YCrCb2RGB/X_int_reg[18] is removed because it is merged to register u_YCrCb2RGB/X_int_reg[19]. (SQM-4102)
Information: The register u_YCrCb2RGB/X_int_reg[17] is removed because it is merged to register u_YCrCb2RGB/X_int_reg[19]. (SQM-4102)
Information: The register u_YCrCb2RGB/X_int_reg[16] is removed because it is merged to register u_YCrCb2RGB/X_int_reg[19]. (SQM-4102)
Information: The register u_YCrCb2RGB/X_int_reg[15] is removed because it is merged to register u_YCrCb2RGB/X_int_reg[19]. (SQM-4102)
Information: The register u_YCrCb2RGB/X_int_reg[13] is removed because it is merged to register u_YCrCb2RGB/X_int_reg[19]. (SQM-4102)
Information: 53 registers were removed as constant. Use report_transformed_registers for a list. (SQM-3100)
Information: Register Bits Before Sharing = 10402, After Sharing = 10358, Savings = 44 (SQM-2000)
Information: 44 registers were merged. Use report_transformed_registers for a list. (SQM-4106)
Information: 43 out of 53 SQM-4100 messages were not printed due to limit 10 (after 'compile_fusion' at run_all_hier.tcl:48) (MSG-3913)
Information: 34 out of 44 SQM-4102 messages were not printed due to limit 10 (after 'compile_fusion' at run_all_hier.tcl:48) (MSG-3913)
Information: Starting compile_fusion / initial_map / Logic Simplification (2) / Constant Propagation and Register Optimization (FLW-8000)
Information: Time: 2026-07-01 14:29:00 / Session:  00:01:25 / Command:  00:00:17 / CPU:  00:00:43 / Memory: 1587 MB (FLW-8100)
Information: CPU Load: 0%, Ram Free: 158 GB, Swap Free: 13 GB, Work Disk Free: 5929 GB, Tmp Disk Free: 70 GB (MSG-3995)
Compile-fusion optimization summary            SETUP-COST    R2R-COST HOLD-COST LDRC-COST          AREA     LEAKAGE     INSTCNT            ELAPSE       MEM
Compile-fusion                                          -           -         -         -     524893.38           -       28292              0.02      1587
Information: Ending   compile_fusion / initial_map / Logic Simplification (2) / Constant Propagation and Register Optimization (FLW-8001)
Information: Time: 2026-07-01 14:29:00 / Session:  00:01:25 / Command:  00:00:17 / CPU:  00:00:43 / Memory: 1587 MB (FLW-8100)
Information: CPU Load: 0%, Ram Free: 158 GB, Swap Free: 13 GB, Work Disk Free: 5929 GB, Tmp Disk Free: 70 GB (MSG-3995)
Compile-fusion optimization summary            SETUP-COST    R2R-COST HOLD-COST LDRC-COST          AREA     LEAKAGE     INSTCNT            ELAPSE       MEM
Compile-fusion                                          -           -         -         -     524893.38           -       28292              0.02      1587
Information: Ending   compile_fusion / initial_map / Logic Simplification (2) (FLW-8001)
Information: Time: 2026-07-01 14:29:00 / Session:  00:01:25 / Command:  00:00:17 / CPU:  00:00:43 / Memory: 1587 MB (FLW-8100)
Information: CPU Load: 0%, Ram Free: 158 GB, Swap Free: 13 GB, Work Disk Free: 5929 GB, Tmp Disk Free: 70 GB (MSG-3995)
Information: Result of compile_fusion / initial_map / Clock Gate Insertion (FLW-8500)
--------------------------------------------------------------------------------
|                             Clock Gating Options                             |
--------------------------------------------------------------------------------
|         Objects         |    Minimum Bitwidth     |      Maximum Fanout      |
--------------------------+-------------------------+---------------------------
|   top-level (design)    |          3 (d)          |      Unlimited (d)       |
--------------------------------------------------------------------------------

Number of Pre-Existing Clock Gates with dont touch attribute: 0
Number of ICG library cells with CTS purpose: 12
---------------------------------------------------------------------------------------------
                          Tool Gated Register Summary                                        
---------------------------------------------------------------------------------------------
Clock Gating Type                   | Number of   | Register Count | Equivalent | % of Gated 
                                    | Clock Gates |                | Bitwidth   | Bits       
---------------------------------------------------------------------------------------------
Regular Clock Gating                |         565 |           6441 |       6441 |    61.80%
---------------------------------------------------------------------------------------------
--------------------------------------------------------------------------------
                 Regular Clock Gating Ungated Register Summary                  
--------------------------------------------------------------------------------
 Ungated Reason                                            | Count | Bitwidth   
--------------------------------------------------------------------------------
 Enable is Constant One.                                   |  3740 |     3740
 Minimum Bitwidth Not Met.                                 |   204 |      204
 Partial Minimum Bitwidth Not Met.                         |     4 |        4
 Register Model Issue.                                     |    33 |       33
--------------------------------------------------------------------------------
Compile-fusion optimization summary            SETUP-COST    R2R-COST HOLD-COST LDRC-COST          AREA     LEAKAGE     INSTCNT            ELAPSE       MEM
Compile-fusion                                          -           -         -         -     524893.38           -       28292              0.02      1693

Information: Runtime Summary (compile_fusion / initial_map)  (FLW-9001)
----------------------------------------------------------------------------
     Elapse(Hr:Min:Sec)     Elapse(%)     Category
----------------------------------------------------------------------------
       00:00:00              3.7%         Load Design 
       00:00:00              0.0%         MV Cell Insertion 
       00:00:00              2.6%         Logic Simplification (1) 
       00:00:05             28.5%         Logic Simplification (1)/Constant and Equal Register Detection 
       00:00:00              0.0%         Logic Simplification (1)/Register Merging 
       00:00:00              2.9%         Logic Simplification (1)/Constant Propagation and Register Optimization 
       00:00:04             26.2%         High-Level Optimization and Technology Mapping (1) 
       00:00:03             20.0%         High-Level Optimization and Technology Mapping (2) 
       00:00:00              0.0%         DFT Core Wrapper Analysis 
       00:00:00              4.2%         Logic Simplification (2) 
       00:00:00              1.5%         Logic Simplification (2)/Constant Propagation and Register Optimization 
       00:00:01             10.5%         Other 
----------------------------------------------------------------------------
       00:00:17            100.0%         Total 
----------------------------------------------------------------------------

Host Options:
-------------
Max cores: 8

Machine Spec:
-------------
INTEL(R) XEON(R) GOLD 6548Y+ / 128 CPUs  
Sockets: 2, Cores: 32, HT/SMT, not-VM
----------------------------------------------------------------------------

Information: Ending   compile_fusion / initial_map (FLW-8001)
Information: Time: 2026-07-01 14:29:01 / Session:  00:01:26 / Command:  00:00:18 / CPU:  00:00:45 / Memory: 1693 MB (FLW-8100)
Information: CPU Load: 0%, Ram Free: 158 GB, Swap Free: 13 GB, Work Disk Free: 5929 GB, Tmp Disk Free: 70 GB (MSG-3995)

Information: >>>>>>> 5 unique error and warning message tags while observing compile_fusion / initial_map: (MSG-3100)
Information: #prnt #trgr #lmt    Tag  Level     Format (or last printed message)                                (MSG-3036)
Information:     1     2 10 SQM-1061  WARNING   Warning: Cannot infer functionality of libcell 'saed32pll/PL... (MSG-3032)
Information:    10    64 10 SQM-1047  WARNING   Warning: Sequential element 'u_YCrCb2RGB/B_int_reg[11]' of m... (MSG-3032)
Information:    10    53 10 SQM-1046  WARNING   Warning: Sequential element 'u_YCrCb2RGB/A_int_reg[17]' of m... (MSG-3032)
Information:     1     1  1 SQM-1040  WARNING   No cell bus will be mapped to multibit because there is no m... (MSG-3032)
Information:    16     9 10 POW-034   WARNING   Warning: No valid clocks available in mode 'test'. Setting c... (MSG-3032)
Information:    38   129  5        5  <------   Total sum of messages (MSG-3038)
Information: >>>>>>> Summary: 129 error&warning MSGs observed during compile_fusion / initial_map (MSG-3103)

----------------------------------------------------------------------------------------------------------
Information: Starting compile_fusion / logic_opto (FLW-8000)
Information: Time: 2026-07-01 14:29:01 / Session:  00:01:26 / Command:  00:00:18 / CPU:  00:00:45 / Memory: 1693 MB (FLW-8100)
Information: CPU Load: 0%, Ram Free: 158 GB, Swap Free: 13 GB, Work Disk Free: 5929 GB, Tmp Disk Free: 70 GB (MSG-3995)
----------------------------------------------------------------------------------------------------------
Information: Starting compile_fusion / logic_opto / Load Design (FLW-8000)
Information: Time: 2026-07-01 14:29:01 / Session:  00:01:26 / Command:  00:00:18 / CPU:  00:00:45 / Memory: 1693 MB (FLW-8100)
Information: CPU Load: 0%, Ram Free: 158 GB, Swap Free: 13 GB, Work Disk Free: 5929 GB, Tmp Disk Free: 70 GB (MSG-3995)
Information: Change threshold for extractor is reset. (FLW-1300)
Information: The stitching and editing of coupling caps is turned OFF for design 'fsc_top_compile.nlib:fsc_top.design'. (TIM-125)
Information: Orientation ETCH is using reference direction: VERTICAL. (NEX-032)
Warning: Timing Arc from 'u_clk_gen/u_clock_gen/C383/ctmi_32/S0' to 'u_clk_gen/u_clock_gen/C383/ctmi_32/Y' has been disabled to break loops in network of clock 'system_clk' (GRF-013)
Warning: No valid clocks available in mode 'test'. Setting clock frequency to 1 GHz. (POW-034)
Warning: No valid clocks available in mode 'test'. Setting clock frequency to 1 GHz. (POW-034)
Warning: No valid clocks available in mode 'test'. Setting clock frequency to 1 GHz. (POW-034)
Compile-fusion optimization summary            SETUP-COST    R2R-COST HOLD-COST LDRC-COST          AREA     LEAKAGE     INSTCNT            ELAPSE       MEM
Compile-fusion                                          -           -         -         -     524893.38           -       28292              0.02      1693
Information: Ending   compile_fusion / logic_opto / Load Design (FLW-8001)
Information: Time: 2026-07-01 14:29:03 / Session:  00:01:28 / Command:  00:00:20 / CPU:  00:00:51 / Memory: 1693 MB (FLW-8100)
Information: CPU Load: 0%, Ram Free: 158 GB, Swap Free: 13 GB, Work Disk Free: 5929 GB, Tmp Disk Free: 70 GB (MSG-3995)
Information: Starting compile_fusion / logic_opto / Clock Gate Re-structuring (FLW-8000)
Information: Time: 2026-07-01 14:29:03 / Session:  00:01:28 / Command:  00:00:20 / CPU:  00:00:51 / Memory: 1693 MB (FLW-8100)
Information: CPU Load: 0%, Ram Free: 158 GB, Swap Free: 13 GB, Work Disk Free: 5929 GB, Tmp Disk Free: 70 GB (MSG-3995)
Information: Result of compile_fusion / logic_opto / Clock Gate Re-structuring (FLW-8500)
Number of Pre-Existing Clock Gates with dont touch attribute: 0
Number of ICG library cells with CTS purpose: 12
---------------------------------------------------------------------------------------------
                          Tool Gated Register Summary                                        
---------------------------------------------------------------------------------------------
Clock Gating Type                   | Number of   | Register Count | Equivalent | % of Gated 
                                    | Clock Gates |                | Bitwidth   | Bits       
---------------------------------------------------------------------------------------------
Regular Clock Gating                |         497 |           6437 |       6437 |    61.76%
---------------------------------------------------------------------------------------------
--------------------------------------------------------------------------------
                 Regular Clock Gating Ungated Register Summary                  
--------------------------------------------------------------------------------
 Ungated Reason                                            | Count | Bitwidth   
--------------------------------------------------------------------------------
 Enable is Constant One.                                   |  3740 |     3740
 Minimum Bitwidth Not Met.                                 |   208 |      208
 Partial Minimum Bitwidth Not Met.                         |     4 |        4
 Register Model Issue.                                     |    33 |       33
--------------------------------------------------------------------------------
Compile-fusion optimization summary            SETUP-COST    R2R-COST HOLD-COST LDRC-COST          AREA     LEAKAGE     INSTCNT            ELAPSE       MEM
Compile-fusion                                          -           -         -         -     524352.31           -       28154              0.03      1693
Information: Ending   compile_fusion / logic_opto / Clock Gate Re-structuring (FLW-8001)
Information: Time: 2026-07-01 14:29:04 / Session:  00:01:30 / Command:  00:00:21 / CPU:  00:00:53 / Memory: 1693 MB (FLW-8100)
Information: CPU Load: 0%, Ram Free: 158 GB, Swap Free: 13 GB, Work Disk Free: 5929 GB, Tmp Disk Free: 70 GB (MSG-3995)
Information: Starting compile_fusion / logic_opto / Optimization (1) (FLW-8000)
Information: Time: 2026-07-01 14:29:04 / Session:  00:01:30 / Command:  00:00:21 / CPU:  00:00:53 / Memory: 1693 MB (FLW-8100)
Information: CPU Load: 0%, Ram Free: 158 GB, Swap Free: 13 GB, Work Disk Free: 5929 GB, Tmp Disk Free: 70 GB (MSG-3995)
Information: Starting compile_fusion / logic_opto / Optimization (1) / Logic Simplification and Register Optimization (FLW-8000)
Information: Time: 2026-07-01 14:29:05 / Session:  00:01:30 / Command:  00:00:22 / CPU:  00:00:55 / Memory: 1693 MB (FLW-8100)
Information: CPU Load: 1%, Ram Free: 158 GB, Swap Free: 13 GB, Work Disk Free: 5929 GB, Tmp Disk Free: 70 GB (MSG-3995)
Information: Ending   compile_fusion / logic_opto / Optimization (1) / Logic Simplification and Register Optimization (FLW-8001)
Information: Time: 2026-07-01 14:29:07 / Session:  00:01:32 / Command:  00:00:24 / CPU:  00:00:57 / Memory: 1693 MB (FLW-8100)
Information: CPU Load: 1%, Ram Free: 158 GB, Swap Free: 13 GB, Work Disk Free: 5929 GB, Tmp Disk Free: 70 GB (MSG-3995)
Information: Orientation ETCH is using reference direction: VERTICAL. (NEX-032)
Information: Orientation ETCH is using reference direction: VERTICAL. (NEX-032)
Information: Orientation ETCH is using reference direction: VERTICAL. (NEX-032)
Information: Orientation ETCH is using reference direction: VERTICAL. (NEX-032)
Information: Orientation ETCH is using reference direction: VERTICAL. (NEX-032)
Information: Orientation ETCH is using reference direction: VERTICAL. (NEX-032)
Information: Orientation ETCH is using reference direction: VERTICAL. (NEX-032)
Information: Orientation ETCH is using reference direction: VERTICAL. (NEX-032)
Information: Orientation ETCH is using reference direction: VERTICAL. (NEX-032)
Information: Orientation ETCH is using reference direction: VERTICAL. (NEX-032)
Information: Orientation ETCH is using reference direction: VERTICAL. (NEX-032)
Information: Orientation ETCH is using reference direction: VERTICAL. (NEX-032)
Information: Orientation ETCH is using reference direction: VERTICAL. (NEX-032)
Information: Orientation ETCH is using reference direction: VERTICAL. (NEX-032)
Information: Orientation ETCH is using reference direction: VERTICAL. (NEX-032)
Warning: No clock routing rules were specified. Use set_clock_routing_rules to specify routing rules for accurate clock latency estimation. (OPT-902)
Warning: No clock routing rules were specified. Use set_clock_routing_rules to specify routing rules for accurate clock latency estimation. (OPT-902)
Information: Estimating clock gate latencies for scenario 'ss0p95v125c.func'. (OPT-909)
Information: Orientation ETCH is using reference direction: VERTICAL. (NEX-032)
Information: Orientation ETCH is using reference direction: VERTICAL. (NEX-032)
Information: The stitching and editing of coupling caps is turned OFF for design 'fsc_top_compile.nlib:fsc_top.design'. (TIM-125)
Information: Starting compile_fusion / logic_opto / Optimization (1) / Timing Optimization and DesignWare Reselection (FLW-8000)
Information: Time: 2026-07-01 14:29:08 / Session:  00:01:34 / Command:  00:00:25 / CPU:  00:01:00 / Memory: 1693 MB (FLW-8100)
Information: CPU Load: 1%, Ram Free: 158 GB, Swap Free: 13 GB, Work Disk Free: 5929 GB, Tmp Disk Free: 70 GB (MSG-3995)
Warning: No valid clocks available in mode 'test'. Setting clock frequency to 1 GHz. (POW-034)
Warning: No valid clocks available in mode 'test'. Setting clock frequency to 1 GHz. (POW-034)
Warning: No valid clocks available in mode 'test'. Setting clock frequency to 1 GHz. (POW-034)
Warning: No valid clocks available in mode 'test'. Setting clock frequency to 1 GHz. (POW-034)
Warning: No valid clocks available in mode 'test'. Setting clock frequency to 1 GHz. (POW-034)
Warning: No valid clocks available in mode 'test'. Setting clock frequency to 1 GHz. (POW-034)
Warning: No valid clocks available in mode 'test'. Setting clock frequency to 1 GHz. (POW-034)
Warning: No valid clocks available in mode 'test'. Setting clock frequency to 1 GHz. (POW-034)
Warning: No valid clocks available in mode 'test'. Setting clock frequency to 1 GHz. (POW-034)
Warning: No valid clocks available in mode 'test'. Setting clock frequency to 1 GHz. (POW-034)
Warning: No valid clocks available in mode 'test'. Setting clock frequency to 1 GHz. (POW-034)
Warning: No valid clocks available in mode 'test'. Setting clock frequency to 1 GHz. (POW-034)
Warning: No valid clocks available in mode 'test'. Setting clock frequency to 1 GHz. (POW-034)
Warning: No valid clocks available in mode 'test'. Setting clock frequency to 1 GHz. (POW-034)
Warning: No valid clocks available in mode 'test'. Setting clock frequency to 1 GHz. (POW-034)
Warning: No valid clocks available in mode 'test'. Setting clock frequency to 1 GHz. (POW-034)
Warning: No valid clocks available in mode 'test'. Setting clock frequency to 1 GHz. (POW-034)
Warning: No valid clocks available in mode 'test'. Setting clock frequency to 1 GHz. (POW-034)
Warning: No valid clocks available in mode 'test'. Setting clock frequency to 1 GHz. (POW-034)
Warning: No valid clocks available in mode 'test'. Setting clock frequency to 1 GHz. (POW-034)
Warning: No valid clocks available in mode 'test'. Setting clock frequency to 1 GHz. (POW-034)
Warning: No valid clocks available in mode 'test'. Setting clock frequency to 1 GHz. (POW-034)
Warning: No valid clocks available in mode 'test'. Setting clock frequency to 1 GHz. (POW-034)
Warning: No valid clocks available in mode 'test'. Setting clock frequency to 1 GHz. (POW-034)
Information: Ending   compile_fusion / logic_opto / Optimization (1) / Timing Optimization and DesignWare Reselection (FLW-8001)
Information: Time: 2026-07-01 14:29:10 / Session:  00:01:35 / Command:  00:00:27 / CPU:  00:01:04 / Memory: 1761 MB (FLW-8100)
Information: CPU Load: 0%, Ram Free: 158 GB, Swap Free: 13 GB, Work Disk Free: 5929 GB, Tmp Disk Free: 70 GB (MSG-3995)
Information: Ending   compile_fusion / logic_opto / Optimization (1) (FLW-8001)
Information: Time: 2026-07-01 14:29:10 / Session:  00:01:35 / Command:  00:00:27 / CPU:  00:01:04 / Memory: 1761 MB (FLW-8100)
Information: CPU Load: 0%, Ram Free: 158 GB, Swap Free: 13 GB, Work Disk Free: 5929 GB, Tmp Disk Free: 70 GB (MSG-3995)
Information: Starting compile_fusion / logic_opto / Register Retiming (FLW-8000)
Information: Time: 2026-07-01 14:29:10 / Session:  00:01:35 / Command:  00:00:27 / CPU:  00:01:04 / Memory: 1761 MB (FLW-8100)
Information: CPU Load: 0%, Ram Free: 158 GB, Swap Free: 13 GB, Work Disk Free: 5929 GB, Tmp Disk Free: 70 GB (MSG-3995)
Information: Result of compile_fusion / logic_opto / Register Retiming (FLW-8500)
Information: No instance marked for retiming. (RTM-1031)
Information: Ending   compile_fusion / logic_opto / Register Retiming (FLW-8001)
Information: Time: 2026-07-01 14:29:17 / Session:  00:01:42 / Command:  00:00:34 / CPU:  00:01:11 / Memory: 1761 MB (FLW-8100)
Information: CPU Load: 0%, Ram Free: 158 GB, Swap Free: 13 GB, Work Disk Free: 5929 GB, Tmp Disk Free: 70 GB (MSG-3995)
Information: Register Bits Before Sharing = 835, After Sharing = 835, Savings = 0 (SQM-2000)
Information: Starting compile_fusion / logic_opto / Optimization (2) (FLW-8000)
Information: Time: 2026-07-01 14:29:19 / Session:  00:01:45 / Command:  00:00:37 / CPU:  00:01:14 / Memory: 1761 MB (FLW-8100)
Information: CPU Load: 0%, Ram Free: 158 GB, Swap Free: 13 GB, Work Disk Free: 5929 GB, Tmp Disk Free: 70 GB (MSG-3995)
Information: Orientation ETCH is using reference direction: VERTICAL. (NEX-032)
Information: Orientation ETCH is using reference direction: VERTICAL. (NEX-032)
Information: Orientation ETCH is using reference direction: VERTICAL. (NEX-032)
Information: Orientation ETCH is using reference direction: VERTICAL. (NEX-032)
Information: Orientation ETCH is using reference direction: VERTICAL. (NEX-032)
Information: Orientation ETCH is using reference direction: VERTICAL. (NEX-032)
Information: Orientation ETCH is using reference direction: VERTICAL. (NEX-032)
Information: Orientation ETCH is using reference direction: VERTICAL. (NEX-032)
Information: Orientation ETCH is using reference direction: VERTICAL. (NEX-032)
Information: Orientation ETCH is using reference direction: VERTICAL. (NEX-032)
Information: Orientation ETCH is using reference direction: VERTICAL. (NEX-032)
Information: Orientation ETCH is using reference direction: VERTICAL. (NEX-032)
Information: Orientation ETCH is using reference direction: VERTICAL. (NEX-032)
Information: Orientation ETCH is using reference direction: VERTICAL. (NEX-032)
Information: Orientation ETCH is using reference direction: VERTICAL. (NEX-032)
Warning: No clock routing rules were specified. Use set_clock_routing_rules to specify routing rules for accurate clock latency estimation. (OPT-902)
Warning: No clock routing rules were specified. Use set_clock_routing_rules to specify routing rules for accurate clock latency estimation. (OPT-902)
Information: Estimating clock gate latencies for scenario 'ss0p95v125c.func'. (OPT-909)
Information: Orientation ETCH is using reference direction: VERTICAL. (NEX-032)
Information: Orientation ETCH is using reference direction: VERTICAL. (NEX-032)
Information: Ending   compile_fusion / logic_opto / Optimization (2) (FLW-8001)
Information: Time: 2026-07-01 14:29:21 / Session:  00:01:46 / Command:  00:00:38 / CPU:  00:01:16 / Memory: 1761 MB (FLW-8100)
Information: CPU Load: 0%, Ram Free: 158 GB, Swap Free: 13 GB, Work Disk Free: 5929 GB, Tmp Disk Free: 70 GB (MSG-3995)
Information: Starting compile_fusion / logic_opto / Auto-Floorplan (1) (FLW-8000)
Information: Time: 2026-07-01 14:29:21 / Session:  00:01:46 / Command:  00:00:38 / CPU:  00:01:16 / Memory: 1761 MB (FLW-8100)
Information: CPU Load: 0%, Ram Free: 158 GB, Swap Free: 13 GB, Work Disk Free: 5929 GB, Tmp Disk Free: 70 GB (MSG-3995)
Information: Shaping unshaped voltage areas (AFP-1011)
Information: Placing unplaced pins (AFP-1007)
Information: Result of compile_fusion / logic_opto / Auto-Floorplan (1) (FLW-8500)
Information: Auto-Floorplan Summary (AFP-2023)
-------------------------------------------------------------------------------
              origin           area     boundary
core            user         852808   { {8 8} {8 930.944} {932.008 930.944} {932.008 8} }
die             user         882615   { {0 0} {0 938.944} {940.008 938.944} {940.008 0} }
-------------------------------------------------------------------------------

-------------------------------------------------------------------------------
objects             total        candidates          modified         preserved                 
voltage areas           0                 0                 0                 0
ios                     0                 0                 0                 0
macros                 30                 0                 0                 0
pins                  195                 0                 0                 0
-------------------------------------------------------------------------------
Information: Ending   compile_fusion / logic_opto / Auto-Floorplan (1) (FLW-8001)
Information: Time: 2026-07-01 14:29:21 / Session:  00:01:46 / Command:  00:00:38 / CPU:  00:01:16 / Memory: 1761 MB (FLW-8100)
Information: CPU Load: 0%, Ram Free: 158 GB, Swap Free: 13 GB, Work Disk Free: 5929 GB, Tmp Disk Free: 70 GB (MSG-3995)
Information: Starting compile_fusion / logic_opto / Early Placement (FLW-8000)
Information: Time: 2026-07-01 14:29:21 / Session:  00:01:46 / Command:  00:00:38 / CPU:  00:01:16 / Memory: 1761 MB (FLW-8100)
Information: CPU Load: 0%, Ram Free: 158 GB, Swap Free: 13 GB, Work Disk Free: 5929 GB, Tmp Disk Free: 70 GB (MSG-3995)
----------------------------------------------------------------
running create_placement
Warning: No valid clocks available in mode 'test'. Setting clock frequency to 1 GHz. (POW-034)
Corner Scaling is off, multiplier is 1.000000
Information: Orientation ETCH is using reference direction: VERTICAL. (NEX-032)
Warning: No valid clocks available in mode 'test'. Setting clock frequency to 1 GHz. (POW-034)
Information: timingScenario ss0p95v125c.func timingCorner ss0p95v125c.  Using corner ss0p95v125c for worst leakage corner. (OPT-078)
Warning: No valid clocks available in mode 'test'. Setting clock frequency to 1 GHz. (POW-034)
Information: Using default layer M4 (OPT-079)
Information: Nominal = 0.0353099  Design MT = inf  Target = 0.1385933  MaxRC = 0.096960 Fast Target = 0.044795 (OPT-081)
nplLib: default vr hor dist = 1065
nplLib: default vr ver dist = 1065
nplLib: default vr buf size = 6
nplLib: default vr buf size = 2
Placer using max_unbuffered_distance = 1064.98

Placement Options:
Effort:                        medium_effort       
Timing Driven:                 false               
Buffering Aware Timing Driven: false               
Seed locs:                     false               
Incremental:                   false               
Congestion:                    false               
Fix Macros:                    true                
Place Macros:                  false               
Channel Size Macros:           false               


Start transferring placement data.
****** Net weight manager: report ******
Weights included: Timing  
Number of nets with non-default weights: 30094
Timing factor = 1
Non-default weight range: (0.960602, 2.88152)
                             Min         Max         Avg       Stdev        Skew
     Timing Weights     0.960602     2.88152           1    0.141913     4.47489
      Final Weights     0.960602     2.88152           1    0.141913     4.47489
Information: Automatic repeater spreading is enabled.
Information: The net parasitics of block fsc_top are cleared. (TIM-123)
Completed transferring placement data.
Running placement using 8 thread(s)
Information: Enhanced Auto Density Control is used. (PLACE-098)
Information: Enhanced auto density configuration is 13179.
Information: Automatic density control has selected the following settings: max_density 0.55, congestion_driven_max_util 0.87. (PLACE-027)
Information: HFW control 'off' invoked.
Creating placement from scratch.
coarse place 0% done.
coarse place 14% done.
coarse place 29% done.
coarse place 43% done.
coarse place 57% done.
coarse place 71% done.
coarse place 86% done.
coarse place 100% done.
Information: Coarse placer wire length estimate = 1.29152e+06
Information: Coarse placer active wire length estimate = 0
Information: Coarse placer weighted wire length estimate = 1.29353e+06
Information: Extraction observers are detached as design net change threshold is reached.
Information: Orientation ETCH is using reference direction: VERTICAL. (NEX-032)
Information: Orientation ETCH is using reference direction: VERTICAL. (NEX-032)
Information: Orientation ETCH is using reference direction: VERTICAL. (NEX-032)
Information: Orientation ETCH is using reference direction: VERTICAL. (NEX-032)
Information: Orientation ETCH is using reference direction: VERTICAL. (NEX-032)
Information: Orientation ETCH is using reference direction: VERTICAL. (NEX-032)
Information: Orientation ETCH is using reference direction: VERTICAL. (NEX-032)
Information: Orientation ETCH is using reference direction: VERTICAL. (NEX-032)
Information: Orientation ETCH is using reference direction: VERTICAL. (NEX-032)
Information: Orientation ETCH is using reference direction: VERTICAL. (NEX-032)
Information: Orientation ETCH is using reference direction: VERTICAL. (NEX-032)
Information: Orientation ETCH is using reference direction: VERTICAL. (NEX-032)
Information: Orientation ETCH is using reference direction: VERTICAL. (NEX-032)
Information: Orientation ETCH is using reference direction: VERTICAL. (NEX-032)
Information: Orientation ETCH is using reference direction: VERTICAL. (NEX-032)
Warning: No clock routing rules were specified. Use set_clock_routing_rules to specify routing rules for accurate clock latency estimation. (OPT-902)
Warning: No clock routing rules were specified. Use set_clock_routing_rules to specify routing rules for accurate clock latency estimation. (OPT-902)
Information: Estimating clock gate latencies for scenario 'ss0p95v125c.func'. (OPT-909)
Information: Orientation ETCH is using reference direction: VERTICAL. (NEX-032)
Information: Orientation ETCH is using reference direction: VERTICAL. (NEX-032)
----------------------------------------------------------------
Non-default App Option report
All App Options have their default value.
Information: Ending   compile_fusion / logic_opto / Early Placement (FLW-8001)
Information: Time: 2026-07-01 14:29:27 / Session:  00:01:53 / Command:  00:00:44 / CPU:  00:01:28 / Memory: 1848 MB (FLW-8100)
Information: CPU Load: 0%, Ram Free: 158 GB, Swap Free: 13 GB, Work Disk Free: 5929 GB, Tmp Disk Free: 70 GB (MSG-3995)
Information: Structural Congestion Optimization technology (Early SCO) has been enabled. (SCO-0001)
Information: The stitching and editing of coupling caps is turned OFF for design 'fsc_top_compile.nlib:fsc_top.design'. (TIM-125)
Information: Orientation ETCH is using reference direction: VERTICAL. (NEX-032)
Information: Starting compile_fusion / logic_opto / Optimization (3) (FLW-8000)
Information: Time: 2026-07-01 14:29:28 / Session:  00:01:53 / Command:  00:00:45 / CPU:  00:01:31 / Memory: 1848 MB (FLW-8100)
Information: CPU Load: 0%, Ram Free: 158 GB, Swap Free: 13 GB, Work Disk Free: 5929 GB, Tmp Disk Free: 70 GB (MSG-3995)
Information: Starting compile_fusion / logic_opto / Optimization (3) / Timing Optimization (FLW-8000)
Information: Time: 2026-07-01 14:29:28 / Session:  00:01:53 / Command:  00:00:45 / CPU:  00:01:31 / Memory: 1848 MB (FLW-8100)
Information: CPU Load: 0%, Ram Free: 158 GB, Swap Free: 13 GB, Work Disk Free: 5929 GB, Tmp Disk Free: 70 GB (MSG-3995)
Warning: No valid clocks available in mode 'test'. Setting clock frequency to 1 GHz. (POW-034)
Warning: No valid clocks available in mode 'test'. Setting clock frequency to 1 GHz. (POW-034)
Warning: No valid clocks available in mode 'test'. Setting clock frequency to 1 GHz. (POW-034)
Warning: No valid clocks available in mode 'test'. Setting clock frequency to 1 GHz. (POW-034)
Warning: No valid clocks available in mode 'test'. Setting clock frequency to 1 GHz. (POW-034)
Warning: No valid clocks available in mode 'test'. Setting clock frequency to 1 GHz. (POW-034)
Warning: No valid clocks available in mode 'test'. Setting clock frequency to 1 GHz. (POW-034)
Warning: No valid clocks available in mode 'test'. Setting clock frequency to 1 GHz. (POW-034)
Information: Ending   compile_fusion / logic_opto / Optimization (3) / Timing Optimization (FLW-8001)
Information: Time: 2026-07-01 14:29:29 / Session:  00:01:54 / Command:  00:00:46 / CPU:  00:01:32 / Memory: 1848 MB (FLW-8100)
Information: CPU Load: 0%, Ram Free: 158 GB, Swap Free: 13 GB, Work Disk Free: 5929 GB, Tmp Disk Free: 70 GB (MSG-3995)
Information: Ending   compile_fusion / logic_opto / Optimization (3) (FLW-8001)
Information: Time: 2026-07-01 14:29:29 / Session:  00:01:55 / Command:  00:00:46 / CPU:  00:01:35 / Memory: 1848 MB (FLW-8100)
Information: CPU Load: 0%, Ram Free: 158 GB, Swap Free: 13 GB, Work Disk Free: 5929 GB, Tmp Disk Free: 70 GB (MSG-3995)
Information: Starting compile_fusion / logic_opto / Optimization (4) (FLW-8000)
Information: Time: 2026-07-01 14:29:29 / Session:  00:01:55 / Command:  00:00:46 / CPU:  00:01:35 / Memory: 1848 MB (FLW-8100)
Information: CPU Load: 0%, Ram Free: 158 GB, Swap Free: 13 GB, Work Disk Free: 5929 GB, Tmp Disk Free: 70 GB (MSG-3995)
Information: Starting compile_fusion / logic_opto / Optimization (4) / Logic Simplification and Register Optimization (FLW-8000)
Information: Time: 2026-07-01 14:29:29 / Session:  00:01:55 / Command:  00:00:46 / CPU:  00:01:35 / Memory: 1848 MB (FLW-8100)
Information: CPU Load: 0%, Ram Free: 158 GB, Swap Free: 13 GB, Work Disk Free: 5929 GB, Tmp Disk Free: 70 GB (MSG-3995)
Information: Ending   compile_fusion / logic_opto / Optimization (4) / Logic Simplification and Register Optimization (FLW-8001)
Information: Time: 2026-07-01 14:29:31 / Session:  00:01:56 / Command:  00:00:48 / CPU:  00:01:38 / Memory: 1848 MB (FLW-8100)
Information: CPU Load: 0%, Ram Free: 158 GB, Swap Free: 13 GB, Work Disk Free: 5929 GB, Tmp Disk Free: 70 GB (MSG-3995)
Warning: No valid clocks available in mode 'test'. Setting clock frequency to 1 GHz. (POW-034)
Warning: No valid clocks available in mode 'test'. Setting clock frequency to 1 GHz. (POW-034)
Warning: No valid clocks available in mode 'test'. Setting clock frequency to 1 GHz. (POW-034)
Warning: No valid clocks available in mode 'test'. Setting clock frequency to 1 GHz. (POW-034)
Information: Ending   compile_fusion / logic_opto / Optimization (4) (FLW-8001)
Information: Time: 2026-07-01 14:29:32 / Session:  00:01:57 / Command:  00:00:49 / CPU:  00:01:43 / Memory: 1848 MB (FLW-8100)
Information: CPU Load: 0%, Ram Free: 158 GB, Swap Free: 13 GB, Work Disk Free: 5929 GB, Tmp Disk Free: 70 GB (MSG-3995)
Information: Starting compile_fusion / logic_opto / Optimization (5) (FLW-8000)
Information: Time: 2026-07-01 14:29:32 / Session:  00:01:57 / Command:  00:00:49 / CPU:  00:01:43 / Memory: 1848 MB (FLW-8100)
Information: CPU Load: 0%, Ram Free: 158 GB, Swap Free: 13 GB, Work Disk Free: 5929 GB, Tmp Disk Free: 70 GB (MSG-3995)
Information: Starting compile_fusion / logic_opto / Optimization (5) / Logic Simplification and Register Optimization (FLW-8000)
Information: Time: 2026-07-01 14:29:32 / Session:  00:01:57 / Command:  00:00:49 / CPU:  00:01:43 / Memory: 1848 MB (FLW-8100)
Information: CPU Load: 0%, Ram Free: 158 GB, Swap Free: 13 GB, Work Disk Free: 5929 GB, Tmp Disk Free: 70 GB (MSG-3995)
Compile-fusion optimization summary            SETUP-COST    R2R-COST HOLD-COST LDRC-COST          AREA     LEAKAGE     INSTCNT            ELAPSE       MEM
Compile-fusion                                          -           -         -         -     524698.19           -       27688              0.03      1848
Information: Ending   compile_fusion / logic_opto / Optimization (5) / Logic Simplification and Register Optimization (FLW-8001)
Information: Time: 2026-07-01 14:29:33 / Session:  00:01:58 / Command:  00:00:50 / CPU:  00:01:44 / Memory: 1848 MB (FLW-8100)
Information: CPU Load: 0%, Ram Free: 158 GB, Swap Free: 13 GB, Work Disk Free: 5929 GB, Tmp Disk Free: 70 GB (MSG-3995)
Compile-fusion optimization summary            SETUP-COST    R2R-COST HOLD-COST LDRC-COST          AREA     LEAKAGE     INSTCNT            ELAPSE       MEM
Compile-fusion                                          -           -         -         -     524698.19           -       27688              0.03      1848
Information: Ending   compile_fusion / logic_opto / Optimization (5) (FLW-8001)
Information: Time: 2026-07-01 14:29:33 / Session:  00:01:58 / Command:  00:00:50 / CPU:  00:01:44 / Memory: 1848 MB (FLW-8100)
Information: CPU Load: 0%, Ram Free: 158 GB, Swap Free: 13 GB, Work Disk Free: 5929 GB, Tmp Disk Free: 70 GB (MSG-3995)
Information: Starting compile_fusion / logic_opto / Auto-Floorplan (2) (FLW-8000)
Information: Time: 2026-07-01 14:29:33 / Session:  00:01:58 / Command:  00:00:50 / CPU:  00:01:44 / Memory: 1848 MB (FLW-8100)
Information: CPU Load: 0%, Ram Free: 158 GB, Swap Free: 13 GB, Work Disk Free: 5929 GB, Tmp Disk Free: 70 GB (MSG-3995)
Information: Shaping unshaped voltage areas (AFP-1011)
Information: Placing unplaced pins (AFP-1007)
Information: Result of compile_fusion / logic_opto / Auto-Floorplan (2) (FLW-8500)
Information: Auto-Floorplan Summary (AFP-2023)
-------------------------------------------------------------------------------
              origin           area     boundary
core            user         852808   { {8 8} {8 930.944} {932.008 930.944} {932.008 8} }
die             user         882615   { {0 0} {0 938.944} {940.008 938.944} {940.008 0} }
-------------------------------------------------------------------------------

-------------------------------------------------------------------------------
objects             total        candidates          modified         preserved                 
voltage areas           0                 0                 0                 0
ios                     0                 0                 0                 0
macros                 30                 0                 0                 0
pins                  195                 0                 0                 0
-------------------------------------------------------------------------------
Compile-fusion optimization summary            SETUP-COST    R2R-COST HOLD-COST LDRC-COST          AREA     LEAKAGE     INSTCNT            ELAPSE       MEM
Compile-fusion                                          -           -         -         -     524698.19           -       27688              0.03      1848
Information: Ending   compile_fusion / logic_opto / Auto-Floorplan (2) (FLW-8001)
Information: Time: 2026-07-01 14:29:33 / Session:  00:01:58 / Command:  00:00:50 / CPU:  00:01:44 / Memory: 1848 MB (FLW-8100)
Information: CPU Load: 0%, Ram Free: 158 GB, Swap Free: 13 GB, Work Disk Free: 5929 GB, Tmp Disk Free: 70 GB (MSG-3995)
Information: Starting compile_fusion / logic_opto / Secondary PG connections (FLW-8000)
Information: Time: 2026-07-01 14:29:33 / Session:  00:01:58 / Command:  00:00:50 / CPU:  00:01:44 / Memory: 1848 MB (FLW-8100)
Information: CPU Load: 0%, Ram Free: 158 GB, Swap Free: 13 GB, Work Disk Free: 5929 GB, Tmp Disk Free: 70 GB (MSG-3995)
Information: Secondary PG:  Secondary PG connections skipped because it is not a UPF design (FLW-1247)
Compile-fusion optimization summary            SETUP-COST    R2R-COST HOLD-COST LDRC-COST          AREA     LEAKAGE     INSTCNT            ELAPSE       MEM
Compile-fusion                                          -           -         -         -     524698.19           -       27688              0.03      1848
Information: Ending   compile_fusion / logic_opto / Secondary PG connections (FLW-8001)
Information: Time: 2026-07-01 14:29:33 / Session:  00:01:58 / Command:  00:00:50 / CPU:  00:01:44 / Memory: 1848 MB (FLW-8100)
Information: CPU Load: 0%, Ram Free: 158 GB, Swap Free: 13 GB, Work Disk Free: 5929 GB, Tmp Disk Free: 70 GB (MSG-3995)
Compile-fusion optimization summary            SETUP-COST    R2R-COST HOLD-COST LDRC-COST          AREA     LEAKAGE     INSTCNT            ELAPSE       MEM
Compile-fusion                                          -           -         -         -     524698.19           -       27688              0.03      1848

Information: Runtime Summary (compile_fusion / logic_opto)  (FLW-9001)
----------------------------------------------------------------------------
     Elapse(Hr:Min:Sec)     Elapse(%)     Category
----------------------------------------------------------------------------
       00:00:01              5.4%         Load Design 
       00:00:01              4.2%         Clock Gate Re-structuring 
       00:00:01              6.3%         Optimization (1) 
       00:00:02              6.5%         Optimization (1)/Logic Simplification and Register Optimization 
       00:00:01              4.4%         Optimization (1)/Timing Optimization and DesignWare Reselection 
       00:00:07             23.2%         Register Retiming 
       00:00:01              4.7%         Optimization (2) 
       00:00:00              0.1%         Auto-Floorplan (1) 
       00:00:06             20.1%         Early Placement 
       00:00:00              1.9%         Optimization (3) 
       00:00:00              2.3%         Optimization (3)/Timing Optimization 
       00:00:01              4.6%         Optimization (4) 
       00:00:01              4.3%         Optimization (4)/Logic Simplification and Register Optimization 
       00:00:00              0.0%         Optimization (5) 
       00:00:00              2.3%         Optimization (5)/Logic Simplification and Register Optimization 
       00:00:00              0.1%         Auto-Floorplan (2) 
       00:00:00              0.0%         Secondary PG connections 
       00:00:03              9.7%         Other 
----------------------------------------------------------------------------
       00:00:31            100.0%         Total 
----------------------------------------------------------------------------

Host Options:
-------------
Max cores: 8

Machine Spec:
-------------
INTEL(R) XEON(R) GOLD 6548Y+ / 128 CPUs  
Sockets: 2, Cores: 32, HT/SMT, not-VM
----------------------------------------------------------------------------

Information: Ending   compile_fusion / logic_opto (FLW-8001)
Information: Time: 2026-07-01 14:29:33 / Session:  00:01:58 / Command:  00:00:50 / CPU:  00:01:45 / Memory: 1848 MB (FLW-8100)
Information: CPU Load: 0%, Ram Free: 158 GB, Swap Free: 13 GB, Work Disk Free: 5929 GB, Tmp Disk Free: 70 GB (MSG-3995)

Information: >>>>>>> 3 unique error and warning message tags while observing compile_fusion / logic_opto: (MSG-3100)
Information: #prnt #trgr #lmt    Tag  Level     Format (or last printed message)                                (MSG-3036)
Information:     1    23 10 SQM-1061  WARNING   Warning: Cannot infer functionality of libcell 'saed32pll/PL... (MSG-3032)
Information:    58    42 10 POW-034   WARNING   Warning: No valid clocks available in mode 'test'. Setting c... (MSG-3032)
Information:     6     6  0 OPT-902   WARNING   Warning: No clock routing rules were specified. Use set_cloc... (MSG-3032)
Information:    65    71  2        3  <------   Total sum of messages (MSG-3038)
Information: >>>>>>> Summary: 71 error&warning MSGs observed during compile_fusion / logic_opto (MSG-3103)

----------------------------------------------------------------------------------------------------------
Information: Starting compile_fusion / initial_place (FLW-8000)
Information: Time: 2026-07-01 14:29:33 / Session:  00:01:58 / Command:  00:00:50 / CPU:  00:01:45 / Memory: 1848 MB (FLW-8100)
Information: CPU Load: 0%, Ram Free: 158 GB, Swap Free: 13 GB, Work Disk Free: 5929 GB, Tmp Disk Free: 70 GB (MSG-3995)
----------------------------------------------------------------------------------------------------------
Information: Timer using 8 threads
Information: The stitching and editing of coupling caps is turned OFF for design 'fsc_top_compile.nlib:fsc_top.design'. (TIM-125)
Information: Orientation ETCH is using reference direction: VERTICAL. (NEX-032)
Warning: Timing Arc from 'u_clk_gen/u_clock_gen/C383/ctmi_32/S0' to 'u_clk_gen/u_clock_gen/C383/ctmi_32/Y' has been disabled to break loops in network of clock 'system_clk' (GRF-013)
************************************************************
Timer Settings:
Delay Calculation Style:                   auto
Signal Integrity Analysis:                 disabled
Timing Window Analysis:                    disabled
Advanced Waveform Propagation:             disabled
Variation Type:                            fixed_derate
Clock Reconvergence Pessimism Removal:     disabled
Advanced Receiver Model:                   disabled
LLE:                                       disabled
ML Acceleration:                           off
Smart Arc Optimization:                    disabled
************************************************************
Number of Site types in the design = 1
Warning: No valid clocks available in mode 'test'. Setting clock frequency to 1 GHz. (POW-034)
Setting up Chip Core
Chip Core shape: (8000 8000) (932008 930944)
Number of VARs = 1
Number of unique PDs = 1
Number of Power Domains = 1
Number of Voltage Areas = 1
Number of supply Nets = 2
Number of used supplies = 0
Blocked VAs: 
Information: Change threshold for extractor is reset. (FLW-1300)
Information: Starting compile_fusion / initial_place / Load Design (FLW-8000)
Information: Time: 2026-07-01 14:29:35 / Session:  00:02:00 / Command:  00:00:52 / CPU:  00:01:51 / Memory: 1848 MB (FLW-8100)
Information: CPU Load: 0%, Ram Free: 158 GB, Swap Free: 13 GB, Work Disk Free: 5929 GB, Tmp Disk Free: 70 GB (MSG-3995)
Compile-fusion optimization summary            SETUP-COST    R2R-COST HOLD-COST LDRC-COST          AREA     LEAKAGE     INSTCNT            ELAPSE       MEM
Compile-fusion optimization summary            SETUP-COST    R2R-COST HOLD-COST LDRC-COST          AREA     LEAKAGE     INSTCNT            ELAPSE       MEM
Compile-fusion                                       0.00        0.00         -      1867     524698.19           -       27688              0.03      1848
Information: Ending   compile_fusion / initial_place / Load Design (FLW-8001)
Information: Time: 2026-07-01 14:29:35 / Session:  00:02:00 / Command:  00:00:52 / CPU:  00:01:51 / Memory: 1848 MB (FLW-8100)
Information: CPU Load: 0%, Ram Free: 158 GB, Swap Free: 13 GB, Work Disk Free: 5929 GB, Tmp Disk Free: 70 GB (MSG-3995)
Information: Starting compile_fusion / initial_place / pre-placement setup (FLW-8000)
Information: Time: 2026-07-01 14:29:35 / Session:  00:02:00 / Command:  00:00:52 / CPU:  00:01:51 / Memory: 1848 MB (FLW-8100)
Information: CPU Load: 0%, Ram Free: 158 GB, Swap Free: 13 GB, Work Disk Free: 5929 GB, Tmp Disk Free: 70 GB (MSG-3995)
Compile-fusion optimization summary            SETUP-COST    R2R-COST HOLD-COST LDRC-COST          AREA     LEAKAGE     INSTCNT            ELAPSE       MEM
Compile-fusion                                          -           -         -         -     524725.38           -       27705              0.03      1848
Information: Ending   compile_fusion / initial_place / pre-placement setup (FLW-8001)
Information: Time: 2026-07-01 14:29:35 / Session:  00:02:01 / Command:  00:00:52 / CPU:  00:01:51 / Memory: 1848 MB (FLW-8100)
Information: CPU Load: 0%, Ram Free: 158 GB, Swap Free: 13 GB, Work Disk Free: 5929 GB, Tmp Disk Free: 70 GB (MSG-3995)
Information: Starting compile_fusion / initial_place / Initial Placement (FLW-8000)
Information: Time: 2026-07-01 14:29:35 / Session:  00:02:01 / Command:  00:00:52 / CPU:  00:01:51 / Memory: 1848 MB (FLW-8100)
Information: CPU Load: 0%, Ram Free: 158 GB, Swap Free: 13 GB, Work Disk Free: 5929 GB, Tmp Disk Free: 70 GB (MSG-3995)
----------------------------------------------------------------
running create_placement
Warning: No valid clocks available in mode 'test'. Setting clock frequency to 1 GHz. (POW-034)
Corner Scaling is off, multiplier is 1.000000
Information: Orientation ETCH is using reference direction: VERTICAL. (NEX-032)
Warning: No valid clocks available in mode 'test'. Setting clock frequency to 1 GHz. (POW-034)
Information: timingScenario ss0p95v125c.func timingCorner ss0p95v125c.  Using corner ss0p95v125c for worst leakage corner. (OPT-078)
Warning: No valid clocks available in mode 'test'. Setting clock frequency to 1 GHz. (POW-034)
Information: Using default layer M4 (OPT-079)
Information: Nominal = 0.0353099  Design MT = inf  Target = 0.1385933  MaxRC = 0.096960 Fast Target = 0.044795 (OPT-081)
nplLib: default vr hor dist = 1065
nplLib: default vr ver dist = 1065
nplLib: default vr buf size = 6
nplLib: default vr buf size = 2
Placer using max_unbuffered_distance = 1064.98
Warning: No valid clocks available in mode 'test'. Setting clock frequency to 1 GHz. (POW-034)
Information: Activity propagation will be performed for scenario ss0p95v125c.func.
Information: Doing activity propagation for mode 'func' and corner 'ss0p95v125c' with effort level 'medium'. (POW-024)
Information: Timer-derived activity data is cached on scenario ss0p95v125c.func (POW-052)
Information: Running switching activity propagation with 8 threads!

 **** Information : No. of simulation cycles = 7 ****
****** eLpp weights (no caps) (no lengths)
Number of nets: 30085, of which 29508 non-clock nets
Number of nets with 0 toggle rate: 12208 (40.5784%)
Max toggle rate = 0.330033, average toggle rate = 0.0028434
Max non-clock toggle rate = 0.0829082
eLpp weight range = (0, 116.07)
*** 42 nets are filtered out

Placement Options:
Effort:                        high_effort         
Timing Driven:                 false               
Buffering Aware Timing Driven: false               
Seed locs:                     false               
Incremental:                   false               
Congestion:                    false               
Fix Macros:                    true                
Place Macros:                  false               
Channel Size Macros:           false               


Start transferring placement data.
****** Net weight manager: report ******
Weights included: eLpp  Timing  
Number of nets with non-default weights: 30085
Amt power = 0.1
Timing factor = 1
Non-default weight range: (0.866057, 12.473)
                             Min         Max         Avg       Stdev        Skew
       Toggle Rates            0    0.330033  0.00284333    0.012315     16.3641
      Power Weights            0      116.07    0.999974     4.33107     16.3641
     Timing Weights     0.962286     2.88657           1    0.137119     4.64458
      Final Weights     0.866057      12.473    0.999997    0.461079     13.6821
Information: Automatic repeater spreading is enabled.
Completed transferring placement data.
Running placement using 8 thread(s)
Information: Enhanced Auto Density Control is used. (PLACE-098)
Information: Enhanced auto density configuration is 13179.
Information: Automatic density control has selected the following settings: max_density 0.55, congestion_driven_max_util 0.87. (PLACE-027)
Information: HFW control 'off' invoked.
Creating placement from scratch.
coarse place 0% done.
coarse place 7% done.
coarse place 14% done.
coarse place 21% done.
coarse place 29% done.
coarse place 36% done.
coarse place 43% done.
Information: Coarse placer wire length estimate = 1.15392e+06
Information: Coarse placer active wire length estimate = 6096.06
Information: Coarse placer weighted wire length estimate = 1.2586e+06
Information: Extraction observers are detached as design net change threshold is reached.
Information: Orientation ETCH is using reference direction: VERTICAL. (NEX-032)
Information: Orientation ETCH is using reference direction: VERTICAL. (NEX-032)
Information: Orientation ETCH is using reference direction: VERTICAL. (NEX-032)
Information: Orientation ETCH is using reference direction: VERTICAL. (NEX-032)
Information: Orientation ETCH is using reference direction: VERTICAL. (NEX-032)
Information: Orientation ETCH is using reference direction: VERTICAL. (NEX-032)
Information: Orientation ETCH is using reference direction: VERTICAL. (NEX-032)
Information: Orientation ETCH is using reference direction: VERTICAL. (NEX-032)
Information: Orientation ETCH is using reference direction: VERTICAL. (NEX-032)
Information: Orientation ETCH is using reference direction: VERTICAL. (NEX-032)
Information: Orientation ETCH is using reference direction: VERTICAL. (NEX-032)
Information: Orientation ETCH is using reference direction: VERTICAL. (NEX-032)
Information: Orientation ETCH is using reference direction: VERTICAL. (NEX-032)
Information: Orientation ETCH is using reference direction: VERTICAL. (NEX-032)
Information: Orientation ETCH is using reference direction: VERTICAL. (NEX-032)
Warning: No clock routing rules were specified. Use set_clock_routing_rules to specify routing rules for accurate clock latency estimation. (OPT-902)
Warning: No clock routing rules were specified. Use set_clock_routing_rules to specify routing rules for accurate clock latency estimation. (OPT-902)
Information: Estimating clock gate latencies for scenario 'ss0p95v125c.func'. (OPT-909)
Information: Orientation ETCH is using reference direction: VERTICAL. (NEX-032)
Information: Orientation ETCH is using reference direction: VERTICAL. (NEX-032)
----------------------------------------------------------------
----------------------------------------------------------------
running create_placement
Information: The stitching and editing of coupling caps is turned OFF for design 'fsc_top_compile.nlib:fsc_top.design'. (TIM-125)
Information: Orientation ETCH is using reference direction: VERTICAL. (NEX-032)
DEBUG FLOWMSGPRINTER: HANDLER IS NULL
CGRW: permuting timing equivalent pins only
Warning: No valid clocks available in mode 'test'. Setting clock frequency to 1 GHz. (POW-034)
Corner Scaling is off, multiplier is 1.000000
Information: Orientation ETCH is using reference direction: VERTICAL. (NEX-032)
Warning: No valid clocks available in mode 'test'. Setting clock frequency to 1 GHz. (POW-034)
Information: timingScenario ss0p95v125c.func timingCorner ss0p95v125c.  Using corner ss0p95v125c for worst leakage corner. (OPT-078)
Warning: No valid clocks available in mode 'test'. Setting clock frequency to 1 GHz. (POW-034)
Information: Using default layer M4 (OPT-079)
Information: Nominal = 0.0353099  Design MT = inf  Target = 0.1385933  MaxRC = 0.096960 Fast Target = 0.044795 (OPT-081)
nplLib: default vr hor dist = 1065
nplLib: default vr ver dist = 1065
nplLib: default vr buf size = 6
nplLib: default vr buf size = 2
Placer using max_unbuffered_distance = 1064.98
Warning: No valid clocks available in mode 'test'. Setting clock frequency to 1 GHz. (POW-034)
Warning: No valid clocks available in mode 'test'. Setting clock frequency to 1 GHz. (POW-034)
Info: e-eLpp used with low effort

Placement Options:
Effort:                        medium_effort       
Timing Driven:                 true                
Buffering Aware Timing Driven: true                
Seed locs:                     true                
Incremental:                   false               
Congestion:                    false               
Fix Macros:                    true                
Place Macros:                  false               
Channel Size Macros:           false               


Start transferring placement data.
****** eLpp weights (no caps) (no lengths)
Number of nets: 30085, of which 29508 non-clock nets
Number of nets with 0 toggle rate: 12208 (40.5784%)
Max toggle rate = 0.330033, average toggle rate = 0.00278591
Max non-clock toggle rate = 0.0829082
eLpp weight range = (0, 118.465)
*** 42 nets are filtered out
****** Net weight manager: report ******
Weights included: eLpp  Timing  
Number of nets with non-default weights: 30085
Amt power = 0.1
Timing factor = 1
Non-default weight range: (0.866057, 12.7125)
                             Min         Max         Avg       Stdev        Skew
       Toggle Rates            0    0.330033  0.00278584   0.0116551     16.3371
      Power Weights            0     118.465    0.999974     4.18359     16.3371
     Timing Weights     0.962286     2.88657           1    0.137119     4.64458
      Final Weights     0.866057     12.7125    0.999997    0.447636     13.4919
Information: Automatic repeater spreading is enabled.
Warning: No valid clocks available in mode 'test'. Setting clock frequency to 1 GHz. (POW-034)
Restructuring in 42 hierarchies
CGRW: importing permutable pins & pairs, size 8 and above
Information: Automatic timing control is enabled.
checking app option clockgate_objective_weight : none
Information: Orientation ETCH is using reference direction: VERTICAL. (NEX-032)
Warning: Timing Arc from 'u_clk_gen/u_clock_gen/C383/ctmi_32/S0' to 'u_clk_gen/u_clock_gen/C383/ctmi_32/Y' has been disabled to break loops in network of clock 'system_clk' (GRF-013)
Information: Orientation ETCH is using reference direction: VERTICAL. (NEX-032)
Information: Orientation ETCH is using reference direction: VERTICAL. (NEX-032)
Information: Orientation ETCH is using reference direction: VERTICAL. (NEX-032)
Information: Orientation ETCH is using reference direction: VERTICAL. (NEX-032)
Using worst RC corner 'ss0p95v125c' for buffer aware analysis.
DTDP placement: scenario=ss0p95v125c.func
DEBUG FLOWMSGPRINTER: HANDLER IS NULL
Information: Orientation ETCH is using reference direction: VERTICAL. (NEX-032)
Information: Orientation ETCH is using reference direction: VERTICAL. (NEX-032)
Information: Orientation ETCH is using reference direction: VERTICAL. (NEX-032)
Information: Orientation ETCH is using reference direction: VERTICAL. (NEX-032)
Information: Orientation ETCH is using reference direction: VERTICAL. (NEX-032)
Information: Orientation ETCH is using reference direction: VERTICAL. (NEX-032)
Completed transferring placement data.
Running placement using 8 thread(s)
Information: Enhanced Auto Density Control is used. (PLACE-098)
Information: Enhanced auto density configuration is 13179.
Information: Automatic density control has selected the following settings: max_density 0.55, congestion_driven_max_util 0.87. (PLACE-027)
Information: HFW control 'off' invoked.
coarse place 0% done.
Selected 6650 sequential cells for slack balancing.
coarse place 10% done.
coarse place 20% done.
coarse place 30% done.
coarse place 40% done.
coarse place 50% done.
coarse place 60% done.
coarse place 70% done.
coarse place 80% done.
coarse place 90% done.
coarse place 100% done.
Information: Coarse placer wire length estimate = 1.24722e+06
Information: Coarse placer active wire length estimate = 4386.34
Information: Coarse placer weighted wire length estimate = 1.26046e+06
Information: Extraction observers are detached as design net change threshold is reached.
Stored 0 bounds for preserving balanced registers 
Information: Orientation ETCH is using reference direction: VERTICAL. (NEX-032)
Information: Orientation ETCH is using reference direction: VERTICAL. (NEX-032)
Information: Orientation ETCH is using reference direction: VERTICAL. (NEX-032)
Information: Orientation ETCH is using reference direction: VERTICAL. (NEX-032)
Information: Orientation ETCH is using reference direction: VERTICAL. (NEX-032)
Information: Orientation ETCH is using reference direction: VERTICAL. (NEX-032)
Information: Orientation ETCH is using reference direction: VERTICAL. (NEX-032)
Information: Orientation ETCH is using reference direction: VERTICAL. (NEX-032)
Information: Orientation ETCH is using reference direction: VERTICAL. (NEX-032)
Information: Orientation ETCH is using reference direction: VERTICAL. (NEX-032)
Information: Orientation ETCH is using reference direction: VERTICAL. (NEX-032)
Information: Orientation ETCH is using reference direction: VERTICAL. (NEX-032)
Information: Orientation ETCH is using reference direction: VERTICAL. (NEX-032)
Information: Orientation ETCH is using reference direction: VERTICAL. (NEX-032)
Information: Orientation ETCH is using reference direction: VERTICAL. (NEX-032)
Warning: No clock routing rules were specified. Use set_clock_routing_rules to specify routing rules for accurate clock latency estimation. (OPT-902)
Warning: No clock routing rules were specified. Use set_clock_routing_rules to specify routing rules for accurate clock latency estimation. (OPT-902)
Information: Estimating clock gate latencies for scenario 'ss0p95v125c.func'. (OPT-909)
Information: Orientation ETCH is using reference direction: VERTICAL. (NEX-032)
Information: Orientation ETCH is using reference direction: VERTICAL. (NEX-032)
----------------------------------------------------------------
Non-default App Option report
All App Options have their default value.
Compile-fusion optimization summary            SETUP-COST    R2R-COST HOLD-COST LDRC-COST          AREA     LEAKAGE     INSTCNT            ELAPSE       MEM
Compile-fusion                                          -           -         -         -     524725.38           -       27705              0.04      1935
Information: Ending   compile_fusion / initial_place / Initial Placement (FLW-8001)
Information: Time: 2026-07-01 14:29:59 / Session:  00:02:24 / Command:  00:01:16 / CPU:  00:02:54 / Memory: 1935 MB (FLW-8100)
Information: CPU Load: 1%, Ram Free: 158 GB, Swap Free: 13 GB, Work Disk Free: 5929 GB, Tmp Disk Free: 70 GB (MSG-3995)
Information: Placing unplaced pins (AFP-1007)

Information: Runtime Summary (compile_fusion / initial_place)  (FLW-9001)
----------------------------------------------------------------------------
     Elapse(Hr:Min:Sec)     Elapse(%)     Category
----------------------------------------------------------------------------
       00:00:00              0.1%         Load Design 
       00:00:00              1.5%         pre-placement setup 
       00:00:23             91.1%         Initial Placement 
       00:00:01              7.3%         Other 
----------------------------------------------------------------------------
       00:00:26            100.0%         Total 
----------------------------------------------------------------------------

Host Options:
-------------
Max cores: 8

Machine Spec:
-------------
INTEL(R) XEON(R) GOLD 6548Y+ / 128 CPUs  
Sockets: 2, Cores: 32, HT/SMT, not-VM
----------------------------------------------------------------------------

Information: Ending   compile_fusion / initial_place (FLW-8001)
Information: Time: 2026-07-01 14:29:59 / Session:  00:02:24 / Command:  00:01:16 / CPU:  00:02:54 / Memory: 1935 MB (FLW-8100)
Information: CPU Load: 1%, Ram Free: 158 GB, Swap Free: 13 GB, Work Disk Free: 5929 GB, Tmp Disk Free: 70 GB (MSG-3995)

Information: >>>>>>> 2 unique error and warning message tags while observing compile_fusion / initial_place: (MSG-3100)
Information: #prnt #trgr #lmt    Tag  Level     Format (or last printed message)                                (MSG-3036)
Information:    69    11 10 POW-034   WARNING   Warning: No valid clocks available in mode 'test'. Setting c... (MSG-3032)
Information:    10     4  0 OPT-902   WARNING   Warning: No clock routing rules were specified. Use set_cloc... (MSG-3032)
Information:    79    15  1        2  <------   Total sum of messages (MSG-3038)
Information: >>>>>>> Summary: 15 error&warning MSGs observed during compile_fusion / initial_place (MSG-3103)

----------------------------------------------------------------------------------------------------------
Information: Starting compile_fusion / initial_drc (FLW-8000)
Information: Time: 2026-07-01 14:29:59 / Session:  00:02:24 / Command:  00:01:16 / CPU:  00:02:54 / Memory: 1935 MB (FLW-8100)
Information: CPU Load: 1%, Ram Free: 158 GB, Swap Free: 13 GB, Work Disk Free: 5929 GB, Tmp Disk Free: 70 GB (MSG-3995)
----------------------------------------------------------------------------------------------------------
Information: Change threshold for extractor is reset. (FLW-1300)
Information: Timer using 8 threads
Information: The stitching and editing of coupling caps is turned OFF for design 'fsc_top_compile.nlib:fsc_top.design'. (TIM-125)
Information: Orientation ETCH is using reference direction: VERTICAL. (NEX-032)
Warning: Timing Arc from 'u_clk_gen/u_clock_gen/C383/ctmi_32/S0' to 'u_clk_gen/u_clock_gen/C383/ctmi_32/Y' has been disabled to break loops in network of clock 'system_clk' (GRF-013)
************************************************************
Timer Settings:
Delay Calculation Style:                   auto
Signal Integrity Analysis:                 disabled
Timing Window Analysis:                    disabled
Advanced Waveform Propagation:             disabled
Variation Type:                            fixed_derate
Clock Reconvergence Pessimism Removal:     disabled
Advanced Receiver Model:                   disabled
LLE:                                       disabled
ML Acceleration:                           off
Smart Arc Optimization:                    disabled
************************************************************
Information: Starting compile_fusion / initial_drc / Load Design (FLW-8000)
Information: Time: 2026-07-01 14:30:00 / Session:  00:02:26 / Command:  00:01:18 / CPU:  00:02:58 / Memory: 1935 MB (FLW-8100)
Information: CPU Load: 1%, Ram Free: 158 GB, Swap Free: 13 GB, Work Disk Free: 5929 GB, Tmp Disk Free: 70 GB (MSG-3995)
Number of Site types in the design = 1
Warning: No valid clocks available in mode 'test'. Setting clock frequency to 1 GHz. (POW-034)
Setting up Chip Core
Chip Core shape: (8000 8000) (932008 930944)
Number of VARs = 1
Number of unique PDs = 1
Number of Power Domains = 1
Number of Voltage Areas = 1
Number of supply Nets = 2
Number of used supplies = 0
Blocked VAs: 
Information: Initializing classic cellmap without advanced rules enabled and without PDC enabled
Information: The following app options are used in cellmap
        place.legalize.enable_color_aware_placement : false
        place.legalize.use_nll_query_cm : false
        place.legalize.enable_advanced_legalizer : false
        place.legalize.enable_prerouted_net_check : true
        place.legalize.enable_advanced_prerouted_net_check : false
        place.legalize.always_continue : true
        place.legalize.limit_legality_checks : false
        place.common.pnet_aware_density : 1.0000
        place.common.pnet_aware_min_width : 0.0000
        place.common.pnet_aware_layers : {}
        place.common.use_placement_model : false
        place.common.enable_advanced_placement_model : true
        cts.placement.cell_spacing_rule_style : maximum
Total 0.1079 seconds to build cellmap data
INFO: creating 188(r) x 188(c) GridCells YDim 5.016 XDim 5.016
INFO: number of GridCells (fsc_top): 35344
INFO: creating 188(r) x 188(c) GridCells YDim 5.016 XDim 5.016
INFO: number of GridCells (fsc_top): 35344
Total 0.2285 seconds to load 39319 cell instances into cellmap, 27621 cells are off site row
Moveable cells: 27658; Application fixed cells: 0; Macro cells: 0; User fixed cells: 11661
Average cell width 3.0297, cell height 1.6720, cell area 5.0656 for total 27658 placed and application fixed cells
Compile-fusion optimization summary            SETUP-COST    R2R-COST HOLD-COST LDRC-COST          AREA     LEAKAGE     INSTCNT            ELAPSE       MEM
Compile-fusion                                          -           -         -         -     524690.81           -       27688              0.04      1935
Information: Ending   compile_fusion / initial_drc / Load Design (FLW-8001)
Information: Time: 2026-07-01 14:30:01 / Session:  00:02:27 / Command:  00:01:19 / CPU:  00:03:01 / Memory: 1935 MB (FLW-8100)
Information: CPU Load: 1%, Ram Free: 158 GB, Swap Free: 13 GB, Work Disk Free: 5929 GB, Tmp Disk Free: 70 GB (MSG-3995)
Information: The stitching and editing of coupling caps is turned OFF for design 'fsc_top_compile.nlib:fsc_top.design'. (TIM-125)
Information: Orientation ETCH is using reference direction: VERTICAL. (NEX-032)
Information: Starting compile_fusion / initial_drc / Global Route (FLW-8000)
Information: Time: 2026-07-01 14:30:02 / Session:  00:02:27 / Command:  00:01:19 / CPU:  00:03:03 / Memory: 1935 MB (FLW-8100)
Information: CPU Load: 1%, Ram Free: 158 GB, Swap Free: 13 GB, Work Disk Free: 5929 GB, Tmp Disk Free: 70 GB (MSG-3995)
Compile-fusion optimization summary            SETUP-COST    R2R-COST HOLD-COST LDRC-COST          AREA     LEAKAGE     INSTCNT            ELAPSE       MEM
Compile-fusion                                 2161445.75  2161445.75         -      2748     524690.81           -       27688              0.04      1935
Information: Ending   compile_fusion / initial_drc / Global Route (FLW-8001)
Information: Time: 2026-07-01 14:30:02 / Session:  00:02:27 / Command:  00:01:19 / CPU:  00:03:03 / Memory: 1935 MB (FLW-8100)
Information: CPU Load: 1%, Ram Free: 158 GB, Swap Free: 13 GB, Work Disk Free: 5929 GB, Tmp Disk Free: 70 GB (MSG-3995)
Information: Starting compile_fusion / initial_drc / Automatic Register Splitting (FLW-8000)
Information: Time: 2026-07-01 14:30:02 / Session:  00:02:27 / Command:  00:01:19 / CPU:  00:03:03 / Memory: 1935 MB (FLW-8100)
Information: CPU Load: 1%, Ram Free: 158 GB, Swap Free: 13 GB, Work Disk Free: 5929 GB, Tmp Disk Free: 70 GB (MSG-3995)
Compile-fusion optimization summary            SETUP-COST    R2R-COST HOLD-COST LDRC-COST          AREA     LEAKAGE     INSTCNT            ELAPSE       MEM
Compile-fusion                                          -           -         -         -     524690.81           -       27688              0.04      1935
Information: Ending   compile_fusion / initial_drc / Automatic Register Splitting (FLW-8001)
Information: Time: 2026-07-01 14:30:02 / Session:  00:02:27 / Command:  00:01:19 / CPU:  00:03:03 / Memory: 1935 MB (FLW-8100)
Information: CPU Load: 1%, Ram Free: 158 GB, Swap Free: 13 GB, Work Disk Free: 5929 GB, Tmp Disk Free: 70 GB (MSG-3995)
Information: Starting compile_fusion / initial_drc / High Fanout Synthesis (FLW-8000)
Information: Time: 2026-07-01 14:30:02 / Session:  00:02:27 / Command:  00:01:19 / CPU:  00:03:03 / Memory: 1935 MB (FLW-8100)
Information: CPU Load: 1%, Ram Free: 158 GB, Swap Free: 13 GB, Work Disk Free: 5929 GB, Tmp Disk Free: 70 GB (MSG-3995)
Warning: No valid clocks available in mode 'test'. Setting clock frequency to 1 GHz. (POW-034)
Corner Scaling is off, multiplier is 1.000000
Information: Orientation ETCH is using reference direction: VERTICAL. (NEX-032)
Warning: No valid clocks available in mode 'test'. Setting clock frequency to 1 GHz. (POW-034)
Information: timingScenario ss0p95v125c.func timingCorner ss0p95v125c.  Using corner ss0p95v125c for worst leakage corner. (OPT-078)
Warning: No valid clocks available in mode 'test'. Setting clock frequency to 1 GHz. (POW-034)
Information: Using default layer M4 (OPT-079)
Information: Nominal = 0.0353099  Design MT = inf  Target = 0.1385933  MaxRC = 0.096960 Fast Target = 0.044795 (OPT-081)
Warning: No valid clocks available in mode 'test'. Setting clock frequency to 1 GHz. (POW-034)
Warning: No valid clocks available in mode 'test'. Setting clock frequency to 1 GHz. (POW-034)
Warning: No valid clocks available in mode 'test'. Setting clock frequency to 1 GHz. (POW-034)
Warning: No valid clocks available in mode 'test'. Setting clock frequency to 1 GHz. (POW-034)
Warning: No valid clocks available in mode 'test'. Setting clock frequency to 1 GHz. (POW-034)
Warning: No valid clocks available in mode 'test'. Setting clock frequency to 1 GHz. (POW-034)
Warning: No valid clocks available in mode 'test'. Setting clock frequency to 1 GHz. (POW-034)
Note - message 'POW-034' limit (10) exceeded. Remainder will be suppressed.
Collecting Drivers ...  
Design max_transition = inf
Design max_capacitance = inf
Using layer M4 for buffering distances
GRE layer bins: None, M2
Running clock data isolation flow.
Found 9 buffer-tree drivers

Roi-HfsDrc SN: 1798569713 435718186 0 67108865 (1076.020020)

Processing Buffer Trees  (ROI) ... 

    [9] 100% Done

                  Deleted        Added
------------ ------------ ------------
    Buffers:            0            7
  Inverters:            0            0
------------ ------------ ------------
      Total:            0            7
------------ ------------ ------------

Number of Drivers Sized: 0 [0.00%]

                      P: 0 [0.00%]
                      N: 0 [0.00%]

Running tristate isolation flow.
TSI: added 0 repeaters
Running mv isolation flow.
Found 0 buffer-tree drivers
No violators found
Found 2003 buffer-tree drivers

Roi-HfsDrc SN: 1798569713 435980330 0 67108865 (1076.020020)

Processing Buffer Trees  (ROI) ... 

    [201]  10% ...
    [402]  20% ...
    [603]  30% ...
    [804]  40% ...
    [1005]  50% ...
    [1206]  60% ...
    [1407]  70% ...
    [1608]  80% ...
    [1809]  90% ...
    [2003] 100% Done

                  Deleted        Added
------------ ------------ ------------
    Buffers:            0         2024
  Inverters:          192          290
------------ ------------ ------------
      Total:          192         2314
------------ ------------ ------------

Number of Drivers Sized: 724 [36.15%]

                      P: 576 [28.76%]
                      N: 148 [7.39%]

Information: The net parasitics of block fsc_top are cleared. (TIM-123)
Information: The stitching and editing of coupling caps is turned OFF for design 'fsc_top_compile.nlib:fsc_top.design'. (TIM-125)
Information: Orientation ETCH is using reference direction: VERTICAL. (NEX-032)
Found 20 net drivers

Processing Buffer Trees  (ROI-INCR) ... 

    [2]  10% ...
    [4]  20% ...
    [6]  30% ...
    [8]  40% ...
    [10]  50% ...
    [12]  60% ...
    [14]  70% ...
    [16]  80% ...
    [18]  90% ...
    [20] 100% ...
    [20] 100% Done

                  Deleted        Added
------------ ------------ ------------
    Buffers:            0           17
  Inverters:            0            0
------------ ------------ ------------
      Total:            0           17
------------ ------------ ------------

Number of Drivers Sized: 6 [30.00%]

                      P: 6 [30.00%]
                      N: 0 [0.00%]

Zbuf-RUNTIME (Hr:Min:Sec)  CPU 0 hr : 0 min : 13.82 sec ELAPSE 0 hr : 0 min : 4.37 sec
Zbuf-RUNTIME         (Min) CPU 0 min ELAPSE 0 min
ZBuf-MEM(max-mem) total 1981656 K / inuse 1794712 K
Information: Result of compile_fusion / initial_drc / High Fanout Synthesis (FLW-8500)
Information: Top 10 transition violators after high fanout synthesis (HFS-1000)
Slack     Fanout  Scenario    Driver                                                       

Compile-fusion optimization summary            SETUP-COST    R2R-COST HOLD-COST LDRC-COST          AREA     LEAKAGE     INSTCNT            ELAPSE       MEM
Compile-fusion                                       0.00        0.00         -       130     533031.31  4205935360.00       29834              0.04      1935
Information: 7 out of 17 POW-034 messages were not printed due to limit 10 (after 'compile_fusion' at run_all_hier.tcl:48) (MSG-3913)
Compile-fusion optimization summary            SETUP-COST    R2R-COST HOLD-COST LDRC-COST          AREA     LEAKAGE     INSTCNT            ELAPSE       MEM
Compile-fusion                                       0.00        0.00         -       130     533031.31           -       29834              0.04      1935
Information: Ending   compile_fusion / initial_drc / High Fanout Synthesis (FLW-8001)
Information: Time: 2026-07-01 14:30:07 / Session:  00:02:33 / Command:  00:01:25 / CPU:  00:03:21 / Memory: 1935 MB (FLW-8100)
Information: CPU Load: 1%, Ram Free: 158 GB, Swap Free: 13 GB, Work Disk Free: 5929 GB, Tmp Disk Free: 70 GB (MSG-3995)
Information: The net parasitics of block fsc_top are cleared. (TIM-123)

Information: Runtime Summary (compile_fusion / initial_drc)  (FLW-9001)
----------------------------------------------------------------------------
     Elapse(Hr:Min:Sec)     Elapse(%)     Category
----------------------------------------------------------------------------
       00:00:01             12.3%         Load Design 
       00:00:00              0.0%         Global Route 
       00:00:00              0.2%         Automatic Register Splitting 
       00:00:05             64.5%         High Fanout Synthesis 
       00:00:01             22.9%         Other 
----------------------------------------------------------------------------
       00:00:08            100.0%         Total 
----------------------------------------------------------------------------

Host Options:
-------------
Max cores: 8

Machine Spec:
-------------
INTEL(R) XEON(R) GOLD 6548Y+ / 128 CPUs  
Sockets: 2, Cores: 32, HT/SMT, not-VM
----------------------------------------------------------------------------

Information: Ending   compile_fusion / initial_drc (FLW-8001)
Information: Time: 2026-07-01 14:30:08 / Session:  00:02:33 / Command:  00:01:25 / CPU:  00:03:21 / Memory: 1935 MB (FLW-8100)
Information: CPU Load: 1%, Ram Free: 158 GB, Swap Free: 13 GB, Work Disk Free: 5929 GB, Tmp Disk Free: 70 GB (MSG-3995)

Information: >>>>>>> 1 unique error and warning message tags while observing compile_fusion / initial_drc: (MSG-3100)
Information: #prnt #trgr #lmt    Tag  Level     Format (or last printed message)                                (MSG-3036)
Information:    80    11 10 POW-034   WARNING   Warning: No valid clocks available in mode 'test'. Setting c... (MSG-3032)
Information:    80    11  1        1  <------   Total sum of messages (MSG-3038)
Information: >>>>>>> Summary: 11 error&warning MSGs observed during compile_fusion / initial_drc (MSG-3103)

----------------------------------------------------------------------------------------------------------
Information: Starting compile_fusion / initial_opto (FLW-8000)
Information: Time: 2026-07-01 14:30:08 / Session:  00:02:33 / Command:  00:01:25 / CPU:  00:03:21 / Memory: 1935 MB (FLW-8100)
Information: CPU Load: 1%, Ram Free: 158 GB, Swap Free: 13 GB, Work Disk Free: 5929 GB, Tmp Disk Free: 70 GB (MSG-3995)
----------------------------------------------------------------------------------------------------------
Information: Change threshold for extractor is reset. (FLW-1300)
Information: Timer using 8 threads
flowStepUpsInPbo:: using optEnvMonitor()
Information: Initializing classic cellmap without advanced rules enabled and without PDC enabled
Information: The following app options are used in cellmap
        place.legalize.enable_color_aware_placement : false
        place.legalize.use_nll_query_cm : false
        place.legalize.enable_advanced_legalizer : false
        place.legalize.enable_prerouted_net_check : true
        place.legalize.enable_advanced_prerouted_net_check : false
        place.legalize.always_continue : true
        place.legalize.limit_legality_checks : false
        place.common.pnet_aware_density : 1.0000
        place.common.pnet_aware_min_width : 0.0000
        place.common.pnet_aware_layers : {}
        place.common.use_placement_model : false
        place.common.enable_advanced_placement_model : true
        cts.placement.cell_spacing_rule_style : maximum
Total 0.1136 seconds to build cellmap data
INFO: compile_fusion is running in balanced flow mode
Warning: Cannot find any default max transition constraint on the design. (OPT-070)
INFO: Leakage Power Aware Optimization Enabled
Warning: Timing Arc from 'u_clk_gen/u_clock_gen/C383/ctmi_32/S0' to 'u_clk_gen/u_clock_gen/C383/ctmi_32/Y' has been disabled to break loops in network of clock 'system_clk' (GRF-013)
Warning: No valid clocks available in mode 'test'. Setting clock frequency to 1 GHz. (POW-034)
Information: The automatic clock gate timing flow is activated. Clock latencies set on clock gate cells will be automatically adjusted by an estimate for latency. (CGT-4005)
DEBUG FLOWMSGPRINTER: HANDLER IS NULL
INFO: disable CRPR-based timing. 
Information: The stitching and editing of coupling caps is turned OFF for design 'fsc_top_compile.nlib:fsc_top.design'. (TIM-125)
Information: Orientation ETCH is using reference direction: VERTICAL. (NEX-032)
Number of Site types in the design = 1
Warning: No valid clocks available in mode 'test'. Setting clock frequency to 1 GHz. (POW-034)
Setting up Chip Core
Chip Core shape: (8000 8000) (932008 930944)
Number of VARs = 1
Number of unique PDs = 1
Number of Power Domains = 1
Number of Voltage Areas = 1
Number of supply Nets = 2
Number of used supplies = 0
Blocked VAs: 
DEBUG FLOWMSGPRINTER: HANDLER IS NULL

DEBUG FLOWMSGPRINTER: HANDLER IS NULL
compile command begin                   CPU:   221 s (  0.06 hr )  ELAPSE:   155 s (  0.04 hr )  MEM-PEAK:  1935 MB
Warning: Cannot find any default max transition constraint on the design. (OPT-070)
Information: The stitching and editing of coupling caps is turned OFF for design 'fsc_top_compile.nlib:fsc_top.design'. (TIM-125)
Information: Orientation ETCH is using reference direction: VERTICAL. (NEX-032)
************************************************************
Timer Settings:
Delay Calculation Style:                   auto
Signal Integrity Analysis:                 disabled
Timing Window Analysis:                    disabled
Advanced Waveform Propagation:             disabled
Variation Type:                            fixed_derate
Clock Reconvergence Pessimism Removal:     disabled
Advanced Receiver Model:                   disabled
LLE:                                       disabled
ML Acceleration:                           off
Smart Arc Optimization:                    disabled
************************************************************
Info: update em.

compile timing update complete          CPU:   224 s (  0.06 hr )  ELAPSE:   156 s (  0.04 hr )  MEM-PEAK:  1935 MB

compile initial QoR
___________________
Scenario Mapping Table
1: ss0p95v125c.func

Pathgroup Mapping Table
1: **default**
2: **async_default**
3: **clock_gating_default**
4: **in2reg_default**
5: **reg2out_default**
6: **in2out_default**
7: pll1_clk_in
8: pll2_clk_in
9: pixel_clk
10: system_clk
11: comp_clk
12: i2c_scl
13: system_clk_div2
14: pll2_clk_div2
15: panel_clk_inv_gate
16: panel_clk_dly
17: panel_clk_gate
18: system_clk_int
19: flash_clk_gate
20: i2c_clk
21: sdram_clk_gate
22: sdram_clk
23: pixel_comp_clk_pix

-------------------------------------------------------------------------------------------------------------------------------------------------------------
PATHGROUP QOR 
-------------------------------------------------------------------------------------------------------------------------------------------------------------
Scene  PG      WNS        TNS    NSV      WHV        THV    NHV
    1   1   0.0000     0.0000      0        -          -      -
    1   2   0.0000     0.0000      0        -          -      -
    1   3   0.0000     0.0000      0        -          -      -
    1   4   0.0000     0.0000      0        -          -      -
    1   5   0.0000     0.0000      0        -          -      -
    1   6   0.0000     0.0000      0        -          -      -
    1   7   0.0000     0.0000      0        -          -      -
    1   8   0.0000     0.0000      0        -          -      -
    1   9   0.0000     0.0000      0        -          -      -
    1  10   0.0000     0.0000      0        -          -      -
    1  11   0.0000     0.0000      0        -          -      -
    1  12   0.0000     0.0000      0        -          -      -
    1  13   0.0000     0.0000      0        -          -      -
    1  14   0.0000     0.0000      0        -          -      -
    1  15   0.0000     0.0000      0        -          -      -
    1  16   0.0000     0.0000      0        -          -      -
    1  17   0.0000     0.0000      0        -          -      -
    1  18   0.0000     0.0000      0        -          -      -
    1  19   0.0000     0.0000      0        -          -      -
    1  20   0.0000     0.0000      0        -          -      -
    1  21   0.0000     0.0000      0        -          -      -
    1  22   0.0000     0.0000      0        -          -      -
    1  23   0.0000     0.0000      0        -          -      -
----------------------------------------------------------------------------------------------------------------------------------------------------------------------
SCENARIO QOR 
----------------------------------------------------------------------------------------------------------------------------------------------------------------------
Scene  PG      WNS        TNS   R2RTNS    NSV      WHV        THV    NHV  MaxTrnV   MaxTranC  MaxCapV    Leakage
    1   *   0.0000     0.0000   0.0000      0        -          -      -        0     0.0000      130 4205935360
----------------------------------------------------------------------------------------------------------------------------------------------------------------------
DESIGN QOR 
----------------------------------------------------------------------------------------------------------------------------------------------------------------------
Scene  PG      WNS        TNS   R2RTNS    NSV      WHV        THV    NHV  MaxTrnV   MaxTranC  MaxCapV    Leakage         Area    InstCnt     BufCnt     InvCnt
    *   *   0.0000     0.0000   0.0000      0   0.0000     0.0000      0        0     0.0000      130 4205935360    533031.31      29834       2057       1605
----------------------------------------------------------------------------------------------------------------------------------------------------------------------

compile initial QoR Summary       WNS        TNS   R2RTNS    NSV      WHV        THV    NHV  MaxTrnV  MaxCapV    Leakage         Area    InstCnt
compile initial QoR Summary    0.0000     0.0000   0.0000      0   0.0000     0.0000      0        0      130 4205935360    533031.31      29834
Information: The netlist change observers are disabled for incremental extraction. (TIM-126)
Warning: No valid clocks available in mode 'test'. Setting clock frequency to 1 GHz. (POW-034)
INFO: using 8 threads
Warning: No valid clocks available in mode 'test'. Setting clock frequency to 1 GHz. (POW-034)
Warning: No valid clocks available in mode 'test'. Setting clock frequency to 1 GHz. (POW-034)
Warning: No valid clocks available in mode 'test'. Setting clock frequency to 1 GHz. (POW-034)
Warning: No valid clocks available in mode 'test'. Setting clock frequency to 1 GHz. (POW-034)
Information: Orientation ETCH is using reference direction: VERTICAL. (NEX-032)
compile initialization complete         CPU:   227 s (  0.06 hr )  ELAPSE:   156 s (  0.04 hr )  MEM-PEAK:  1935 MB
compile optimization summary            SETUP-COST    R2R-COST HOLD-COST LDRC-COST          AREA     LEAKAGE     INSTCNT            ELAPSE       MEM
Warning: Cannot find any default max transition constraint on the design. (OPT-070)
Information: The netlist change observers are enabled for incremental extraction. (TIM-127)
DEBUG FLOWMSGPRINTER: HANDLER IS NULL

DEBUG FLOWMSGPRINTER: HANDLER IS NULL
Information: Initializing classic cellmap without advanced rules enabled and without PDC enabled
Information: The following app options are used in cellmap
        place.legalize.enable_color_aware_placement : false
        place.legalize.use_nll_query_cm : false
        place.legalize.enable_advanced_legalizer : false
        place.legalize.enable_prerouted_net_check : false
        place.legalize.enable_advanced_prerouted_net_check : false
        place.legalize.always_continue : true
        place.legalize.limit_legality_checks : false
        place.common.pnet_aware_density : 1.0000
        place.common.pnet_aware_min_width : 0.0000
        place.common.pnet_aware_layers : {}
        place.common.use_placement_model : false
        place.common.enable_advanced_placement_model : true
        cts.placement.cell_spacing_rule_style : maximum
Total 0.1013 seconds to build cellmap data
INFO: creating 188(r) x 188(c) GridCells YDim 5.016 XDim 5.016
INFO: number of GridCells (fsc_top): 35344
INFO: creating 188(r) x 188(c) GridCells YDim 5.016 XDim 5.016
INFO: number of GridCells (fsc_top): 35344
Total 0.2417 seconds to load 41465 cell instances into cellmap, 27429 cells are off site row
Moveable cells: 29804; Application fixed cells: 0; Macro cells: 0; User fixed cells: 11661
Average cell width 2.9789, cell height 1.6720, cell area 4.9807 for total 29804 placed and application fixed cells
Information: Starting compile_fusion / initial_opto / Optimization (1) (FLW-8000)
Information: Time: 2026-07-01 14:30:12 / Session:  00:02:37 / Command:  00:01:29 / CPU:  00:03:34 / Memory: 1935 MB (FLW-8100)
Information: CPU Load: 1%, Ram Free: 158 GB, Swap Free: 13 GB, Work Disk Free: 5929 GB, Tmp Disk Free: 70 GB (MSG-3995)
Information: Starting compile_fusion / initial_opto / Optimization (1) / Timing Optimization (FLW-8000)
Information: Time: 2026-07-01 14:30:12 / Session:  00:02:37 / Command:  00:01:29 / CPU:  00:03:34 / Memory: 1935 MB (FLW-8100)
Information: CPU Load: 1%, Ram Free: 158 GB, Swap Free: 13 GB, Work Disk Free: 5929 GB, Tmp Disk Free: 70 GB (MSG-3995)
Warning: No valid clocks available in mode 'test'. Setting clock frequency to 1 GHz. (POW-034)
Warning: No valid clocks available in mode 'test'. Setting clock frequency to 1 GHz. (POW-034)
Disable clock slack update for ideal clocks
 Iter  1                                             0.00        0.00         -         -     531990.06  2667369472.00       29834              0.04      1935
Warning: Restoring scoped app option 'ropt.rbuf_subtree_crit_range' to original value 'unset' (from current value '-1', which is different from the scoped value '-1.0'). (FLW-2892)
Disable clock slack update for ideal clocks
Warning: No valid clocks available in mode 'test'. Setting clock frequency to 1 GHz. (POW-034)
Corner Scaling is off, multiplier is 1.000000
Warning: No valid clocks available in mode 'test'. Setting clock frequency to 1 GHz. (POW-034)
Warning: No valid clocks available in mode 'test'. Setting clock frequency to 1 GHz. (POW-034)
Information: Using default layer M4 (OPT-079)
Warning: No valid clocks available in mode 'test'. Setting clock frequency to 1 GHz. (POW-034)
 Iter  1                                             0.00        0.00         -         -     531990.06  2667369472.00       29834              0.04      1935
Warning: Restoring scoped app option 'ropt.rbuf_subtree_crit_range' to original value 'unset' (from current value '-1', which is different from the scoped value '-1.0'). (FLW-2892)
Disable clock slack update for ideal clocks
 Iter  1                                             0.00        0.00         -         -     531990.06  2667369472.00       29834              0.04      1935
Warning: Restoring scoped app option 'ropt.rbuf_subtree_crit_range' to original value 'unset' (from current value '-1', which is different from the scoped value '-1.0'). (FLW-2892)
Disable clock slack update for ideal clocks
 Iter  1                                             0.00        0.00         -         -     531990.06  2667369472.00       29834              0.04      1935
Warning: Restoring scoped app option 'ropt.rbuf_subtree_crit_range' to original value 'unset' (from current value '-1', which is different from the scoped value '-1.0'). (FLW-2892)
Disable clock slack update for ideal clocks
Warning: No valid clocks available in mode 'test'. Setting clock frequency to 1 GHz. (POW-034)
 Iter  1                                             0.00        0.00         -         -     531990.06  2667369472.00       29834              0.04      1935
Warning: Restoring scoped app option 'ropt.rbuf_subtree_crit_range' to original value 'unset' (from current value '-1', which is different from the scoped value '-1.0'). (FLW-2892)
Compile-fusion optimization summary            SETUP-COST    R2R-COST HOLD-COST LDRC-COST          AREA     LEAKAGE     INSTCNT            ELAPSE       MEM
Compile-fusion                                       0.00        0.00         -       365     531990.06           -       29834              0.04      1935
Information: Ending   compile_fusion / initial_opto / Optimization (1) / Timing Optimization (FLW-8001)
Information: Time: 2026-07-01 14:30:14 / Session:  00:02:39 / Command:  00:01:31 / CPU:  00:03:40 / Memory: 1935 MB (FLW-8100)
Information: CPU Load: 1%, Ram Free: 158 GB, Swap Free: 13 GB, Work Disk Free: 5929 GB, Tmp Disk Free: 70 GB (MSG-3995)
Warning: No valid clocks available in mode 'test'. Setting clock frequency to 1 GHz. (POW-034)
 Iter  1                                             0.00        0.00         -         -     531990.06  2667369472.00       29834              0.04      1935
Warning: Restoring scoped app option 'xform.commit_density_threshold' to original value 'unset' (from current value '1.1', which is different from the scoped value '1.100000'). (FLW-2892)
Warning: Restoring scoped app option 'ropt.rutil_density_threshold' to original value 'unset' (from current value '1.1', which is different from the scoped value '1.100000'). (FLW-2892)
Warning: Restoring scoped app option 'opt.internal.levfilter_arec_slack' to original value 'unset' (from current value '-1', which is different from the scoped value '-1.0'). (FLW-2892)
Compile-fusion optimization summary            SETUP-COST    R2R-COST HOLD-COST LDRC-COST          AREA     LEAKAGE     INSTCNT            ELAPSE       MEM
Compile-fusion                                       0.00        0.00         -       450     531755.75           -       29731              0.04      1935
Information: Ending   compile_fusion / initial_opto / Optimization (1) (FLW-8001)
Information: Time: 2026-07-01 14:30:15 / Session:  00:02:41 / Command:  00:01:33 / CPU:  00:03:46 / Memory: 1935 MB (FLW-8100)
Information: CPU Load: 2%, Ram Free: 158 GB, Swap Free: 13 GB, Work Disk Free: 5929 GB, Tmp Disk Free: 70 GB (MSG-3995)
----------------------------------------------------------------
running create_placement
Warning: No valid clocks available in mode 'test'. Setting clock frequency to 1 GHz. (POW-034)
Corner Scaling is off, multiplier is 1.000000
Information: Orientation ETCH is using reference direction: VERTICAL. (NEX-032)
Warning: No valid clocks available in mode 'test'. Setting clock frequency to 1 GHz. (POW-034)
Information: timingScenario ss0p95v125c.func timingCorner ss0p95v125c.  Using corner ss0p95v125c for worst leakage corner. (OPT-078)
Warning: No valid clocks available in mode 'test'. Setting clock frequency to 1 GHz. (POW-034)
Information: Using default layer M4 (OPT-079)
Information: Nominal = 0.0353099  Design MT = inf  Target = 0.1385933  MaxRC = 0.096960 Fast Target = 0.044795 (OPT-081)
nplLib: default vr hor dist = 1065
nplLib: default vr ver dist = 1065
nplLib: default vr buf size = 6
nplLib: default vr buf size = 2
Placer using max_unbuffered_distance = 1064.98
Warning: No valid clocks available in mode 'test'. Setting clock frequency to 1 GHz. (POW-034)

Placement Options:
Effort:                        medium_effort       
Timing Driven:                 false               
Buffering Aware Timing Driven: false               
Seed locs:                     true                
Incremental:                   false               
Congestion:                    false               
Fix Macros:                    true                
Place Macros:                  false               
Channel Size Macros:           false               


Start transferring placement data.
Added 0 bounds for preserving balanced registers
****** Net weight manager: report ******
Weights included: Timing  
Number of nets with non-default weights: 32111
Timing factor = 1
Non-default weight range: (0.957831, 2.87314)
                             Min         Max         Avg       Stdev        Skew
     Timing Weights     0.957831     2.87314           1    0.160443     4.59052
      Final Weights     0.957831     2.87314           1    0.160443     4.59052
Information: Automatic repeater spreading is enabled.
Information: The net parasitics of block fsc_top are cleared. (TIM-123)
Completed transferring placement data.
Running placement using 8 thread(s)
Information: Enhanced Auto Density Control is used. (PLACE-098)
Information: Enhanced auto density configuration is 13179.
Information: Automatic density control has selected the following settings: max_density 0.55, congestion_driven_max_util 0.87. (PLACE-027)
Information: HFW control 'off' invoked.
coarse place 43% done.
coarse place 57% done.
coarse place 71% done.
coarse place 86% done.
coarse place 100% done.
Information: Coarse placer wire length estimate = 1.26861e+06
Information: Coarse placer active wire length estimate = 0
Information: Coarse placer weighted wire length estimate = 1.28744e+06
Information: Extraction observers are detached as design net change threshold is reached.
Information: Orientation ETCH is using reference direction: VERTICAL. (NEX-032)
Information: Orientation ETCH is using reference direction: VERTICAL. (NEX-032)
Information: Orientation ETCH is using reference direction: VERTICAL. (NEX-032)
Information: Orientation ETCH is using reference direction: VERTICAL. (NEX-032)
Information: Orientation ETCH is using reference direction: VERTICAL. (NEX-032)
Information: Orientation ETCH is using reference direction: VERTICAL. (NEX-032)
Information: Orientation ETCH is using reference direction: VERTICAL. (NEX-032)
Information: Orientation ETCH is using reference direction: VERTICAL. (NEX-032)
Information: Orientation ETCH is using reference direction: VERTICAL. (NEX-032)
Information: Orientation ETCH is using reference direction: VERTICAL. (NEX-032)
Information: Orientation ETCH is using reference direction: VERTICAL. (NEX-032)
Information: Orientation ETCH is using reference direction: VERTICAL. (NEX-032)
Information: Orientation ETCH is using reference direction: VERTICAL. (NEX-032)
Information: Orientation ETCH is using reference direction: VERTICAL. (NEX-032)
Information: Orientation ETCH is using reference direction: VERTICAL. (NEX-032)
Warning: No clock routing rules were specified. Use set_clock_routing_rules to specify routing rules for accurate clock latency estimation. (OPT-902)
Warning: No clock routing rules were specified. Use set_clock_routing_rules to specify routing rules for accurate clock latency estimation. (OPT-902)
Information: Estimating clock gate latencies for scenario 'ss0p95v125c.func'. (OPT-909)
Information: Orientation ETCH is using reference direction: VERTICAL. (NEX-032)
Information: Orientation ETCH is using reference direction: VERTICAL. (NEX-032)
----------------------------------------------------------------
Non-default App Option report
All App Options have their default value.
Information: Starting compile_fusion / initial_opto / Timing and Congestion Driven Placement (FLW-8000)
Information: Time: 2026-07-01 14:30:21 / Session:  00:02:46 / Command:  00:01:38 / CPU:  00:03:56 / Memory: 1935 MB (FLW-8100)
Information: CPU Load: 1%, Ram Free: 158 GB, Swap Free: 13 GB, Work Disk Free: 5929 GB, Tmp Disk Free: 70 GB (MSG-3995)
----------------------------------------------------------------
----------------------------------------------------------------
Running congestion-aware direct-timing-driven placement
Information: Current block utilization is '0.33430', effective utilization is '0.35000'. (OPT-055)
chip utilization before DTDP: 0.35
Warning: No valid clocks available in mode 'test'. Setting clock frequency to 1 GHz. (POW-034)
Start transferring placement data.
Warning: To enable pin track alignment feature, the advanced legalizer has to be turned on using app option "place.legalize.enable_advanced_legalizer".
Warning: Pin track alignment feature will be disabled in this run
Information: Initializing classic cellmap without advanced rules enabled and without PDC enabled
Information: The following app options are used in cellmap
        place.legalize.enable_color_aware_placement : false
        place.legalize.use_nll_query_cm : false
        place.legalize.enable_advanced_legalizer : false
        place.legalize.enable_prerouted_net_check : true
        place.legalize.enable_advanced_prerouted_net_check : false
        place.legalize.always_continue : true
        place.legalize.limit_legality_checks : false
        place.common.pnet_aware_density : 1.0000
        place.common.pnet_aware_min_width : 0.0000
        place.common.pnet_aware_layers : {}
        place.common.use_placement_model : false
        place.common.enable_advanced_placement_model : true
        cts.placement.cell_spacing_rule_style : maximum
Total 0.1173 seconds to build cellmap data
Snapped 29701 standard cells to the nearest cellrow to improve the accuracy of congestion analysis.
DEBUG FLOWMSGPRINTER: HANDLER IS NULL
Start Global Route ... 
[Init] Elapsed real time: 0:00:00 
[Init] Elapsed cpu  time: sys=0:00:00 usr=0:00:00 total=0:00:00
[Init] Stage (MB): Used    0  Alloctr    0  Proc    0 
[Init] Total (MB): Used    7  Alloctr    7  Proc 13184 
Printing options for 'route.common.*'

Printing options for 'route.global.*'
global.deterministic                                    :	 on                  
global.timing_driven                                    :	 false               

Begin global routing.
Warning: Cell contains tie connections which are not connected to real PG. (ZRT-511)
Cell Min-Routing-Layer = M1
Cell Max-Routing-Layer = MRDL
Turn off antenna since no rule is specified
Information: Option route.detail.force_end_on_preferred_grid will be ignored since none of the layers have preferred grid. (ZRT-703)
Warning: Cannot find a default contact code for layer CO. (ZRT-022)
Skipping 1 internal pins that are not physical. Set route.common.verbose_level to > 0 and run routing command to get skipped pin names.
Info: number of net_type_blockage: 0 
Information: Via ladder engine would be activated for pattern must join connection in certain commands. Please refer to man-page for the command list. (ZRT-619)
Information: When applicable Min-max layer allow_pin_connection mode will allow paths of length 3.55 outside the layer range. (ZRT-707)
Information: When applicable Min-max layer allow_pin_connection mode will allow paths of length 3.55 outside the layer range on clock nets. (ZRT-718)
Information: When applicable layer based tapering will taper up to 0.00 in distance from the pin. (ZRT-706)
Warning: Standard cell pin MUX41X2_HVT/S0 has no valid via regions. (ZRT-044)
Warning: Cell u_main_controller_top/u_main_controller/u_address_fifo/u_rf_d256x17_f166_wrap/ctmi_46 is placed overlapping with other cells at {{123.672 68.192} {124.432 69.864}}. (ZRT-763)
Warning: Cell u_main_controller_top/u_main_controller/u_address_fifo/rdata2_reg[7] is placed overlapping with other cells at {{222.168 69.864} {227.640 71.536}}. (ZRT-763)
Warning: Cell u_main_controller_top/u_main_controller/ctmi_27259 is placed overlapping with other cells at {{318.232 69.864} {319.448 71.536}}. (ZRT-763)
Warning: Cell u_main_controller_top/u_main_controller/ctmi_27285 is placed overlapping with other cells at {{370.672 9.672} {371.888 11.344}}. (ZRT-763)
Warning: Cell u_datapath/u_SDR_controller/sdr_ad_reg[6] is placed overlapping with other cells at {{419.616 64.848} {425.088 66.520}}. (ZRT-763)
Warning: Cell u_YCrCb2RGB/B_int_reg[13] is placed overlapping with other cells at {{486.648 13.016} {492.424 14.688}}. (ZRT-763)
Warning: Cell u_datapath/rgb_data_in2_reg[17] is placed overlapping with other cells at {{564.016 19.704} {568.272 21.376}}. (ZRT-763)
Warning: Cell u_datapath/u_gamma_correction/sum_table_write_data_reg[5] is placed overlapping with other cells at {{656.584 18.032} {660.840 19.704}}. (ZRT-763)
Warning: Cell u_datapath/u_gamma_correction/u_sr_d1kx16_f166c_compensation_table_1_wrap/u_sr_d1kx16_f166c_bist/ctmi_578 is placed overlapping with other cells at {{736.840 19.704} {738.360 21.376}}. (ZRT-763)
Warning: Cell u_datapath/u_gamma_correction/u_sr_d1kx16_f166c_compensation_table_1_wrap/ctmi_57 is placed overlapping with other cells at {{836.400 9.672} {837.160 11.344}}. (ZRT-763)
Warning: Cell u_main_controller_top/u_main_controller/u_output_buf/ptr_shiftout_reg[45] is placed overlapping with other cells at {{373.104 88.256} {378.576 89.928}}. (ZRT-763)
Warning: Cell u_datapath/u_SDR_controller/u_counter1/T3_reg is placed overlapping with other cells at {{410.648 88.256} {416.120 89.928}}. (ZRT-763)
Warning: Cell u_datapath/u_gamma_correction/u_sr_d1kx16_f166c_compensation_table_0_wrap/u_sr_d1kx16_f166c_bist/bist_addr_q_reg[0] is placed overlapping with other cells at {{656.280 83.240} {661.752 84.912}}. (ZRT-763)
Warning: Cell u_datapath/u_gamma_correction/u_sr_d1kx16_f166c_compensation_table_0_wrap/u_sr_d1kx16_f166c_bist/ctmi_610 is placed overlapping with other cells at {{736.840 88.256} {738.208 89.928}}. (ZRT-763)
Warning: Cell u_datapath/u_gamma_correction/u_sr_d1kx16_f166c_compensation_table_0_wrap/u_sr_d1kx16_f166c_bist/ctmi_625 is placed overlapping with other cells at {{836.856 109.992} {837.920 111.664}}. (ZRT-763)
Warning: Cell u_main_controller_top/u_main_controller/u_address_fifo/u_rf_d256x17_f166_wrap/u_rf_d256x17_f166_bist/ctmi_509 is placed overlapping with other cells at {{123.672 227.032} {125.344 228.704}}. (ZRT-763)
Warning: Cell u_main_controller_top/u_main_controller/u_fifo_sync_d256x11_f116_ewa_mem/u_rf_d256x11_f116_wrap/HFSINV_584_28872 is placed overlapping with other cells at {{222.320 163.496} {223.536 165.168}}. (ZRT-763)
Warning: Cell u_freq_detect/u_gen_vsync/count_reg[8] is placed overlapping with other cells at {{392.560 237.064} {398.032 238.736}}. (ZRT-763)
Warning: Cell u_datapath/phfnr_buf_25412 is placed overlapping with other cells at {{430.560 158.480} {431.320 160.152}}. (ZRT-763)
Warning: Cell u_datapath/u_gamma_correction/u_video_synthesis/counter1/T5_reg is placed overlapping with other cells at {{495.160 238.736} {500.632 240.408}}. (ZRT-763)
Warning: Cell u_datapath/u_color_interleaver/ctmi_624 is placed overlapping with other cells at {{595.936 188.576} {597.152 190.248}}. (ZRT-763)
Warning: Cell u_datapath/u_gamma_correction/u_sr_d1kx16_f166g_gamma_wrap/u_sr_d1kx16_f166g_bist/ctmi_535 is placed overlapping with other cells at {{738.816 203.624} {740.640 205.296}}. (ZRT-763)
Warning: Cell u_datapath/u_gamma_correction/ctmi_17317 is placed overlapping with other cells at {{836.400 160.152} {838.072 161.824}}. (ZRT-763)
Warning: Cell u_main_controller_top/u_main_controller/u_address_fifo/u_rf_d256x17_f166_wrap/HFSINV_1468_29136 is placed overlapping with other cells at {{79.440 270.504} {80.352 272.176}}. (ZRT-763)
Warning: Cell u_main_controller_top/u_main_controller/u_address_fifo/u_rf_d256x17_f166_wrap/ctmi_88 is placed overlapping with other cells at {{93.880 270.504} {95.704 272.176}}. (ZRT-763)
Warning: Cell u_main_controller_top/u_main_controller/u_fifo_sync_d256x11_f116_ewa_mem/wr_pointer_reg[7] is placed overlapping with other cells at {{222.168 278.864} {227.640 280.536}}. (ZRT-763)
Warning: Cell u_main_controller_top/u_main_controller/ewa_din_reg[12] is placed overlapping with other cells at {{243.448 278.864} {249.224 280.536}}. (ZRT-763)
Warning: Cell u_datapath/u_SDR_controller/address_fifo_empty_s3_reg is placed overlapping with other cells at {{383.440 240.408} {387.696 242.080}}. (ZRT-763)
Warning: Cell u_freq_detect/u_gen_vsync/count_reg[10] is placed overlapping with other cells at {{402.288 240.408} {407.760 242.080}}. (ZRT-763)
Warning: Cell u_datapath/u_gamma_correction/ctmTdsLR_1_29943 is placed overlapping with other cells at {{501.848 245.424} {503.368 247.096}}. (ZRT-763)
Warning: Cell u_datapath/u_gamma_correction/u_video_synthesis/ctmi_1009 is placed overlapping with other cells at {{560.976 245.424} {562.040 247.096}}. (ZRT-763)
Warning: Cell u_datapath/u_gamma_flash_fifo_control/u_load_mem_fifo/rdata2_reg[15] is placed overlapping with other cells at {{679.232 292.240} {684.704 293.912}}. (ZRT-763)
Warning: Cell u_datapath/u_gamma_correction/u_sr_d1kx16_f166g_gamma_wrap/u_sr_d1kx16_f166g_bist/ctmi_592 is placed overlapping with other cells at {{736.840 255.456} {738.512 257.128}}. (ZRT-763)
Warning: Cell u_datapath/u_gamma_correction/u_sr_d1kx16_f166c_compensation_table_2_wrap/ctmi_178 is placed overlapping with other cells at {{838.832 240.408} {840.352 242.080}}. (ZRT-763)
Warning: Cell u_datapath/u_gamma_correction/ms_pos_mem_c_reg[4][13] is placed overlapping with other cells at {{921.672 307.288} {927.144 308.960}}. (ZRT-763)
Warning: Cell u_main_controller_top/u_main_controller/u_address_fifo/u_wptr_full_address_fifo/wptr_reg[7] is placed overlapping with other cells at {{115.160 320.664} {120.632 322.336}}. (ZRT-763)
Warning: Cell u_main_controller_top/u_main_controller/u_fifo_sync_d256x11_f116_ewa_mem/u_rf_d256x11_f116_wrap/u_rf_d256x11_f116_bist/ctmi_488 is placed overlapping with other cells at {{177.632 318.992} {178.848 320.664}}. (ZRT-763)
Warning: Cell u_main_controller_top/u_main_controller/init_ewa_reg[11] is placed overlapping with other cells at {{257.736 318.992} {263.208 320.664}}. (ZRT-763)
Warning: Cell u_main_controller_top/u_main_controller/phfnr_buf_26183 is placed overlapping with other cells at {{338.144 318.992} {338.904 320.664}}. (ZRT-763)
Warning: Cell u_register_map_control/choice_5d_reg[2] is placed overlapping with other cells at {{472.816 340.728} {478.288 342.400}}. (ZRT-763)
Warning: Cell u_register_map_control/choice_U_reg[12] is placed overlapping with other cells at {{510.664 322.336} {516.744 324.008}}. (ZRT-763)
Warning: Cell u_datapath/u_gamma_correction/phfnr_buf_25660 is placed overlapping with other cells at {{616.608 327.352} {617.368 329.024}}. (ZRT-763)
Warning: Cell u_datapath/u_gamma_correction/comp_phase2_reg[5] is placed overlapping with other cells at {{644.728 325.680} {650.200 327.352}}. (ZRT-763)
Warning: Cell u_datapath/u_gamma_correction/phfnr_buf_25702 is placed overlapping with other cells at {{731.216 325.680} {731.976 327.352}}. (ZRT-763)
Warning: Cell u_datapath/u_gamma_correction/HFSINV_389_28649 is placed overlapping with other cells at {{800.680 324.008} {801.592 325.680}}. (ZRT-763)
Warning: Cell u_datapath/u_gamma_correction/ms_pos_mem_a_reg[24][14] is placed overlapping with other cells at {{893.096 322.336} {898.568 324.008}}. (ZRT-763)
Warning: Cell u_main_controller_top/u_main_controller/u_sr_d512x72f116_MMS0_wrap/ctmi_348 is placed overlapping with other cells at {{72.448 471.144} {73.664 472.816}}. (ZRT-763)
Warning: Cell u_main_controller_top/ctmi_27133 is placed overlapping with other cells at {{87.192 400.920} {89.016 402.592}}. (ZRT-763)
Warning: Cell u_main_controller_top/u_main_controller/HFSBUF_171_28766 is placed overlapping with other cells at {{237.368 404.264} {238.584 405.936}}. (ZRT-763)
Warning: Cell u_main_controller_top/u_main_controller/ctmi_11238 is placed overlapping with other cells at {{257.584 399.248} {259.104 400.920}}. (ZRT-763)
Warning: Cell u_main_controller_top/u_main_controller/ctmTdsLR_3_20087 is placed overlapping with other cells at {{352.584 402.592} {353.952 404.264}}. (ZRT-763)
Warning: Cell HFSBUF_785_28923 is placed overlapping with other cells at {{450.016 404.264} {452.296 405.936}}. (ZRT-763)
Warning: Cell u_flash_control/RS_OP_160_31576_36006_J4/DP_OP_166_45569_63526_J0/U_5 is placed overlapping with other cells at {{537.720 399.248} {540.608 400.920}}. (ZRT-763)
Warning: Cell u_flash_control/ctmi_6460 is placed overlapping with other cells at {{577.392 405.936} {578.304 407.608}}. (ZRT-763)
Warning: Cell u_datapath/u_gamma_correction/ctmi_17110 is placed overlapping with other cells at {{696.104 402.592} {697.928 404.264}}. (ZRT-763)
Warning: Cell u_datapath/u_gamma_correction/ms_pos_mem_c_reg[8][2] is placed overlapping with other cells at {{736.992 405.936} {742.464 407.608}}. (ZRT-763)
Warning: Cell u_datapath/u_gamma_correction/ms_pos_mem_a_reg[31][13] is placed overlapping with other cells at {{832.752 402.592} {838.224 404.264}}. (ZRT-763)
Warning: Cell u_datapath/u_gamma_correction/ms_pos_mem_c_reg[11][8] is placed overlapping with other cells at {{916.352 407.608} {921.824 409.280}}. (ZRT-763)
Warning: Cell u_main_controller_top/u_main_controller/u_sr_d512x72f116_MMS0_wrap/ctmTdsLR_1_30139 is placed overlapping with other cells at {{146.928 479.504} {148.448 481.176}}. (ZRT-763)
Warning: Cell u_main_controller_top/u_main_controller/u_sr_d512x72f116_MMS0_wrap/u_sr_d512x72f116_MMS0_bist/bist_req_q_reg is placed overlapping with other cells at {{176.264 482.848} {181.736 484.520}}. (ZRT-763)
Warning: Cell u_main_controller_top/u_main_controller/init_eram_pause_start_reg[5] is placed overlapping with other cells at {{256.976 486.192} {263.056 487.864}}. (ZRT-763)
Warning: Cell u_flash_control/flash2control_dout_reg[25] is placed overlapping with other cells at {{375.536 482.848} {381.008 484.520}}. (ZRT-763)
Warning: Cell u_i2c_control/ctmi_6768 is placed overlapping with other cells at {{419.312 479.504} {421.136 481.176}}. (ZRT-763)
Warning: Cell u_flash_control/ctmi_6706 is placed overlapping with other cells at {{496.680 479.504} {498.200 481.176}}. (ZRT-763)
Warning: Cell u_datapath/ctmTdsLR_1_30080 is placed overlapping with other cells at {{572.072 486.192} {573.592 487.864}}. (ZRT-763)
Warning: Cell u_datapath/u_input_line_buffer_control/ctmi_3675 is placed overlapping with other cells at {{657.800 484.520} {659.016 486.192}}. (ZRT-763)
Warning: Cell u_datapath/u_input_line_buffer_control/din2_reg[7] is placed overlapping with other cells at {{734.712 479.504} {740.184 481.176}}. (ZRT-763)
Warning: Cell u_datapath/u_input_line_buffer_control/u_input_line_buffer_b/u_sr_d1kx16_f166_wrap0/u_sr_d1kx16_f166_bist/ctmi_616 is placed overlapping with other cells at {{802.048 484.520} {803.264 486.192}}. (ZRT-763)
Warning: Cell u_datapath/u_input_line_buffer_control/u_input_line_buffer_g/u_sr_d1kx16_f166_wrap1/u_sr_d1kx16_f166_bist/bist_3rd_q_reg is placed overlapping with other cells at {{885.344 482.848} {891.120 484.520}}. (ZRT-763)
Warning: Cell u_main_controller_top/u_main_controller/mirror_mem_din_1_reg[19] is placed overlapping with other cells at {{143.432 559.760} {148.904 561.432}}. (ZRT-763)
Warning: Cell u_main_controller_top/u_main_controller/u_sr_d512x72f116_MMS1_wrap/ctmi_316 is placed overlapping with other cells at {{160.456 566.448} {161.976 568.120}}. (ZRT-763)
Warning: Cell u_main_controller_top/u_main_controller/WR_ADDR_D6_reg[4] is placed overlapping with other cells at {{246.488 561.432} {251.960 563.104}}. (ZRT-763)
Warning: Cell u_datapath/u_rotating_cache_control/rc1/ctmi_6826 is placed overlapping with other cells at {{468.256 559.760} {469.624 561.432}}. (ZRT-763)
Warning: Cell u_datapath/u_rotating_cache_control/rc1/mem2_reg[14] is placed overlapping with other cells at {{493.640 563.104} {499.112 564.776}}. (ZRT-763)
Warning: Cell u_datapath/u_rotating_cache_control/rc2/mem12_reg[14] is placed overlapping with other cells at {{597.304 561.432} {602.776 563.104}}. (ZRT-763)
Warning: Cell u_datapath/phfnr_buf_25408 is placed overlapping with other cells at {{641.384 568.120} {642.144 569.792}}. (ZRT-763)
Warning: Cell u_datapath/u_input_line_buffer_control/u_input_line_buffer_g/u_sr_d1kx16_f166_wrap0/u_sr_d1kx16_f166_bist/ctmi_585 is placed overlapping with other cells at {{736.992 566.448} {737.904 568.120}}. (ZRT-763)
Warning: Cell u_datapath/u_input_line_buffer_control/u_input_line_buffer_r/u_sr_d1kx16_f166_wrap0/clock_gate_u_sr_d1kx16_f166_bist/bist_addr_reg is placed overlapping with other cells at {{836.400 564.776} {839.896 566.448}}. (ZRT-763)
Warning: Cell u_main_controller_top/u_main_controller/u_sr_d512x72f116_MMS2_wrap/ctmTdsLR_3_30133 is placed overlapping with other cells at {{143.432 711.912} {144.952 713.584}}. (ZRT-763)
Warning: Cell u_main_controller_top/u_main_controller/u_output_buf/ctrl_shiftout1_reg[1] is placed overlapping with other cells at {{286.920 645.032} {292.392 646.704}}. (ZRT-763)
Warning: Cell u_datapath/u_output_fifo_control/u_output_fifo_1/ctmi_503 is placed overlapping with other cells at {{550.640 643.360} {552.008 645.032}}. (ZRT-763)
Warning: Cell u_datapath/u_output_fifo_control/u_output_fifo_1/ctmi_588 is placed overlapping with other cells at {{573.744 643.360} {575.264 645.032}}. (ZRT-763)
Warning: Cell u_datapath/u_input_line_buffer_control/u_input_line_buffer_g/u_sr_d1kx16_f166_wrap0/phfnr_buf_25891 is placed overlapping with other cells at {{736.840 640.016} {737.600 641.688}}. (ZRT-763)
Warning: Cell u_datapath/u_input_line_buffer_control/u_input_line_buffer_r/u_sr_d1kx16_f166_wrap0/ctmi_172 is placed overlapping with other cells at {{838.832 646.704} {840.352 648.376}}. (ZRT-763)
Warning: Cell u_main_controller_top/u_main_controller/u_sr_d512x72f116_MMS2_wrap/u_sr_d512x72f116_MMS2_bist/ctmi_887 is placed overlapping with other cells at {{67.888 780.464} {69.408 782.136}}. (ZRT-763)
Warning: Cell u_main_controller_top/u_main_controller/u_sr_d512x72f116_MMS2_wrap/ctmi_23800 is placed overlapping with other cells at {{85.672 780.464} {87.344 782.136}}. (ZRT-763)
Warning: Cell u_main_controller_top/u_main_controller/DIN_reg[2] is placed overlapping with other cells at {{163.192 780.464} {168.664 782.136}}. (ZRT-763)
Warning: Cell u_main_controller_top/u_main_controller/u_fifo_sync_d64x29_f116_ctrl_fifo/A23475 is placed overlapping with other cells at {{293.608 730.304} {294.520 731.976}}. (ZRT-763)
Warning: Cell u_datapath/u_SDR_controller/data_in3_reg[24] is placed overlapping with other cells at {{522.672 753.712} {526.928 755.384}}. (ZRT-763)
Warning: Cell u_datapath/u_output_fifo_control/u_output_fifo_0/u_sr_d1kx32_f233_wrap/u_sr_d1kx32_f233_bist/bist_err_sr_d1kx32_f233_reg is placed overlapping with other cells at {{583.472 762.072} {588.944 763.744}}. (ZRT-763)
Warning: Cell u_datapath/u_output_fifo_control/u_output_fifo_0/dout1r_reg[26] is placed overlapping with other cells at {{645.944 780.464} {651.416 782.136}}. (ZRT-763)
Warning: Cell u_datapath/u_input_line_buffer_control/u_input_line_buffer_r/u_sr_d1kx16_f166_wrap1/u_sr_d1kx16_f166_bist/ctmi_604 is placed overlapping with other cells at {{738.056 742.008} {739.424 743.680}}. (ZRT-763)
Warning: Cell u_datapath/u_input_line_buffer_control/ctmi_3920 is placed overlapping with other cells at {{836.400 725.288} {838.376 726.960}}. (ZRT-763)
Warning: Cell u_main_controller_top/u_main_controller/u_sr_d512x72f116_MMS2_wrap/u_sr_d512x72f116_MMS2_bist/ctmi_905 is placed overlapping with other cells at {{146.472 798.856} {147.384 800.528}}. (ZRT-763)
Warning: Cell u_main_controller_top/u_main_controller/u_sr_d512x72f116_MMS2_wrap/u_sr_d512x72f116_MMS2_bist/ctmi_913 is placed overlapping with other cells at {{287.528 818.920} {289.200 820.592}}. (ZRT-763)
Warning: Cell u_datapath/u_SDR_controller/data_in6_reg[24] is placed overlapping with other cells at {{454.424 803.872} {459.136 805.544}}. (ZRT-763)
Warning: Cell u_datapath/u_SDR_controller/data_out_reg[26] is placed overlapping with other cells at {{554.440 812.232} {560.216 813.904}}. (ZRT-763)
Warning: Cell u_datapath/u_output_fifo_control/u_output_fifo_0/rd_addr_reg[1] is placed overlapping with other cells at {{564.928 800.528} {570.400 802.200}}. (ZRT-763)
Warning: Cell u_datapath/u_input_line_buffer_control/u_input_line_buffer_b/u_sr_d1kx16_f166_wrap1/u_sr_d1kx16_f166_bist/ctmi_535 is placed overlapping with other cells at {{738.816 807.216} {740.640 808.888}}. (ZRT-763)
Warning: Cell u_datapath/u_input_line_buffer_control/u_input_line_buffer_b/u_sr_d1kx16_f166_wrap1/ctmi_179 is placed overlapping with other cells at {{836.400 805.544} {838.072 807.216}}. (ZRT-763)
Warning: Cell u_datapath/u_input_line_buffer_control/u_input_line_buffer_b/u_sr_d1kx16_f166_wrap1/ctmi_23808 is placed overlapping with other cells at {{736.992 882.456} {738.056 884.128}}. (ZRT-763)
Current Stage stats:
[End of Read DB] Elapsed real time: 0:00:00 
[End of Read DB] Elapsed cpu  time: sys=0:00:00 usr=0:00:01 total=0:00:01
[End of Read DB] Stage (MB): Used   71  Alloctr   74  Proc  -32 
[End of Read DB] Total (MB): Used   78  Alloctr   82  Proc 13152 
Constructing data structure ...
Design statistics:
Design Bounding Box (0.00um,0.00um,940.01um,938.94um)
Number of routing layers = 10
layer M1, dir Hor, min width = 0.05um, min space = 0.05um pitch = 0.152um
layer M2, dir Ver, min width = 0.056um, min space = 0.056um pitch = 0.152um
layer M3, dir Hor, min width = 0.056um, min space = 0.056um pitch = 0.304um
layer M4, dir Ver, min width = 0.056um, min space = 0.056um pitch = 0.304um
layer M5, dir Hor, min width = 0.056um, min space = 0.056um pitch = 0.608um
layer M6, dir Ver, min width = 0.056um, min space = 0.056um pitch = 0.608um
layer M7, dir Hor, min width = 0.056um, min space = 0.056um pitch = 1.216um
layer M8, dir Ver, min width = 0.056um, min space = 0.056um pitch = 1.216um
layer M9, dir Hor, min width = 0.16um, min space = 0.16um pitch = 2.432um
layer MRDL, dir Ver, min width = 2um, min space = 2um pitch = 4.864um
Current Stage stats:
[End of Build Tech Data] Elapsed real time: 0:00:00 
[End of Build Tech Data] Elapsed cpu  time: sys=0:00:00 usr=0:00:00 total=0:00:00
[End of Build Tech Data] Stage (MB): Used    7  Alloctr    7  Proc    0 
[End of Build Tech Data] Total (MB): Used   86  Alloctr   90  Proc 13152 
Net statistics:
Total number of nets     = 32153
Number of nets to route  = 31957
Number of single or zero port nets = 22
134 nets are fully connected,
 of which 134 are detail routed and 0 are global routed.
Net length statistics: 
Net Count(Ignore Fully Rted) 31997, Total Half Perimeter Wire Length (HPWL) 1166535 microns
HPWL   0 ~   50 microns: Net Count    25959	Total HPWL       324855 microns
HPWL  50 ~  100 microns: Net Count     2773	Total HPWL       196332 microns
HPWL 100 ~  200 microns: Net Count     2156	Total HPWL       312407 microns
HPWL 200 ~  300 microns: Net Count      726	Total HPWL       174926 microns
HPWL 300 ~  400 microns: Net Count      239	Total HPWL        80886 microns
HPWL 400 ~  500 microns: Net Count       93	Total HPWL        41069 microns
HPWL 500 ~  600 microns: Net Count       29	Total HPWL        15353 microns
HPWL 600 ~  700 microns: Net Count       12	Total HPWL         7768 microns
HPWL 700 ~  800 microns: Net Count        1	Total HPWL          703 microns
HPWL 800 ~  900 microns: Net Count        1	Total HPWL          872 microns
HPWL 900 ~ 1000 microns: Net Count        0	Total HPWL            0 microns
HPWL     > 1000 microns: Net Count        8	Total HPWL        11363 microns
Current Stage stats:
[End of Build All Nets] Elapsed real time: 0:00:00 
[End of Build All Nets] Elapsed cpu  time: sys=0:00:00 usr=0:00:00 total=0:00:00
[End of Build All Nets] Stage (MB): Used   26  Alloctr   26  Proc    0 
[End of Build All Nets] Total (MB): Used  113  Alloctr  116  Proc 13152 
Number of partitions: 1 (1 x 1)
Size of partitions: 562 gCells x 562 gCells
Average gCell capacity  4.11	 on layer (1)	 M1
Average gCell capacity  5.30	 on layer (2)	 M2
Average gCell capacity  2.98	 on layer (3)	 M3
Average gCell capacity  3.03	 on layer (4)	 M4
Average gCell capacity  1.46	 on layer (5)	 M5
Average gCell capacity  2.63	 on layer (6)	 M6
Average gCell capacity  1.09	 on layer (7)	 M7
Average gCell capacity  0.61	 on layer (8)	 M8
Average gCell capacity  0.24	 on layer (9)	 M9
Average gCell capacity  0.34	 on layer (10)	 MRDL
Average number of tracks per gCell 10.99	 on layer (1)	 M1
Average number of tracks per gCell 11.01	 on layer (2)	 M2
Average number of tracks per gCell 5.50	 on layer (3)	 M3
Average number of tracks per gCell 5.51	 on layer (4)	 M4
Average number of tracks per gCell 2.75	 on layer (5)	 M5
Average number of tracks per gCell 2.75	 on layer (6)	 M6
Average number of tracks per gCell 1.38	 on layer (7)	 M7
Average number of tracks per gCell 1.38	 on layer (8)	 M8
Average number of tracks per gCell 0.69	 on layer (9)	 M9
Average number of tracks per gCell 0.35	 on layer (10)	 MRDL
Number of gCells = 3158440
Current Stage stats:
[End of Build Congestion Map] Elapsed real time: 0:00:01 
[End of Build Congestion Map] Elapsed cpu  time: sys=0:00:00 usr=0:00:01 total=0:00:01
[End of Build Congestion Map] Stage (MB): Used   50  Alloctr   51  Proc    0 
[End of Build Congestion Map] Total (MB): Used  163  Alloctr  168  Proc 13152 
Number of partitions: 1 (1 x 1)
Size of partitions: 562 gCells x 562 gCells
Current Stage stats:
[End of Add Nets Demand] Elapsed real time: 0:00:00 
[End of Add Nets Demand] Elapsed cpu  time: sys=0:00:00 usr=0:00:00 total=0:00:00
[End of Add Nets Demand] Stage (MB): Used    1  Alloctr    1  Proc    0 
[End of Add Nets Demand] Total (MB): Used  165  Alloctr  169  Proc 13152 
Number of user frozen nets = 0
Total stats:
[End of Build Data] Elapsed real time: 0:00:01 
[End of Build Data] Elapsed cpu  time: sys=0:00:00 usr=0:00:01 total=0:00:01
[End of Build Data] Stage (MB): Used   86  Alloctr   86  Proc    0 
[End of Build Data] Total (MB): Used  165  Alloctr  169  Proc 13152 
Number of partitions: 1 (1 x 1)
Size of partitions: 562 gCells x 562 gCells
Current Stage stats:
[End of Blocked Pin Detection] Elapsed real time: 0:00:01 
[End of Blocked Pin Detection] Elapsed cpu  time: sys=0:00:00 usr=0:00:01 total=0:00:01
[End of Blocked Pin Detection] Stage (MB): Used  104  Alloctr  104  Proc  140 
[End of Blocked Pin Detection] Total (MB): Used  269  Alloctr  274  Proc 13292 
Information: Using 8 threads for routing. (ZRT-444)
Information: Placement fast mode ON
Information: Multiple gcell levels ON
Information: Buffer distance is estimated to be ~862.0000um (515 gCells)

Start GR phase 0
Number of partitions: 1 (1 x 1)
Size of partitions: 562 gCells x 562 gCells
10% of nets complete Elapsed cpu time: 0:00:00 Elapsed real time: 0:00:00
20% of nets complete Elapsed cpu time: 0:00:00 Elapsed real time: 0:00:00
30% of nets complete Elapsed cpu time: 0:00:00 Elapsed real time: 0:00:00
40% of nets complete Elapsed cpu time: 0:00:00 Elapsed real time: 0:00:00
50% of nets complete Elapsed cpu time: 0:00:00 Elapsed real time: 0:00:00
60% of nets complete Elapsed cpu time: 0:00:01 Elapsed real time: 0:00:01
70% of nets complete Elapsed cpu time: 0:00:01 Elapsed real time: 0:00:01
80% of nets complete Elapsed cpu time: 0:00:02 Elapsed real time: 0:00:02
90% of nets complete Elapsed cpu time: 0:00:03 Elapsed real time: 0:00:03
[rtAllBotParts] Elapsed real time: 0:00:06 
[rtAllBotParts] Elapsed cpu  time: sys=0:00:00 usr=0:00:06 total=0:00:06
[rtTop] Elapsed real time: 0:00:00 
[rtTop] Elapsed cpu  time: sys=0:00:00 usr=0:00:00 total=0:00:00
Current Stage stats:
[End of Initial Routing] Elapsed real time: 0:00:06 
[End of Initial Routing] Elapsed cpu  time: sys=0:00:00 usr=0:00:06 total=0:00:06
[End of Initial Routing] Stage (MB): Used   30  Alloctr   31  Proc   24 
[End of Initial Routing] Total (MB): Used  300  Alloctr  305  Proc 13317 
Initial. Routing result:
Initial. Both Dirs: Dmd-Cap  =  3069 Max = 19 GRCs = 19039 (3.01%)
Initial. H routing: Dmd-Cap  =  2385 Max =  5 (GRCs =   2) GRCs = 18398 (5.83%)
Initial. V routing: Dmd-Cap  =   684 Max = 19 (GRCs =   1) GRCs =   641 (0.20%)
Initial. Both Dirs: Overflow =  6450 Max = 24 GRCs = 30633 (4.85%)
Initial. H routing: Overflow =  4088 Max =  3 (GRCs =  15) GRCs = 27053 (8.57%)
Initial. V routing: Overflow =  2362 Max = 24 (GRCs =   1) GRCs =  3580 (1.13%)
Initial. M1         Overflow =   664 Max =  3 (GRCs =  11) GRCs =   700 (0.22%)
Initial. M2         Overflow =  1719 Max = 24 (GRCs =   1) GRCs =  1550 (0.49%)
Initial. M3         Overflow =   659 Max =  3 (GRCs =   4) GRCs =   865 (0.27%)
Initial. M4         Overflow =   207 Max =  3 (GRCs =  10) GRCs =   218 (0.07%)
Initial. M5         Overflow =    54 Max =  1 (GRCs = 282) GRCs =   282 (0.09%)
Initial. M6         Overflow =   374 Max =  2 (GRCs = 100) GRCs =  1300 (0.41%)
Initial. M7         Overflow =  2629 Max =  2 (GRCs =  31) GRCs = 24340 (7.71%)
Initial. M8         Overflow =    59 Max =  2 (GRCs =   3) GRCs =   491 (0.16%)
Initial. M9         Overflow =    81 Max =  1 (GRCs = 866) GRCs =   866 (0.27%)
Initial. MRDL       Overflow =     1 Max =  1 (GRCs =  21) GRCs =    21 (0.01%)


Overflow over macro areas

Initial. Both Dirs: Overflow =  3504 Max =  4 GRCs = 27785 (9.81%)
Initial. H routing: Overflow =  2877 Max =  3 (GRCs =   1) GRCs = 25785 (18.22%)
Initial. V routing: Overflow =   626 Max =  4 (GRCs =   8) GRCs =  2000 (1.41%)
Initial. M1         Overflow =    73 Max =  3 (GRCs =   1) GRCs =   139 (0.10%)
Initial. M2         Overflow =   143 Max =  4 (GRCs =   8) GRCs =   116 (0.08%)
Initial. M3         Overflow =    60 Max =  2 (GRCs =   8) GRCs =   179 (0.13%)
Initial. M4         Overflow =    82 Max =  3 (GRCs =  10) GRCs =   107 (0.08%)
Initial. M5         Overflow =    35 Max =  1 (GRCs = 263) GRCs =   263 (0.19%)
Initial. M6         Overflow =   341 Max =  2 (GRCs = 100) GRCs =  1267 (0.90%)
Initial. M7         Overflow =  2627 Max =  2 (GRCs =  31) GRCs = 24338 (17.19%)
Initial. M8         Overflow =    57 Max =  2 (GRCs =   3) GRCs =   489 (0.35%)
Initial. M9         Overflow =    81 Max =  1 (GRCs = 866) GRCs =   866 (0.61%)
Initial. MRDL       Overflow =     1 Max =  1 (GRCs =  21) GRCs =    21 (0.01%)

Initial. Total Wire Length = 1254858.32
Initial. Layer M1 wire length = 81420.92
Initial. Layer M2 wire length = 398098.21
Initial. Layer M3 wire length = 325384.50
Initial. Layer M4 wire length = 140898.15
Initial. Layer M5 wire length = 94743.06
Initial. Layer M6 wire length = 112273.31
Initial. Layer M7 wire length = 89045.72
Initial. Layer M8 wire length = 11206.08
Initial. Layer M9 wire length = 1738.23
Initial. Layer MRDL wire length = 50.16
Initial. Total Number of Contacts = 245402
Initial. Via VIA12SQ_C count = 122773
Initial. Via VIA23SQ_C count = 99106
Initial. Via VIA34SQ_C count = 9740
Initial. Via VIA45SQ_C count = 6035
Initial. Via VIA56SQ_C count = 3706
Initial. Via VIA67SQ_C count = 3481
Initial. Via VIA78SQ_C count = 503
Initial. Via VIA89_C count = 56
Initial. Via VIA9RDL count = 2
Initial. completed.

Start GR phase 1
Wed Jul  1 14:30:33 2026
Number of partitions: 16 (4 x 4)
Size of partitions: 160 gCells x 160 gCells
10% of nets complete Elapsed cpu time: 0:00:01 Elapsed real time: 0:00:01
20% of nets complete Elapsed cpu time: 0:00:03 Elapsed real time: 0:00:01
30% of nets complete Elapsed cpu time: 0:00:03 Elapsed real time: 0:00:01
40% of nets complete Elapsed cpu time: 0:00:04 Elapsed real time: 0:00:01
50% of nets complete Elapsed cpu time: 0:00:04 Elapsed real time: 0:00:01
60% of nets complete Elapsed cpu time: 0:00:04 Elapsed real time: 0:00:01
70% of nets complete Elapsed cpu time: 0:00:04 Elapsed real time: 0:00:01
80% of nets complete Elapsed cpu time: 0:00:05 Elapsed real time: 0:00:01
90% of nets complete Elapsed cpu time: 0:00:05 Elapsed real time: 0:00:01
[rtAllParts] Elapsed real time: 0:00:02 
[rtAllParts] Elapsed cpu  time: sys=0:00:00 usr=0:00:05 total=0:00:06
Number of partitions: 16 (4 x 4)
Size of partitions: 160 gCells x 160 gCells
[updNetsDmd] Elapsed real time: 0:00:00 
[updNetsDmd] Elapsed cpu  time: sys=0:00:00 usr=0:00:00 total=0:00:00
Current Stage stats:
[End of Phase1 Routing] Elapsed real time: 0:00:02 
[End of Phase1 Routing] Elapsed cpu  time: sys=0:00:00 usr=0:00:06 total=0:00:06
[End of Phase1 Routing] Stage (MB): Used    0  Alloctr    2  Proc    0 
[End of Phase1 Routing] Total (MB): Used  300  Alloctr  307  Proc 13317 
phase1. Routing result:
phase1. Both Dirs: Dmd-Cap  =   323 Max = 12 GRCs =   238 (0.04%)
phase1. H routing: Dmd-Cap  =   198 Max =  4 (GRCs =  1) GRCs =   148 (0.05%)
phase1. V routing: Dmd-Cap  =   125 Max = 12 (GRCs =  1) GRCs =    90 (0.03%)
phase1. Both Dirs: Overflow =   834 Max = 16 GRCs =   796 (0.13%)
phase1. H routing: Overflow =   480 Max =  2 (GRCs = 36) GRCs =   478 (0.15%)
phase1. V routing: Overflow =   354 Max = 16 (GRCs =  1) GRCs =   318 (0.10%)
phase1. M1         Overflow =   268 Max =  2 (GRCs = 15) GRCs =   287 (0.09%)
phase1. M2         Overflow =   282 Max = 16 (GRCs =  1) GRCs =   247 (0.08%)
phase1. M3         Overflow =   194 Max =  2 (GRCs = 21) GRCs =   173 (0.05%)
phase1. M4         Overflow =    31 Max =  2 (GRCs =  1) GRCs =    30 (0.01%)
phase1. M5         Overflow =     8 Max =  1 (GRCs =  8) GRCs =     8 (0.00%)
phase1. M6         Overflow =    31 Max =  1 (GRCs = 31) GRCs =    31 (0.01%)
phase1. M7         Overflow =    10 Max =  1 (GRCs = 10) GRCs =    10 (0.00%)
phase1. M8         Overflow =    10 Max =  1 (GRCs = 10) GRCs =    10 (0.00%)
phase1. M9         Overflow =     0 Max =  0 (GRCs =  0) GRCs =     0 (0.00%)
phase1. MRDL       Overflow =     0 Max =  0 (GRCs =  0) GRCs =     0 (0.00%)


Overflow over macro areas

phase1. Both Dirs: Overflow =    59 Max =  2 GRCs =    58 (0.02%)
phase1. H routing: Overflow =    21 Max =  1 (GRCs = 21) GRCs =    21 (0.01%)
phase1. V routing: Overflow =    38 Max =  2 (GRCs =  1) GRCs =    37 (0.03%)
phase1. M1         Overflow =     4 Max =  1 (GRCs =  4) GRCs =     4 (0.00%)
phase1. M2         Overflow =     8 Max =  2 (GRCs =  1) GRCs =     7 (0.00%)
phase1. M3         Overflow =     7 Max =  1 (GRCs =  7) GRCs =     7 (0.00%)
phase1. M4         Overflow =     2 Max =  1 (GRCs =  2) GRCs =     2 (0.00%)
phase1. M5         Overflow =     0 Max =  0 (GRCs =  0) GRCs =     0 (0.00%)
phase1. M6         Overflow =    25 Max =  1 (GRCs = 25) GRCs =    25 (0.02%)
phase1. M7         Overflow =    10 Max =  1 (GRCs = 10) GRCs =    10 (0.01%)
phase1. M8         Overflow =     3 Max =  1 (GRCs =  3) GRCs =     3 (0.00%)
phase1. M9         Overflow =     0 Max =  0 (GRCs =  0) GRCs =     0 (0.00%)
phase1. MRDL       Overflow =     0 Max =  0 (GRCs =  0) GRCs =     0 (0.00%)

phase1. Total Wire Length = 1263696.87
phase1. Layer M1 wire length = 88982.85
phase1. Layer M2 wire length = 399376.15
phase1. Layer M3 wire length = 324725.74
phase1. Layer M4 wire length = 145393.84
phase1. Layer M5 wire length = 96745.72
phase1. Layer M6 wire length = 111405.77
phase1. Layer M7 wire length = 82064.62
phase1. Layer M8 wire length = 12390.75
phase1. Layer M9 wire length = 2384.04
phase1. Layer MRDL wire length = 227.39
phase1. Total Number of Contacts = 249668
phase1. Via VIA12SQ_C count = 124364
phase1. Via VIA23SQ_C count = 99770
phase1. Via VIA34SQ_C count = 10972
phase1. Via VIA45SQ_C count = 6530
phase1. Via VIA56SQ_C count = 3737
phase1. Via VIA67SQ_C count = 3603
phase1. Via VIA78SQ_C count = 610
phase1. Via VIA89_C count = 74
phase1. Via VIA9RDL count = 8
phase1. completed.
[End of Whole Chip Routing] Elapsed real time: 0:00:12 
[End of Whole Chip Routing] Elapsed cpu  time: sys=0:00:00 usr=0:00:16 total=0:00:17
[End of Whole Chip Routing] Stage (MB): Used  221  Alloctr  225  Proc  164 
[End of Whole Chip Routing] Total (MB): Used  300  Alloctr  307  Proc 13317 

Congestion utilization per direction:
Average vertical track utilization   = 13.45 %
Peak    vertical track utilization   = 200.00 %
Average horizontal track utilization = 13.24 %
Peak    horizontal track utilization = 300.00 %

[End of Global Routing] Elapsed real time: 0:00:12 
[End of Global Routing] Elapsed cpu  time: sys=0:00:00 usr=0:00:17 total=0:00:17
[End of Global Routing] Stage (MB): Used  177  Alloctr  181  Proc  164 
[End of Global Routing] Total (MB): Used  256  Alloctr  263  Proc 13317 
Writing out congestion map...
Updating congestion ...
Updating congestion ...
[End of dbOut] Elapsed real time: 0:00:00 
[End of dbOut] Elapsed cpu  time: sys=0:00:00 usr=0:00:00 total=0:00:00
[End of dbOut] Stage (MB): Used -114  Alloctr -122  Proc    0 
[End of dbOut] Total (MB): Used   36  Alloctr   37  Proc 13317 
Using per-layer congestion maps for congestion reduction.
Information: 47.96% of design has horizontal routing density above target_routing_density of 0.80.
Information: 43.04% of design has vertical routing density above target_routing_density of 0.80.
DEBUG FLOWMSGPRINTER: HANDLER IS NULL
Completed transferring placement data.
Running placement using 8 thread(s)
Information: Enhanced Auto Density Control is used. (PLACE-098)
Information: Enhanced auto density configuration is 13179.
Information: Automatic density control has selected the following settings: max_density 0.65, congestion_driven_max_util 0.89. (PLACE-027)
Information: HFW control 'off' invoked.
coarse place 100% done.
Information: Reducing cell density for 6.5% of the movable cells to alleviate congestion. This changes the average cell density in non-congested areas from 0.365 to 0.367. (PLACE-030)
Completed Timing-driven placement, Elapsed time =   0: 0:15 
Moved 0 out of 41392 cells, ratio = 0.000000
----------------------------------------------------------------
----------------------------------------------------------------
----------------------------------------------------------------
Running congestion-aware direct-timing-driven placement
Information: The stitching and editing of coupling caps is turned OFF for design 'fsc_top_compile.nlib:fsc_top.design'. (TIM-125)
Information: Orientation ETCH is using reference direction: VERTICAL. (NEX-032)
DEBUG FLOWMSGPRINTER: HANDLER IS NULL
Warning: No valid clocks available in mode 'test'. Setting clock frequency to 1 GHz. (POW-034)
Corner Scaling is off, multiplier is 1.000000
Information: Orientation ETCH is using reference direction: VERTICAL. (NEX-032)
Warning: No valid clocks available in mode 'test'. Setting clock frequency to 1 GHz. (POW-034)
Information: timingScenario ss0p95v125c.func timingCorner ss0p95v125c.  Using corner ss0p95v125c for worst leakage corner. (OPT-078)
Warning: No valid clocks available in mode 'test'. Setting clock frequency to 1 GHz. (POW-034)
Information: Using default layer M4 (OPT-079)
Information: Nominal = 0.0353099  Design MT = inf  Target = 0.1385933  MaxRC = 0.096960 Fast Target = 0.044795 (OPT-081)
nplLib: default vr hor dist = 1065
nplLib: default vr ver dist = 1065
nplLib: default vr buf size = 6
nplLib: default vr buf size = 2
Placer using max_unbuffered_distance = 1064.98
Warning: No valid clocks available in mode 'test'. Setting clock frequency to 1 GHz. (POW-034)

Placement Options:
Effort:                        medium_effort       
Timing Driven:                 true                
Buffering Aware Timing Driven: false               
Seed locs:                     true                
Incremental:                   false               
Congestion:                    true                
Congestion Effort:             medium              
Fix Macros:                    true                
Place Macros:                  false               
Channel Size Macros:           false               


Warning: No valid clocks available in mode 'test'. Setting clock frequency to 1 GHz. (POW-034)
Information: Activity propagation will be performed for scenario ss0p95v125c.func.
Information: Doing activity propagation for mode 'func' and corner 'ss0p95v125c' with effort level 'medium'. (POW-024)
Information: Timer-derived activity data is cached on scenario ss0p95v125c.func (POW-052)
Information: Running switching activity propagation with 8 threads!

 **** Information : No. of simulation cycles = 7 ****
****** eLpp weights (with caps) (no lengths)
Number of nets: 32111, of which 31532 non-clock nets
Number of nets with 0 toggle rate: 12845 (40.0019%)
Max toggle rate = 0.330033, average toggle rate = 0.00283556
Max non-clock toggle rate = 0.0829082
eLpp weight range = (0, 64.6531)
*** 270 nets are filtered out
Start transferring placement data.
****** Net weight manager: report ******
Weights included: eLpp  Timing  
Number of nets with non-default weights: 32111
Amt power = 0.1
Timing factor = 1
Non-default weight range: (0.861969, 7.32728)
                             Min         Max         Avg       Stdev        Skew
       Toggle Rates            0    0.330033  0.00283546   0.0120189     16.5716
      Power Weights            0     64.6531    0.555464     2.35449     16.5716
     Timing Weights     0.957744     2.87288           1    0.160825     4.54139
      Final Weights     0.861969     7.32728    0.955546    0.282679     10.1478
Information: Automatic repeater spreading is enabled.
Information: Automatic timing control is enabled.
checking app option clockgate_objective_weight : none
DTDP placement: scenario=ss0p95v125c.func
DEBUG FLOWMSGPRINTER: HANDLER IS NULL
Information: Orientation ETCH is using reference direction: VERTICAL. (NEX-032)
Information: Orientation ETCH is using reference direction: VERTICAL. (NEX-032)
Information: Orientation ETCH is using reference direction: VERTICAL. (NEX-032)
Information: The net parasitics of block fsc_top are cleared. (TIM-123)
Completed transferring placement data.
Running placement using 8 thread(s)
Information: Enhanced Auto Density Control is used. (PLACE-098)
Information: Enhanced auto density configuration is 13179.
Information: Automatic density control has selected the following settings: max_density 0.65, congestion_driven_max_util 0.89. (PLACE-027)
Information: HFW control 'off' invoked.
coarse place 50% done.
coarse place 60% done.
coarse place 70% done.
coarse place 80% done.
coarse place 90% done.
coarse place 100% done.
Information: Coarse placer wire length estimate = 1.18986e+06
Information: Coarse placer active wire length estimate = 7806.48
Information: Coarse placer weighted wire length estimate = 1.3018e+06
Information: Extraction observers are detached as design net change threshold is reached.
Information: Orientation ETCH is using reference direction: VERTICAL. (NEX-032)
Information: Orientation ETCH is using reference direction: VERTICAL. (NEX-032)
Information: Orientation ETCH is using reference direction: VERTICAL. (NEX-032)
Information: Orientation ETCH is using reference direction: VERTICAL. (NEX-032)
Information: Orientation ETCH is using reference direction: VERTICAL. (NEX-032)
Information: Orientation ETCH is using reference direction: VERTICAL. (NEX-032)
Information: Orientation ETCH is using reference direction: VERTICAL. (NEX-032)
Information: Orientation ETCH is using reference direction: VERTICAL. (NEX-032)
Information: Orientation ETCH is using reference direction: VERTICAL. (NEX-032)
Information: Orientation ETCH is using reference direction: VERTICAL. (NEX-032)
Information: Orientation ETCH is using reference direction: VERTICAL. (NEX-032)
Information: Orientation ETCH is using reference direction: VERTICAL. (NEX-032)
Information: Orientation ETCH is using reference direction: VERTICAL. (NEX-032)
Information: Orientation ETCH is using reference direction: VERTICAL. (NEX-032)
Information: Orientation ETCH is using reference direction: VERTICAL. (NEX-032)
Warning: No clock routing rules were specified. Use set_clock_routing_rules to specify routing rules for accurate clock latency estimation. (OPT-902)
Warning: No clock routing rules were specified. Use set_clock_routing_rules to specify routing rules for accurate clock latency estimation. (OPT-902)
Information: Estimating clock gate latencies for scenario 'ss0p95v125c.func'. (OPT-909)
Information: Orientation ETCH is using reference direction: VERTICAL. (NEX-032)
Information: Orientation ETCH is using reference direction: VERTICAL. (NEX-032)
Completed Timing-driven placement, Elapsed time =   0: 0:12 
Moved 29682 out of 41392 cells, ratio = 0.717095
Total displacement = 378459.718750(um)
Max displacement = 343.877991(um), u_datapath/u_gamma_correction/u_sr_d1kx16_f166c_compensation_table_0_wrap/u_sr_d1kx16_f166c_bist/bist_addr_reg[3] (823.992004, 293.911987, 0) => (656.280029, 117.746002, 0)
Displacement histogram:
  0 ~  10% cells displacement <=      3.57(um)
  0 ~  20% cells displacement <=      5.73(um)
  0 ~  30% cells displacement <=      7.61(um)
  0 ~  40% cells displacement <=      9.36(um)
  0 ~  50% cells displacement <=     11.11(um)
  0 ~  60% cells displacement <=     12.94(um)
  0 ~  70% cells displacement <=     15.07(um)
  0 ~  80% cells displacement <=     17.72(um)
  0 ~  90% cells displacement <=     22.45(um)
  0 ~ 100% cells displacement <=    343.88(um)
----------------------------------------------------------------
Compile-fusion optimization summary            SETUP-COST    R2R-COST HOLD-COST LDRC-COST          AREA     LEAKAGE     INSTCNT            ELAPSE       MEM
Compile-fusion                                          -           -         -         -     531755.75           -       29731              0.05      2100
Information: Ending   compile_fusion / initial_opto / Timing and Congestion Driven Placement (FLW-8001)
Information: Time: 2026-07-01 14:30:49 / Session:  00:03:14 / Command:  00:02:06 / CPU:  00:04:58 / Memory: 2100 MB (FLW-8100)
Information: CPU Load: 1%, Ram Free: 158 GB, Swap Free: 13 GB, Work Disk Free: 5929 GB, Tmp Disk Free: 70 GB (MSG-3995)
Information: Starting compile_fusion / initial_opto / Scan Reordering (FLW-8000)
Information: Time: 2026-07-01 14:30:49 / Session:  00:03:14 / Command:  00:02:06 / CPU:  00:04:58 / Memory: 2100 MB (FLW-8100)
Information: CPU Load: 1%, Ram Free: 158 GB, Swap Free: 13 GB, Work Disk Free: 5929 GB, Tmp Disk Free: 70 GB (MSG-3995)
Warning: SCANDEF based Optimization skipped: No ScanDEF chains found. (DFT-1991)
Compile-fusion optimization summary            SETUP-COST    R2R-COST HOLD-COST LDRC-COST          AREA     LEAKAGE     INSTCNT            ELAPSE       MEM
Compile-fusion                                          -           -         -         -     531755.75           -       29731              0.05      2100
Information: Ending   compile_fusion / initial_opto / Scan Reordering (FLW-8001)
Information: Time: 2026-07-01 14:30:49 / Session:  00:03:14 / Command:  00:02:06 / CPU:  00:04:58 / Memory: 2100 MB (FLW-8100)
Information: CPU Load: 1%, Ram Free: 158 GB, Swap Free: 13 GB, Work Disk Free: 5929 GB, Tmp Disk Free: 70 GB (MSG-3995)
Information: Structural Congestion Optimization technology (Post-DTDP SCO) has been enabled. (SCO-0001)
COST: WSV 1
Structural Congestion Optimization Ratio: 0.00
Information: Starting compile_fusion / initial_opto / Optimization (2) (FLW-8000)
Information: Time: 2026-07-01 14:30:49 / Session:  00:03:14 / Command:  00:02:06 / CPU:  00:04:59 / Memory: 2100 MB (FLW-8100)
Information: CPU Load: 1%, Ram Free: 158 GB, Swap Free: 13 GB, Work Disk Free: 5929 GB, Tmp Disk Free: 70 GB (MSG-3995)
Information: Orientation ETCH is using reference direction: VERTICAL. (NEX-032)
Information: Orientation ETCH is using reference direction: VERTICAL. (NEX-032)
Information: Orientation ETCH is using reference direction: VERTICAL. (NEX-032)
Information: Orientation ETCH is using reference direction: VERTICAL. (NEX-032)
Information: Orientation ETCH is using reference direction: VERTICAL. (NEX-032)
Information: Orientation ETCH is using reference direction: VERTICAL. (NEX-032)
Information: Orientation ETCH is using reference direction: VERTICAL. (NEX-032)
Information: Orientation ETCH is using reference direction: VERTICAL. (NEX-032)
Information: Orientation ETCH is using reference direction: VERTICAL. (NEX-032)
Information: Orientation ETCH is using reference direction: VERTICAL. (NEX-032)
Information: Orientation ETCH is using reference direction: VERTICAL. (NEX-032)
Information: Orientation ETCH is using reference direction: VERTICAL. (NEX-032)
Information: Orientation ETCH is using reference direction: VERTICAL. (NEX-032)
Information: Orientation ETCH is using reference direction: VERTICAL. (NEX-032)
Information: Orientation ETCH is using reference direction: VERTICAL. (NEX-032)
Warning: No clock routing rules were specified. Use set_clock_routing_rules to specify routing rules for accurate clock latency estimation. (OPT-902)
Warning: No clock routing rules were specified. Use set_clock_routing_rules to specify routing rules for accurate clock latency estimation. (OPT-902)
Information: Estimating clock gate latencies for scenario 'ss0p95v125c.func'. (OPT-909)
Information: Orientation ETCH is using reference direction: VERTICAL. (NEX-032)
Information: Orientation ETCH is using reference direction: VERTICAL. (NEX-032)
Compile-fusion optimization summary            SETUP-COST    R2R-COST HOLD-COST LDRC-COST          AREA     LEAKAGE     INSTCNT            ELAPSE       MEM
Compile-fusion                                          -           -         -         -     531755.75           -       29731              0.05      2100
Information: Ending   compile_fusion / initial_opto / Optimization (2) (FLW-8001)
Information: Time: 2026-07-01 14:30:50 / Session:  00:03:15 / Command:  00:02:07 / CPU:  00:05:00 / Memory: 2100 MB (FLW-8100)
Information: CPU Load: 1%, Ram Free: 158 GB, Swap Free: 13 GB, Work Disk Free: 5929 GB, Tmp Disk Free: 70 GB (MSG-3995)
Information: Starting compile_fusion / initial_opto / Scan Synthesis (FLW-8000)
Information: Time: 2026-07-01 14:30:50 / Session:  00:03:15 / Command:  00:02:07 / CPU:  00:05:00 / Memory: 2100 MB (FLW-8100)
Information: CPU Load: 1%, Ram Free: 158 GB, Swap Free: 13 GB, Work Disk Free: 5929 GB, Tmp Disk Free: 70 GB (MSG-3995)
Compile-fusion optimization summary            SETUP-COST    R2R-COST HOLD-COST LDRC-COST          AREA     LEAKAGE     INSTCNT            ELAPSE       MEM
Compile-fusion                                          -           -         -         -     531755.75           -       29731              0.05      2100
Information: Ending   compile_fusion / initial_opto / Scan Synthesis (FLW-8001)
Information: Time: 2026-07-01 14:30:50 / Session:  00:03:15 / Command:  00:02:07 / CPU:  00:05:00 / Memory: 2100 MB (FLW-8100)
Information: CPU Load: 1%, Ram Free: 158 GB, Swap Free: 13 GB, Work Disk Free: 5929 GB, Tmp Disk Free: 70 GB (MSG-3995)
Information: Starting compile_fusion / initial_opto / DRC Optimization (FLW-8000)
Information: Time: 2026-07-01 14:30:50 / Session:  00:03:15 / Command:  00:02:07 / CPU:  00:05:00 / Memory: 2100 MB (FLW-8100)
Information: CPU Load: 1%, Ram Free: 158 GB, Swap Free: 13 GB, Work Disk Free: 5929 GB, Tmp Disk Free: 70 GB (MSG-3995)
Information: The stitching and editing of coupling caps is turned OFF for design 'fsc_top_compile.nlib:fsc_top.design'. (TIM-125)
Information: Orientation ETCH is using reference direction: VERTICAL. (NEX-032)
Warning: No valid clocks available in mode 'test'. Setting clock frequency to 1 GHz. (POW-034)
Corner Scaling is off, multiplier is 1.000000
Information: Initializing classic cellmap without advanced rules enabled and without PDC enabled
Information: The following app options are used in cellmap
        place.legalize.enable_color_aware_placement : false
        place.legalize.use_nll_query_cm : false
        place.legalize.enable_advanced_legalizer : false
        place.legalize.enable_prerouted_net_check : true
        place.legalize.enable_advanced_prerouted_net_check : false
        place.legalize.always_continue : true
        place.legalize.limit_legality_checks : false
        place.common.pnet_aware_density : 1.0000
        place.common.pnet_aware_min_width : 0.0000
        place.common.pnet_aware_layers : {}
        place.common.use_placement_model : false
        place.common.enable_advanced_placement_model : true
        cts.placement.cell_spacing_rule_style : maximum
Total 0.1146 seconds to build cellmap data
INFO: creating 188(r) x 188(c) GridCells YDim 5.016 XDim 5.016
INFO: number of GridCells (fsc_top): 35344
INFO: creating 188(r) x 188(c) GridCells YDim 5.016 XDim 5.016
INFO: number of GridCells (fsc_top): 35344
Total 0.2443 seconds to load 41362 cell instances into cellmap, 29660 cells are off site row
Moveable cells: 29701; Application fixed cells: 0; Macro cells: 0; User fixed cells: 11661
Average cell width 2.9636, cell height 1.6720, cell area 4.9551 for total 29701 placed and application fixed cells
Information: Orientation ETCH is using reference direction: VERTICAL. (NEX-032)
Warning: No valid clocks available in mode 'test'. Setting clock frequency to 1 GHz. (POW-034)
Information: timingScenario ss0p95v125c.func timingCorner ss0p95v125c.  Using corner ss0p95v125c for worst leakage corner. (OPT-078)
Warning: No valid clocks available in mode 'test'. Setting clock frequency to 1 GHz. (POW-034)
Information: Using default layer M4 (OPT-079)
Information: Nominal = 0.0353099  Design MT = inf  Target = 0.1385933  MaxRC = 0.096960 Fast Target = 0.044795 (OPT-081)
Warning: No valid clocks available in mode 'test'. Setting clock frequency to 1 GHz. (POW-034)
Warning: No valid clocks available in mode 'test'. Setting clock frequency to 1 GHz. (POW-034)
Warning: No valid clocks available in mode 'test'. Setting clock frequency to 1 GHz. (POW-034)
Warning: No valid clocks available in mode 'test'. Setting clock frequency to 1 GHz. (POW-034)
Warning: No valid clocks available in mode 'test'. Setting clock frequency to 1 GHz. (POW-034)
Warning: No valid clocks available in mode 'test'. Setting clock frequency to 1 GHz. (POW-034)
Warning: No valid clocks available in mode 'test'. Setting clock frequency to 1 GHz. (POW-034)
Collecting Drivers ...  
Design max_transition = inf
Design max_capacitance = inf
Using layer M4 for buffering distances
GRE layer bins: None, M2
Found 497 buffer-tree drivers

Roi-HfsDrc SN: 1798569713 435980330 0 67108865 (1076.020020)

Processing Buffer Trees Incrementally (ROI) ... 

    [50]  10% ...
    [100]  20% ...
    [150]  30% ...
    [200]  40% ...
    [250]  50% ...
    [300]  60% ...
    [350]  70% ...
    [400]  80% ...
    [450]  90% ...
    [497] 100% Done

                  Deleted        Added
------------ ------------ ------------
    Buffers:            0          217
  Inverters:            0           39
------------ ------------ ------------
      Total:            0          256
------------ ------------ ------------

Number of Drivers Sized: 298 [59.96%]

                      P: 259 [52.11%]
                      N: 39 [7.85%]

Found 9 net drivers

Processing Buffer Trees Incrementally (ROI-INCR) ... 

    [1]  10% ...
    [2]  20% ...
    [3]  30% ...
    [4]  40% ...
    [5]  50% ...
    [6]  60% ...
    [7]  70% ...
    [8]  80% ...
    [9]  90% ...
    [9] 100% Done

                  Deleted        Added
------------ ------------ ------------
    Buffers:            0            2
  Inverters:            0            0
------------ ------------ ------------
      Total:            0            2
------------ ------------ ------------

Number of Drivers Sized: 0 [0.00%]

                      P: 0 [0.00%]
                      N: 0 [0.00%]

Zbuf-RUNTIME (Hr:Min:Sec)  CPU 0 hr : 0 min : 2.97 sec ELAPSE 0 hr : 0 min : 1.14 sec
Zbuf-RUNTIME         (Min) CPU 0 min ELAPSE 0 min
ZBuf-MEM(max-mem) total 2150424 K / inuse 1855880 K
Information: Result of compile_fusion / initial_opto / DRC Optimization (FLW-8500)
Information: Top 10 transition violators after high fanout synthesis (HFS-1000)
Slack     Fanout  Scenario    Driver                                                       

Compile-fusion optimization summary            SETUP-COST    R2R-COST HOLD-COST LDRC-COST          AREA     LEAKAGE     INSTCNT            ELAPSE       MEM
Compile-fusion                                       0.00        0.00         -       117     532641.69  2785569536.00       29989              0.05      2100
Information: 7 out of 17 POW-034 messages were not printed due to limit 10 (after 'compile_fusion' at run_all_hier.tcl:48) (MSG-3913)
Compile-fusion optimization summary            SETUP-COST    R2R-COST HOLD-COST LDRC-COST          AREA     LEAKAGE     INSTCNT            ELAPSE       MEM
Compile-fusion                                       0.00        0.00         -       117     532641.69           -       29989              0.05      2100
Information: Ending   compile_fusion / initial_opto / DRC Optimization (FLW-8001)
Information: Time: 2026-07-01 14:30:52 / Session:  00:03:17 / Command:  00:02:09 / CPU:  00:05:06 / Memory: 2100 MB (FLW-8100)
Information: CPU Load: 1%, Ram Free: 158 GB, Swap Free: 13 GB, Work Disk Free: 5929 GB, Tmp Disk Free: 70 GB (MSG-3995)
Information: Starting compile_fusion / initial_opto / Incremental High Fanout Synthesis (FLW-8000)
Information: Time: 2026-07-01 14:30:52 / Session:  00:03:17 / Command:  00:02:09 / CPU:  00:05:06 / Memory: 2100 MB (FLW-8100)
Information: CPU Load: 1%, Ram Free: 158 GB, Swap Free: 13 GB, Work Disk Free: 5929 GB, Tmp Disk Free: 70 GB (MSG-3995)
Isolated 0 ports, skipped 0 ports
Already Isolated 0 ports, Deleted 0 existing Isolation cells 
Warning: No tie cell is available for constant fixing. (OPT-200)
Compile-fusion optimization summary            SETUP-COST    R2R-COST HOLD-COST LDRC-COST          AREA     LEAKAGE     INSTCNT            ELAPSE       MEM
Compile-fusion                                       0.00        0.00         -       117     532641.69           -       29989              0.05      2100
Information: Ending   compile_fusion / initial_opto / Incremental High Fanout Synthesis (FLW-8001)
Information: Time: 2026-07-01 14:30:52 / Session:  00:03:17 / Command:  00:02:09 / CPU:  00:05:06 / Memory: 2100 MB (FLW-8100)
Information: CPU Load: 1%, Ram Free: 158 GB, Swap Free: 13 GB, Work Disk Free: 5929 GB, Tmp Disk Free: 70 GB (MSG-3995)
Information: Starting compile_fusion / initial_opto / Optimization (3) (FLW-8000)
Information: Time: 2026-07-01 14:30:52 / Session:  00:03:17 / Command:  00:02:09 / CPU:  00:05:06 / Memory: 2100 MB (FLW-8100)
Information: CPU Load: 1%, Ram Free: 158 GB, Swap Free: 13 GB, Work Disk Free: 5929 GB, Tmp Disk Free: 70 GB (MSG-3995)
Disable clock slack update for ideal clocks
Information: Initializing classic cellmap without advanced rules enabled and without PDC enabled
Information: The following app options are used in cellmap
        place.legalize.enable_color_aware_placement : false
        place.legalize.use_nll_query_cm : false
        place.legalize.enable_advanced_legalizer : false
        place.legalize.enable_prerouted_net_check : false
        place.legalize.enable_advanced_prerouted_net_check : false
        place.legalize.always_continue : true
        place.legalize.limit_legality_checks : false
        place.common.pnet_aware_density : 1.0000
        place.common.pnet_aware_min_width : 0.0000
        place.common.pnet_aware_layers : {}
        place.common.use_placement_model : false
        place.common.enable_advanced_placement_model : true
        cts.placement.cell_spacing_rule_style : maximum
Total 0.1140 seconds to build cellmap data
INFO: creating 188(r) x 188(c) GridCells YDim 5.016 XDim 5.016
INFO: number of GridCells (fsc_top): 35344
INFO: creating 188(r) x 188(c) GridCells YDim 5.016 XDim 5.016
INFO: number of GridCells (fsc_top): 35344
Total 0.2517 seconds to load 41620 cell instances into cellmap, 29660 cells are off site row
Moveable cells: 29959; Application fixed cells: 0; Macro cells: 0; User fixed cells: 11661
Average cell width 2.9557, cell height 1.6720, cell area 4.9420 for total 29959 placed and application fixed cells
 Iter  1                                             0.00        0.00         -         -     532641.69  2785569536.00       29989              0.06      2100
Warning: Restoring scoped app option 'ropt.rbuf_subtree_crit_range' to original value 'unset' (from current value '-1', which is different from the scoped value '-1.0'). (FLW-2892)
Information: Starting compile_fusion / initial_opto / Optimization (3) / Global Sizing and Buffering (FLW-8000)
Information: Time: 2026-07-01 14:30:52 / Session:  00:03:18 / Command:  00:02:10 / CPU:  00:05:07 / Memory: 2100 MB (FLW-8100)
Information: CPU Load: 1%, Ram Free: 158 GB, Swap Free: 13 GB, Work Disk Free: 5929 GB, Tmp Disk Free: 70 GB (MSG-3995)
Disable clock slack update for ideal clocks
Warning: No valid clocks available in mode 'test'. Setting clock frequency to 1 GHz. (POW-034)
bmap: stepx = stepy = 18801
creating bmap
DB units per micron : 1000
 Iter  1                                             0.00        0.00         -         -     532641.69  2785569536.00       29989              0.06      2100
Warning: Restoring scoped app option 'ropt.rbuf_subtree_crit_range' to original value 'unset' (from current value '-1', which is different from the scoped value '-1.0'). (FLW-2892)
Compile-fusion optimization summary            SETUP-COST    R2R-COST HOLD-COST LDRC-COST          AREA     LEAKAGE     INSTCNT            ELAPSE       MEM
Compile-fusion                                       0.00        0.00         -       117     532641.69           -       29989              0.06      2100
Information: Ending   compile_fusion / initial_opto / Optimization (3) / Global Sizing and Buffering (FLW-8001)
Information: Time: 2026-07-01 14:30:53 / Session:  00:03:18 / Command:  00:02:10 / CPU:  00:05:08 / Memory: 2100 MB (FLW-8100)
Information: CPU Load: 1%, Ram Free: 158 GB, Swap Free: 13 GB, Work Disk Free: 5929 GB, Tmp Disk Free: 70 GB (MSG-3995)
Information: Starting compile_fusion / initial_opto / Optimization (3) / Macro Skewing (FLW-8000)
Information: Time: 2026-07-01 14:30:53 / Session:  00:03:18 / Command:  00:02:10 / CPU:  00:05:08 / Memory: 2100 MB (FLW-8100)
Information: CPU Load: 1%, Ram Free: 158 GB, Swap Free: 13 GB, Work Disk Free: 5929 GB, Tmp Disk Free: 70 GB (MSG-3995)
Compile-fusion optimization summary            SETUP-COST    R2R-COST HOLD-COST LDRC-COST          AREA     LEAKAGE     INSTCNT            ELAPSE       MEM
Compile-fusion optimization summary            SETUP-COST    R2R-COST HOLD-COST LDRC-COST          AREA     LEAKAGE     INSTCNT            ELAPSE       MEM
Compile-fusion                                       0.00        0.00         -       117     532641.69  2785569536.00       29989              0.06      2100
Compile-fusion optimization summary            SETUP-COST    R2R-COST HOLD-COST LDRC-COST          AREA     LEAKAGE     INSTCNT            ELAPSE       MEM
Compile-fusion                                       0.00        0.00         -       117     532641.69           -       29989              0.06      2100
Information: Ending   compile_fusion / initial_opto / Optimization (3) / Macro Skewing (FLW-8001)
Information: Time: 2026-07-01 14:30:53 / Session:  00:03:18 / Command:  00:02:10 / CPU:  00:05:08 / Memory: 2100 MB (FLW-8100)
Information: CPU Load: 1%, Ram Free: 158 GB, Swap Free: 13 GB, Work Disk Free: 5929 GB, Tmp Disk Free: 70 GB (MSG-3995)
Information: Orientation ETCH is using reference direction: VERTICAL. (NEX-032)
Information: Orientation ETCH is using reference direction: VERTICAL. (NEX-032)
Information: Orientation ETCH is using reference direction: VERTICAL. (NEX-032)
Information: Orientation ETCH is using reference direction: VERTICAL. (NEX-032)
Information: Orientation ETCH is using reference direction: VERTICAL. (NEX-032)
Information: Orientation ETCH is using reference direction: VERTICAL. (NEX-032)
Information: Orientation ETCH is using reference direction: VERTICAL. (NEX-032)
Information: Orientation ETCH is using reference direction: VERTICAL. (NEX-032)
Information: Orientation ETCH is using reference direction: VERTICAL. (NEX-032)
Information: Orientation ETCH is using reference direction: VERTICAL. (NEX-032)
Information: Orientation ETCH is using reference direction: VERTICAL. (NEX-032)
Information: Orientation ETCH is using reference direction: VERTICAL. (NEX-032)
Information: Orientation ETCH is using reference direction: VERTICAL. (NEX-032)
Information: Orientation ETCH is using reference direction: VERTICAL. (NEX-032)
Information: Orientation ETCH is using reference direction: VERTICAL. (NEX-032)
Warning: No clock routing rules were specified. Use set_clock_routing_rules to specify routing rules for accurate clock latency estimation. (OPT-902)
Warning: No clock routing rules were specified. Use set_clock_routing_rules to specify routing rules for accurate clock latency estimation. (OPT-902)
Information: Estimating clock gate latencies for scenario 'ss0p95v125c.func'. (OPT-909)
Information: Orientation ETCH is using reference direction: VERTICAL. (NEX-032)
Information: Orientation ETCH is using reference direction: VERTICAL. (NEX-032)
Compile-fusion optimization summary            SETUP-COST    R2R-COST HOLD-COST LDRC-COST          AREA     LEAKAGE     INSTCNT            ELAPSE       MEM
Compile-fusion                                       0.00        0.00         -       117     532641.69  2785569536.00       29989              0.06      2100
Information: Result of compile_fusion / initial_opto / Clock Gate Re-structuring (FLW-8500)
--------------------------------------------------------------------------------
|                             Clock Gating Options                             |
--------------------------------------------------------------------------------
|         Objects         |    Minimum Bitwidth     |      Maximum Fanout      |
--------------------------+-------------------------+---------------------------
|   top-level (design)    |          3 (d)          |      Unlimited (d)       |
--------------------------------------------------------------------------------

Number of Pre-Existing Clock Gates with dont touch attribute: 0
Number of ICG library cells with CTS purpose: 12
---------------------------------------------------------------------------------------------
                          Tool Gated Register Summary                                        
---------------------------------------------------------------------------------------------
Clock Gating Type                   | Number of   | Register Count | Equivalent | % of Gated 
                                    | Clock Gates |                | Bitwidth   | Bits       
---------------------------------------------------------------------------------------------
Regular Clock Gating                |         497 |           6437 |       6437 |    61.76%
---------------------------------------------------------------------------------------------
--------------------------------------------------------------------------------
                 Regular Clock Gating Ungated Register Summary                  
--------------------------------------------------------------------------------
 Ungated Reason                                            | Count | Bitwidth   
--------------------------------------------------------------------------------
 Enable is Constant One.                                   |  3740 |     3740
 Minimum Bitwidth Not Met.                                 |   208 |      208
 Partial Minimum Bitwidth Not Met.                         |     4 |        4
 Register Model Issue.                                     |    33 |       33
--------------------------------------------------------------------------------
Information: Orientation ETCH is using reference direction: VERTICAL. (NEX-032)
Information: Orientation ETCH is using reference direction: VERTICAL. (NEX-032)
Information: Orientation ETCH is using reference direction: VERTICAL. (NEX-032)
Information: Orientation ETCH is using reference direction: VERTICAL. (NEX-032)
Information: Orientation ETCH is using reference direction: VERTICAL. (NEX-032)
Information: Orientation ETCH is using reference direction: VERTICAL. (NEX-032)
Information: Orientation ETCH is using reference direction: VERTICAL. (NEX-032)
Information: Orientation ETCH is using reference direction: VERTICAL. (NEX-032)
Information: Orientation ETCH is using reference direction: VERTICAL. (NEX-032)
Information: Orientation ETCH is using reference direction: VERTICAL. (NEX-032)
Information: Orientation ETCH is using reference direction: VERTICAL. (NEX-032)
Information: Orientation ETCH is using reference direction: VERTICAL. (NEX-032)
Information: Orientation ETCH is using reference direction: VERTICAL. (NEX-032)
Information: Orientation ETCH is using reference direction: VERTICAL. (NEX-032)
Information: Orientation ETCH is using reference direction: VERTICAL. (NEX-032)
Warning: No clock routing rules were specified. Use set_clock_routing_rules to specify routing rules for accurate clock latency estimation. (OPT-902)
Warning: No clock routing rules were specified. Use set_clock_routing_rules to specify routing rules for accurate clock latency estimation. (OPT-902)
Information: Estimating clock gate latencies for scenario 'ss0p95v125c.func'. (OPT-909)
Information: Orientation ETCH is using reference direction: VERTICAL. (NEX-032)
Information: Orientation ETCH is using reference direction: VERTICAL. (NEX-032)
Information: Starting compile_fusion / initial_opto / Optimization (3) / Timing Optimization (FLW-8000)
Information: Time: 2026-07-01 14:30:55 / Session:  00:03:21 / Command:  00:02:12 / CPU:  00:05:12 / Memory: 2100 MB (FLW-8100)
Information: CPU Load: 1%, Ram Free: 158 GB, Swap Free: 13 GB, Work Disk Free: 5929 GB, Tmp Disk Free: 70 GB (MSG-3995)
Compile-fusion optimization summary            SETUP-COST    R2R-COST HOLD-COST LDRC-COST          AREA     LEAKAGE     INSTCNT            ELAPSE       MEM
Compile-fusion                                          -           -         -         -     532641.69           -       29989              0.06      2100
Information: Ending   compile_fusion / initial_opto / Optimization (3) / Timing Optimization (FLW-8001)
Information: Time: 2026-07-01 14:30:55 / Session:  00:03:21 / Command:  00:02:12 / CPU:  00:05:12 / Memory: 2100 MB (FLW-8100)
Information: CPU Load: 1%, Ram Free: 158 GB, Swap Free: 13 GB, Work Disk Free: 5929 GB, Tmp Disk Free: 70 GB (MSG-3995)
Compile-fusion optimization summary            SETUP-COST    R2R-COST HOLD-COST LDRC-COST          AREA     LEAKAGE     INSTCNT            ELAPSE       MEM
Compile-fusion                                          -           -         -         -     532641.69           -       29989              0.06      2100
Information: Ending   compile_fusion / initial_opto / Optimization (3) (FLW-8001)
Information: Time: 2026-07-01 14:30:55 / Session:  00:03:21 / Command:  00:02:12 / CPU:  00:05:12 / Memory: 2100 MB (FLW-8100)
Information: CPU Load: 1%, Ram Free: 158 GB, Swap Free: 13 GB, Work Disk Free: 5929 GB, Tmp Disk Free: 70 GB (MSG-3995)
Information: The net parasitics of block fsc_top are cleared. (TIM-123)
Information: Timer using 8 threads
Warning: Cannot find any default max transition constraint on the design. (OPT-070)
INFO: Leakage Power Aware Optimization Enabled
Information: The automatic clock gate timing flow is activated. Clock latencies set on clock gate cells will be automatically adjusted by an estimate for latency. (CGT-4005)

DEBUG FLOWMSGPRINTER: HANDLER IS NULL

DEBUG FLOWMSGPRINTER: HANDLER IS NULL

DEBUG FLOWMSGPRINTER: HANDLER IS NULL
INFO: Skipping FTB cleanup in end of npo flow.
Enable dominated scenarios
Co-efficient Ratio Summary:
compile command statistics  CPU=109 sec (0.03 hr) ELAPSED=47 sec (0.01 hr) MEM-PEAK=2.051 GB
Warning: Timing Arc from 'u_clk_gen/u_clock_gen/C383/ctmi_32/S0' to 'u_clk_gen/u_clock_gen/C383/ctmi_32/Y' has been disabled to break loops in network of clock 'system_clk' (GRF-013)
INFO: compile_fusion is running in balanced flow mode
Warning: Cannot find any default max transition constraint on the design. (OPT-070)
INFO: Leakage Power Aware Optimization Enabled
Warning: No valid clocks available in mode 'test'. Setting clock frequency to 1 GHz. (POW-034)
Information: The automatic clock gate timing flow is activated. Clock latencies set on clock gate cells will be automatically adjusted by an estimate for latency. (CGT-4005)
DEBUG FLOWMSGPRINTER: HANDLER IS NULL
INFO: disable CRPR-based timing. 
Information: The stitching and editing of coupling caps is turned OFF for design 'fsc_top_compile.nlib:fsc_top.design'. (TIM-125)
Information: Orientation ETCH is using reference direction: VERTICAL. (NEX-032)
Number of Site types in the design = 1
Warning: No valid clocks available in mode 'test'. Setting clock frequency to 1 GHz. (POW-034)
Setting up Chip Core
Chip Core shape: (8000 8000) (932008 930944)
Number of VARs = 1
Number of unique PDs = 1
Number of Power Domains = 1
Number of Voltage Areas = 1
Number of supply Nets = 2
Number of used supplies = 0
Blocked VAs: 
DEBUG FLOWMSGPRINTER: HANDLER IS NULL

DEBUG FLOWMSGPRINTER: HANDLER IS NULL
Compile-fusion command begin                   CPU:   333 s (  0.09 hr )  ELAPSE:   204 s (  0.06 hr )  MEM-PEAK:  2100 MB
Warning: Cannot find any default max transition constraint on the design. (OPT-070)
Information: The stitching and editing of coupling caps is turned OFF for design 'fsc_top_compile.nlib:fsc_top.design'. (TIM-125)
Information: Orientation ETCH is using reference direction: VERTICAL. (NEX-032)
************************************************************
Timer Settings:
Delay Calculation Style:                   auto
Signal Integrity Analysis:                 disabled
Timing Window Analysis:                    disabled
Advanced Waveform Propagation:             disabled
Variation Type:                            fixed_derate
Clock Reconvergence Pessimism Removal:     disabled
Advanced Receiver Model:                   disabled
LLE:                                       disabled
ML Acceleration:                           off
Smart Arc Optimization:                    disabled
************************************************************
Info: update em.

Compile-fusion timing update complete          CPU:   336 s (  0.09 hr )  ELAPSE:   204 s (  0.06 hr )  MEM-PEAK:  2100 MB

Compile-fusion initial QoR
__________________________
Scenario Mapping Table
1: ss0p95v125c.func

Pathgroup Mapping Table
1: **default**
2: **async_default**
3: **clock_gating_default**
4: **in2reg_default**
5: **reg2out_default**
6: **in2out_default**
7: pll1_clk_in
8: pll2_clk_in
9: pixel_clk
10: system_clk
11: comp_clk
12: i2c_scl
13: system_clk_div2
14: pll2_clk_div2
15: panel_clk_inv_gate
16: panel_clk_dly
17: panel_clk_gate
18: system_clk_int
19: flash_clk_gate
20: i2c_clk
21: sdram_clk_gate
22: sdram_clk
23: pixel_comp_clk_pix

-------------------------------------------------------------------------------------------------------------------------------------------------------------
PATHGROUP QOR 
-------------------------------------------------------------------------------------------------------------------------------------------------------------
Scene  PG      WNS        TNS    NSV      WHV        THV    NHV
    1   1   0.0000     0.0000      0        -          -      -
    1   2   0.0000     0.0000      0        -          -      -
    1   3   0.0000     0.0000      0        -          -      -
    1   4   0.0000     0.0000      0        -          -      -
    1   5   0.0000     0.0000      0        -          -      -
    1   6   0.0000     0.0000      0        -          -      -
    1   7   0.0000     0.0000      0        -          -      -
    1   8   0.0000     0.0000      0        -          -      -
    1   9   0.0000     0.0000      0        -          -      -
    1  10   0.0000     0.0000      0        -          -      -
    1  11   0.0000     0.0000      0        -          -      -
    1  12   0.0000     0.0000      0        -          -      -
    1  13   0.0000     0.0000      0        -          -      -
    1  14   0.0000     0.0000      0        -          -      -
    1  15   0.0000     0.0000      0        -          -      -
    1  16   0.0000     0.0000      0        -          -      -
    1  17   0.0000     0.0000      0        -          -      -
    1  18   0.0000     0.0000      0        -          -      -
    1  19   0.0000     0.0000      0        -          -      -
    1  20   0.0000     0.0000      0        -          -      -
    1  21   0.0000     0.0000      0        -          -      -
    1  22   0.0000     0.0000      0        -          -      -
    1  23   0.0000     0.0000      0        -          -      -
----------------------------------------------------------------------------------------------------------------------------------------------------------------------
SCENARIO QOR 
----------------------------------------------------------------------------------------------------------------------------------------------------------------------
Scene  PG      WNS        TNS   R2RTNS    NSV      WHV        THV    NHV  MaxTrnV   MaxTranC  MaxCapV    Leakage
    1   *   0.0000     0.0000   0.0000      0        -          -      -        0     0.0000      118 2785569536
----------------------------------------------------------------------------------------------------------------------------------------------------------------------
DESIGN QOR 
----------------------------------------------------------------------------------------------------------------------------------------------------------------------
Scene  PG      WNS        TNS   R2RTNS    NSV      WHV        THV    NHV  MaxTrnV   MaxTranC  MaxCapV    Leakage         Area    InstCnt     BufCnt     InvCnt
    *   *   0.0000     0.0000   0.0000      0   0.0000     0.0000      0        0     0.0000      118 2785569536    532641.69      29989       2276       1591
----------------------------------------------------------------------------------------------------------------------------------------------------------------------

Compile-fusion initial QoR Summary       WNS        TNS   R2RTNS    NSV      WHV        THV    NHV  MaxTrnV  MaxCapV    Leakage         Area    InstCnt
Compile-fusion initial QoR Summary    0.0000     0.0000   0.0000      0   0.0000     0.0000      0        0      118 2785569536    532641.69      29989
Information: The netlist change observers are disabled for incremental extraction. (TIM-126)
Warning: No valid clocks available in mode 'test'. Setting clock frequency to 1 GHz. (POW-034)
INFO: using 8 threads
Warning: No valid clocks available in mode 'test'. Setting clock frequency to 1 GHz. (POW-034)
Warning: No valid clocks available in mode 'test'. Setting clock frequency to 1 GHz. (POW-034)
Warning: No valid clocks available in mode 'test'. Setting clock frequency to 1 GHz. (POW-034)
Warning: No valid clocks available in mode 'test'. Setting clock frequency to 1 GHz. (POW-034)
Information: Orientation ETCH is using reference direction: VERTICAL. (NEX-032)
Compile-fusion initialization complete         CPU:   340 s (  0.09 hr )  ELAPSE:   205 s (  0.06 hr )  MEM-PEAK:  2100 MB
Compile-fusion optimization summary            SETUP-COST    R2R-COST HOLD-COST LDRC-COST          AREA     LEAKAGE     INSTCNT            ELAPSE       MEM
Warning: Cannot find any default max transition constraint on the design. (OPT-070)
Information: The netlist change observers are enabled for incremental extraction. (TIM-127)
DEBUG FLOWMSGPRINTER: HANDLER IS NULL

Information: Starting compile_fusion / initial_opto / Optimization (4) (FLW-8000)
Information: Time: 2026-07-01 14:30:59 / Session:  00:03:25 / Command:  00:02:16 / CPU:  00:05:23 / Memory: 2100 MB (FLW-8100)
Information: CPU Load: 1%, Ram Free: 158 GB, Swap Free: 13 GB, Work Disk Free: 5929 GB, Tmp Disk Free: 70 GB (MSG-3995)

Information: Initializing classic cellmap without advanced rules enabled and without PDC enabled
Information: The following app options are used in cellmap
        place.legalize.enable_color_aware_placement : false
        place.legalize.use_nll_query_cm : false
        place.legalize.enable_advanced_legalizer : false
        place.legalize.enable_prerouted_net_check : false
        place.legalize.enable_advanced_prerouted_net_check : false
        place.legalize.always_continue : true
        place.legalize.limit_legality_checks : false
        place.common.pnet_aware_density : 1.0000
        place.common.pnet_aware_min_width : 0.0000
        place.common.pnet_aware_layers : {}
        place.common.use_placement_model : false
        place.common.enable_advanced_placement_model : true
        cts.placement.cell_spacing_rule_style : maximum
Total 0.1085 seconds to build cellmap data
INFO: creating 188(r) x 188(c) GridCells YDim 5.016 XDim 5.016
INFO: number of GridCells (fsc_top): 35344
INFO: creating 188(r) x 188(c) GridCells YDim 5.016 XDim 5.016
INFO: number of GridCells (fsc_top): 35344
Total 0.2412 seconds to load 41620 cell instances into cellmap, 29660 cells are off site row
Moveable cells: 29959; Application fixed cells: 0; Macro cells: 0; User fixed cells: 11661
Average cell width 2.9557, cell height 1.6720, cell area 4.9420 for total 29959 placed and application fixed cells
Compile-fusion optimization Phase 3 Iter  1          0.00        0.00      0.00       117     532641.69  2785569536.00       29989              0.06      2100
INFO: New Levelizer turned on
DEBUG FLOWMSGPRINTER: HANDLER IS NULL

Disable clock slack update for ideal clocks
Compile-fusion optimization Phase 4 Iter  1          0.00        0.00      0.00       116     530581.38  2518182400.00       29989              0.06      2100
INFO: cellmap features:  adv-rules=(N), pdc=(N), clock-rules=(Y)
DEBUG FLOWMSGPRINTER: HANDLER IS NULL

Compile-fusion optimization summary            SETUP-COST    R2R-COST HOLD-COST LDRC-COST          AREA     LEAKAGE     INSTCNT            ELAPSE       MEM
Compile-fusion                                       0.00        0.00      0.00       173     530513.25  2511994624.00       29989              0.06      2100
Information: Ending   compile_fusion / initial_opto / Optimization (4) (FLW-8001)
Information: Time: 2026-07-01 14:31:04 / Session:  00:03:29 / Command:  00:02:21 / CPU:  00:05:44 / Memory: 2100 MB (FLW-8100)
Information: CPU Load: 1%, Ram Free: 158 GB, Swap Free: 13 GB, Work Disk Free: 5929 GB, Tmp Disk Free: 70 GB (MSG-3995)

Information: Starting compile_fusion / initial_opto / Legalization (FLW-8000)
Information: Time: 2026-07-01 14:31:04 / Session:  00:03:29 / Command:  00:02:21 / CPU:  00:05:44 / Memory: 2100 MB (FLW-8100)
Information: CPU Load: 1%, Ram Free: 158 GB, Swap Free: 13 GB, Work Disk Free: 5929 GB, Tmp Disk Free: 70 GB (MSG-3995)
nplDplc2Placer::setParam(effort,1)
nplDplc2Placer::setParam(debug,0)
nplDplc2Placer::setParam(site_check,2)
nplDplc2Placer::setParam(app_firm_wgt,0)

Legalizing Top Level Design fsc_top ... 
Information: Initializing classic cellmap without advanced rules enabled and without PDC enabled
Information: The following app options are used in cellmap
        place.legalize.enable_color_aware_placement : false
        place.legalize.use_nll_query_cm : false
        place.legalize.enable_advanced_legalizer : false
        place.legalize.enable_prerouted_net_check : false
        place.legalize.enable_advanced_prerouted_net_check : false
        place.legalize.always_continue : true
        place.legalize.limit_legality_checks : false
        place.common.pnet_aware_density : 1.0000
        place.common.pnet_aware_min_width : 0.0000
        place.common.pnet_aware_layers : {}
        place.common.use_placement_model : false
        place.common.enable_advanced_placement_model : true
        cts.placement.cell_spacing_rule_style : maximum
Total 0.1226 seconds to build cellmap data
=====> Processed 130 ref cells (19 fillers) from library

Bounds/Regions In This Design:
        Area    Num Cells  Exclusive Name
 (square um)
      852808        41620        Yes DEFAULT_VA

Warning: max_legality_failures=5000 ignored.
	To use it, set limit_legality_checks to true.
Warning: max_legality_check_range=500 ignored.
	To use it, set limit_legality_checks to true.
Starting legalizer.
Warning: Exclusive bound 'DEFAULT' has no cells.
Optimizing Exclusive Bound 'DEFAULT_VA' (2/2)
    Done Exclusive Bound 'DEFAULT_VA' (2/2) (1 sec)
Legalization complete (1 total sec)

****************************************
  Report : Placement Attempts
  Site   : unit
****************************************

number of cells:                  41620
number of references:               130
number of site rows:                552
number of locations attempted:   796893
number of locations failed:           0  (0.0%)

Legality of references at locations:
0 references had failures.

Legality of references in rows:
0 references had row failures.

****************************************
  Report : Cell Displacements
****************************************

number of cells aggregated:       29959 (574194 total sites)
avg row height over cells:        1.672 um
rms cell displacement:            0.836 um ( 0.50 row height)
rms weighted cell displacement:   0.836 um ( 0.50 row height)
max cell displacement:           16.842 um (10.07 row height)
avg cell displacement:            0.621 um ( 0.37 row height)
avg weighted cell displacement:   0.621 um ( 0.37 row height)
number of cells moved:            27981
number of large displacements:       25
large displacement threshold:     3.000 row height

Displacements of worst 10 cells:
Cell: u_datapath/u_input_line_buffer_control/u_input_line_buffer_r/u_sr_d1kx16_f166_wrap1/u_sr_d1kx16_f166_bist/bist_addr_q_reg[6] (SDFFARX1_HVT)
  Input location: (735.168,780.464)
  Legal location: (748.696,790.496)
  Displacement:  16.842 um (10.07 row height)
Cell: u_datapath/u_input_line_buffer_control/u_input_line_buffer_r/u_sr_d1kx16_f166_wrap1/u_sr_d1kx16_f166_bist/tbl_init_reg (SDFFARX1_HVT)
  Input location: (734.864,782.136)
  Legal location: (735.168,798.856)
  Displacement:  16.723 um (10.00 row height)
Cell: u_datapath/u_input_line_buffer_control/u_input_line_buffer_r/u_sr_d1kx16_f166_wrap1/u_sr_d1kx16_f166_bist/current_state_reg[1] (SDFFARX1_HVT)
  Input location: (734.864,778.792)
  Legal location: (735.168,762.072)
  Displacement:  16.723 um (10.00 row height)
Cell: u_datapath/u_input_line_buffer_control/u_input_line_buffer_r/u_sr_d1kx16_f166_wrap1/u_sr_d1kx16_f166_bist/bist_addr_q_reg[7] (SDFFARX1_HVT)
  Input location: (735.168,780.464)
  Legal location: (746.112,788.824)
  Displacement:  13.772 um ( 8.24 row height)
Cell: u_datapath/u_input_line_buffer_control/u_input_line_buffer_r/u_sr_d1kx16_f166_wrap1/u_sr_d1kx16_f166_bist/bist_req_reg (SDFFARX1_HVT)
  Input location: (734.864,778.792)
  Legal location: (735.168,765.416)
  Displacement:  13.379 um ( 8.00 row height)
Cell: u_datapath/u_input_line_buffer_control/u_input_line_buffer_r/u_sr_d1kx16_f166_wrap1/u_sr_d1kx16_f166_bist/bist_2nd_reg (SDFFARX1_HVT)
  Input location: (735.168,782.136)
  Legal location: (735.168,795.512)
  Displacement:  13.376 um ( 8.00 row height)
Cell: u_datapath/u_input_line_buffer_control/u_input_line_buffer_r/u_sr_d1kx16_f166_wrap1/u_sr_d1kx16_f166_bist/bist_addr_q_reg[4] (SDFFARX1_HVT)
  Input location: (735.168,780.464)
  Legal location: (735.168,768.76)
  Displacement:  11.704 um ( 7.00 row height)
Cell: u_datapath/u_input_line_buffer_control/u_input_line_buffer_b/u_sr_d1kx16_f166_wrap1/u_sr_d1kx16_f166_bist/tbl_init_reg (SDFFARX1_HVT)
  Input location: (735.168,782.136)
  Legal location: (743.224,790.496)
  Displacement:  11.610 um ( 6.94 row height)
Cell: u_datapath/u_input_line_buffer_control/u_input_line_buffer_b/u_sr_d1kx16_f166_wrap1/u_sr_d1kx16_f166_bist/bist_3rd_reg (SDFFARX1_HVT)
  Input location: (734.56,782.136)
  Legal location: (735.168,792.168)
  Displacement:  10.050 um ( 6.01 row height)
Cell: u_datapath/u_input_line_buffer_control/u_input_line_buffer_r/u_sr_d1kx16_f166_wrap0/u_sr_d1kx16_f166_bist/bist_addr_reg[1] (SDFFARX1_HVT)
  Input location: (735.168,780.464)
  Legal location: (740.64,788.824)
  Displacement:   9.992 um ( 5.98 row height)

Information: Extraction observers are detached as design net change threshold is reached.
Information: The net parasitics of block fsc_top are cleared. (TIM-123)
Compile-fusion optimization summary            SETUP-COST    R2R-COST HOLD-COST LDRC-COST          AREA     LEAKAGE     INSTCNT            ELAPSE       MEM
Compile-fusion                                       0.00        0.00      0.00       173     530513.25  2511994624.00       29989              0.06      2100
Information: Ending   compile_fusion / initial_opto / Legalization (FLW-8001)
Information: Time: 2026-07-01 14:31:06 / Session:  00:03:31 / Command:  00:02:23 / CPU:  00:05:45 / Memory: 2100 MB (FLW-8100)
Information: CPU Load: 1%, Ram Free: 158 GB, Swap Free: 13 GB, Work Disk Free: 5929 GB, Tmp Disk Free: 70 GB (MSG-3995)
Information: The stitching and editing of coupling caps is turned OFF for design 'fsc_top_compile.nlib:fsc_top.design'. (TIM-125)
Information: Orientation ETCH is using reference direction: VERTICAL. (NEX-032)
DEBUG FLOWMSGPRINTER: HANDLER IS NULL

Compile-fusion optimization Phase 7 Iter  1          0.00        0.00      0.00       173     530513.25  2511994624.00       29989              0.06      2100
Information: Orientation ETCH is using reference direction: VERTICAL. (NEX-032)
Information: Orientation ETCH is using reference direction: VERTICAL. (NEX-032)
Information: Orientation ETCH is using reference direction: VERTICAL. (NEX-032)
Information: Orientation ETCH is using reference direction: VERTICAL. (NEX-032)
Information: Orientation ETCH is using reference direction: VERTICAL. (NEX-032)
Information: Orientation ETCH is using reference direction: VERTICAL. (NEX-032)
Information: Orientation ETCH is using reference direction: VERTICAL. (NEX-032)
Information: Orientation ETCH is using reference direction: VERTICAL. (NEX-032)
Information: Orientation ETCH is using reference direction: VERTICAL. (NEX-032)
Information: Orientation ETCH is using reference direction: VERTICAL. (NEX-032)
Information: Orientation ETCH is using reference direction: VERTICAL. (NEX-032)
Information: Orientation ETCH is using reference direction: VERTICAL. (NEX-032)
Information: Orientation ETCH is using reference direction: VERTICAL. (NEX-032)
Information: Orientation ETCH is using reference direction: VERTICAL. (NEX-032)
Information: Orientation ETCH is using reference direction: VERTICAL. (NEX-032)
Warning: No clock routing rules were specified. Use set_clock_routing_rules to specify routing rules for accurate clock latency estimation. (OPT-902)
Warning: No clock routing rules were specified. Use set_clock_routing_rules to specify routing rules for accurate clock latency estimation. (OPT-902)
Information: Estimating clock gate latencies for scenario 'ss0p95v125c.func'. (OPT-909)
Information: Orientation ETCH is using reference direction: VERTICAL. (NEX-032)
Information: Orientation ETCH is using reference direction: VERTICAL. (NEX-032)
DEBUG FLOWMSGPRINTER: HANDLER IS NULL

Information: Starting compile_fusion / initial_opto / Optimization (5) (FLW-8000)
Information: Time: 2026-07-01 14:31:07 / Session:  00:03:32 / Command:  00:02:24 / CPU:  00:05:50 / Memory: 2100 MB (FLW-8100)
Information: CPU Load: 1%, Ram Free: 158 GB, Swap Free: 13 GB, Work Disk Free: 5929 GB, Tmp Disk Free: 70 GB (MSG-3995)

Information: Initializing classic cellmap without advanced rules enabled and without PDC enabled
Information: The following app options are used in cellmap
        place.legalize.enable_color_aware_placement : false
        place.legalize.use_nll_query_cm : false
        place.legalize.enable_advanced_legalizer : false
        place.legalize.enable_prerouted_net_check : false
        place.legalize.enable_advanced_prerouted_net_check : false
        place.legalize.always_continue : true
        place.legalize.limit_legality_checks : false
        place.common.pnet_aware_density : 1.0000
        place.common.pnet_aware_min_width : 0.0000
        place.common.pnet_aware_layers : {}
        place.common.use_placement_model : false
        place.common.enable_advanced_placement_model : true
        cts.placement.cell_spacing_rule_style : maximum
Total 0.1106 seconds to build cellmap data
INFO: creating 188(r) x 188(c) GridCells YDim 5.016 XDim 5.016
INFO: number of GridCells (fsc_top): 35344
INFO: creating 188(r) x 188(c) GridCells YDim 5.016 XDim 5.016
INFO: number of GridCells (fsc_top): 35344
Total 0.2480 seconds to load 41620 cell instances into cellmap
Moveable cells: 29959; Application fixed cells: 0; Macro cells: 0; User fixed cells: 11661
Average cell width 2.9132, cell height 1.6720, cell area 4.8709 for total 29959 placed and application fixed cells
Compile-fusion optimization Phase 9 Iter  1          0.00        0.00      0.00       173     530513.25  2511994624.00       29989              0.06      2100
Warning: No tie cell is available for constant fixing. (OPT-200)
DEBUG FLOWMSGPRINTER: HANDLER IS NULL
DEBUG FLOWMSGPRINTER: HANDLER IS NULL

Compile-fusion optimization Phase 10 Iter  1         0.00        0.00      0.00       173     530513.25  2511994624.00       29989              0.06      2100
Isolated 0 ports, skipped 0 ports
Already Isolated 0 ports, Deleted 0 existing Isolation cells 
DEBUG FLOWMSGPRINTER: HANDLER IS NULL

Compile-fusion optimization Phase 11 Iter  1         0.00        0.00      0.00       173     530513.25  2511994624.00       29989              0.06      2100
DEBUG FLOWMSGPRINTER: HANDLER IS NULL

Compile-fusion optimization Phase 12 Iter  1         0.00        0.00      0.00       173     530513.25  2511994624.00       29989              0.06      2100
DEBUG FLOWMSGPRINTER: HANDLER IS NULL

Warning: No valid clocks available in mode 'test'. Setting clock frequency to 1 GHz. (POW-034)
Compile-fusion optimization Phase 13 Iter  1         0.00        0.00      0.00       173     530095.19  2505892608.00       29775              0.06      2100
Number of Site types in the design = 1
INFO: Skipping activation of hold scenarios prior to CUS.
CCD app option: ccd.targeted_ccd_path_groups:  **clock_gating_default**
Target path group: scenario ss0p95v125c.func pathgroup **clock_gating_default**
Information: CCD will use corner ss0p95v125c for honoring max prepone/postpone limits
Uskew Characterizer: corner: ss0p95v125c, scalingFactor: 1.000
@ CG solver holdWeight = 0.500000
@ CG solver setupWeight = 1.000000
@ CG solver delayCostWeight = 5.000000
@ CG solver zeroDirWeight = 5.000000
@ CG solver wnsWeight = 400.000000
Information: Skip i2c_scl, reason 'pin is not in the balance portion of the clock tree'. (CCD-001)
Information: Skip pll2_clk_div2_reg/CLK, reason 'pin is not in the balance portion of the clock tree'. (CCD-001)
Information: Skip u_clk_gen/u_clock_gen/CDIBUF_12_f_17427/A, reason 'pin is not in the balance portion of the clock tree'. (CCD-001)
Information: Skip sdr_clk, reason 'pin is not in the balance portion of the clock tree'. (CCD-001)
Information: Skip CDIBUF_6_f_27379/A, reason 'pin is not in the balance portion of the clock tree'. (CCD-001)
Information: Skip CDIBUF_6_f_17426/A, reason 'pin is not in the balance portion of the clock tree'. (CCD-001)
Information: Skip ctmi_833/A2, reason 'pin is not in the balance portion of the clock tree'. (CCD-001)
Information: Skip u_clk_gen/CDIBUF_6_f_17429/A, reason 'pin is not in the balance portion of the clock tree'. (CCD-001)
Information: Skip panel_clk, reason 'pin is not in the balance portion of the clock tree'. (CCD-001)
Information: Skip u_clk_gen/u_clock_gen/CDIBUF_6_f_27374/A, reason 'pin is not in the balance portion of the clock tree'. (CCD-001)
Note - message 'CCD-001' limit (10) exceeded. Remainder will be suppressed.
Information: There were 25 objects skipped by CCD due to the reason 'pin is not in the balance portion of the clock tree'. (CCD-002)
Warning: No valid clocks available in mode 'test'. Setting clock frequency to 1 GHz. (POW-034)

Summary of messages during CTS:
===============================================================
  Tag   Count  Type           Description
---------------------------------------------------------------
CTS-038    1  Warning  No clock routing rule is specified.
Information: Orientation ETCH is using reference direction: VERTICAL. (NEX-032)
Information: Orientation ETCH is using reference direction: VERTICAL. (NEX-032)
Information: Orientation ETCH is using reference direction: VERTICAL. (NEX-032)
Information: Orientation ETCH is using reference direction: VERTICAL. (NEX-032)
Information: Orientation ETCH is using reference direction: VERTICAL. (NEX-032)
Information: Orientation ETCH is using reference direction: VERTICAL. (NEX-032)
Information: Orientation ETCH is using reference direction: VERTICAL. (NEX-032)
Information: Orientation ETCH is using reference direction: VERTICAL. (NEX-032)
Information: Orientation ETCH is using reference direction: VERTICAL. (NEX-032)
Information: Orientation ETCH is using reference direction: VERTICAL. (NEX-032)
Information: Orientation ETCH is using reference direction: VERTICAL. (NEX-032)
Information: Orientation ETCH is using reference direction: VERTICAL. (NEX-032)
Information: Orientation ETCH is using reference direction: VERTICAL. (NEX-032)
Information: Orientation ETCH is using reference direction: VERTICAL. (NEX-032)
Information: Orientation ETCH is using reference direction: VERTICAL. (NEX-032)
Warning: No clock routing rules were specified. Use set_clock_routing_rules to specify routing rules for accurate clock latency estimation. (OPT-902)
Warning: No clock routing rules were specified. Use set_clock_routing_rules to specify routing rules for accurate clock latency estimation. (OPT-902)
Information: Estimating clock gate latencies for scenario 'ss0p95v125c.func'. (OPT-909)
Information: Orientation ETCH is using reference direction: VERTICAL. (NEX-032)
Information: Orientation ETCH is using reference direction: VERTICAL. (NEX-032)
INFO: Skipping deactivation of hold scenarios after CUS.
Number of Site types in the design = 1
DEBUG FLOWMSGPRINTER: HANDLER IS NULL
Compile-fusion optimization Phase 13 Iter  2         0.00        0.00      0.00       173     530095.19  2505892608.00       29775              0.06      2100
Compile-fusion optimization Phase 13 Iter  3         0.00        0.00      0.00       173     530095.19  2505892608.00       29775              0.06      2100
Compile-fusion optimization Phase 13 Iter  4         0.00        0.00      0.00       173     530095.19  2505892608.00       29775              0.06      2100
Compile-fusion optimization Phase 13 Iter  5         0.00        0.00      0.00       173     530095.19  2505892608.00       29775              0.06      2100
Warning: No valid clocks available in mode 'test'. Setting clock frequency to 1 GHz. (POW-034)
Corner Scaling is off, multiplier is 1.000000
Warning: No valid clocks available in mode 'test'. Setting clock frequency to 1 GHz. (POW-034)
Warning: No valid clocks available in mode 'test'. Setting clock frequency to 1 GHz. (POW-034)
Information: Using default layer M4 (OPT-079)
Warning: No valid clocks available in mode 'test'. Setting clock frequency to 1 GHz. (POW-034)
bmap: stepx = stepy = 18801
creating bmap
DB units per micron : 1000
Compile-fusion optimization Phase 13 Iter  6         0.00        0.00      0.00       173     530095.19  2505892608.00       29775              0.06      2100
Compile-fusion optimization Phase 13 Iter  7         0.00        0.00      0.00       173     530095.19  2505892608.00       29775              0.06      2100
DEBUG FLOWMSGPRINTER: HANDLER IS NULL
Information: 15 out of 25 CCD-001 messages were not printed due to limit 10 (after 'compile_fusion' at run_all_hier.tcl:48) (MSG-3913)

Disable clock slack update for ideal clocks
Compile-fusion optimization Phase 14 Iter  1         0.00        0.00      0.00       173     530095.19  2505892608.00       29775              0.06      2100
Warning: Restoring scoped app option 'ropt.rbuf_subtree_crit_range' to original value 'unset' (from current value '-1', which is different from the scoped value '-1.0'). (FLW-2892)
Disable clock slack update for ideal clocks
Compile-fusion optimization Phase 14 Iter  2         0.00        0.00      0.00       173     530095.19  2505892608.00       29775              0.06      2100
Warning: Restoring scoped app option 'ropt.rbuf_subtree_crit_range' to original value 'unset' (from current value '-1', which is different from the scoped value '-1.0'). (FLW-2892)
DEBUG FLOWMSGPRINTER: HANDLER IS NULL

Disable clock slack update for ideal clocks
Compile-fusion optimization Phase 15 Iter  1         0.00        0.00      0.00       173     530095.19  2505892608.00       29775              0.06      2100
INFO: cellmap features:  adv-rules=(N), pdc=(N), clock-rules=(Y)
DEBUG FLOWMSGPRINTER: HANDLER IS NULL

Compile-fusion optimization Phase 16 Iter  1         0.00        0.00      0.00       173     530095.19  2505892608.00       29775              0.06      2100
INFO: New Levelizer turned on
DEBUG FLOWMSGPRINTER: HANDLER IS NULL

Information: Skipping dirty design check since timing is met or no cells in design
Compile-fusion optimization Phase 17 Iter  1         0.00        0.00      0.00       173     530095.19  2505892608.00       29775              0.06      2100
Number of Site types in the design = 1
INFO: Skipping activation of hold scenarios prior to CUS.
CCD app option: ccd.targeted_ccd_path_groups:  **clock_gating_default**
Target path group: scenario ss0p95v125c.func pathgroup **clock_gating_default**
Information: CCD will use corner ss0p95v125c for honoring max prepone/postpone limits
Uskew Characterizer: corner: ss0p95v125c, scalingFactor: 1.000
@ CG solver holdWeight = 0.500000
@ CG solver setupWeight = 1.000000
@ CG solver delayCostWeight = 5.000000
@ CG solver zeroDirWeight = 5.000000
@ CG solver wnsWeight = 400.000000
Information: Skip i2c_scl, reason 'pin is not in the balance portion of the clock tree'. (CCD-001)
Information: Skip pll2_clk_div2_reg/CLK, reason 'pin is not in the balance portion of the clock tree'. (CCD-001)
Information: Skip u_clk_gen/u_clock_gen/CDIBUF_12_f_17427/A, reason 'pin is not in the balance portion of the clock tree'. (CCD-001)
Information: Skip sdr_clk, reason 'pin is not in the balance portion of the clock tree'. (CCD-001)
Information: Skip CDIBUF_6_f_27379/A, reason 'pin is not in the balance portion of the clock tree'. (CCD-001)
Information: Skip CDIBUF_6_f_17426/A, reason 'pin is not in the balance portion of the clock tree'. (CCD-001)
Information: Skip ctmi_833/A2, reason 'pin is not in the balance portion of the clock tree'. (CCD-001)
Information: Skip u_clk_gen/CDIBUF_6_f_17429/A, reason 'pin is not in the balance portion of the clock tree'. (CCD-001)
Information: Skip panel_clk, reason 'pin is not in the balance portion of the clock tree'. (CCD-001)
Information: Skip u_clk_gen/u_clock_gen/CDIBUF_6_f_27374/A, reason 'pin is not in the balance portion of the clock tree'. (CCD-001)
Information: There were 25 objects skipped by CCD due to the reason 'pin is not in the balance portion of the clock tree'. (CCD-002)
Warning: No valid clocks available in mode 'test'. Setting clock frequency to 1 GHz. (POW-034)

Summary of messages during CTS:
===============================================================
  Tag   Count  Type           Description
---------------------------------------------------------------
CTS-038    1  Warning  No clock routing rule is specified.
Information: Orientation ETCH is using reference direction: VERTICAL. (NEX-032)
Information: Orientation ETCH is using reference direction: VERTICAL. (NEX-032)
Information: Orientation ETCH is using reference direction: VERTICAL. (NEX-032)
Information: Orientation ETCH is using reference direction: VERTICAL. (NEX-032)
Information: Orientation ETCH is using reference direction: VERTICAL. (NEX-032)
Information: Orientation ETCH is using reference direction: VERTICAL. (NEX-032)
Information: Orientation ETCH is using reference direction: VERTICAL. (NEX-032)
Information: Orientation ETCH is using reference direction: VERTICAL. (NEX-032)
Information: Orientation ETCH is using reference direction: VERTICAL. (NEX-032)
Information: Orientation ETCH is using reference direction: VERTICAL. (NEX-032)
Information: Orientation ETCH is using reference direction: VERTICAL. (NEX-032)
Information: Orientation ETCH is using reference direction: VERTICAL. (NEX-032)
Information: Orientation ETCH is using reference direction: VERTICAL. (NEX-032)
Information: Orientation ETCH is using reference direction: VERTICAL. (NEX-032)
Information: Orientation ETCH is using reference direction: VERTICAL. (NEX-032)
Warning: No clock routing rules were specified. Use set_clock_routing_rules to specify routing rules for accurate clock latency estimation. (OPT-902)
Warning: No clock routing rules were specified. Use set_clock_routing_rules to specify routing rules for accurate clock latency estimation. (OPT-902)
Information: Estimating clock gate latencies for scenario 'ss0p95v125c.func'. (OPT-909)
Information: Orientation ETCH is using reference direction: VERTICAL. (NEX-032)
Information: Orientation ETCH is using reference direction: VERTICAL. (NEX-032)
INFO: Skipping deactivation of hold scenarios after CUS.
Number of Site types in the design = 1
DEBUG FLOWMSGPRINTER: HANDLER IS NULL
Compile-fusion optimization summary            SETUP-COST    R2R-COST HOLD-COST LDRC-COST          AREA     LEAKAGE     INSTCNT            ELAPSE       MEM
Compile-fusion optimization Phase 17 Iter  2         0.00        0.00      0.00       173     530095.19  2505892608.00       29775              0.06      2100
Compile-fusion optimization Phase 17 Iter  3         0.00        0.00      0.00       173     530095.19  2505892608.00       29775              0.06      2100
Compile-fusion optimization Phase 17 Iter  4         0.00        0.00      0.00       173     530095.19  2505892608.00       29775              0.06      2100
Compile-fusion optimization Phase 17 Iter  5         0.00        0.00      0.00       173     530095.19  2505892608.00       29775              0.06      2100
Compile-fusion optimization Phase 17 Iter  6         0.00        0.00      0.00       173     530095.19  2505892608.00       29775              0.06      2100
Compile-fusion optimization Phase 17 Iter  7         0.00        0.00      0.00       173     530095.19  2505892608.00       29775              0.06      2100
Compile-fusion optimization Phase 17 Iter  8         0.00        0.00      0.00       173     530095.19  2505892608.00       29775              0.06      2100
Compile-fusion optimization Phase 17 Iter  9         0.00        0.00      0.00       173     530095.19  2505892608.00       29775              0.06      2100
Compile-fusion optimization Phase 17 Iter 10         0.00        0.00      0.00       173     530095.19  2505892608.00       29775              0.06      2100
Compile-fusion optimization Phase 17 Iter 11         0.00        0.00      0.00       173     530095.19  2505892608.00       29775              0.06      2100
Number of Site types in the design = 1
INFO: Skipping activation of hold scenarios prior to CUS.
CCD app option: ccd.targeted_ccd_path_groups:  **clock_gating_default**
Target path group: scenario ss0p95v125c.func pathgroup **clock_gating_default**
Information: CCD will use corner ss0p95v125c for honoring max prepone/postpone limits
Uskew Characterizer: corner: ss0p95v125c, scalingFactor: 1.000
@ CG solver holdWeight = 0.500000
@ CG solver setupWeight = 1.000000
@ CG solver delayCostWeight = 5.000000
@ CG solver zeroDirWeight = 5.000000
@ CG solver wnsWeight = 400.000000
Information: There were 25 objects skipped by CCD due to the reason 'pin is not in the balance portion of the clock tree'. (CCD-002)
Warning: No valid clocks available in mode 'test'. Setting clock frequency to 1 GHz. (POW-034)

Summary of messages during CTS:
===============================================================
  Tag   Count  Type           Description
---------------------------------------------------------------
CTS-038    1  Warning  No clock routing rule is specified.
Information: Orientation ETCH is using reference direction: VERTICAL. (NEX-032)
Information: Orientation ETCH is using reference direction: VERTICAL. (NEX-032)
Information: Orientation ETCH is using reference direction: VERTICAL. (NEX-032)
Information: Orientation ETCH is using reference direction: VERTICAL. (NEX-032)
Information: Orientation ETCH is using reference direction: VERTICAL. (NEX-032)
Information: Orientation ETCH is using reference direction: VERTICAL. (NEX-032)
Information: Orientation ETCH is using reference direction: VERTICAL. (NEX-032)
Information: Orientation ETCH is using reference direction: VERTICAL. (NEX-032)
Information: Orientation ETCH is using reference direction: VERTICAL. (NEX-032)
Information: Orientation ETCH is using reference direction: VERTICAL. (NEX-032)
Information: Orientation ETCH is using reference direction: VERTICAL. (NEX-032)
Information: Orientation ETCH is using reference direction: VERTICAL. (NEX-032)
Information: Orientation ETCH is using reference direction: VERTICAL. (NEX-032)
Information: Orientation ETCH is using reference direction: VERTICAL. (NEX-032)
Information: Orientation ETCH is using reference direction: VERTICAL. (NEX-032)
Warning: No clock routing rules were specified. Use set_clock_routing_rules to specify routing rules for accurate clock latency estimation. (OPT-902)
Warning: No clock routing rules were specified. Use set_clock_routing_rules to specify routing rules for accurate clock latency estimation. (OPT-902)
Information: Estimating clock gate latencies for scenario 'ss0p95v125c.func'. (OPT-909)
Information: Orientation ETCH is using reference direction: VERTICAL. (NEX-032)
Information: Orientation ETCH is using reference direction: VERTICAL. (NEX-032)
INFO: Skipping deactivation of hold scenarios after CUS.
Number of Site types in the design = 1
DEBUG FLOWMSGPRINTER: HANDLER IS NULL
Compile-fusion optimization Phase 17 Iter 12         0.00        0.00      0.00       173     530095.19  2505892608.00       29775              0.06      2100
Warning: No valid clocks available in mode 'test'. Setting clock frequency to 1 GHz. (POW-034)
Corner Scaling is off, multiplier is 1.000000
Warning: No valid clocks available in mode 'test'. Setting clock frequency to 1 GHz. (POW-034)
Warning: No valid clocks available in mode 'test'. Setting clock frequency to 1 GHz. (POW-034)
Information: Using default layer M4 (OPT-079)
Warning: No valid clocks available in mode 'test'. Setting clock frequency to 1 GHz. (POW-034)
bmap: stepx = stepy = 18801
creating bmap
DB units per micron : 1000
Compile-fusion optimization Phase 17 Iter 13         0.00        0.00      0.00       173     530095.19  2505892608.00       29775              0.06      2100
Compile-fusion optimization Phase 17 Iter 14         0.00        0.00      0.00       173     530095.19  2505892608.00       29775              0.06      2100
Compile-fusion optimization Phase 17 Iter 15         0.00        0.00      0.00       173     530095.19  2505892608.00       29775              0.06      2100
Compile-fusion optimization Phase 17 Iter 16         0.00        0.00      0.00       173     530095.19  2505892608.00       29775              0.06      2100
Compile-fusion optimization Phase 17 Iter 17         0.00        0.00      0.00       173     530095.19  2505892608.00       29775              0.06      2100
Compile-fusion optimization Phase 17 Iter 18         0.00        0.00      0.00       173     530095.19  2505892608.00       29775              0.06      2100
Warning: No valid clocks available in mode 'test'. Setting clock frequency to 1 GHz. (POW-034)
Compile-fusion optimization Phase 17 Iter 19         0.00        0.00      0.00       173     530095.19  2505892608.00       29775              0.06      2100
Compile-fusion optimization Phase 17 Iter 20         0.00        0.00      0.00       173     530095.19  2505892608.00       29775              0.06      2100
Compile-fusion optimization Phase 17 Iter 21         0.00        0.00      0.00       173     530095.19  2505892608.00       29775              0.06      2100
Compile-fusion optimization Phase 17 Iter 22         0.00        0.00      0.00       173     530095.19  2505892608.00       29775              0.06      2100
Compile-fusion optimization Phase 17 Iter 23         0.00        0.00      0.00       173     530095.19  2505892608.00       29775              0.06      2100
Compile-fusion optimization Phase 17 Iter 24         0.00        0.00      0.00       173     530095.19  2505892608.00       29775              0.06      2100
Compile-fusion optimization Phase 17 Iter 25         0.00        0.00      0.00       173     530095.19  2505892608.00       29775              0.06      2100
DEBUG FLOWMSGPRINTER: HANDLER IS NULL
Information: 40 out of 50 CCD-001 messages were not printed due to limit 10 (after 'compile_fusion' at run_all_hier.tcl:48) (MSG-3913)

Compile-fusion optimization Phase 18 Iter  1         0.00        0.00      0.00       173     530095.19  2505892608.00       29775              0.06      2100
DEBUG FLOWMSGPRINTER: HANDLER IS NULL

Compile-fusion optimization Phase 19 Iter  1         0.00        0.00      0.00       173     530095.19  2505892608.00       29775              0.06      2100
INFO: New Levelizer turned on
Compile-fusion optimization Phase 19 Iter  2         0.00        0.00      0.00       173     530084.50  2505562880.00       29775              0.06      2100
INFO: New Levelizer turned on
DEBUG FLOWMSGPRINTER: HANDLER IS NULL

Disable clock slack update for ideal clocks
Compile-fusion optimization Phase 20 Iter  1         0.00        0.00      0.00       173     530032.94  2503452416.00       29775              0.06      2100
INFO: cellmap features:  adv-rules=(N), pdc=(N), clock-rules=(Y)
DEBUG FLOWMSGPRINTER: HANDLER IS NULL

Warning: No valid clocks available in mode 'test'. Setting clock frequency to 1 GHz. (POW-034)
Compile-fusion optimization Phase 21 Iter  1         0.00        0.00      0.00       173     530030.88  2503264768.00       29775              0.06      2100
Compile-fusion optimization summary            SETUP-COST    R2R-COST HOLD-COST LDRC-COST          AREA     LEAKAGE     INSTCNT            ELAPSE       MEM
Compile-fusion optimization Phase 21 Iter  2         0.00        0.00      0.00       173     530030.88  2503264768.00       29775              0.06      2100
Warning: Restoring scoped app option 'xform.commit_density_threshold' to original value 'unset' (from current value '1.1', which is different from the scoped value '1.100000'). (FLW-2892)
Warning: Restoring scoped app option 'ropt.rutil_density_threshold' to original value 'unset' (from current value '1.1', which is different from the scoped value '1.100000'). (FLW-2892)
Warning: Restoring scoped app option 'opt.internal.levfilter_arec_slack' to original value 'unset' (from current value '-1', which is different from the scoped value '-1.0'). (FLW-2892)
DEBUG FLOWMSGPRINTER: HANDLER IS NULL

Disable clock slack update for ideal clocks
Compile-fusion optimization Phase 22 Iter  1         0.00        0.00      0.00       173     529934.81  2503160064.00       29731              0.06      2100
INFO: cellmap features:  adv-rules=(N), pdc=(N), clock-rules=(Y)
DEBUG FLOWMSGPRINTER: HANDLER IS NULL

Compile-fusion optimization Phase 23 Iter  1         0.00        0.00      0.00       173     529934.81  2503160064.00       29731              0.07      2100
INFO: New Levelizer turned on
[ISR-TRACE] Potential Bucket: Pass 1  Index 0  #Total-cands   1293 ( 6.90%) SumPotEst 0.13076355 (75.28%) 
[ISR-TRACE] Potential Bucket: Pass 1  Index 1  #Total-cands  17434 (93.10%) SumPotEst 0.04293879 (24.72%) 
[ISR-TRACE] Pass 1  Bucket 1  #Batches   81  #Initial-Cands   1293  #PostFilter-Cands   1293  #Comitted   12 ( 0.93%)
[ISR-TRACE] Pass 1  Bucket 2  #Batches   64  #Initial-Cands  17434  #PostFilter-Cands   1337  #Comitted   18 ( 1.35%)  #isDownsizable-filter 15809  #lowRoi-filter   288
[ISR-TRACE] Pass 1    Filter stats     #static   #dynamic
[ISR-TRACE]            bufrem-filter       0 |      0 
[ISR-TRACE]          holdviol-filter       0 |      0 
[ISR-TRACE]     isDownsizable-filter       0 |  15809 
[ISR-TRACE]            lowRoi-filter       0 |    288 
[ISR-TRACE]         ok-driver-filter   21459 |      0 
[ISR-TRACE]             slack-filter       0 |      0 

DEBUG FLOWMSGPRINTER: HANDLER IS NULL

Compile-fusion optimization Phase 24 Iter  1         0.00        0.00      0.00       173     529934.31  2502529792.00       29731              0.07      2100
LAO is disable, refresh para
Information: The net parasitics of block fsc_top are cleared. (TIM-123)
Information: The stitching and editing of coupling caps is turned OFF for design 'fsc_top_compile.nlib:fsc_top.design'. (TIM-125)
Information: Orientation ETCH is using reference direction: VERTICAL. (NEX-032)
DEBUG FLOWMSGPRINTER: HANDLER IS NULL

Compile-fusion optimization Phase 25 Iter  1         0.00        0.00      0.00       173     529934.31  2502529792.00       29731              0.07      2100
INFO: New Levelizer turned on
DEBUG FLOWMSGPRINTER: HANDLER IS NULL

Compile-fusion optimization Phase 26 Iter  1         0.00        0.00      0.00       173     529934.31  2502529792.00       29731              0.07      2100
DEBUG FLOWMSGPRINTER: HANDLER IS NULL

Compile-fusion optimization Phase 27 Iter  1         0.00        0.00      0.00       173     529934.31  2502529792.00       29731              0.07      2100
Compile-fusion optimization Phase 27 Iter  2         0.00        0.00      0.00       173     529934.31  2502529792.00       29731              0.07      2100
Compile-fusion optimization Phase 27 Iter  3         0.00        0.00      0.00       173     529934.31  2502529792.00       29731              0.07      2100
Compile-fusion optimization Phase 27 Iter  4         0.00        0.00      0.00       173     529934.31  2502529792.00       29731              0.07      2100
Compile-fusion optimization Phase 27 Iter  5         0.00        0.00      0.00       173     529934.31  2502529792.00       29731              0.07      2100
Compile-fusion optimization Phase 27 Iter  6         0.00        0.00      0.00       173     529934.31  2502529792.00       29731              0.07      2100
Compile-fusion optimization Phase 27 Iter  7         0.00        0.00      0.00       173     529934.31  2502529792.00       29731              0.07      2100
Compile-fusion optimization Phase 27 Iter  8         0.00        0.00      0.00       173     529934.31  2502529792.00       29731              0.07      2100
Compile-fusion optimization Phase 27 Iter  9         0.00        0.00      0.00       173     529934.31  2502529792.00       29731              0.07      2100
Compile-fusion optimization Phase 27 Iter 10         0.00        0.00      0.00       173     529934.31  2502529792.00       29731              0.07      2100
Warning: No valid clocks available in mode 'test'. Setting clock frequency to 1 GHz. (POW-034)
Corner Scaling is off, multiplier is 1.000000
Warning: No valid clocks available in mode 'test'. Setting clock frequency to 1 GHz. (POW-034)
Warning: No valid clocks available in mode 'test'. Setting clock frequency to 1 GHz. (POW-034)
Information: Using default layer M4 (OPT-079)
Warning: No valid clocks available in mode 'test'. Setting clock frequency to 1 GHz. (POW-034)
bmap: stepx = stepy = 18801
creating bmap
DB units per micron : 1000
Compile-fusion optimization Phase 27 Iter 11         0.00        0.00      0.00       173     529934.31  2502529792.00       29731              0.07      2100
Compile-fusion optimization Phase 27 Iter 12         0.00        0.00      0.00       173     529934.31  2502529792.00       29731              0.07      2100
Compile-fusion optimization Phase 27 Iter 13         0.00        0.00      0.00       173     529934.31  2502529792.00       29731              0.07      2100
Compile-fusion optimization Phase 27 Iter 14         0.00        0.00      0.00       173     529934.31  2502529792.00       29731              0.07      2100
Compile-fusion optimization Phase 27 Iter 15         0.00        0.00      0.00       173     529934.31  2502529792.00       29731              0.07      2100
Compile-fusion optimization Phase 27 Iter 16         0.00        0.00      0.00       173     529934.31  2502529792.00       29731              0.07      2100
DEBUG FLOWMSGPRINTER: HANDLER IS NULL

Disable clock slack update for ideal clocks
INFO:  SEQ DEL WNS is protecting TNS
INFO:  SEQ DEL WNS is protecting TNS
Compile-fusion optimization Phase 28 Iter  1         0.00        0.00      0.00       173     529934.31  2502529792.00       29731              0.07      2100
INFO: cellmap features:  adv-rules=(N), pdc=(N), clock-rules=(Y)
DEBUG FLOWMSGPRINTER: HANDLER IS NULL

Compile-fusion optimization Phase 29 Iter  1         0.00        0.00      0.00       173     529934.31  2502529792.00       29731              0.07      2100
INFO: New Levelizer turned on
Compile-fusion optimization Phase 29 Iter  2         0.00        0.00      0.00       173     529934.31  2502529792.00       29731              0.07      2100
Compile-fusion optimization Phase 29 Iter  3         0.00        0.00      0.00       173     529955.44  2500342016.00       29731              0.07      2100
Compile-fusion optimization Phase 29 Iter  4         0.00        0.00      0.00       173     529955.44  2500342016.00       29731              0.07      2100
DEBUG FLOWMSGPRINTER: HANDLER IS NULL

Compile-fusion optimization Phase 30 Iter  1         0.00        0.00      0.00       173     529955.44  2500342016.00       29731              0.07      2100
DEBUG FLOWMSGPRINTER: HANDLER IS NULL

Compile-fusion optimization summary            SETUP-COST    R2R-COST HOLD-COST LDRC-COST          AREA     LEAKAGE     INSTCNT            ELAPSE       MEM
Compile-fusion                                       0.00        0.00      0.00       241     529955.44  2500342016.00       29731              0.07      2100
Information: Ending   compile_fusion / initial_opto / Optimization (5) (FLW-8001)
Information: Time: 2026-07-01 14:31:34 / Session:  00:03:59 / Command:  00:02:51 / CPU:  00:07:33 / Memory: 2100 MB (FLW-8100)
Information: CPU Load: 1%, Ram Free: 158 GB, Swap Free: 13 GB, Work Disk Free: 5929 GB, Tmp Disk Free: 70 GB (MSG-3995)

Compile-fusion optimization summary            SETUP-COST    R2R-COST HOLD-COST LDRC-COST          AREA     LEAKAGE     INSTCNT            ELAPSE       MEM
Compile-fusion optimization Phase 32 Iter  1         0.00        0.00      0.00       242     529955.44  2500342016.00       29731              0.07      2100
DEBUG FLOWMSGPRINTER: HANDLER IS NULL


Compile-fusion optimization complete                 0.00        0.00      0.00       241     529955.44  2500342016.00       29731              0.07      2100
Information: The net parasitics of block fsc_top are cleared. (TIM-123)
Co-efficient Ratio Summary:
4.193421605155  6.578038173730  2.479639287277  7.744187540401  0.485050000353  3.179565833784  5.567214754587  2.894454387461  6.565921217863  9.017948305874  588.913933693398  6.396114043810  7.814284308527  4.420051712383  1.811619590796
9.922502608324  6.462395006413  8.237022122693  8.718402961931  4.242940666909  6.875278996466  1.318072329441  4.657879322478  7.635891811221  9.113521169609  805.897363542700  1.437692971590  4.502532303750  2.060758297663  4.588571096212
2.011679507759  6.784739677862  2.430567170402  3.879771500032  8.450958970596  1.115123714701  2.873968927205  1.355121698278  3.513982681183  7.251910673334  687.216484586760  9.784670844889  4.387252866981  9.999988359148  7.347136863210
6.393266767907  8.063326983131  4.288630187880  5.817928323007  2.343539122627  0.037326705045  0.494780240392  8.173632413985  2.544054479292  0.066125727471  009.054907107466  5.359307563788  0.884966168572  5.367064191334  1.826403190279
2.637726098236  5.283406261425  3.867463816766  5.291991874740  2.249505136567  9.662150275706  1.856261198134  4.610362614723  1.210715875924  6.577689460418  472.168946962469  7.515092042387  1.195819060867  3.380877088682  3.459521558902
4.093368484394  9.944897111549  0.206860149244  4.522000104051  6.919095345907  6.892197041709  5.120915900067  4.435467992308  4.268142662551  8.834616393265  475.913808779456  7.303438395545  1.160169501288  8.717560971851  0.993005370837
3.361785277268  3.894677263765  2.116996953270  7.452994665626  2.309097940979  5.558072613699  3.113139776351  0.072171862525  4.751594713265  0.064941420937  361.269772835135  8.168147987695  8.269296733424  3.493059524350  2.162218283179
6.121424225277  3.111567821040  8.235191416280  3.561612866938  0.220195692842  6.031325858445  0.248025513631  3.593596113535  4.075634584518  8.041243975181  416.499414600041  7.713364858183  3.874353981644  8.557954788484  8.373261648293
6.801055033867  1.494124225421  2.305316610900  7.627270112330  8.107178452560  7.471109985851  4.743640423276  4.676970334932  4.216938742651  1.199998197230  201.919624907546  8.556068234614  2.143057527813  0.334368433553  7.515614194379
0.989360291367  0.264254590202  0.920846499784  7.149511774674  5.773404731712  7.472142198159  2.074004443314  1.463714704135  2.498436105595  1.019870174527  133.150493302827  9.298246948407  2.597365169363  0.086180967403  1.037996193641
5.157027411336  1.564766944246  9.766505239565  9.210874802189  6.473823894401  4.638324531610  4.193421605155  6.578039073730  2.479639259773  7.744196740401  299.694462435331  7.909534693455  6.723363358728  9.445655346165  6.592270886390
1.793750587431  0.467080093398  6.343950985160  7.812396408527  4.420834112383  1.811560490796  9.922502608324  6.462396906413  8.237022194199  8.718422661931  674.773226490968  7.570898154363  1.809109444146  5.787138447876  3.589230222191
1.351036960963  7.341410942700  1.484438813840  4.500644403750  2.060531697663  4.588422996212  2.011679507759  6.784730577862  2.430567142908  3.879791200032  095.574057859611  1.565370988878  7.398769220513  5.512365027835  1.398317218372
5.190997333443  6.408244586760  9.731622717389  4.385364966981  9.999761759148  7.347087763210  6.393266767907  8.063327883131  4.288630159386  5.817948023007  484.832172062700  3.785679012254  9.470991539281  7.363367598525  4.405590102100
6.611012747185  8.965545707466  5.306356248788  0.882078268572  5.367847591334  1.826354090279  2.637726098236  5.283407161425  3.867463888262  5.291911574740  474.439773456796  6.268026088368  5.628086313446  1.036387672312  1.071630775365
7.767486041822  1.079584562469  7.562041727387  1.193921160867  3.380650488682  3.459472458902  4.093368484394  9.944898011549  0.206860111740  4.522020804051  841.488794390768  9.262703688601  2.093467506744  3.546805430842  6.814318105588
3.460719326522  4.824446379456  7.350487070545  1.168271601288  8.717343371851  0.993956270837  3.361785277268  3.894678163765  2.116996925776  7.452914365626  480.488954897955  5.850260877681  1.315844135100  7.217292452547  5.159523276900
6.493222093711  0.170310435135  8.115196662695  8.267308833424  3.493832924350  2.162169183179  6.121424225277  3.111568721040  8.235191488786  3.561632566938  272.598729084260  3.185584352252  4.804428863135  9.359727553540  7.563500301280
4.123477518126  5.300052200041  7.760313533183  3.872465081644  8.557737188484  8.373112548293  6.801055033867  1.494125125421  2.305316682410  7.627291612330  060.052086856074  7.163991778897  4.366919827646  7.697149693242  1.693926115511
9.998999723005  0.820262507546  8.503017919614  2.141169627813  0.334141833553  7.515565094379  0.989360291367  0.264256590202  0.920846467801  7.149532674674  727.666849971274  7.267212892420  7.402311831414  6.371586613524  9.843762409910
1.986197452798  2.061031902827  9.245295623407  2.595477269363  0.086963367403  1.037847093641  5.157027411336  1.564768944246  9.766505207682  9.210899302189  897.698385840146  3.884346542291  9.344033615565  7.803013573024  7.963073327777
4.418754040104  8.505000035331  7.956583378455  6.721475458728  9.445438746165  6.592121786390  1.793750587431  0.467082093398  6.343950953287  7.812311908527  692.399417638318  1.108932450849  2.252133932464  6.239706841382  3.702367869387
1.840296193142  4.294066690968  7.527899646613  1.807232944146  5.787932247876  3.589181122191  1.351036960963  7.341412942700  1.484438881967  4.500669903750  456.205038966345  8.894182052470  1.169823875967  8.473163986224  3.056862640238
7.977150003284  5.095897059611  1.512371470128  7.396892720513  5.512169827835  1.398268118372  5.190997333443  6.408246586760  9.731622785415  4.385389066981  149.128044114873  4.750669752213  9.328549890780  6.332894513142  8.863163388058
1.792832300723  4.353912262700  3.732670504504  9.478024039281  7.363161398525  4.405441002100  6.611012747185  8.965547707466  5.306356216814  0.882093368572  786.936628333418  2.687392458176  3.774572923652  8.340822342538  6.746436276652
9.199187474022  4.950513656796  6.215027570618  5.626119813446  1.036181472312  1.071581675365  7.767486041822  1.079586562469  7.562041795413  1.193946260867  588.217917068234  5.999138221490  9.338711539499  4.489917354902  0.686169524445
2.200010405169  1.909534590768  9.219704170951  2.091590006744  3.546609230842  6.814269005588  3.460719326522  4.824448379456  7.350487048671  1.168296701288  021.986206385109  9.347510414983  6.170490826838  9.467922576521  1.699740927074
5.299466562623  0.909794097955  5.807261369931  1.313977635100  7.217096252547  5.159474176900  6.493222093711  0.170312435135  8.115196630721  8.267323933424  599.535161635021  6.268801748111  2.144395627731  1.156988304082  3.519296228035
6.161286693802  2.019569284260  3.132585844502  4.802551363135  9.359521353540  7.563451201280  4.123477518126  5.300054200041  7.760313501219  3.872487281644  005.707919448483  7.363149362018  0.107476486714  9.412628742123  0.531716690076
2.727011233081  0.717845256074  7.110998585147  4.364042327646  7.697943493242  1.693877015511  9.998999723005  0.820264507546  8.503017987740  2.141181827813  283.448384955375  1.508494970659  8.938992236702  6.425655220209  2.084794578471
4.951177467457  7.340473171274  7.214219815920  7.400444331414  6.371380413524  9.843613309910  1.986197452798  2.061033902827  9.245295691533  2.595499469363  258.620537340310  3.736694807801  5.704614233615  6.476890624697  6.650678556592
1.087480218964  7.382389440146  3.832453161041  9.342160515565  7.803817373024  7.963928727777  4.418754040104  8.505002035331  7.956583346581  6.721497658728  194.577075216565  9.264063172767  9.377921843104  6.708205539863  4.395143116078
Information: The stitching and editing of coupling caps is turned OFF for design 'fsc_top_compile.nlib:fsc_top.design'. (TIM-125)
Information: Orientation ETCH is using reference direction: VERTICAL. (NEX-032)
DEBUG FLOWMSGPRINTER: HANDLER IS NULL

Compile-fusion final QoR
________________________
Scenario Mapping Table
1: ss0p95v125c.func

Pathgroup Mapping Table
1: **default**
2: **async_default**
3: **clock_gating_default**
4: **in2reg_default**
5: **reg2out_default**
6: **in2out_default**
7: pll1_clk_in
8: pll2_clk_in
9: pixel_clk
10: system_clk
11: comp_clk
12: i2c_scl
13: system_clk_div2
14: pll2_clk_div2
15: panel_clk_inv_gate
16: panel_clk_dly
17: panel_clk_gate
18: system_clk_int
19: flash_clk_gate
20: i2c_clk
21: sdram_clk_gate
22: sdram_clk
23: pixel_comp_clk_pix

-------------------------------------------------------------------------------------------------------------------------------------------------------------
PATHGROUP QOR 
-------------------------------------------------------------------------------------------------------------------------------------------------------------
Scene  PG      WNS        TNS    NSV      WHV        THV    NHV
    1   1   0.0000     0.0000      0        -          -      -
    1   2   0.0000     0.0000      0        -          -      -
    1   3   0.0000     0.0000      0        -          -      -
    1   4   0.0000     0.0000      0        -          -      -
    1   5   0.0000     0.0000      0        -          -      -
    1   6   0.0000     0.0000      0        -          -      -
    1   7   0.0000     0.0000      0        -          -      -
    1   8   0.0000     0.0000      0        -          -      -
    1   9   0.0000     0.0000      0        -          -      -
    1  10   0.0000     0.0000      0        -          -      -
    1  11   0.0000     0.0000      0        -          -      -
    1  12   0.0000     0.0000      0        -          -      -
    1  13   0.0000     0.0000      0        -          -      -
    1  14   0.0000     0.0000      0        -          -      -
    1  15   0.0000     0.0000      0        -          -      -
    1  16   0.0000     0.0000      0        -          -      -
    1  17   0.0000     0.0000      0        -          -      -
    1  18   0.0000     0.0000      0        -          -      -
    1  19   0.0000     0.0000      0        -          -      -
    1  20   0.0000     0.0000      0        -          -      -
    1  21   0.0000     0.0000      0        -          -      -
    1  22   0.0000     0.0000      0        -          -      -
    1  23   0.0000     0.0000      0        -          -      -
----------------------------------------------------------------------------------------------------------------------------------------------------------------------
SCENARIO QOR 
----------------------------------------------------------------------------------------------------------------------------------------------------------------------
Scene  PG      WNS        TNS   R2RTNS    NSV      WHV        THV    NHV  MaxTrnV   MaxTranC  MaxCapV    Leakage
    1   *   0.0000     0.0000   0.0000      0        -          -      -       20     0.7814      222 2500342016
----------------------------------------------------------------------------------------------------------------------------------------------------------------------
DESIGN QOR 
----------------------------------------------------------------------------------------------------------------------------------------------------------------------
Scene  PG      WNS        TNS   R2RTNS    NSV      WHV        THV    NHV  MaxTrnV   MaxTranC  MaxCapV    Leakage         Area    InstCnt     BufCnt     InvCnt
    *   *   0.0000     0.0000   0.0000      0   0.0000     0.0000      0       20     0.7814      222 2500342016    529955.44      29731       2062       1556
----------------------------------------------------------------------------------------------------------------------------------------------------------------------

Compile-fusion final QoR Summary         WNS        TNS   R2RTNS    NSV      WHV        THV    NHV  MaxTrnV  MaxCapV    Leakage         Area    InstCnt
Compile-fusion final QoR Summary      0.0000     0.0000   0.0000      0   0.0000     0.0000      0       20      222 2500342016    529955.44      29731

Compile-fusion command complete                CPU:   476 s (  0.13 hr )  ELAPSE:   242 s (  0.07 hr )  MEM-PEAK:  2100 MB
Compile-fusion command statistics  CPU=143 sec (0.04 hr) ELAPSED=38 sec (0.01 hr) MEM-PEAK=2.051 GB
DEBUG FLOWMSGPRINTER: HANDLER IS NULL

DEBUG FLOWMSGPRINTER: HANDLER IS NULL
Information: Summary of UPF Cells (UPF-532)
*******************************************************************************
                            Summary of UPF Cells                               
*******************************************************************************
This is NOT a UPF design.
UPF is NOT loaded.
UPF is NOT committed.
-------------------------------------------------------------------------------
*******************************************************************************
                        End of Summary of UPF Cells                            
*******************************************************************************

Information: Runtime Summary (compile_fusion / initial_opto)  (FLW-9001)
----------------------------------------------------------------------------
     Elapse(Hr:Min:Sec)     Elapse(%)     Category
----------------------------------------------------------------------------
       00:00:01              1.5%         Optimization (1) 
       00:00:02              2.7%         Optimization (1)/Timing Optimization 
       00:00:27             31.4%         Timing and Congestion Driven Placement 
       00:00:00              0.0%         Scan Reordering 
       00:00:00              1.0%         Optimization (2) 
       00:00:00              0.0%         Scan Synthesis 
       00:00:01              2.0%         DRC Optimization 
       00:00:00              0.0%         Incremental High Fanout Synthesis 
       00:00:03              3.7%         Optimization (3) 
       00:00:00              0.3%         Optimization (3)/Global Sizing and Buffering 
       00:00:00              0.1%         Optimization (3)/Macro Skewing 
       00:00:00              0.0%         Optimization (3)/Timing Optimization 
       00:00:04              5.4%         Optimization (4) 
       00:00:01              1.7%         Legalization 
       00:00:26             30.3%         Optimization (5) 
       00:00:17             19.9%         Other 
----------------------------------------------------------------------------
       00:01:28            100.0%         Total 
----------------------------------------------------------------------------

Host Options:
-------------
Max cores: 8

Machine Spec:
-------------
INTEL(R) XEON(R) GOLD 6548Y+ / 128 CPUs  
Sockets: 2, Cores: 32, HT/SMT, not-VM
----------------------------------------------------------------------------

Information: Ending   compile_fusion / initial_opto (FLW-8001)
Information: Time: 2026-07-01 14:31:36 / Session:  00:04:02 / Command:  00:02:53 / CPU:  00:07:40 / Memory: 2100 MB (FLW-8100)
Information: CPU Load: 1%, Ram Free: 158 GB, Swap Free: 13 GB, Work Disk Free: 5929 GB, Tmp Disk Free: 70 GB (MSG-3995)

Information: >>>>>>> 11 unique error and warning message tags while observing compile_fusion / initial_opto: (MSG-3100)
Information: #prnt #trgr #lmt    Tag  Level     Format (or last printed message)                                (MSG-3036)
Information:     1     1  0 DFT-1991  WARNING   Warning: SCANDEF based Optimization skipped: No ScanDEF chai... (MSG-3032)
Information:    15    15  0 FLW-2892  WARNING   Warning: Restoring scoped app option 'opt.internal.levfilter... (MSG-3032)
Information:     1     1  0 ZRT-511   WARNING   Warning: Cell contains tie connections which are not connect... (MSG-3032)
Information:     1     1  0 ZRT-022   WARNING   Warning: Cannot find a default contact code for layer CO. (Z... (MSG-3032)
Information:   141    61 10 POW-034   WARNING   Warning: No valid clocks available in mode 'test'. Setting c... (MSG-3032)
Information:   101   101  0 ZRT-763   WARNING   Warning: Cell u_datapath/u_input_line_buffer_control/u_input... (MSG-3032)
Information:     2     2  0 OPT-200   WARNING   Warning: No tie cell is available for constant fixing. (OPT-... (MSG-3032)
Information:     8     1  0 GRF-013   WARNING   Warning: Timing Arc from 'u_clk_gen/u_clock_gen/C383/ctmi_32... (MSG-3032)
Information:     3     3  0 CTS-038   WARNING   Warning: No clock routing rule is specified. (CTS-038)          (MSG-3032)
Information:     7     7  0 OPT-070   WARNING   Warning: Cannot find any default max transition constraint o... (MSG-3032)
Information:    28    18  0 OPT-902   WARNING   Warning: No clock routing rules were specified. Use set_cloc... (MSG-3032)
Information:   308   211  1       11  <------   Total sum of messages (MSG-3038)
Information: >>>>>>> Summary: 211 error&warning MSGs observed during compile_fusion / initial_opto (MSG-3103)

INFO: compile_fusion is running in balanced flow mode
Warning: Cannot find any default max transition constraint on the design. (OPT-070)
INFO: Leakage Power Aware Optimization Enabled
Warning: No valid clocks available in mode 'test'. Setting clock frequency to 1 GHz. (POW-034)
Information: The automatic clock gate timing flow is activated. Clock latencies set on clock gate cells will be automatically adjusted by an estimate for latency. (CGT-4005)
DEBUG FLOWMSGPRINTER: HANDLER IS NULL
INFO: disable CRPR-based timing. 
Number of Site types in the design = 1
Warning: No valid clocks available in mode 'test'. Setting clock frequency to 1 GHz. (POW-034)
Setting up Chip Core
Chip Core shape: (8000 8000) (932008 930944)
Number of VARs = 1
Number of unique PDs = 1
Number of Power Domains = 1
Number of Voltage Areas = 1
Number of supply Nets = 2
Number of used supplies = 0
Blocked VAs: 
DEBUG FLOWMSGPRINTER: HANDLER IS NULL

----------------------------------------------------------------------------------------------------------
Information: Starting compile_fusion / final_place (FLW-8000)
Information: Time: 2026-07-01 14:31:37 / Session:  00:04:02 / Command:  00:02:54 / CPU:  00:07:41 / Memory: 2100 MB (FLW-8100)
Information: CPU Load: 1%, Ram Free: 158 GB, Swap Free: 13 GB, Work Disk Free: 5929 GB, Tmp Disk Free: 70 GB (MSG-3995)
----------------------------------------------------------------------------------------------------------



Compile-fusion optimization Phase 4 Iter  1          0.00        0.00         -         -     529955.44  2500342016.00       29731              0.07      2100


Information: Starting compile_fusion / final_place / Optimization (FLW-8000)
Information: Time: 2026-07-01 14:31:38 / Session:  00:04:03 / Command:  00:02:55 / CPU:  00:07:45 / Memory: 2100 MB (FLW-8100)
Information: CPU Load: 1%, Ram Free: 158 GB, Swap Free: 13 GB, Work Disk Free: 5929 GB, Tmp Disk Free: 70 GB (MSG-3995)

Compile-fusion command begin                   CPU:   482 s (  0.13 hr )  ELAPSE:   244 s (  0.07 hr )  MEM-PEAK:  2100 MB
Warning: Cannot find any default max transition constraint on the design. (OPT-070)
Info: update em.

Compile-fusion timing update complete          CPU:   482 s (  0.13 hr )  ELAPSE:   244 s (  0.07 hr )  MEM-PEAK:  2100 MB

Compile-fusion initial QoR
__________________________
Scenario Mapping Table
1: ss0p95v125c.func

Pathgroup Mapping Table
1: **default**
2: **async_default**
3: **clock_gating_default**
4: **in2reg_default**
5: **reg2out_default**
6: **in2out_default**
7: pll1_clk_in
8: pll2_clk_in
9: pixel_clk
10: system_clk
11: comp_clk
12: i2c_scl
13: system_clk_div2
14: pll2_clk_div2
15: panel_clk_inv_gate
16: panel_clk_dly
17: panel_clk_gate
18: system_clk_int
19: flash_clk_gate
20: i2c_clk
21: sdram_clk_gate
22: sdram_clk
23: pixel_comp_clk_pix

-------------------------------------------------------------------------------------------------------------------------------------------------------------
PATHGROUP QOR 
-------------------------------------------------------------------------------------------------------------------------------------------------------------
Scene  PG      WNS        TNS    NSV      WHV        THV    NHV
    1   1   0.0000     0.0000      0        -          -      -
    1   2   0.0000     0.0000      0        -          -      -
    1   3   0.0000     0.0000      0        -          -      -
    1   4   0.0000     0.0000      0        -          -      -
    1   5   0.0000     0.0000      0        -          -      -
    1   6   0.0000     0.0000      0        -          -      -
    1   7   0.0000     0.0000      0        -          -      -
    1   8   0.0000     0.0000      0        -          -      -
    1   9   0.0000     0.0000      0        -          -      -
    1  10   0.0000     0.0000      0        -          -      -
    1  11   0.0000     0.0000      0        -          -      -
    1  12   0.0000     0.0000      0        -          -      -
    1  13   0.0000     0.0000      0        -          -      -
    1  14   0.0000     0.0000      0        -          -      -
    1  15   0.0000     0.0000      0        -          -      -
    1  16   0.0000     0.0000      0        -          -      -
    1  17   0.0000     0.0000      0        -          -      -
    1  18   0.0000     0.0000      0        -          -      -
    1  19   0.0000     0.0000      0        -          -      -
    1  20   0.0000     0.0000      0        -          -      -
    1  21   0.0000     0.0000      0        -          -      -
    1  22   0.0000     0.0000      0        -          -      -
    1  23   0.0000     0.0000      0        -          -      -
----------------------------------------------------------------------------------------------------------------------------------------------------------------------
SCENARIO QOR 
----------------------------------------------------------------------------------------------------------------------------------------------------------------------
Scene  PG      WNS        TNS   R2RTNS    NSV      WHV        THV    NHV  MaxTrnV   MaxTranC  MaxCapV    Leakage
    1   *   0.0000     0.0000   0.0000      0        -          -      -       20     0.7814      222 2500342016
----------------------------------------------------------------------------------------------------------------------------------------------------------------------
DESIGN QOR 
----------------------------------------------------------------------------------------------------------------------------------------------------------------------
Scene  PG      WNS        TNS   R2RTNS    NSV      WHV        THV    NHV  MaxTrnV   MaxTranC  MaxCapV    Leakage         Area    InstCnt     BufCnt     InvCnt
    *   *   0.0000     0.0000   0.0000      0   0.0000     0.0000      0       20     0.7814      222 2500342016    529955.44      29731       2062       1556
----------------------------------------------------------------------------------------------------------------------------------------------------------------------

Compile-fusion initial QoR Summary       WNS        TNS   R2RTNS    NSV      WHV        THV    NHV  MaxTrnV  MaxCapV    Leakage         Area    InstCnt
Compile-fusion initial QoR Summary    0.0000     0.0000   0.0000      0   0.0000     0.0000      0       20      222 2500342016    529955.44      29731
Information: The netlist change observers are disabled for incremental extraction. (TIM-126)
Warning: No valid clocks available in mode 'test'. Setting clock frequency to 1 GHz. (POW-034)
INFO: using 8 threads
Warning: No valid clocks available in mode 'test'. Setting clock frequency to 1 GHz. (POW-034)
Warning: No valid clocks available in mode 'test'. Setting clock frequency to 1 GHz. (POW-034)
Warning: No valid clocks available in mode 'test'. Setting clock frequency to 1 GHz. (POW-034)
Warning: No valid clocks available in mode 'test'. Setting clock frequency to 1 GHz. (POW-034)
Information: Orientation ETCH is using reference direction: VERTICAL. (NEX-032)
Compile-fusion initialization complete         CPU:   486 s (  0.13 hr )  ELAPSE:   244 s (  0.07 hr )  MEM-PEAK:  2100 MB
Compile-fusion optimization summary            SETUP-COST    R2R-COST HOLD-COST LDRC-COST          AREA     LEAKAGE     INSTCNT            ELAPSE       MEM
Warning: Cannot find any default max transition constraint on the design. (OPT-070)
Information: The netlist change observers are enabled for incremental extraction. (TIM-127)

Information: Initializing classic cellmap without advanced rules enabled and without PDC enabled
Information: The following app options are used in cellmap
        place.legalize.enable_color_aware_placement : false
        place.legalize.use_nll_query_cm : false
        place.legalize.enable_advanced_legalizer : false
        place.legalize.enable_prerouted_net_check : false
        place.legalize.enable_advanced_prerouted_net_check : false
        place.legalize.always_continue : true
        place.legalize.limit_legality_checks : false
        place.common.pnet_aware_density : 1.0000
        place.common.pnet_aware_min_width : 0.0000
        place.common.pnet_aware_layers : {}
        place.common.use_placement_model : false
        place.common.enable_advanced_placement_model : true
        cts.placement.cell_spacing_rule_style : maximum
Total 0.1191 seconds to build cellmap data
INFO: creating 188(r) x 188(c) GridCells YDim 5.016 XDim 5.016
INFO: number of GridCells (fsc_top): 35344
INFO: creating 188(r) x 188(c) GridCells YDim 5.016 XDim 5.016
INFO: number of GridCells (fsc_top): 35344
Total 0.2460 seconds to load 41362 cell instances into cellmap
Moveable cells: 29701; Application fixed cells: 0; Macro cells: 0; User fixed cells: 11661
Average cell width 2.9273, cell height 1.6720, cell area 4.8945 for total 29701 placed and application fixed cells
Compile-fusion optimization Phase 8 Iter  1          0.00        0.00      0.00       242     529955.44  2500342016.00       29731              0.07      2100
Warning: No valid clocks available in mode 'test'. Setting clock frequency to 1 GHz. (POW-034)
Corner Scaling is off, multiplier is 1.000000
Warning: No valid clocks available in mode 'test'. Setting clock frequency to 1 GHz. (POW-034)
Corner Scaling is off, multiplier is 1.000000
Warning: No valid clocks available in mode 'test'. Setting clock frequency to 1 GHz. (POW-034)
Warning: No valid clocks available in mode 'test'. Setting clock frequency to 1 GHz. (POW-034)
Information: Using default layer M4 (OPT-079)
Warning: No valid clocks available in mode 'test'. Setting clock frequency to 1 GHz. (POW-034)
bmap: stepx = stepy = 18801
creating bmap
DB units per micron : 1000
INFO: New Levelizer turned on
Warning: No valid clocks available in mode 'test'. Setting clock frequency to 1 GHz. (POW-034)
Compile-fusion optimization Phase 8 Iter  2          0.00        0.00      0.00       242     529955.44  2500342016.00       29731              0.07      2100
Warning: No valid clocks available in mode 'test'. Setting clock frequency to 1 GHz. (POW-034)
Warning: No valid clocks available in mode 'test'. Setting clock frequency to 1 GHz. (POW-034)
Warning: No valid clocks available in mode 'test'. Setting clock frequency to 1 GHz. (POW-034)
Warning: No valid clocks available in mode 'test'. Setting clock frequency to 1 GHz. (POW-034)
Information: 4 out of 14 POW-034 messages were not printed due to limit 10 (after 'compile_fusion' at run_all_hier.tcl:48) (MSG-3913)

Compile-fusion optimization Phase 9 Iter  1          0.00        0.00      0.00       134     530293.44  2708749312.00       29843              0.07      2100

Compile-fusion optimization summary            SETUP-COST    R2R-COST HOLD-COST LDRC-COST          AREA     LEAKAGE     INSTCNT            ELAPSE       MEM
Compile-fusion                                       0.00        0.00      0.00       134     530293.44  2708749312.00       29843              0.07      2100
Information: Ending   compile_fusion / final_place / Optimization (FLW-8001)
Information: Time: 2026-07-01 14:31:41 / Session:  00:04:06 / Command:  00:02:58 / CPU:  00:07:54 / Memory: 2100 MB (FLW-8100)
Information: CPU Load: 1%, Ram Free: 158 GB, Swap Free: 13 GB, Work Disk Free: 5929 GB, Tmp Disk Free: 70 GB (MSG-3995)

Information: Starting compile_fusion / final_place / Timing and Congestion Driven Placement with Legalization (FLW-8000)
Information: Time: 2026-07-01 14:31:41 / Session:  00:04:06 / Command:  00:02:58 / CPU:  00:07:54 / Memory: 2100 MB (FLW-8100)
Information: CPU Load: 1%, Ram Free: 158 GB, Swap Free: 13 GB, Work Disk Free: 5929 GB, Tmp Disk Free: 70 GB (MSG-3995)
Compile-fusion optimization Phase 11 Iter  1         0.00        0.00      0.00       134     530293.44  2708749312.00       29843              0.07      2100
Running final (timing-driven) placement step.
----------------------------------------------------------------
Running congestion-aware direct-timing-driven placement
Information: Disabling integrated legalization, because it requires that the advanced legalizer is enabled.
Warning: No valid clocks available in mode 'test'. Setting clock frequency to 1 GHz. (POW-034)
Start transferring placement data.
Warning: To enable pin track alignment feature, the advanced legalizer has to be turned on using app option "place.legalize.enable_advanced_legalizer".
Warning: Pin track alignment feature will be disabled in this run
Information: Initializing classic cellmap without advanced rules enabled and without PDC enabled
Information: The following app options are used in cellmap
        place.legalize.enable_color_aware_placement : false
        place.legalize.use_nll_query_cm : false
        place.legalize.enable_advanced_legalizer : false
        place.legalize.enable_prerouted_net_check : true
        place.legalize.enable_advanced_prerouted_net_check : false
        place.legalize.always_continue : true
        place.legalize.limit_legality_checks : false
        place.common.pnet_aware_density : 1.0000
        place.common.pnet_aware_min_width : 0.0000
        place.common.pnet_aware_layers : {}
        place.common.use_placement_model : false
        place.common.enable_advanced_placement_model : true
        cts.placement.cell_spacing_rule_style : maximum
Total 0.1115 seconds to build cellmap data
Snapped 29813 standard cells to the nearest cellrow to improve the accuracy of congestion analysis.
Start Global Route ... 
[Init] Elapsed real time: 0:00:00 
[Init] Elapsed cpu  time: sys=0:00:00 usr=0:00:00 total=0:00:00
[Init] Stage (MB): Used    0  Alloctr    0  Proc    0 
[Init] Total (MB): Used    7  Alloctr    8  Proc 13421 
Printing options for 'route.common.*'

Printing options for 'route.global.*'
global.deterministic                                    :	 on                  
global.timing_driven                                    :	 false               

Begin global routing.
Warning: Cell contains tie connections which are not connected to real PG. (ZRT-511)
Cell Min-Routing-Layer = M1
Cell Max-Routing-Layer = MRDL
Turn off antenna since no rule is specified
Information: Option route.detail.force_end_on_preferred_grid will be ignored since none of the layers have preferred grid. (ZRT-703)
Warning: Cannot find a default contact code for layer CO. (ZRT-022)
Skipping 1 internal pins that are not physical. Set route.common.verbose_level to > 0 and run routing command to get skipped pin names.
Info: number of net_type_blockage: 0 
Information: Via ladder engine would be activated for pattern must join connection in certain commands. Please refer to man-page for the command list. (ZRT-619)
Information: When applicable Min-max layer allow_pin_connection mode will allow paths of length 3.55 outside the layer range. (ZRT-707)
Information: When applicable Min-max layer allow_pin_connection mode will allow paths of length 3.55 outside the layer range on clock nets. (ZRT-718)
Information: When applicable layer based tapering will taper up to 0.00 in distance from the pin. (ZRT-706)
Warning: Standard cell pin MUX41X2_HVT/S0 has no valid via regions. (ZRT-044)
Warning: Cell u_datapath/u_gamma_correction/u_sr_d1kx16_f166c_compensation_table_0_wrap/ctmTdsLR_1_31744 is placed overlapping with other cells at {{838.832 76.552} {839.744 78.224}}. (ZRT-763)
Warning: Cell u_main_controller_top/u_main_controller/u_fifo_sync_d256x11_f116_ewa_mem/u_rf_d256x11_f116_wrap/ctmTdsLR_1_31775 is placed overlapping with other cells at {{195.416 148.448} {197.088 150.120}}. (ZRT-763)
Warning: Cell u_datapath/ctmTdsLR_1_31740 is placed overlapping with other cells at {{441.808 133.400} {443.480 135.072}}. (ZRT-763)
Warning: Cell u_datapath/u_gamma_correction/ctmTdsLR_1_30065 is placed overlapping with other cells at {{836.400 108.320} {838.376 109.992}}. (ZRT-763)
Warning: Cell ZBUF_2_inst_31830 is placed overlapping with other cells at {{178.240 357.448} {179.760 359.120}}. (ZRT-763)
Warning: Cell u_main_controller_top/u_main_controller/ZBUF_139_inst_31818 is placed overlapping with other cells at {{257.280 380.856} {259.560 382.528}}. (ZRT-763)
Warning: Cell u_datapath/u_gamma_correction/ms_line0_reg is placed overlapping with other cells at {{726.048 329.024} {731.520 330.696}}. (ZRT-763)
Warning: Cell u_main_controller_top/u_main_controller/ZBUF_27_inst_31810 is placed overlapping with other cells at {{268.680 402.592} {270.200 404.264}}. (ZRT-763)
Warning: Cell u_main_controller_top/u_main_controller/ctmTdsLR_1_31737 is placed overlapping with other cells at {{352.128 402.592} {353.952 404.264}}. (ZRT-763)
Warning: Cell u_datapath/u_gamma_flash_fifo_control/ctmTdsLR_1_31757 is placed overlapping with other cells at {{531.488 441.048} {533.160 442.720}}. (ZRT-763)
Warning: Cell ctmTdsLR_1_31726 is placed overlapping with other cells at {{178.392 507.928} {180.064 509.600}}. (ZRT-763)
Warning: Cell u_datapath/u_rotating_cache_control/we2_dly_reg[3] is placed overlapping with other cells at {{609.768 492.880} {614.024 494.552}}. (ZRT-763)
Warning: Cell u_main_controller_top/u_main_controller/u_sr_d512x72f116_MMS2_wrap/ctmTdsLR_1_31784 is placed overlapping with other cells at {{145.560 683.488} {147.080 685.160}}. (ZRT-763)
Warning: Cell u_datapath/u_input_line_buffer_control/u_input_line_buffer_r/u_sr_d1kx16_f166_wrap0/A23435 is placed overlapping with other cells at {{840.960 686.832} {841.872 688.504}}. (ZRT-763)
Warning: Cell u_main_controller_top/u_main_controller/u_sr_d512x72f116_MMS2_wrap/ctmTdsLR_1_31776 is placed overlapping with other cells at {{144.040 723.616} {145.560 725.288}}. (ZRT-763)
Warning: Cell u_main_controller_top/u_main_controller/u_sr_d512x72f116_MMS2_wrap/u_sr_d512x72f116_MMS2_bist/tbl_init_reg is placed overlapping with other cells at {{164.408 780.464} {169.880 782.136}}. (ZRT-763)
Warning: Cell u_datapath/u_output_fifo_control/u_output_fifo_0/ZBUF_47_inst_31835 is placed overlapping with other cells at {{560.520 785.480} {562.040 787.152}}. (ZRT-763)
Warning: Cell u_datapath/u_input_line_buffer_control/u_input_line_buffer_b/u_sr_d1kx16_f166_wrap1/u_sr_d1kx16_f166_bist/bist_addr_reg[0] is placed overlapping with other cells at {{692.000 782.136} {697.472 783.808}}. (ZRT-763)
Warning: Cell u_datapath/u_input_line_buffer_control/u_input_line_buffer_r/u_sr_d1kx16_f166_wrap1/u_sr_d1kx16_f166_bist/current_state_reg[1] is placed overlapping with other cells at {{735.168 762.072} {740.640 763.744}}. (ZRT-763)
Current Stage stats:
[End of Read DB] Elapsed real time: 0:00:00 
[End of Read DB] Elapsed cpu  time: sys=0:00:00 usr=0:00:01 total=0:00:01
[End of Read DB] Stage (MB): Used   71  Alloctr   73  Proc  -32 
[End of Read DB] Total (MB): Used   78  Alloctr   81  Proc 13389 
Constructing data structure ...
Design statistics:
Design Bounding Box (0.00um,0.00um,940.01um,938.94um)
Number of routing layers = 10
layer M1, dir Hor, min width = 0.05um, min space = 0.05um pitch = 0.152um
layer M2, dir Ver, min width = 0.056um, min space = 0.056um pitch = 0.152um
layer M3, dir Hor, min width = 0.056um, min space = 0.056um pitch = 0.304um
layer M4, dir Ver, min width = 0.056um, min space = 0.056um pitch = 0.304um
layer M5, dir Hor, min width = 0.056um, min space = 0.056um pitch = 0.608um
layer M6, dir Ver, min width = 0.056um, min space = 0.056um pitch = 0.608um
layer M7, dir Hor, min width = 0.056um, min space = 0.056um pitch = 1.216um
layer M8, dir Ver, min width = 0.056um, min space = 0.056um pitch = 1.216um
layer M9, dir Hor, min width = 0.16um, min space = 0.16um pitch = 2.432um
layer MRDL, dir Ver, min width = 2um, min space = 2um pitch = 4.864um
Current Stage stats:
[End of Build Tech Data] Elapsed real time: 0:00:00 
[End of Build Tech Data] Elapsed cpu  time: sys=0:00:00 usr=0:00:00 total=0:00:00
[End of Build Tech Data] Stage (MB): Used    7  Alloctr    7  Proc    0 
[End of Build Tech Data] Total (MB): Used   86  Alloctr   89  Proc 13389 
Net statistics:
Total number of nets     = 32265
Number of nets to route  = 32240
Number of single or zero port nets = 22
3 nets are fully connected,
 of which 3 are detail routed and 0 are global routed.
Net length statistics: 
Net Count(Ignore Fully Rted) 32240, Total Half Perimeter Wire Length (HPWL) 1122605 microns
HPWL   0 ~   50 microns: Net Count    26403	Total HPWL       303807 microns
HPWL  50 ~  100 microns: Net Count     2608	Total HPWL       184321 microns
HPWL 100 ~  200 microns: Net Count     2141	Total HPWL       309277 microns
HPWL 200 ~  300 microns: Net Count      715	Total HPWL       171151 microns
HPWL 300 ~  400 microns: Net Count      229	Total HPWL        78220 microns
HPWL 400 ~  500 microns: Net Count       98	Total HPWL        43318 microns
HPWL 500 ~  600 microns: Net Count       28	Total HPWL        14937 microns
HPWL 600 ~  700 microns: Net Count        9	Total HPWL         5881 microns
HPWL 700 ~  800 microns: Net Count        0	Total HPWL            0 microns
HPWL 800 ~  900 microns: Net Count        1	Total HPWL          824 microns
HPWL 900 ~ 1000 microns: Net Count        3	Total HPWL         2945 microns
HPWL     > 1000 microns: Net Count        5	Total HPWL         7924 microns
Current Stage stats:
[End of Build All Nets] Elapsed real time: 0:00:00 
[End of Build All Nets] Elapsed cpu  time: sys=0:00:00 usr=0:00:00 total=0:00:00
[End of Build All Nets] Stage (MB): Used   26  Alloctr   26  Proc    0 
[End of Build All Nets] Total (MB): Used  112  Alloctr  116  Proc 13389 
Number of partitions: 1 (1 x 1)
Size of partitions: 562 gCells x 562 gCells
Average gCell capacity  3.96	 on layer (1)	 M1
Average gCell capacity  5.30	 on layer (2)	 M2
Average gCell capacity  2.98	 on layer (3)	 M3
Average gCell capacity  3.03	 on layer (4)	 M4
Average gCell capacity  1.46	 on layer (5)	 M5
Average gCell capacity  2.63	 on layer (6)	 M6
Average gCell capacity  1.09	 on layer (7)	 M7
Average gCell capacity  0.61	 on layer (8)	 M8
Average gCell capacity  0.24	 on layer (9)	 M9
Average gCell capacity  0.34	 on layer (10)	 MRDL
Average number of tracks per gCell 10.99	 on layer (1)	 M1
Average number of tracks per gCell 11.01	 on layer (2)	 M2
Average number of tracks per gCell 5.50	 on layer (3)	 M3
Average number of tracks per gCell 5.51	 on layer (4)	 M4
Average number of tracks per gCell 2.75	 on layer (5)	 M5
Average number of tracks per gCell 2.75	 on layer (6)	 M6
Average number of tracks per gCell 1.38	 on layer (7)	 M7
Average number of tracks per gCell 1.38	 on layer (8)	 M8
Average number of tracks per gCell 0.69	 on layer (9)	 M9
Average number of tracks per gCell 0.35	 on layer (10)	 MRDL
Number of gCells = 3158440
Current Stage stats:
[End of Build Congestion Map] Elapsed real time: 0:00:01 
[End of Build Congestion Map] Elapsed cpu  time: sys=0:00:00 usr=0:00:01 total=0:00:01
[End of Build Congestion Map] Stage (MB): Used   50  Alloctr   51  Proc    0 
[End of Build Congestion Map] Total (MB): Used  163  Alloctr  167  Proc 13389 
Number of partitions: 1 (1 x 1)
Size of partitions: 562 gCells x 562 gCells
Current Stage stats:
[End of Add Nets Demand] Elapsed real time: 0:00:00 
[End of Add Nets Demand] Elapsed cpu  time: sys=0:00:00 usr=0:00:00 total=0:00:00
[End of Add Nets Demand] Stage (MB): Used    1  Alloctr    1  Proc    0 
[End of Add Nets Demand] Total (MB): Used  164  Alloctr  168  Proc 13389 
Number of user frozen nets = 0
Total stats:
[End of Build Data] Elapsed real time: 0:00:01 
[End of Build Data] Elapsed cpu  time: sys=0:00:00 usr=0:00:01 total=0:00:01
[End of Build Data] Stage (MB): Used   86  Alloctr   86  Proc    0 
[End of Build Data] Total (MB): Used  164  Alloctr  168  Proc 13389 
Number of partitions: 1 (1 x 1)
Size of partitions: 562 gCells x 562 gCells
Current Stage stats:
[End of Blocked Pin Detection] Elapsed real time: 0:00:01 
[End of Blocked Pin Detection] Elapsed cpu  time: sys=0:00:00 usr=0:00:01 total=0:00:01
[End of Blocked Pin Detection] Stage (MB): Used  104  Alloctr  104  Proc    0 
[End of Blocked Pin Detection] Total (MB): Used  269  Alloctr  273  Proc 13389 
Information: Using 8 threads for routing. (ZRT-444)
Information: Placement fast mode ON
Information: Multiple gcell levels ON
Information: Buffer distance is estimated to be ~862.0000um (515 gCells)

Start GR phase 0
Number of partitions: 1 (1 x 1)
Size of partitions: 562 gCells x 562 gCells
10% of nets complete Elapsed cpu time: 0:00:00 Elapsed real time: 0:00:00
20% of nets complete Elapsed cpu time: 0:00:00 Elapsed real time: 0:00:00
30% of nets complete Elapsed cpu time: 0:00:00 Elapsed real time: 0:00:00
40% of nets complete Elapsed cpu time: 0:00:00 Elapsed real time: 0:00:00
50% of nets complete Elapsed cpu time: 0:00:00 Elapsed real time: 0:00:00
60% of nets complete Elapsed cpu time: 0:00:01 Elapsed real time: 0:00:01
70% of nets complete Elapsed cpu time: 0:00:01 Elapsed real time: 0:00:01
80% of nets complete Elapsed cpu time: 0:00:01 Elapsed real time: 0:00:01
90% of nets complete Elapsed cpu time: 0:00:02 Elapsed real time: 0:00:02
[rtAllBotParts] Elapsed real time: 0:00:06 
[rtAllBotParts] Elapsed cpu  time: sys=0:00:00 usr=0:00:06 total=0:00:06
[rtTop] Elapsed real time: 0:00:00 
[rtTop] Elapsed cpu  time: sys=0:00:00 usr=0:00:00 total=0:00:00
Current Stage stats:
[End of Initial Routing] Elapsed real time: 0:00:06 
[End of Initial Routing] Elapsed cpu  time: sys=0:00:00 usr=0:00:06 total=0:00:06
[End of Initial Routing] Stage (MB): Used   30  Alloctr   31  Proc    0 
[End of Initial Routing] Total (MB): Used  300  Alloctr  305  Proc 13389 
Initial. Routing result:
Initial. Both Dirs: Dmd-Cap  =  3002 Max = 6 GRCs = 19665 (3.11%)
Initial. H routing: Dmd-Cap  =  2537 Max = 5 (GRCs =    3) GRCs = 19005 (6.02%)
Initial. V routing: Dmd-Cap  =   464 Max = 6 (GRCs =    1) GRCs =   660 (0.21%)
Initial. Both Dirs: Overflow =  5908 Max = 6 GRCs = 31373 (4.97%)
Initial. H routing: Overflow =  4241 Max = 3 (GRCs =   12) GRCs = 27894 (8.83%)
Initial. V routing: Overflow =  1667 Max = 6 (GRCs =    1) GRCs =  3479 (1.10%)
Initial. M1         Overflow =   580 Max = 3 (GRCs =    6) GRCs =   621 (0.20%)
Initial. M2         Overflow =  1056 Max = 6 (GRCs =    1) GRCs =  1288 (0.41%)
Initial. M3         Overflow =   727 Max = 3 (GRCs =    6) GRCs =   920 (0.29%)
Initial. M4         Overflow =   161 Max = 3 (GRCs =    3) GRCs =   190 (0.06%)
Initial. M5         Overflow =    62 Max = 2 (GRCs =    9) GRCs =   269 (0.09%)
Initial. M6         Overflow =   378 Max = 2 (GRCs =   86) GRCs =  1368 (0.43%)
Initial. M7         Overflow =  2772 Max = 2 (GRCs =   54) GRCs = 25029 (7.92%)
Initial. M8         Overflow =    68 Max = 2 (GRCs =    1) GRCs =   607 (0.19%)
Initial. M9         Overflow =    98 Max = 1 (GRCs = 1055) GRCs =  1055 (0.33%)
Initial. MRDL       Overflow =     2 Max = 1 (GRCs =   26) GRCs =    26 (0.01%)


Overflow over macro areas

Initial. Both Dirs: Overflow =  3602 Max =  4 GRCs = 28787 (10.17%)
Initial. H routing: Overflow =  3028 Max =  2 (GRCs =   85) GRCs = 26631 (18.81%)
Initial. V routing: Overflow =   573 Max =  4 (GRCs =    2) GRCs =  2156 (1.52%)
Initial. M1         Overflow =    65 Max =  2 (GRCs =   12) GRCs =   127 (0.09%)
Initial. M2         Overflow =    93 Max =  4 (GRCs =    2) GRCs =    90 (0.06%)
Initial. M3         Overflow =    53 Max =  2 (GRCs =   10) GRCs =   174 (0.12%)
Initial. M4         Overflow =    57 Max =  3 (GRCs =    3) GRCs =    92 (0.06%)
Initial. M5         Overflow =    45 Max =  2 (GRCs =    9) GRCs =   252 (0.18%)
Initial. M6         Overflow =   353 Max =  2 (GRCs =   86) GRCs =  1343 (0.95%)
Initial. M7         Overflow =  2766 Max =  2 (GRCs =   54) GRCs = 25023 (17.68%)
Initial. M8         Overflow =    66 Max =  2 (GRCs =    1) GRCs =   605 (0.43%)
Initial. M9         Overflow =    98 Max =  1 (GRCs = 1055) GRCs =  1055 (0.75%)
Initial. MRDL       Overflow =     2 Max =  1 (GRCs =   26) GRCs =    26 (0.02%)

Initial. Total Wire Length = 1201987.37
Initial. Layer M1 wire length = 71734.46
Initial. Layer M2 wire length = 379703.03
Initial. Layer M3 wire length = 296812.65
Initial. Layer M4 wire length = 144417.11
Initial. Layer M5 wire length = 95066.79
Initial. Layer M6 wire length = 110316.98
Initial. Layer M7 wire length = 88990.33
Initial. Layer M8 wire length = 12858.43
Initial. Layer M9 wire length = 2025.72
Initial. Layer MRDL wire length = 61.86
Initial. Total Number of Contacts = 245808
Initial. Via VIA12SQ_C count = 124075
Initial. Via VIA23SQ_C count = 97600
Initial. Via VIA34SQ_C count = 9888
Initial. Via VIA45SQ_C count = 6312
Initial. Via VIA56SQ_C count = 3751
Initial. Via VIA67SQ_C count = 3565
Initial. Via VIA78SQ_C count = 536
Initial. Via VIA89_C count = 79
Initial. Via VIA9RDL count = 2
Initial. completed.

Start GR phase 1
Wed Jul  1 14:31:53 2026
Number of partitions: 16 (4 x 4)
Size of partitions: 160 gCells x 160 gCells
10% of nets complete Elapsed cpu time: 0:00:01 Elapsed real time: 0:00:01
20% of nets complete Elapsed cpu time: 0:00:03 Elapsed real time: 0:00:01
30% of nets complete Elapsed cpu time: 0:00:03 Elapsed real time: 0:00:01
40% of nets complete Elapsed cpu time: 0:00:04 Elapsed real time: 0:00:01
50% of nets complete Elapsed cpu time: 0:00:04 Elapsed real time: 0:00:01
60% of nets complete Elapsed cpu time: 0:00:04 Elapsed real time: 0:00:01
70% of nets complete Elapsed cpu time: 0:00:04 Elapsed real time: 0:00:01
80% of nets complete Elapsed cpu time: 0:00:05 Elapsed real time: 0:00:01
90% of nets complete Elapsed cpu time: 0:00:05 Elapsed real time: 0:00:01
[rtAllParts] Elapsed real time: 0:00:01 
[rtAllParts] Elapsed cpu  time: sys=0:00:00 usr=0:00:05 total=0:00:05
Number of partitions: 16 (4 x 4)
Size of partitions: 160 gCells x 160 gCells
[updNetsDmd] Elapsed real time: 0:00:00 
[updNetsDmd] Elapsed cpu  time: sys=0:00:00 usr=0:00:00 total=0:00:00
Current Stage stats:
[End of Phase1 Routing] Elapsed real time: 0:00:02 
[End of Phase1 Routing] Elapsed cpu  time: sys=0:00:00 usr=0:00:06 total=0:00:06
[End of Phase1 Routing] Stage (MB): Used    0  Alloctr    2  Proc    0 
[End of Phase1 Routing] Total (MB): Used  300  Alloctr  307  Proc 13389 
phase1. Routing result:
phase1. Both Dirs: Dmd-Cap  =   438 Max = 6 GRCs =   307 (0.05%)
phase1. H routing: Dmd-Cap  =   308 Max = 6 (GRCs =  1) GRCs =   211 (0.07%)
phase1. V routing: Dmd-Cap  =   130 Max = 4 (GRCs =  1) GRCs =    96 (0.03%)
phase1. Both Dirs: Overflow =   779 Max = 3 GRCs =   736 (0.12%)
phase1. H routing: Overflow =   574 Max = 3 (GRCs =  5) GRCs =   536 (0.17%)
phase1. V routing: Overflow =   205 Max = 3 (GRCs =  2) GRCs =   200 (0.06%)
phase1. M1         Overflow =   277 Max = 3 (GRCs =  3) GRCs =   275 (0.09%)
phase1. M2         Overflow =   121 Max = 3 (GRCs =  2) GRCs =   117 (0.04%)
phase1. M3         Overflow =   260 Max = 3 (GRCs =  2) GRCs =   224 (0.07%)
phase1. M4         Overflow =    41 Max = 2 (GRCs =  1) GRCs =    40 (0.01%)
phase1. M5         Overflow =     6 Max = 1 (GRCs =  6) GRCs =     6 (0.00%)
phase1. M6         Overflow =    42 Max = 1 (GRCs = 42) GRCs =    42 (0.01%)
phase1. M7         Overflow =    31 Max = 1 (GRCs = 31) GRCs =    31 (0.01%)
phase1. M8         Overflow =     1 Max = 1 (GRCs =  1) GRCs =     1 (0.00%)
phase1. M9         Overflow =     0 Max = 0 (GRCs =  0) GRCs =     0 (0.00%)
phase1. MRDL       Overflow =     0 Max = 0 (GRCs =  0) GRCs =     0 (0.00%)


Overflow over macro areas

phase1. Both Dirs: Overflow =    87 Max =  2 GRCs =    83 (0.03%)
phase1. H routing: Overflow =    42 Max =  2 (GRCs =  1) GRCs =    41 (0.03%)
phase1. V routing: Overflow =    45 Max =  2 (GRCs =  3) GRCs =    42 (0.03%)
phase1. M1         Overflow =     9 Max =  2 (GRCs =  1) GRCs =     8 (0.01%)
phase1. M2         Overflow =     8 Max =  2 (GRCs =  3) GRCs =     5 (0.00%)
phase1. M3         Overflow =     4 Max =  1 (GRCs =  4) GRCs =     4 (0.00%)
phase1. M4         Overflow =     3 Max =  1 (GRCs =  3) GRCs =     3 (0.00%)
phase1. M5         Overflow =     1 Max =  1 (GRCs =  1) GRCs =     1 (0.00%)
phase1. M6         Overflow =    34 Max =  1 (GRCs = 34) GRCs =    34 (0.02%)
phase1. M7         Overflow =    28 Max =  1 (GRCs = 28) GRCs =    28 (0.02%)
phase1. M8         Overflow =     0 Max =  0 (GRCs =  0) GRCs =     0 (0.00%)
phase1. M9         Overflow =     0 Max =  0 (GRCs =  0) GRCs =     0 (0.00%)
phase1. MRDL       Overflow =     0 Max =  0 (GRCs =  0) GRCs =     0 (0.00%)

phase1. Total Wire Length = 1210864.13
phase1. Layer M1 wire length = 78568.52
phase1. Layer M2 wire length = 381769.67
phase1. Layer M3 wire length = 296935.92
phase1. Layer M4 wire length = 150721.44
phase1. Layer M5 wire length = 97545.96
phase1. Layer M6 wire length = 109475.91
phase1. Layer M7 wire length = 82057.36
phase1. Layer M8 wire length = 11847.55
phase1. Layer M9 wire length = 1684.32
phase1. Layer MRDL wire length = 257.49
phase1. Total Number of Contacts = 250426
phase1. Via VIA12SQ_C count = 125450
phase1. Via VIA23SQ_C count = 98475
phase1. Via VIA34SQ_C count = 11417
phase1. Via VIA45SQ_C count = 6932
phase1. Via VIA56SQ_C count = 3844
phase1. Via VIA67SQ_C count = 3615
phase1. Via VIA78SQ_C count = 601
phase1. Via VIA89_C count = 82
phase1. Via VIA9RDL count = 10
phase1. completed.
[End of Whole Chip Routing] Elapsed real time: 0:00:12 
[End of Whole Chip Routing] Elapsed cpu  time: sys=0:00:00 usr=0:00:16 total=0:00:17
[End of Whole Chip Routing] Stage (MB): Used  222  Alloctr  225  Proc    0 
[End of Whole Chip Routing] Total (MB): Used  300  Alloctr  307  Proc 13389 

Congestion utilization per direction:
Average vertical track utilization   = 13.20 %
Peak    vertical track utilization   = 133.33 %
Average horizontal track utilization = 12.63 %
Peak    horizontal track utilization = 400.00 %

[End of Global Routing] Elapsed real time: 0:00:12 
[End of Global Routing] Elapsed cpu  time: sys=0:00:00 usr=0:00:17 total=0:00:17
[End of Global Routing] Stage (MB): Used  177  Alloctr  180  Proc    0 
[End of Global Routing] Total (MB): Used  256  Alloctr  262  Proc 13389 
Writing out congestion map...
Updating congestion ...
Updating congestion ...
[End of dbOut] Elapsed real time: 0:00:00 
[End of dbOut] Elapsed cpu  time: sys=0:00:00 usr=0:00:00 total=0:00:00
[End of dbOut] Stage (MB): Used -114  Alloctr -121  Proc    0 
[End of dbOut] Total (MB): Used   36  Alloctr   37  Proc 13389 
Using per-layer congestion maps for congestion reduction.
Information: 48.77% of design has horizontal routing density above target_routing_density of 0.80.
Information: 43.03% of design has vertical routing density above target_routing_density of 0.80.
Completed transferring placement data.
Running placement using 8 thread(s)
Information: Enhanced Auto Density Control is used. (PLACE-098)
Information: Enhanced auto density configuration is 13179.
Information: Automatic density control has selected the following settings: max_density 0.70, congestion_driven_max_util 0.89. (PLACE-027)
Information: HFW control 'on' invoked.
coarse place 100% done.
Warning: There is insufficient area available to achieve the target routing density of 0.80. Using a value of 0.81 instead. (PLACE-029)
Information: Reducing cell density for 16.0% of the movable cells to alleviate congestion. This changes the average cell density in non-congested areas from 0.349 to 0.356. (PLACE-030)
CGRW: permuting timing equivalent pins only
Warning: No valid clocks available in mode 'test'. Setting clock frequency to 1 GHz. (POW-034)
Corner Scaling is off, multiplier is 1.000000
Information: Orientation ETCH is using reference direction: VERTICAL. (NEX-032)
Warning: No valid clocks available in mode 'test'. Setting clock frequency to 1 GHz. (POW-034)
Information: timingScenario ss0p95v125c.func timingCorner ss0p95v125c.  Using corner ss0p95v125c for worst leakage corner. (OPT-078)
Warning: No valid clocks available in mode 'test'. Setting clock frequency to 1 GHz. (POW-034)
Information: Using default layer M4 (OPT-079)
Information: Nominal = 0.0353099  Design MT = inf  Target = 0.1385933  MaxRC = 0.096960 Fast Target = 0.044795 (OPT-081)
nplLib: default vr hor dist = 1065
nplLib: default vr ver dist = 1065
nplLib: default vr buf size = 6
nplLib: default vr buf size = 2
Placer using max_unbuffered_distance = 1064.98
Warning: No valid clocks available in mode 'test'. Setting clock frequency to 1 GHz. (POW-034)

Placement Options:
Effort:                        medium_effort       
Timing Driven:                 true                
Buffering Aware Timing Driven: false               
Seed locs:                     true                
Incremental:                   false               
Congestion:                    true                
Congestion Effort:             medium              
Fix Macros:                    true                
Place Macros:                  false               
Channel Size Macros:           false               


Warning: No valid clocks available in mode 'test'. Setting clock frequency to 1 GHz. (POW-034)
Information: Activity propagation will be performed for scenario ss0p95v125c.func.
Information: Doing activity propagation for mode 'func' and corner 'ss0p95v125c' with effort level 'medium'. (POW-024)
Information: Timer-derived activity data is cached on scenario ss0p95v125c.func (POW-052)
Information: Running switching activity propagation with 8 threads!

 **** Information : No. of simulation cycles = 7 ****
****** eLpp weights (with caps) (no lengths)
Number of nets: 32223, of which 31620 non-clock nets
Number of nets with 0 toggle rate: 12890 (40.0025%)
Max toggle rate = 0.330033, average toggle rate = 0.00283808
Max non-clock toggle rate = 0.0829082
eLpp weight range = (0, 71.1646)
*** 42 nets are filtered out
Start transferring placement data.
****** Net weight manager: report ******
Weights included: eLpp  PostEffort  
Number of nets with non-default weights: 32223
Amt power = 0.1
Non-default weight range: (0.9, 12.0165)
                             Min         Max         Avg       Stdev        Skew
       Toggle Rates            0    0.330033  0.00283798   0.0120161     16.5375
      Power Weights            0     71.1646    0.611951     2.59101     16.5375
      Final Weights          0.9     12.0165     1.03605    0.669823      8.4019
Information: Automatic repeater spreading is enabled.
Information: Automatic timing control is enabled.
checking app option clockgate_objective_weight : none
DTDP placement: scenario=ss0p95v125c.func
Information: Orientation ETCH is using reference direction: VERTICAL. (NEX-032)
Information: Orientation ETCH is using reference direction: VERTICAL. (NEX-032)
Information: Orientation ETCH is using reference direction: VERTICAL. (NEX-032)
Information: The net parasitics of block fsc_top are cleared. (TIM-123)
Completed transferring placement data.
Running placement using 8 thread(s)
Information: Enhanced Auto Density Control is used. (PLACE-098)
Information: Enhanced auto density configuration is 13179.
Information: Automatic density control has selected the following settings: max_density 0.70, congestion_driven_max_util 0.89. (PLACE-027)
Information: HFW control 'on' invoked.
coarse place 50% done.
coarse place 60% done.
coarse place 70% done.
coarse place 80% done.
coarse place 90% done.
coarse place 100% done.
Information: Coarse placer wire length estimate = 1.18291e+06
Information: Coarse placer active wire length estimate = 7390.31
Information: Coarse placer weighted wire length estimate = 1.40444e+06
Information: Extraction observers are detached as design net change threshold is reached.
Information: Orientation ETCH is using reference direction: VERTICAL. (NEX-032)
Information: Orientation ETCH is using reference direction: VERTICAL. (NEX-032)
Information: Orientation ETCH is using reference direction: VERTICAL. (NEX-032)
Information: Orientation ETCH is using reference direction: VERTICAL. (NEX-032)
Information: Orientation ETCH is using reference direction: VERTICAL. (NEX-032)
Information: Orientation ETCH is using reference direction: VERTICAL. (NEX-032)
Information: Orientation ETCH is using reference direction: VERTICAL. (NEX-032)
Information: Orientation ETCH is using reference direction: VERTICAL. (NEX-032)
Information: Orientation ETCH is using reference direction: VERTICAL. (NEX-032)
Information: Orientation ETCH is using reference direction: VERTICAL. (NEX-032)
Information: Orientation ETCH is using reference direction: VERTICAL. (NEX-032)
Information: Orientation ETCH is using reference direction: VERTICAL. (NEX-032)
Information: Orientation ETCH is using reference direction: VERTICAL. (NEX-032)
Information: Orientation ETCH is using reference direction: VERTICAL. (NEX-032)
Information: Orientation ETCH is using reference direction: VERTICAL. (NEX-032)
Warning: No clock routing rules were specified. Use set_clock_routing_rules to specify routing rules for accurate clock latency estimation. (OPT-902)
Warning: No clock routing rules were specified. Use set_clock_routing_rules to specify routing rules for accurate clock latency estimation. (OPT-902)
Information: Estimating clock gate latencies for scenario 'ss0p95v125c.func'. (OPT-909)
Information: Orientation ETCH is using reference direction: VERTICAL. (NEX-032)
Information: Orientation ETCH is using reference direction: VERTICAL. (NEX-032)
----------------------------------------------------------------
Non-default App Option report
All App Options have their default value.
Fixing logic constant
Completed Timing-driven placement, Elapsed time =   0: 0:27 
----------------------------------------------------------------
Running legalize_placement
Information: Initializing classic cellmap without advanced rules enabled and without PDC enabled
Information: The following app options are used in cellmap
        place.legalize.enable_color_aware_placement : false
        place.legalize.use_nll_query_cm : false
        place.legalize.enable_advanced_legalizer : false
        place.legalize.enable_prerouted_net_check : true
        place.legalize.enable_advanced_prerouted_net_check : false
        place.legalize.always_continue : true
        place.legalize.limit_legality_checks : false
        place.common.pnet_aware_density : 1.0000
        place.common.pnet_aware_min_width : 0.0000
        place.common.pnet_aware_layers : {}
        place.common.use_placement_model : false
        place.common.enable_advanced_placement_model : true
        cts.placement.cell_spacing_rule_style : maximum
Total 0.1238 seconds to build cellmap data
INFO: creating 100(r) x 100(c) GridCells YDim 9.39 XDim 9.401
INFO: number of GridCells (fsc_top): 10000
INFO: creating 100(r) x 100(c) GridCells YDim 9.39 XDim 9.401
INFO: number of GridCells (fsc_top): 10000
Total 0.2438 seconds to load 41474 cell instances into cellmap, 29796 cells are off site row
Moveable cells: 29813; Application fixed cells: 0; Macro cells: 0; User fixed cells: 11661
Average cell width 2.9231, cell height 1.6720, cell area 4.8874 for total 29813 placed and application fixed cells
nplDplc2Placer::setParam(effort,1)
nplDplc2Placer::setParam(debug,0)
nplDplc2Placer::setParam(site_check,2)
nplDplc2Placer::setParam(app_firm_wgt,0)
Warning: Routing direction of metal layer PO is neither "horizontal" nor "vertical".  PDC checks will not be performed on this layer. (PDC-003)
PDC app_options settings =========
	place.legalize.enable_prerouted_net_check: 1
	place.legalize.num_tracks_for_access_check: 1
	place.legalize.use_eol_spacing_for_access_check: 0
	place.legalize.allow_touch_track_for_access_check: 1
	place.legalize.reduce_conservatism_in_eol_check: 0
	place.legalize.preroute_shape_merge_distance: 0.0
	place.legalize.enable_non_preferred_direction_span_check: 0

Layer M1: cached 0 shapes out of 2078 total shapes.
Layer M2: cached 715 shapes out of 715 total shapes.
Cached 44850 vias out of 111303 total vias.

Legalizing Top Level Design fsc_top ... 
Information: Initializing classic cellmap without advanced rules enabled and without PDC enabled
Information: The following app options are used in cellmap
        place.legalize.enable_color_aware_placement : false
        place.legalize.use_nll_query_cm : false
        place.legalize.enable_advanced_legalizer : false
        place.legalize.enable_prerouted_net_check : true
        place.legalize.enable_advanced_prerouted_net_check : false
        place.legalize.always_continue : true
        place.legalize.limit_legality_checks : false
        place.common.pnet_aware_density : 1.0000
        place.common.pnet_aware_min_width : 0.0000
        place.common.pnet_aware_layers : {}
        place.common.use_placement_model : false
        place.common.enable_advanced_placement_model : true
        cts.placement.cell_spacing_rule_style : maximum
Total 0.1107 seconds to build cellmap data
Information: Creating classic rule checker.
Warning: Routing direction of metal layer PO is neither "horizontal" nor "vertical".  PDC checks will not be performed on this layer. (PDC-003)
=====> Processed 135 ref cells (19 fillers) from library

Bounds/Regions In This Design:
        Area    Num Cells  Exclusive Name
 (square um)
      852808        41474        Yes DEFAULT_VA

Starting legalizer.
Warning: The following cells were placed more than 5 rows (8.360 um)
	from legal locations:
  Cell: u_main_controller_top/u_main_controller/u_sr_d512x72f116_MMS2_wrap/u_sr_d512x72f116_MMS2_bist/bist_2nd_reg (SDFFARX1_HVT)
    Input Location: (141.922 816.199)
    Legal Location: (141.456 782.136)
    Displacement to legal location: 34.066 um (20.37 rows)
    Optimization Step: unknown
  Cell: u_main_controller_top/u_main_controller/u_sr_d512x72f116_MMS2_wrap/u_sr_d512x72f116_MMS2_bist/bist_3rd_reg (SDFFARX1_HVT)
    Input Location: (141.760 812.387)
    Legal Location: (141.456 782.136)
    Displacement to legal location: 30.252 um (18.09 rows)
    Optimization Step: unknown
  Cell: u_main_controller_top/u_main_controller/u_sr_d512x72f116_MMS2_wrap/u_sr_d512x72f116_MMS2_bist/current_state_reg[1] (SDFFARX1_HVT)
    Input Location: (142.429 753.630)
    Legal Location: (141.456 778.792)
    Displacement to legal location: 25.181 um (15.06 rows)
    Optimization Step: unknown
  Cell: u_main_controller_top/u_main_controller/u_sr_d512x72f116_MMS2_wrap/u_sr_d512x72f116_MMS2_bist/bist_en_d2_reg (SDFFARX1_HVT)
    Input Location: (141.922 757.566)
    Legal Location: (141.456 778.792)
    Displacement to legal location: 21.231 um (12.70 rows)
    Optimization Step: unknown
  Cell: u_main_controller_top/u_main_controller/u_sr_d512x72f116_MMS2_wrap/u_sr_d512x72f116_MMS2_bist/bist_req_reg (SDFFARX1_HVT)
    Input Location: (142.355 764.257)
    Legal Location: (141.456 778.792)
    Displacement to legal location: 14.563 um (8.71 rows)
    Optimization Step: unknown
Warning: Exclusive bound 'DEFAULT' has no cells.
Optimizing Exclusive Bound 'DEFAULT_VA' (2/2)

Warning: Found cells with large displacements during legalization. If the
    cells with large displacements are timing critical these displacements
    may cause problems. Please see the following plots for details.

    The 'max_displacements' plot shows the design with blockages in green
    and the legalized cells with the largest displacements drawn
    with red displacement vectors.

    The 'colored_displacements' plot shows the design with blockages in green
    and with placed cells colored according to their displacements.
    The mapping of colors to displacements can be seen in the
    legend in the lower right.

    Done Exclusive Bound 'DEFAULT_VA' (2/2) (10 sec)

Warning: Found cells with large displacements during legalization. If the
    cells with large displacements are timing critical these displacements
    may cause problems. Please see the following plots for details.

    The 'max_displacements' plot shows the design with blockages in green
    and the legalized cells with the largest displacements drawn
    with red displacement vectors.

    The 'colored_displacements' plot shows the design with blockages in green
    and with placed cells colored according to their displacements.
    The mapping of colors to displacements can be seen in the
    legend in the lower right.

Writing GIF plot to file './legalizer_debug_plots/fsc_top_SITE_unit.002-0001-max_displacements.gif'.
Writing GIF plot to file './legalizer_debug_plots/fsc_top_SITE_unit.002-0002-colored_displacements.gif'.
Legalization complete (14 total sec)

****************************************
  Report : Placement Attempts
  Site   : unit
****************************************

number of cells:                  41474
number of references:               135
number of site rows:                552
number of locations attempted:  2672069
number of locations failed:     1400334  (52.4%)

Legality of references at locations:
113 references had failures.

Worst 10 references by total failures:
 CELLS       UNFLIPPED                       FLIPPED                REFERENCE NAME
         ATTEMPTS  FAILURES            ATTEMPTS  FAILURES           
  8325     365233    259448 ( 71.0%)     342960    240418 ( 70.1%)  SDFFARX1_HVT
  1537     109811     50969 ( 46.4%)      83805     49962 ( 59.6%)  AO221X1_HVT
  2523     111234     43566 ( 39.2%)      77922     42073 ( 54.0%)  AO22X1_HVT
  1033      66794     33358 ( 49.9%)      52187     32627 ( 62.5%)  AO222X1_HVT
  1562      72780     24688 ( 33.9%)      47221     23312 ( 49.4%)  AND2X1_HVT
   423      29954     21634 ( 72.2%)      27553     19725 ( 71.6%)  SDFFARX2_HVT
   686      41799     20934 ( 50.1%)      32692     20230 ( 61.9%)  OA221X1_HVT
  1081      38970     19574 ( 50.2%)      33191     16591 ( 50.0%)  DFFARX1_HVT
  1357      66841     15005 ( 22.4%)      36868     13369 ( 36.3%)  INVX0_HVT
   308      21981     14473 ( 65.8%)      19835     13353 ( 67.3%)  SDFFASX1_HVT

Worst 10 references by failure rate:
 CELLS       UNFLIPPED                       FLIPPED                REFERENCE NAME
         ATTEMPTS  FAILURES            ATTEMPTS  FAILURES           
     1         16        11 ( 68.8%)         16        14 ( 87.5%)  MUX41X2_HVT
   117       8536      6498 ( 76.1%)       7993      6318 ( 79.0%)  MUX41X1_HVT
   423      29954     21634 ( 72.2%)      27553     19725 ( 71.6%)  SDFFARX2_HVT
  8325     365233    259448 ( 71.0%)     342960    240418 ( 70.1%)  SDFFARX1_HVT
    18       1158       796 ( 68.7%)       1046       736 ( 70.4%)  SDFFASX2_HVT
   308      21981     14473 ( 65.8%)      19835     13353 ( 67.3%)  SDFFASX1_HVT
     1         16        11 ( 68.8%)         16         9 ( 56.2%)  NBUFFX2_RVT
    64       2938      1824 ( 62.1%)       2550      1552 ( 60.9%)  SDFFSSRX2_HVT
     5        302       171 ( 56.6%)        238       159 ( 66.8%)  MUX21X2_HVT
     8        250       142 ( 56.8%)        226       137 ( 60.6%)  FADDX2_HVT

Legality of references in rows:
0 references had row failures.

****************************************
  Report : Cell Displacements
****************************************

number of cells aggregated:       29813 (573329 total sites)
avg row height over cells:        1.672 um
rms cell displacement:            1.258 um ( 0.75 row height)
rms weighted cell displacement:   1.258 um ( 0.75 row height)
max cell displacement:           34.418 um (20.59 row height)
avg cell displacement:            0.924 um ( 0.55 row height)
avg weighted cell displacement:   0.924 um ( 0.55 row height)
number of cells moved:            29812
number of large displacements:       29
large displacement threshold:     3.000 row height

Displacements of worst 10 cells:
Cell: u_main_controller_top/u_main_controller/u_sr_d512x72f116_MMS2_wrap/u_sr_d512x72f116_MMS2_bist/bist_3rd_reg (SDFFARX1_HVT)
  Input location: (141.76,812.387)
  Legal location: (125.344,782.136)
  Displacement:  34.418 um (20.59 row height)
Cell: u_main_controller_top/u_main_controller/u_sr_d512x72f116_MMS2_wrap/u_sr_d512x72f116_MMS2_bist/bist_2nd_reg (SDFFARX1_HVT)
  Input location: (141.922,816.199)
  Legal location: (144.192,782.136)
  Displacement:  34.139 um (20.42 row height)
Cell: u_main_controller_top/u_main_controller/u_sr_d512x72f116_MMS2_wrap/u_sr_d512x72f116_MMS2_bist/current_state_reg[1] (SDFFARX1_HVT)
  Input location: (142.429,753.63)
  Legal location: (146.168,778.792)
  Displacement:  25.438 um (15.21 row height)
Cell: u_main_controller_top/u_main_controller/u_sr_d512x72f116_MMS2_wrap/u_sr_d512x72f116_MMS2_bist/bist_en_d2_reg (SDFFARX1_HVT)
  Input location: (141.922,757.566)
  Legal location: (132.336,778.792)
  Displacement:  23.290 um (13.93 row height)
Cell: u_main_controller_top/u_main_controller/u_sr_d512x72f116_MMS2_wrap/u_sr_d512x72f116_MMS2_bist/bist_addr_q_reg[5] (SDFFARX1_HVT)
  Input location: (142.965,780.464)
  Legal location: (158.48,782.136)
  Displacement:  15.605 um ( 9.33 row height)
Cell: u_main_controller_top/u_main_controller/u_sr_d512x72f116_MMS2_wrap/u_sr_d512x72f116_MMS2_bist/bist_req_reg (SDFFARX1_HVT)
  Input location: (142.355,764.257)
  Legal location: (140.696,778.792)
  Displacement:  14.629 um ( 8.75 row height)
Cell: u_main_controller_top/u_main_controller/u_sr_d512x72f116_MMS2_wrap/u_sr_d512x72f116_MMS2_bist/bist_req_q_reg (SDFFARX1_HVT)
  Input location: (143.529,790.381)
  Legal location: (132.336,782.136)
  Displacement:  13.902 um ( 8.31 row height)
Cell: u_datapath/u_input_line_buffer_control/u_input_line_buffer_r/u_sr_d1kx16_f166_wrap1/u_sr_d1kx16_f166_bist/bist_addr_reg[5] (SDFFARX1_HVT)
  Input location: (735.168,780.464)
  Legal location: (742.464,788.824)
  Displacement:  11.096 um ( 6.64 row height)
Cell: u_main_controller_top/u_main_controller/u_sr_d512x72f116_MMS2_wrap/u_sr_d512x72f116_MMS2_bist/current_state_reg[0] (SDFFARX1_HVT)
  Input location: (142.598,780.464)
  Legal location: (132.336,780.464)
  Displacement:  10.262 um ( 6.14 row height)
Cell: u_main_controller_top/u_main_controller/u_sr_d512x72f116_MMS2_wrap/u_sr_d512x72f116_MMS2_bist/bist_addr_q_reg[3] (SDFFARX1_HVT)
  Input location: (142.68,780.464)
  Legal location: (152.248,782.136)
  Displacement:   9.713 um ( 5.81 row height)

Completed Legalization, Elapsed time =   0: 0:15 
Moved 29813 out of 41504 cells, ratio = 0.718316
Total displacement = 32672.167969(um)
Max displacement = 46.667000(um), u_main_controller_top/u_main_controller/u_sr_d512x72f116_MMS2_wrap/u_sr_d512x72f116_MMS2_bist/bist_3rd_reg (147.231995, 814.059021, 2) => (125.344002, 782.135986, 0)
Displacement histogram:
  0 ~  10% cells displacement <=      0.28(um)
  0 ~  20% cells displacement <=      0.46(um)
  0 ~  30% cells displacement <=      0.62(um)
  0 ~  40% cells displacement <=      0.77(um)
  0 ~  50% cells displacement <=      0.91(um)
  0 ~  60% cells displacement <=      1.10(um)
  0 ~  70% cells displacement <=      1.32(um)
  0 ~  80% cells displacement <=      1.62(um)
  0 ~  90% cells displacement <=      2.09(um)
  0 ~ 100% cells displacement <=     46.67(um)
Legalization succeeded.
----------------------------------------------------------------
Information: The stitching and editing of coupling caps is turned OFF for design 'fsc_top_compile.nlib:fsc_top.design'. (TIM-125)
Information: Orientation ETCH is using reference direction: VERTICAL. (NEX-032)
Compile-fusion optimization summary            SETUP-COST    R2R-COST HOLD-COST LDRC-COST          AREA     LEAKAGE     INSTCNT            ELAPSE       MEM
Compile-fusion                                       0.00        0.00      0.00       134     530293.44  2708749312.00       29843              0.08      2100
Information: Ending   compile_fusion / final_place / Timing and Congestion Driven Placement with Legalization (FLW-8001)
Information: Time: 2026-07-01 14:32:24 / Session:  00:04:50 / Command:  00:03:41 / CPU:  00:09:14 / Memory: 2100 MB (FLW-8100)
Information: CPU Load: 1%, Ram Free: 158 GB, Swap Free: 13 GB, Work Disk Free: 5929 GB, Tmp Disk Free: 70 GB (MSG-3995)


Compile-fusion optimization complete                 0.00        0.00      0.00       134     530293.44  2708754688.00       29843              0.08      2100
Co-efficient Ratio Summary:
4.193421605155  6.578038173730  2.479639287277  7.744187540401  0.485050000353  3.179565833784  5.567214754587  2.894456387461  6.565921285999  9.017959705874  560.491281693398  6.395845428810  7.814269508527  4.420030312383  1.811615090796
9.922502608324  6.462395006413  8.237022122693  8.718402961931  4.242940666909  6.875278996466  1.318072329441  4.657871322478  7.635891889357  9.113532569609  887.375611542700  1.436323356590  4.502517503750  2.060737897663  4.588577596212
2.011679507759  6.784739677862  2.430567170402  3.879771500032  8.450958970596  1.115123714701  2.873968927205  1.355123698278  3.513982659219  7.251921173334  686.432445186760  9.783517250039  4.387237066981  9.999967959148  7.347132363210
6.393266767907  8.063326983131  4.288630187880  5.817928323007  2.343539122627  0.037326705045  0.494780240392  8.173631613985  2.544054410021  0.066123627471  028.739476907466  5.359375581438  0.884952568572  5.367054991334  1.826409690279
2.637726098236  5.283406261425  3.867463816766  5.291991874740  2.249505136567  9.662150275706  1.856261198134  4.610361814723  1.210715816753  6.577687360418  491.843415762469  7.515060060037  1.195805460867  3.380867888682  3.459527058902
4.093368484394  9.944897111549  0.206860149244  4.522000104051  6.919095345907  6.892197041709  5.120915900067  4.435466092308  4.268142690055  8.834610693265  494.698377579456  7.303406313295  1.160155901288  8.717550771851  0.993001870837
3.361785277268  3.894677263765  2.116996953270  7.452994665626  2.309097940979  5.558072613699  3.113139776351  0.072173262525  4.751594726738  0.064995620937  380.945778235135  8.168115905345  8.269282133424  3.493049324350  2.162214783179

Compile-fusion final QoR
________________________
Scenario Mapping Table
1: ss0p95v125c.func

Pathgroup Mapping Table
1: **default**
2: **async_default**
3: **clock_gating_default**
4: **in2reg_default**
5: **reg2out_default**
6: **in2out_default**
7: pll1_clk_in
8: pll2_clk_in
9: pixel_clk
10: system_clk
11: comp_clk
12: i2c_scl
13: system_clk_div2
14: pll2_clk_div2
15: panel_clk_inv_gate
16: panel_clk_dly
17: panel_clk_gate
18: system_clk_int
19: flash_clk_gate
20: i2c_clk
21: sdram_clk_gate
22: sdram_clk
23: pixel_comp_clk_pix

-------------------------------------------------------------------------------------------------------------------------------------------------------------
PATHGROUP QOR 
-------------------------------------------------------------------------------------------------------------------------------------------------------------
Scene  PG      WNS        TNS    NSV      WHV        THV    NHV
    1   1   0.0000     0.0000      0        -          -      -
    1   2   0.0000     0.0000      0        -          -      -
    1   3   0.0000     0.0000      0        -          -      -
    1   4   0.0000     0.0000      0        -          -      -
    1   5   0.0000     0.0000      0        -          -      -
    1   6   0.0000     0.0000      0        -          -      -
    1   7   0.0000     0.0000      0        -          -      -
    1   8   0.0000     0.0000      0        -          -      -
    1   9   0.0000     0.0000      0        -          -      -
    1  10   0.0000     0.0000      0        -          -      -
    1  11   0.0000     0.0000      0        -          -      -
    1  12   0.0000     0.0000      0        -          -      -
    1  13   0.0000     0.0000      0        -          -      -
    1  14   0.0000     0.0000      0        -          -      -
    1  15   0.0000     0.0000      0        -          -      -
    1  16   0.0000     0.0000      0        -          -      -
    1  17   0.0000     0.0000      0        -          -      -
    1  18   0.0000     0.0000      0        -          -      -
    1  19   0.0000     0.0000      0        -          -      -
    1  20   0.0000     0.0000      0        -          -      -
    1  21   0.0000     0.0000      0        -          -      -
    1  22   0.0000     0.0000      0        -          -      -
    1  23   0.0000     0.0000      0        -          -      -
----------------------------------------------------------------------------------------------------------------------------------------------------------------------
SCENARIO QOR 
----------------------------------------------------------------------------------------------------------------------------------------------------------------------
Scene  PG      WNS        TNS   R2RTNS    NSV      WHV        THV    NHV  MaxTrnV   MaxTranC  MaxCapV    Leakage
    1   *   0.0000     0.0000   0.0000      0        -          -      -       33     0.8508      634 2708754688
----------------------------------------------------------------------------------------------------------------------------------------------------------------------
DESIGN QOR 
----------------------------------------------------------------------------------------------------------------------------------------------------------------------
Scene  PG      WNS        TNS   R2RTNS    NSV      WHV        THV    NHV  MaxTrnV   MaxTranC  MaxCapV    Leakage         Area    InstCnt     BufCnt     InvCnt
    *   *   0.0000     0.0000   0.0000      0   0.0000     0.0000      0       33     0.8508      634 2708754688    530293.44      29843       2174       1556
----------------------------------------------------------------------------------------------------------------------------------------------------------------------

Compile-fusion final QoR Summary         WNS        TNS   R2RTNS    NSV      WHV        THV    NHV  MaxTrnV  MaxCapV    Leakage         Area    InstCnt
Compile-fusion final QoR Summary      0.0000     0.0000   0.0000      0   0.0000     0.0000      0       33      634 2708754688    530293.44      29843

Compile-fusion command complete                CPU:   574 s (  0.16 hr )  ELAPSE:   292 s (  0.08 hr )  MEM-PEAK:  2100 MB
Compile-fusion command statistics  CPU=92 sec (0.03 hr) ELAPSED=48 sec (0.01 hr) MEM-PEAK=2.051 GB

Information: Ending   compile_fusion / final_place (FLW-8001)
Information: Time: 2026-07-01 14:32:26 / Session:  00:04:51 / Command:  00:03:43 / CPU:  00:09:18 / Memory: 2100 MB (FLW-8100)
Information: CPU Load: 1%, Ram Free: 158 GB, Swap Free: 13 GB, Work Disk Free: 5929 GB, Tmp Disk Free: 70 GB (MSG-3995)

Information: >>>>>>> 8 unique error and warning message tags while observing compile_fusion / final_place: (MSG-3100)
Information: #prnt #trgr #lmt    Tag  Level     Format (or last printed message)                                (MSG-3036)
Information:     2     1  0 ZRT-511   WARNING   Warning: Cell contains tie connections which are not connect... (MSG-3032)
Information:     2     1  0 ZRT-022   WARNING   Warning: Cannot find a default contact code for layer CO. (Z... (MSG-3032)
Information:   164    21 10 POW-034   WARNING   Warning: No valid clocks available in mode 'test'. Setting c... (MSG-3032)
Information:     1     1  0 PLACE-029 WARNING   Warning: There is insufficient area available to achieve the... (MSG-3032)
Information:   120    19  0 ZRT-763   WARNING   Warning: Cell u_datapath/u_input_line_buffer_control/u_input... (MSG-3032)
Information:    10     2  0 OPT-070   WARNING   Warning: Cannot find any default max transition constraint o... (MSG-3032)
Information:     2     2  0 PDC-003   WARNING   Warning: Routing direction of metal layer PO is neither "hor... (MSG-3032)
Information:    30     2  0 OPT-902   WARNING   Warning: No clock routing rules were specified. Use set_cloc... (MSG-3032)
Information:   331    49  1        8  <------   Total sum of messages (MSG-3038)
Information: >>>>>>> Summary: 49 error&warning MSGs observed during compile_fusion / final_place (MSG-3103)


----------------------------------------------------------------------------------------------------------
Information: Starting compile_fusion / final_opto (FLW-8000)
Information: Time: 2026-07-01 14:32:26 / Session:  00:04:51 / Command:  00:03:43 / CPU:  00:09:18 / Memory: 2100 MB (FLW-8100)
Information: CPU Load: 1%, Ram Free: 158 GB, Swap Free: 13 GB, Work Disk Free: 5929 GB, Tmp Disk Free: 70 GB (MSG-3995)
----------------------------------------------------------------------------------------------------------

Information: The net parasitics of block fsc_top are cleared. (TIM-123)
Information: The stitching and editing of coupling caps is turned OFF for design 'fsc_top_compile.nlib:fsc_top.design'. (TIM-125)
Information: Orientation ETCH is using reference direction: VERTICAL. (NEX-032)
Number of Site types in the design = 1
Warning: No valid clocks available in mode 'test'. Setting clock frequency to 1 GHz. (POW-034)
Setting up Chip Core
Chip Core shape: (8000 8000) (932008 930944)
Number of VARs = 1
Number of unique PDs = 1
Number of Power Domains = 1
Number of Voltage Areas = 1
Number of supply Nets = 2
Number of used supplies = 0
Blocked VAs: 

Information: Starting compile_fusion / final_opto / Optimization (1) (FLW-8000)
Information: Time: 2026-07-01 14:32:27 / Session:  00:04:52 / Command:  00:03:44 / CPU:  00:09:21 / Memory: 2100 MB (FLW-8100)
Information: CPU Load: 1%, Ram Free: 158 GB, Swap Free: 13 GB, Work Disk Free: 5929 GB, Tmp Disk Free: 70 GB (MSG-3995)

Warning: Cannot find any default max transition constraint on the design. (OPT-070)
Info: update em.

Compile-fusion timing update complete          CPU:   578 s (  0.16 hr )  ELAPSE:   293 s (  0.08 hr )  MEM-PEAK:  2100 MB

Compile-fusion initial QoR
__________________________
Scenario Mapping Table
1: ss0p95v125c.func

Pathgroup Mapping Table
1: **default**
2: **async_default**
3: **clock_gating_default**
4: **in2reg_default**
5: **reg2out_default**
6: **in2out_default**
7: pll1_clk_in
8: pll2_clk_in
9: pixel_clk
10: system_clk
11: comp_clk
12: i2c_scl
13: system_clk_div2
14: pll2_clk_div2
15: panel_clk_inv_gate
16: panel_clk_dly
17: panel_clk_gate
18: system_clk_int
19: flash_clk_gate
20: i2c_clk
21: sdram_clk_gate
22: sdram_clk
23: pixel_comp_clk_pix

-------------------------------------------------------------------------------------------------------------------------------------------------------------
PATHGROUP QOR 
-------------------------------------------------------------------------------------------------------------------------------------------------------------
Scene  PG      WNS        TNS    NSV      WHV        THV    NHV
    1   1   0.0000     0.0000      0        -          -      -
    1   2   0.0000     0.0000      0        -          -      -
    1   3   0.0000     0.0000      0        -          -      -
    1   4   0.0000     0.0000      0        -          -      -
    1   5   0.0000     0.0000      0        -          -      -
    1   6   0.0000     0.0000      0        -          -      -
    1   7   0.0000     0.0000      0        -          -      -
    1   8   0.0000     0.0000      0        -          -      -
    1   9   0.0000     0.0000      0        -          -      -
    1  10   0.0000     0.0000      0        -          -      -
    1  11   0.0000     0.0000      0        -          -      -
    1  12   0.0000     0.0000      0        -          -      -
    1  13   0.0000     0.0000      0        -          -      -
    1  14   0.0000     0.0000      0        -          -      -
    1  15   0.0000     0.0000      0        -          -      -
    1  16   0.0000     0.0000      0        -          -      -
    1  17   0.0000     0.0000      0        -          -      -
    1  18   0.0000     0.0000      0        -          -      -
    1  19   0.0000     0.0000      0        -          -      -
    1  20   0.0000     0.0000      0        -          -      -
    1  21   0.0000     0.0000      0        -          -      -
    1  22   0.0000     0.0000      0        -          -      -
    1  23   0.0000     0.0000      0        -          -      -
----------------------------------------------------------------------------------------------------------------------------------------------------------------------
SCENARIO QOR 
----------------------------------------------------------------------------------------------------------------------------------------------------------------------
Scene  PG      WNS        TNS   R2RTNS    NSV      WHV        THV    NHV  MaxTrnV   MaxTranC  MaxCapV    Leakage
    1   *   0.0000     0.0000   0.0000      0        -          -      -       33     0.8508      634 2708754688
----------------------------------------------------------------------------------------------------------------------------------------------------------------------
DESIGN QOR 
----------------------------------------------------------------------------------------------------------------------------------------------------------------------
Scene  PG      WNS        TNS   R2RTNS    NSV      WHV        THV    NHV  MaxTrnV   MaxTranC  MaxCapV    Leakage         Area    InstCnt     BufCnt     InvCnt
    *   *   0.0000     0.0000   0.0000      0   0.0000     0.0000      0       33     0.8508      634 2708754688    530293.44      29843       2174       1556
----------------------------------------------------------------------------------------------------------------------------------------------------------------------

Compile-fusion initial QoR Summary       WNS        TNS   R2RTNS    NSV      WHV        THV    NHV  MaxTrnV  MaxCapV    Leakage         Area    InstCnt
Compile-fusion initial QoR Summary    0.0000     0.0000   0.0000      0   0.0000     0.0000      0       33      634 2708754688    530293.44      29843
Information: The netlist change observers are disabled for incremental extraction. (TIM-126)
Warning: No valid clocks available in mode 'test'. Setting clock frequency to 1 GHz. (POW-034)
INFO: using 8 threads
Warning: No valid clocks available in mode 'test'. Setting clock frequency to 1 GHz. (POW-034)
Warning: No valid clocks available in mode 'test'. Setting clock frequency to 1 GHz. (POW-034)
Warning: No valid clocks available in mode 'test'. Setting clock frequency to 1 GHz. (POW-034)
Warning: No valid clocks available in mode 'test'. Setting clock frequency to 1 GHz. (POW-034)
Information: Orientation ETCH is using reference direction: VERTICAL. (NEX-032)
Compile-fusion initialization complete         CPU:   582 s (  0.16 hr )  ELAPSE:   293 s (  0.08 hr )  MEM-PEAK:  2100 MB
Compile-fusion optimization summary            SETUP-COST    R2R-COST HOLD-COST LDRC-COST          AREA     LEAKAGE     INSTCNT            ELAPSE       MEM
Warning: Cannot find any default max transition constraint on the design. (OPT-070)
Information: The netlist change observers are enabled for incremental extraction. (TIM-127)

Information: Initializing classic cellmap without advanced rules enabled and without PDC enabled
Information: The following app options are used in cellmap
        place.legalize.enable_color_aware_placement : false
        place.legalize.use_nll_query_cm : false
        place.legalize.enable_advanced_legalizer : false
        place.legalize.enable_prerouted_net_check : true
        place.legalize.enable_advanced_prerouted_net_check : false
        place.legalize.always_continue : true
        place.legalize.limit_legality_checks : false
        place.common.pnet_aware_density : 1.0000
        place.common.pnet_aware_min_width : 0.0000
        place.common.pnet_aware_layers : {}
        place.common.use_placement_model : false
        place.common.enable_advanced_placement_model : true
        cts.placement.cell_spacing_rule_style : maximum
Total 0.1235 seconds to build cellmap data
INFO: creating 188(r) x 188(c) GridCells YDim 5.016 XDim 5.016
INFO: number of GridCells (fsc_top): 35344
INFO: creating 188(r) x 188(c) GridCells YDim 5.016 XDim 5.016
INFO: number of GridCells (fsc_top): 35344
Total 0.2517 seconds to load 41474 cell instances into cellmap
Moveable cells: 29813; Application fixed cells: 0; Macro cells: 0; User fixed cells: 11661
Average cell width 2.9231, cell height 1.6720, cell area 4.8874 for total 29813 placed and application fixed cells
Compile-fusion optimization Phase 18 Iter  1         0.00        0.00      0.00       667     530293.44  2708754688.00       29843              0.08      2100
Isolated 0 ports, skipped 0 ports
Already Isolated 0 ports, Deleted 0 existing Isolation cells 

Compile-fusion optimization Phase 19 Iter  1         0.00        0.00      0.00       667     530293.44  2708754688.00       29843              0.08      2100
Warning: No valid clocks available in mode 'test'. Setting clock frequency to 1 GHz. (POW-034)
Corner Scaling is off, multiplier is 1.000000
Warning: No valid clocks available in mode 'test'. Setting clock frequency to 1 GHz. (POW-034)
Corner Scaling is off, multiplier is 1.000000
Warning: No valid clocks available in mode 'test'. Setting clock frequency to 1 GHz. (POW-034)
Warning: No valid clocks available in mode 'test'. Setting clock frequency to 1 GHz. (POW-034)
Information: Using default layer M4 (OPT-079)
Warning: No valid clocks available in mode 'test'. Setting clock frequency to 1 GHz. (POW-034)
bmap: stepx = stepy = 18801
creating bmap
DB units per micron : 1000
INFO: New Levelizer turned on
Warning: No valid clocks available in mode 'test'. Setting clock frequency to 1 GHz. (POW-034)
Compile-fusion optimization Phase 19 Iter  2         0.00        0.00      0.00       667     530293.44  2708754688.00       29843              0.08      2100
Warning: No valid clocks available in mode 'test'. Setting clock frequency to 1 GHz. (POW-034)
Warning: No valid clocks available in mode 'test'. Setting clock frequency to 1 GHz. (POW-034)
Warning: No valid clocks available in mode 'test'. Setting clock frequency to 1 GHz. (POW-034)
Warning: No valid clocks available in mode 'test'. Setting clock frequency to 1 GHz. (POW-034)
Compile-fusion optimization Phase 19 Iter  3         0.00        0.00      0.00       175     531240.12  3146470656.00       29843              0.08      2100
Information: 13 out of 23 POW-034 messages were not printed due to limit 10 (after 'compile_fusion' at run_all_hier.tcl:48) (MSG-3913)

Convert timing mode ...
Warning: No valid clocks available in mode 'test'. Setting clock frequency to 1 GHz. (POW-034)
Compile-fusion optimization Phase 20 Iter  1         0.00        0.00      0.00       174     531240.12  3146470656.00       30127              0.08      2100
Number of Site types in the design = 1
INFO: Skipping activation of hold scenarios prior to CUS.
CCD app option: ccd.targeted_ccd_path_groups:  **clock_gating_default**
Target path group: scenario ss0p95v125c.func pathgroup **clock_gating_default**
Information: CCD will use corner ss0p95v125c for honoring max prepone/postpone limits
Uskew Characterizer: corner: ss0p95v125c, scalingFactor: 1.000
@ CG solver holdWeight = 0.500000
@ CG solver setupWeight = 1.000000
@ CG solver delayCostWeight = 5.000000
@ CG solver zeroDirWeight = 5.000000
@ CG solver wnsWeight = 400.000000
Information: Skip i2c_scl, reason 'pin is not in the balance portion of the clock tree'. (CCD-001)
Information: Skip pll2_clk_div2_reg/CLK, reason 'pin is not in the balance portion of the clock tree'. (CCD-001)
Information: Skip u_clk_gen/u_clock_gen/CDIBUF_12_f_17427/A, reason 'pin is not in the balance portion of the clock tree'. (CCD-001)
Information: Skip sdr_clk, reason 'pin is not in the balance portion of the clock tree'. (CCD-001)
Information: Skip CDIBUF_6_f_27379/A, reason 'pin is not in the balance portion of the clock tree'. (CCD-001)
Information: Skip CDIBUF_6_f_17426/A, reason 'pin is not in the balance portion of the clock tree'. (CCD-001)
Information: Skip ctmi_833/A2, reason 'pin is not in the balance portion of the clock tree'. (CCD-001)
Information: Skip u_clk_gen/CDIBUF_6_f_17429/A, reason 'pin is not in the balance portion of the clock tree'. (CCD-001)
Information: Skip panel_clk, reason 'pin is not in the balance portion of the clock tree'. (CCD-001)
Information: Skip u_clk_gen/u_clock_gen/CDIBUF_6_f_27374/A, reason 'pin is not in the balance portion of the clock tree'. (CCD-001)
Information: There were 25 objects skipped by CCD due to the reason 'pin is not in the balance portion of the clock tree'. (CCD-002)
Warning: No valid clocks available in mode 'test'. Setting clock frequency to 1 GHz. (POW-034)

Summary of messages during CTS:
===============================================================
  Tag   Count  Type           Description
---------------------------------------------------------------
CTS-038    1  Warning  No clock routing rule is specified.
Information: Orientation ETCH is using reference direction: VERTICAL. (NEX-032)
Information: Orientation ETCH is using reference direction: VERTICAL. (NEX-032)
Information: Orientation ETCH is using reference direction: VERTICAL. (NEX-032)
Information: Orientation ETCH is using reference direction: VERTICAL. (NEX-032)
Information: Orientation ETCH is using reference direction: VERTICAL. (NEX-032)
Information: Orientation ETCH is using reference direction: VERTICAL. (NEX-032)
Information: Orientation ETCH is using reference direction: VERTICAL. (NEX-032)
Information: Orientation ETCH is using reference direction: VERTICAL. (NEX-032)
Information: Orientation ETCH is using reference direction: VERTICAL. (NEX-032)
Information: Orientation ETCH is using reference direction: VERTICAL. (NEX-032)
Information: Orientation ETCH is using reference direction: VERTICAL. (NEX-032)
Information: Orientation ETCH is using reference direction: VERTICAL. (NEX-032)
Information: Orientation ETCH is using reference direction: VERTICAL. (NEX-032)
Information: Orientation ETCH is using reference direction: VERTICAL. (NEX-032)
Information: Orientation ETCH is using reference direction: VERTICAL. (NEX-032)
Warning: No clock routing rules were specified. Use set_clock_routing_rules to specify routing rules for accurate clock latency estimation. (OPT-902)
Warning: No clock routing rules were specified. Use set_clock_routing_rules to specify routing rules for accurate clock latency estimation. (OPT-902)
Information: Estimating clock gate latencies for scenario 'ss0p95v125c.func'. (OPT-909)
Information: Orientation ETCH is using reference direction: VERTICAL. (NEX-032)
Information: Orientation ETCH is using reference direction: VERTICAL. (NEX-032)
INFO: Skipping deactivation of hold scenarios after CUS.
Number of Site types in the design = 1
Compile-fusion optimization Phase 20 Iter  2         0.00        0.00      0.00       174     531240.12  3146470656.00       30127              0.08      2100
Compile-fusion optimization Phase 20 Iter  3         0.00        0.00      0.00       174     531240.12  3146470656.00       30127              0.08      2100
Compile-fusion optimization Phase 20 Iter  4         0.00        0.00      0.00       174     531240.12  3146470656.00       30127              0.08      2100
Compile-fusion optimization Phase 20 Iter  5         0.00        0.00      0.00       174     531240.12  3146470656.00       30127              0.08      2100
Number of Site types in the design = 1
INFO: Skipping activation of hold scenarios prior to CUS.
CCD app option: ccd.targeted_ccd_path_groups:  **clock_gating_default**
Target path group: scenario ss0p95v125c.func pathgroup **clock_gating_default**
Information: CCD will use corner ss0p95v125c for honoring max prepone/postpone limits
Uskew Characterizer: corner: ss0p95v125c, scalingFactor: 1.000
@ CG solver holdWeight = 0.500000
@ CG solver setupWeight = 1.000000
@ CG solver delayCostWeight = 5.000000
@ CG solver zeroDirWeight = 5.000000
@ CG solver wnsWeight = 400.000000
Information: There were 25 objects skipped by CCD due to the reason 'pin is not in the balance portion of the clock tree'. (CCD-002)
Warning: No valid clocks available in mode 'test'. Setting clock frequency to 1 GHz. (POW-034)

Summary of messages during CTS:
===============================================================
  Tag   Count  Type           Description
---------------------------------------------------------------
CTS-038    1  Warning  No clock routing rule is specified.
Information: Orientation ETCH is using reference direction: VERTICAL. (NEX-032)
Information: Orientation ETCH is using reference direction: VERTICAL. (NEX-032)
Information: Orientation ETCH is using reference direction: VERTICAL. (NEX-032)
Information: Orientation ETCH is using reference direction: VERTICAL. (NEX-032)
Information: Orientation ETCH is using reference direction: VERTICAL. (NEX-032)
Information: Orientation ETCH is using reference direction: VERTICAL. (NEX-032)
Information: Orientation ETCH is using reference direction: VERTICAL. (NEX-032)
Information: Orientation ETCH is using reference direction: VERTICAL. (NEX-032)
Information: Orientation ETCH is using reference direction: VERTICAL. (NEX-032)
Information: Orientation ETCH is using reference direction: VERTICAL. (NEX-032)
Information: Orientation ETCH is using reference direction: VERTICAL. (NEX-032)
Information: Orientation ETCH is using reference direction: VERTICAL. (NEX-032)
Information: Orientation ETCH is using reference direction: VERTICAL. (NEX-032)
Information: Orientation ETCH is using reference direction: VERTICAL. (NEX-032)
Information: Orientation ETCH is using reference direction: VERTICAL. (NEX-032)
Warning: No clock routing rules were specified. Use set_clock_routing_rules to specify routing rules for accurate clock latency estimation. (OPT-902)
Warning: No clock routing rules were specified. Use set_clock_routing_rules to specify routing rules for accurate clock latency estimation. (OPT-902)
Information: Estimating clock gate latencies for scenario 'ss0p95v125c.func'. (OPT-909)
Information: Orientation ETCH is using reference direction: VERTICAL. (NEX-032)
Information: Orientation ETCH is using reference direction: VERTICAL. (NEX-032)
INFO: Skipping deactivation of hold scenarios after CUS.
Number of Site types in the design = 1
Compile-fusion optimization Phase 20 Iter  6         0.00        0.00      0.00       174     531240.12  3146470656.00       30127              0.08      2100
Warning: No valid clocks available in mode 'test'. Setting clock frequency to 1 GHz. (POW-034)
Corner Scaling is off, multiplier is 1.000000
Warning: No valid clocks available in mode 'test'. Setting clock frequency to 1 GHz. (POW-034)
Warning: No valid clocks available in mode 'test'. Setting clock frequency to 1 GHz. (POW-034)
Information: Using default layer M4 (OPT-079)
Warning: No valid clocks available in mode 'test'. Setting clock frequency to 1 GHz. (POW-034)
bmap: stepx = stepy = 18801
creating bmap
DB units per micron : 1000
Compile-fusion optimization Phase 20 Iter  7         0.00        0.00      0.00       174     531240.12  3146470656.00       30127              0.08      2100
Warning: No valid clocks available in mode 'test'. Setting clock frequency to 1 GHz. (POW-034)
Compile-fusion optimization Phase 20 Iter  8         0.00        0.00      0.00       174     531240.12  3146470656.00       30127              0.08      2100
Compile-fusion optimization summary            SETUP-COST    R2R-COST HOLD-COST LDRC-COST          AREA     LEAKAGE     INSTCNT            ELAPSE       MEM
Compile-fusion optimization Phase 20 Iter  9         0.00        0.00      0.00       174     531240.12  3146470656.00       30127              0.08      2100
Compile-fusion optimization Phase 20 Iter 10         0.00        0.00      0.00       174     531240.12  3146470656.00       30127              0.08      2100
Compile-fusion optimization Phase 20 Iter 11         0.00        0.00      0.00       174     531240.12  3146470656.00       30127              0.08      2100
Information: 40 out of 50 CCD-001 messages were not printed due to limit 10 (after 'compile_fusion' at run_all_hier.tcl:48) (MSG-3913)

Compile-fusion optimization Phase 21 Iter  1         0.00        0.00      0.00       174     531240.12  3146470656.00       30127              0.08      2100

Convert timing mode ...
Compile-fusion optimization Phase 22 Iter  1         0.00        0.00      0.00       174     531237.56  2701658368.00       30127              0.08      2100

Disable clock slack update for ideal clocks
Compile-fusion optimization Phase 23 Iter  1         0.00        0.00      0.00       174     531237.56  2701658368.00       30127              0.08      2100
INFO: cellmap features:  adv-rules=(N), pdc=(N), clock-rules=(Y)

Compile-fusion optimization Phase 24 Iter  1         0.00        0.00      0.00       174     531237.56  2701658368.00       30127              0.08      2100
Convert timing mode ...
INFO: New Levelizer turned on

Compile-fusion optimization Phase 25 Iter  1         0.00        0.00      0.00       174     531237.56  2701658368.00       30127              0.08      2100

Compile-fusion optimization Phase 26 Iter  1         0.00        0.00      0.00       174     530659.88  2640717312.00       29891              0.09      2100
INFO: New Levelizer turned on
Compile-fusion optimization Phase 26 Iter  2         0.00        0.00      0.00       174     530349.31  2546261760.00       29891              0.09      2100
INFO: New Levelizer turned on

Disable clock slack update for ideal clocks
Compile-fusion optimization Phase 27 Iter  1         0.00        0.00      0.00       174     530326.44  2545195264.00       29891              0.09      2100
INFO: cellmap features:  adv-rules=(N), pdc=(N), clock-rules=(Y)

Compile-fusion optimization Phase 28 Iter  1         0.00        0.00      0.00       174     530280.69  2540911104.00       29891              0.09      2100
INFO: New Levelizer turned on
[ISR-TRACE] Potential Bucket: Pass 1  Index 0  #Total-cands    317 ( 1.68%) SumPotEst 0.07209311 (34.52%) 
[ISR-TRACE] Potential Bucket: Pass 1  Index 1  #Total-cands   1092 ( 5.78%) SumPotEst 0.09485695 (45.42%) 
[ISR-TRACE] Potential Bucket: Pass 1  Index 2  #Total-cands  17478 (92.54%) SumPotEst 0.04189628 (20.06%) 
[ISR-TRACE] Pass 1  Bucket 1  #Batches   43  #Initial-Cands    317  #PostFilter-Cands    317  #Comitted  159 (50.16%)
[ISR-TRACE] Pass 1  Bucket 2  #Batches   72  #Initial-Cands   1092  #PostFilter-Cands   1092  #Comitted   10 ( 0.92%)
[ISR-TRACE] Pass 1  Bucket 3  #Batches   67  #Initial-Cands  17478  #PostFilter-Cands   1237  #Comitted    4 ( 0.32%)  #isDownsizable-filter 15898  #lowRoi-filter   343
[ISR-TRACE] Pass 1    Filter stats     #static   #dynamic
[ISR-TRACE]            bufrem-filter       0 |      0 
[ISR-TRACE]          holdviol-filter       0 |      0 
[ISR-TRACE]     isDownsizable-filter       0 |  15898 
[ISR-TRACE]            lowRoi-filter       0 |    343 
[ISR-TRACE]         ok-driver-filter   21459 |      0 
[ISR-TRACE]             slack-filter       0 |      0 


Disable clock slack update for ideal clocks
INFO:  SEQ DEL WNS is protecting TNS
INFO:  SEQ DEL WNS is protecting TNS
Compile-fusion optimization Phase 29 Iter  1         0.00        0.00      0.00       174     530280.44  2503928064.00       29891              0.09      2100
INFO: cellmap features:  adv-rules=(N), pdc=(N), clock-rules=(Y)

Convert timing mode ...
Compile-fusion optimization Phase 30 Iter  1         0.00        0.00      0.00       174     530280.44  2503928064.00       29891              0.09      2100

Compile-fusion optimization Phase 31 Iter  1         0.00        0.00      0.00       174     530280.44  2503928064.00       29891              0.09      2100
Warning: No tie cell is available for constant fixing. (OPT-200)

Compile-fusion optimization Phase 32 Iter  1         0.00        0.00      0.00       174     530280.44  2503928064.00       29891              0.09      2100

Compile-fusion optimization Phase 33 Iter  1         0.00        0.00      0.00       174     530280.44  2503928064.00       29891              0.09      2100

Compile-fusion optimization summary            SETUP-COST    R2R-COST HOLD-COST LDRC-COST          AREA     LEAKAGE     INSTCNT            ELAPSE       MEM
Compile-fusion                                       0.00        0.00      0.00       189     530280.44  2503928064.00       29891              0.09      2100
Information: Ending   compile_fusion / final_opto / Optimization (1) (FLW-8001)
Information: Time: 2026-07-01 14:32:46 / Session:  00:05:11 / Command:  00:04:03 / CPU:  00:10:31 / Memory: 2100 MB (FLW-8100)
Information: CPU Load: 2%, Ram Free: 158 GB, Swap Free: 13 GB, Work Disk Free: 5929 GB, Tmp Disk Free: 70 GB (MSG-3995)

Information: Starting compile_fusion / final_opto / Legalization (1) (FLW-8000)
Information: Time: 2026-07-01 14:32:46 / Session:  00:05:11 / Command:  00:04:03 / CPU:  00:10:32 / Memory: 2100 MB (FLW-8100)
Information: CPU Load: 2%, Ram Free: 158 GB, Swap Free: 13 GB, Work Disk Free: 5929 GB, Tmp Disk Free: 70 GB (MSG-3995)

START_FUNC : legalize_placement_pre_run_core CPU :    648 s ( 0.18 hr) ELAPSE :    311 s ( 0.09 hr) MEM-PEAK :  2100 Mb
END_FUNC : legalize_placement_pre_run_core CPU :    648 s ( 0.18 hr) ELAPSE :    311 s ( 0.09 hr) MEM-PEAK :  2100 Mb
Compile-fusion optimization Phase 36 Iter  1         0.00        0.00      0.00       189     530280.44  2503928064.00       29891              0.09      2100
nplDplc2Placer::setParam(effort,1)
nplDplc2Placer::setParam(debug,0)
nplDplc2Placer::setParam(site_check,2)
nplDplc2Placer::setParam(app_firm_wgt,0)
Warning: Routing direction of metal layer PO is neither "horizontal" nor "vertical".  PDC checks will not be performed on this layer. (PDC-003)
PDC app_options settings =========
	place.legalize.enable_prerouted_net_check: 1
	place.legalize.num_tracks_for_access_check: 1
	place.legalize.use_eol_spacing_for_access_check: 0
	place.legalize.allow_touch_track_for_access_check: 1
	place.legalize.reduce_conservatism_in_eol_check: 0
	place.legalize.preroute_shape_merge_distance: 0.0
	place.legalize.enable_non_preferred_direction_span_check: 0

Layer M1: cached 0 shapes out of 2078 total shapes.
Layer M2: cached 715 shapes out of 715 total shapes.
Cached 44850 vias out of 111303 total vias.

Legalizing Top Level Design fsc_top ... 
Information: Initializing classic cellmap without advanced rules enabled and without PDC enabled
Information: The following app options are used in cellmap
        place.legalize.enable_color_aware_placement : false
        place.legalize.use_nll_query_cm : false
        place.legalize.enable_advanced_legalizer : false
        place.legalize.enable_prerouted_net_check : true
        place.legalize.enable_advanced_prerouted_net_check : false
        place.legalize.always_continue : true
        place.legalize.limit_legality_checks : false
        place.common.pnet_aware_density : 1.0000
        place.common.pnet_aware_min_width : 0.0000
        place.common.pnet_aware_layers : {}
        place.common.use_placement_model : false
        place.common.enable_advanced_placement_model : true
        cts.placement.cell_spacing_rule_style : maximum
Total 0.1087 seconds to build cellmap data
Information: Creating classic rule checker.
Warning: Routing direction of metal layer PO is neither "horizontal" nor "vertical".  PDC checks will not be performed on this layer. (PDC-003)
=====> Processed 132 ref cells (19 fillers) from library

Bounds/Regions In This Design:
        Area    Num Cells  Exclusive Name
 (square um)
      852808        41522        Yes DEFAULT_VA

Starting legalizer.
Warning: Exclusive bound 'DEFAULT' has no cells.
Optimizing Exclusive Bound 'DEFAULT_VA' (2/2)
    Done Exclusive Bound 'DEFAULT_VA' (2/2) (3 sec)
Legalization complete (5 total sec)

****************************************
  Report : Placement Attempts
  Site   : unit
****************************************

number of cells:                  41522
number of references:               132
number of site rows:                552
number of locations attempted:   850261
number of locations failed:      432631  (50.9%)

Legality of references at locations:
110 references had failures.

Worst 10 references by total failures:
 CELLS       UNFLIPPED                       FLIPPED                REFERENCE NAME
         ATTEMPTS  FAILURES            ATTEMPTS  FAILURES           
  8365     143899    103811 ( 72.1%)     129192     90412 ( 70.0%)  SDFFARX1_HVT
  2557      38899     14333 ( 36.8%)      25528     11696 ( 45.8%)  AO22X1_HVT
  1536      25760     11239 ( 43.6%)      19203      9756 ( 50.8%)  AO221X1_HVT
  1037      17006      7883 ( 46.4%)      12574      6829 ( 54.3%)  AO222X1_HVT
  1582      24012      7695 ( 32.0%)      15269      6185 ( 40.5%)  AND2X1_HVT
  1109      16310      7892 ( 48.4%)      11099      5162 ( 46.5%)  DFFARX1_HVT
   383       8081      5825 ( 72.1%)       7060      4988 ( 70.7%)  SDFFARX2_HVT
   690      12011      5579 ( 46.4%)       9191      4868 ( 53.0%)  OA221X1_HVT
   745      11773      4414 ( 37.5%)       7360      3518 ( 47.8%)  AO21X1_HVT
   810      13730      4354 ( 31.7%)       8147      3314 ( 40.7%)  NBUFFX2_HVT

Worst 10 references by failure rate:
 CELLS       UNFLIPPED                       FLIPPED                REFERENCE NAME
         ATTEMPTS  FAILURES            ATTEMPTS  FAILURES           
   117       1836      1417 ( 77.2%)       1496      1134 ( 75.8%)  MUX41X1_HVT
     1         16        11 ( 68.8%)          8         7 ( 87.5%)  MUX41X2_HVT
   383       8081      5825 ( 72.1%)       7060      4988 ( 70.7%)  SDFFARX2_HVT
  8365     143899    103811 ( 72.1%)     129192     90412 ( 70.0%)  SDFFARX1_HVT
    17        305       217 ( 71.1%)        241       170 ( 70.5%)  SDFFASX2_HVT
   309       4960      3406 ( 68.7%)       4266      2965 ( 69.5%)  SDFFASX1_HVT
     1         16        11 ( 68.8%)         16         9 ( 56.2%)  NBUFFX2_RVT
     5         72        43 ( 59.7%)         64        40 ( 62.5%)  MUX21X2_HVT
    14        242       128 ( 52.9%)        146       102 ( 69.9%)  AOI222X1_HVT
    64        975       571 ( 58.6%)        693       404 ( 58.3%)  SDFFSSRX2_HVT

Legality of references in rows:
0 references had row failures.

****************************************
  Report : Cell Displacements
****************************************

number of cells aggregated:       29861 (573278 total sites)
avg row height over cells:        1.672 um
rms cell displacement:            0.127 um ( 0.08 row height)
rms weighted cell displacement:   0.127 um ( 0.08 row height)
max cell displacement:            3.344 um ( 2.00 row height)
avg cell displacement:            0.014 um ( 0.01 row height)
avg weighted cell displacement:   0.014 um ( 0.01 row height)
number of cells moved:              752
number of large displacements:        0
large displacement threshold:     3.000 row height

Displacements of worst 10 cells:
Cell: u_datapath/u_gamma_correction/u_sr_d1kx16_f166g_gamma_wrap/u_sr_d1kx16_f166g_bist/ctmi_625 (NAND3X0_HVT)
  Input location: (736.08,298.928)
  Legal location: (736.08,295.584)
  Displacement:   3.344 um ( 2.00 row height)
Cell: u_i2c_control/ctmi_6929 (AO22X1_HVT)
  Input location: (448.04,422.656)
  Legal location: (451.232,422.656)
  Displacement:   3.192 um ( 1.91 row height)
Cell: u_datapath/u_input_line_buffer_control/u_input_line_buffer_b/u_sr_d1kx16_f166_wrap0/ctmi_166 (OR2X1_HVT)
  Input location: (760.096,497.896)
  Legal location: (763.136,497.896)
  Displacement:   3.040 um ( 1.82 row height)
Cell: u_datapath/u_output_fifo_control/u_output_fifo_1/wr_addr_reg[2] (SDFFARX1_HVT)
  Input location: (584.232,651.72)
  Legal location: (581.344,651.72)
  Displacement:   2.888 um ( 1.73 row height)
Cell: u_datapath/u_gamma_correction/ctmi_16793 (AO21X1_HVT)
  Input location: (836.248,312.304)
  Legal location: (833.512,312.304)
  Displacement:   2.736 um ( 1.64 row height)
Cell: u_register_map_control/choice_30_reg[14] (SDFFARX1_HVT)
  Input location: (421.44,419.312)
  Legal location: (424.176,419.312)
  Displacement:   2.736 um ( 1.64 row height)
Cell: u_i2c_control/ctmi_7459 (AO22X2_HVT)
  Input location: (445.456,422.656)
  Legal location: (448.04,422.656)
  Displacement:   2.584 um ( 1.55 row height)
Cell: u_main_controller_top/u_main_controller/ctmi_29382 (OA222X1_HVT)
  Input location: (285.096,312.304)
  Legal location: (287.528,312.304)
  Displacement:   2.432 um ( 1.45 row height)
Cell: u_i2c_control/ctmi_7198 (AO221X1_HVT)
  Input location: (427.216,419.312)
  Legal location: (429.648,419.312)
  Displacement:   2.432 um ( 1.45 row height)
Cell: u_i2c_control/ctmi_7377 (AO222X1_HVT)
  Input location: (373.712,367.48)
  Legal location: (375.992,367.48)
  Displacement:   2.280 um ( 1.36 row height)

Information: The net parasitics of block fsc_top are cleared. (TIM-123)
Information: The stitching and editing of coupling caps is turned OFF for design 'fsc_top_compile.nlib:fsc_top.design'. (TIM-125)
Information: Orientation ETCH is using reference direction: VERTICAL. (NEX-032)

Compile-fusion optimization summary            SETUP-COST    R2R-COST HOLD-COST LDRC-COST          AREA     LEAKAGE     INSTCNT            ELAPSE       MEM
Compile-fusion                                       0.00        0.00      0.00       192     530280.44  2503928064.00       29891              0.09      2100
Information: Ending   compile_fusion / final_opto / Legalization (1) (FLW-8001)
Information: Time: 2026-07-01 14:32:52 / Session:  00:05:18 / Command:  00:04:09 / CPU:  00:10:41 / Memory: 2100 MB (FLW-8100)
Information: CPU Load: 2%, Ram Free: 158 GB, Swap Free: 13 GB, Work Disk Free: 5929 GB, Tmp Disk Free: 70 GB (MSG-3995)

Information: Starting compile_fusion / final_opto / Optimization (2) (FLW-8000)
Information: Time: 2026-07-01 14:32:52 / Session:  00:05:18 / Command:  00:04:09 / CPU:  00:10:41 / Memory: 2100 MB (FLW-8100)
Information: CPU Load: 2%, Ram Free: 158 GB, Swap Free: 13 GB, Work Disk Free: 5929 GB, Tmp Disk Free: 70 GB (MSG-3995)
INFO: Enabled CLO at stage after_LGL3.

Warning: Cannot find any default max transition constraint on the design. (OPT-070)
INFO: place.legalize.enable_advanced_legalizer not set - need to revert CLO
INFO: First Compile-fusion did not mark run with CLO enabled/disabled property
INFO: Concurrent Legalization and Optimization (CLO) Reverted
Warning: Cannot find any default max transition constraint on the design. (OPT-070)

Information: Initializing classic cellmap without advanced rules enabled and without PDC enabled
Information: The following app options are used in cellmap
        place.legalize.enable_color_aware_placement : false
        place.legalize.use_nll_query_cm : false
        place.legalize.enable_advanced_legalizer : false
        place.legalize.enable_prerouted_net_check : true
        place.legalize.enable_advanced_prerouted_net_check : false
        place.legalize.always_continue : true
        place.legalize.limit_legality_checks : false
        place.common.pnet_aware_density : 1.0000
        place.common.pnet_aware_min_width : 0.0000
        place.common.pnet_aware_layers : {}
        place.common.use_placement_model : false
        place.common.enable_advanced_placement_model : true
        cts.placement.cell_spacing_rule_style : maximum
Total 0.1087 seconds to build cellmap data
INFO: creating 188(r) x 188(c) GridCells YDim 5.016 XDim 5.016
INFO: number of GridCells (fsc_top): 35344
INFO: creating 188(r) x 188(c) GridCells YDim 5.016 XDim 5.016
INFO: number of GridCells (fsc_top): 35344
Total 0.2465 seconds to load 41522 cell instances into cellmap
Moveable cells: 29861; Application fixed cells: 0; Macro cells: 0; User fixed cells: 11661
Average cell width 2.9181, cell height 1.6720, cell area 4.8791 for total 29861 placed and application fixed cells
Compile-fusion optimization Phase 40 Iter  1         0.00        0.00      0.00       192     530280.44  2503928064.00       29891              0.09      2100
Convert timing mode ...
INFO: New Levelizer turned on

Convert timing mode ...
Compile-fusion optimization Phase 41 Iter  1         0.00        0.00      0.00       192     530280.44  2503928064.00       29891              0.09      2100
Compile-fusion optimization Phase 41 Iter  2         0.00        0.00      0.00       192     530280.44  2503928064.00       29891              0.09      2100
Compile-fusion optimization Phase 41 Iter  3         0.00        0.00      0.00       192     530280.44  2503928064.00       29891              0.09      2100
Warning: No valid clocks available in mode 'test'. Setting clock frequency to 1 GHz. (POW-034)
Corner Scaling is off, multiplier is 1.000000
Warning: No valid clocks available in mode 'test'. Setting clock frequency to 1 GHz. (POW-034)
Warning: No valid clocks available in mode 'test'. Setting clock frequency to 1 GHz. (POW-034)
Information: Using default layer M4 (OPT-079)
Warning: No valid clocks available in mode 'test'. Setting clock frequency to 1 GHz. (POW-034)
bmap: stepx = stepy = 18801
creating bmap
DB units per micron : 1000
Compile-fusion optimization Phase 41 Iter  4         0.00        0.00      0.00       192     530280.44  2503928064.00       29891              0.09      2100
Warning: No valid clocks available in mode 'test'. Setting clock frequency to 1 GHz. (POW-034)
Compile-fusion optimization Phase 41 Iter  5         0.00        0.00      0.00       192     530280.44  2503928064.00       29891              0.09      2100

Compile-fusion optimization Phase 42 Iter  1         0.00        0.00      0.00       192     530280.44  2503928064.00       29891              0.09      2100

Compile-fusion optimization Phase 43 Iter  1         0.00        0.00      0.00       192     530272.31  2503796224.00       29887              0.09      2100
Warning: No valid clocks available in mode 'test'. Setting clock frequency to 1 GHz. (POW-034)
Corner Scaling is off, multiplier is 1.000000
Warning: No valid clocks available in mode 'test'. Setting clock frequency to 1 GHz. (POW-034)
Corner Scaling is off, multiplier is 1.000000
Warning: No valid clocks available in mode 'test'. Setting clock frequency to 1 GHz. (POW-034)
Warning: No valid clocks available in mode 'test'. Setting clock frequency to 1 GHz. (POW-034)
Information: Using default layer M4 (OPT-079)
Warning: No valid clocks available in mode 'test'. Setting clock frequency to 1 GHz. (POW-034)
bmap: stepx = stepy = 18801
creating bmap
DB units per micron : 1000
INFO: New Levelizer turned on
Warning: No valid clocks available in mode 'test'. Setting clock frequency to 1 GHz. (POW-034)
Compile-fusion optimization Phase 43 Iter  2         0.00        0.00      0.00       192     530272.31  2503796224.00       29887              0.09      2100
Warning: No valid clocks available in mode 'test'. Setting clock frequency to 1 GHz. (POW-034)
Warning: No valid clocks available in mode 'test'. Setting clock frequency to 1 GHz. (POW-034)
Warning: No valid clocks available in mode 'test'. Setting clock frequency to 1 GHz. (POW-034)
Warning: No valid clocks available in mode 'test'. Setting clock frequency to 1 GHz. (POW-034)
Compile-fusion optimization summary            SETUP-COST    R2R-COST HOLD-COST LDRC-COST          AREA     LEAKAGE     INSTCNT            ELAPSE       MEM
Compile-fusion optimization Phase 43 Iter  3         0.00        0.00      0.00       124     530386.44  2554120704.00       29887              0.09      2100
Information: 13 out of 23 POW-034 messages were not printed due to limit 10 (after 'compile_fusion' at run_all_hier.tcl:48) (MSG-3913)

Compile-fusion optimization summary            SETUP-COST    R2R-COST HOLD-COST LDRC-COST          AREA     LEAKAGE     INSTCNT            ELAPSE       MEM
Compile-fusion                                       0.00        0.00      0.00       123     530386.44  2554120704.00       29921              0.09      2100
Information: Ending   compile_fusion / final_opto / Optimization (2) (FLW-8001)
Information: Time: 2026-07-01 14:32:56 / Session:  00:05:21 / Command:  00:04:13 / CPU:  00:10:54 / Memory: 2100 MB (FLW-8100)
Information: CPU Load: 2%, Ram Free: 158 GB, Swap Free: 13 GB, Work Disk Free: 5929 GB, Tmp Disk Free: 70 GB (MSG-3995)

Information: Starting compile_fusion / final_opto / Legalization (2) (FLW-8000)
Information: Time: 2026-07-01 14:32:56 / Session:  00:05:21 / Command:  00:04:13 / CPU:  00:10:54 / Memory: 2100 MB (FLW-8100)
Information: CPU Load: 2%, Ram Free: 158 GB, Swap Free: 13 GB, Work Disk Free: 5929 GB, Tmp Disk Free: 70 GB (MSG-3995)

START_FUNC : legalize_placement_pre_run_core CPU :    671 s ( 0.19 hr) ELAPSE :    321 s ( 0.09 hr) MEM-PEAK :  2100 Mb
END_FUNC : legalize_placement_pre_run_core CPU :    671 s ( 0.19 hr) ELAPSE :    321 s ( 0.09 hr) MEM-PEAK :  2100 Mb
Compile-fusion optimization Phase 46 Iter  1         0.00        0.00      0.00       123     530386.44  2554120704.00       29921              0.09      2100
nplDplc2Placer::setParam(effort,1)
nplDplc2Placer::setParam(debug,0)
nplDplc2Placer::setParam(site_check,2)
nplDplc2Placer::setParam(app_firm_wgt,0)
Warning: Routing direction of metal layer PO is neither "horizontal" nor "vertical".  PDC checks will not be performed on this layer. (PDC-003)
PDC app_options settings =========
	place.legalize.enable_prerouted_net_check: 1
	place.legalize.num_tracks_for_access_check: 1
	place.legalize.use_eol_spacing_for_access_check: 0
	place.legalize.allow_touch_track_for_access_check: 1
	place.legalize.reduce_conservatism_in_eol_check: 0
	place.legalize.preroute_shape_merge_distance: 0.0
	place.legalize.enable_non_preferred_direction_span_check: 0

Layer M1: cached 0 shapes out of 2078 total shapes.
Layer M2: cached 715 shapes out of 715 total shapes.
Cached 44850 vias out of 111303 total vias.

Legalizing Top Level Design fsc_top ... 
Information: Initializing classic cellmap without advanced rules enabled and without PDC enabled
Information: The following app options are used in cellmap
        place.legalize.enable_color_aware_placement : false
        place.legalize.use_nll_query_cm : false
        place.legalize.enable_advanced_legalizer : false
        place.legalize.enable_prerouted_net_check : true
        place.legalize.enable_advanced_prerouted_net_check : false
        place.legalize.always_continue : true
        place.legalize.limit_legality_checks : false
        place.common.pnet_aware_density : 1.0000
        place.common.pnet_aware_min_width : 0.0000
        place.common.pnet_aware_layers : {}
        place.common.use_placement_model : false
        place.common.enable_advanced_placement_model : true
        cts.placement.cell_spacing_rule_style : maximum
Total 0.1119 seconds to build cellmap data
Information: Creating classic rule checker.
Warning: Routing direction of metal layer PO is neither "horizontal" nor "vertical".  PDC checks will not be performed on this layer. (PDC-003)
=====> Processed 135 ref cells (19 fillers) from library

Bounds/Regions In This Design:
        Area    Num Cells  Exclusive Name
 (square um)
      852808        41552        Yes DEFAULT_VA

Starting legalizer.
Warning: Exclusive bound 'DEFAULT' has no cells.
Optimizing Exclusive Bound 'DEFAULT_VA' (2/2)
    Done Exclusive Bound 'DEFAULT_VA' (2/2) (3 sec)
Legalization complete (5 total sec)

****************************************
  Report : Placement Attempts
  Site   : unit
****************************************

number of cells:                  41552
number of references:               135
number of site rows:                552
number of locations attempted:   830765
number of locations failed:      423492  (51.0%)

Legality of references at locations:
113 references had failures.

Worst 10 references by total failures:
 CELLS       UNFLIPPED                       FLIPPED                REFERENCE NAME
         ATTEMPTS  FAILURES            ATTEMPTS  FAILURES           
  8365     142345    102889 ( 72.3%)     127817     89501 ( 70.0%)  SDFFARX1_HVT
  2556      38224     13987 ( 36.6%)      25070     11365 ( 45.3%)  AO22X1_HVT
  1535      26059     11378 ( 43.7%)      19439      9906 ( 51.0%)  AO221X1_HVT
  1034      17236      7984 ( 46.3%)      12722      6910 ( 54.3%)  AO222X1_HVT
  1579      23374      7489 ( 32.0%)      14799      5974 ( 40.4%)  AND2X1_HVT
  1109      15651      7555 ( 48.3%)      10409      4763 ( 45.8%)  DFFARX1_HVT
   689      11726      5435 ( 46.3%)       8938      4718 ( 52.8%)  OA221X1_HVT
   383       6852      4959 ( 72.4%)       5920      4198 ( 70.9%)  SDFFARX2_HVT
   744      10951      4134 ( 37.7%)       6902      3254 ( 47.1%)  AO21X1_HVT
  1364      19874      4254 ( 21.4%)      12046      2991 ( 24.8%)  INVX0_HVT

Worst 10 references by failure rate:
 CELLS       UNFLIPPED                       FLIPPED                REFERENCE NAME
         ATTEMPTS  FAILURES            ATTEMPTS  FAILURES           
   117       2164      1675 ( 77.4%)       1792      1388 ( 77.5%)  MUX41X1_HVT
     1         16        11 ( 68.8%)          8         7 ( 87.5%)  MUX41X2_HVT
   383       6852      4959 ( 72.4%)       5920      4198 ( 70.9%)  SDFFARX2_HVT
    17        422       303 ( 71.8%)        358       256 ( 71.5%)  SDFFASX2_HVT
  8365     142345    102889 ( 72.3%)     127817     89501 ( 70.0%)  SDFFARX1_HVT
   309       5248      3567 ( 68.0%)       4514      3098 ( 68.6%)  SDFFASX1_HVT
     1         16        11 ( 68.8%)         16         9 ( 56.2%)  NBUFFX2_RVT
     5         72        43 ( 59.7%)         64        40 ( 62.5%)  MUX21X2_HVT
    14        240       127 ( 52.9%)        144       101 ( 70.1%)  AOI222X1_HVT
   161       2451      1401 ( 57.2%)       1770      1064 ( 60.1%)  AOI221X1_HVT

Legality of references in rows:
0 references had row failures.

****************************************
  Report : Cell Displacements
****************************************

number of cells aggregated:       29891 (573695 total sites)
avg row height over cells:        1.672 um
rms cell displacement:            0.072 um ( 0.04 row height)
rms weighted cell displacement:   0.072 um ( 0.04 row height)
max cell displacement:            6.716 um ( 4.02 row height)
avg cell displacement:            0.003 um ( 0.00 row height)
avg weighted cell displacement:   0.003 um ( 0.00 row height)
number of cells moved:              126
number of large displacements:        1
large displacement threshold:     3.000 row height

Displacements of worst 10 cells:
Cell: HFSBUF_11_28195 (NBUFFX4_HVT)
  Input location: (440.592,429.344)
  Legal location: (439.984,436.032)
  Displacement:   6.716 um ( 4.02 row height)
Cell: u_datapath/u_input_line_buffer_control/u_input_line_buffer_r/u_sr_d1kx16_f166_wrap0/ZBUF_85_inst_33042 (NBUFFX4_LVT)
  Input location: (839.288,673.456)
  Legal location: (835.792,671.784)
  Displacement:   3.875 um ( 2.32 row height)
Cell: u_i2c_control/ctmi_6796 (AND3X4_HVT)
  Input location: (447.128,432.688)
  Legal location: (446.976,436.032)
  Displacement:   3.347 um ( 2.00 row height)
Cell: u_datapath/u_input_line_buffer_control/phfnr_buf_25809 (INVX0_HVT)
  Input location: (740.64,466.128)
  Legal location: (743.224,464.456)
  Displacement:   3.078 um ( 1.84 row height)
Cell: u_register_map_control/choice_5e_reg[2] (SDFFARX1_HVT)
  Input location: (421.44,429.344)
  Legal location: (424.176,429.344)
  Displacement:   2.736 um ( 1.64 row height)
Cell: ZBUF_9_inst_33049 (NBUFFX4_LVT)
  Input location: (441.504,477.832)
  Legal location: (443.936,477.832)
  Displacement:   2.432 um ( 1.45 row height)
Cell: ctmi_783 (AO222X2_HVT)
  Input location: (317.928,434.36)
  Legal location: (320.056,434.36)
  Displacement:   2.128 um ( 1.27 row height)
Cell: u_main_controller_top/u_main_controller/u_sr_d512x72f116_MMS2_wrap/ctmi_424 (AO22X2_HVT)
  Input location: (110.144,780.464)
  Legal location: (112.12,780.464)
  Displacement:   1.976 um ( 1.18 row height)
Cell: u_datapath/u_input_line_buffer_control/ctmi_3960 (NAND3X1_HVT)
  Input location: (741.856,467.8)
  Legal location: (740.944,466.128)
  Displacement:   1.905 um ( 1.14 row height)
Cell: u_datapath/u_input_line_buffer_control/ctmi_4014 (OR3X1_HVT)
  Input location: (723.92,467.8)
  Legal location: (724.68,469.472)
  Displacement:   1.837 um ( 1.10 row height)

Information: The net parasitics of block fsc_top are cleared. (TIM-123)
Information: The stitching and editing of coupling caps is turned OFF for design 'fsc_top_compile.nlib:fsc_top.design'. (TIM-125)
Information: Orientation ETCH is using reference direction: VERTICAL. (NEX-032)

Compile-fusion optimization summary            SETUP-COST    R2R-COST HOLD-COST LDRC-COST          AREA     LEAKAGE     INSTCNT            ELAPSE       MEM
Compile-fusion                                       0.00        0.00      0.00       124     530386.44  2554120704.00       29921              0.09      2100
Information: Ending   compile_fusion / final_opto / Legalization (2) (FLW-8001)
Information: Time: 2026-07-01 14:33:02 / Session:  00:05:27 / Command:  00:04:19 / CPU:  00:11:04 / Memory: 2100 MB (FLW-8100)
Information: CPU Load: 2%, Ram Free: 158 GB, Swap Free: 13 GB, Work Disk Free: 5929 GB, Tmp Disk Free: 70 GB (MSG-3995)
INFO: Enabled CLO at stage after_LGL4.

Warning: Cannot find any default max transition constraint on the design. (OPT-070)
INFO: place.legalize.enable_advanced_legalizer not set - need to revert CLO
INFO: First Compile-fusion did not mark run with CLO enabled/disabled property
INFO: Concurrent Legalization and Optimization (CLO) Reverted
Warning: Cannot find any default max transition constraint on the design. (OPT-070)

Information: Initializing classic cellmap without advanced rules enabled and without PDC enabled
Information: The following app options are used in cellmap
        place.legalize.enable_color_aware_placement : false
        place.legalize.use_nll_query_cm : false
        place.legalize.enable_advanced_legalizer : false
        place.legalize.enable_prerouted_net_check : true
        place.legalize.enable_advanced_prerouted_net_check : false
        place.legalize.always_continue : true
        place.legalize.limit_legality_checks : false
        place.common.pnet_aware_density : 1.0000
        place.common.pnet_aware_min_width : 0.0000
        place.common.pnet_aware_layers : {}
        place.common.use_placement_model : false
        place.common.enable_advanced_placement_model : true
        cts.placement.cell_spacing_rule_style : maximum
Total 0.1128 seconds to build cellmap data
INFO: creating 188(r) x 188(c) GridCells YDim 5.016 XDim 5.016
INFO: number of GridCells (fsc_top): 35344
INFO: creating 188(r) x 188(c) GridCells YDim 5.016 XDim 5.016
INFO: number of GridCells (fsc_top): 35344
Total 0.2472 seconds to load 41552 cell instances into cellmap
Moveable cells: 29891; Application fixed cells: 0; Macro cells: 0; User fixed cells: 11661
Average cell width 2.9173, cell height 1.6720, cell area 4.8778 for total 29891 placed and application fixed cells
Compile-fusion optimization Phase 49 Iter  1         0.00        0.00      0.00       124     530386.44  2554120704.00       29921              0.09      2100

Compile-fusion optimization Phase 50 Iter  1         0.00        0.00      0.00       125     530386.44  2554120704.00       29921              0.09      2100

Information: Ending   compile_fusion / final_opto (FLW-8001)
Information: Time: 2026-07-01 14:33:03 / Session:  00:05:29 / Command:  00:04:20 / CPU:  00:11:06 / Memory: 2100 MB (FLW-8100)
Information: CPU Load: 2%, Ram Free: 158 GB, Swap Free: 13 GB, Work Disk Free: 5929 GB, Tmp Disk Free: 70 GB (MSG-3995)

Information: >>>>>>> 6 unique error and warning message tags while observing compile_fusion / final_opto: (MSG-3100)
Information: #prnt #trgr #lmt    Tag  Level     Format (or last printed message)                                (MSG-3036)
Information:   203    39 10 POW-034   WARNING   Warning: No valid clocks available in mode 'test'. Setting c... (MSG-3032)
Information:     3     1  0 OPT-200   WARNING   Warning: No tie cell is available for constant fixing. (OPT-... (MSG-3032)
Information:     5     2  0 CTS-038   WARNING   Warning: No clock routing rule is specified. (CTS-038)          (MSG-3032)
Information:    16     6  0 OPT-070   WARNING   Warning: Cannot find any default max transition constraint o... (MSG-3032)
Information:     6     4  0 PDC-003   WARNING   Warning: Routing direction of metal layer PO is neither "hor... (MSG-3032)
Information:    34     4  0 OPT-902   WARNING   Warning: No clock routing rules were specified. Use set_cloc... (MSG-3032)
Information:   267    56  1        6  <------   Total sum of messages (MSG-3038)
Information: >>>>>>> Summary: 56 error&warning MSGs observed during compile_fusion / final_opto (MSG-3103)

Number of Site types in the design = 1
Warning: No valid clocks available in mode 'test'. Setting clock frequency to 1 GHz. (POW-034)
Setting up Chip Core
Chip Core shape: (8000 8000) (932008 930944)
Number of VARs = 1
Number of unique PDs = 1
Number of Power Domains = 1
Number of Voltage Areas = 1
Number of supply Nets = 2
Number of used supplies = 0
Blocked VAs: 
INFO: Running FTB cleanup in end of npo flow.
Enable dominated scenarios

Compile-fusion optimization complete                 0.00        0.00      0.00       124     530386.44  2554120704.00       29921              0.09      2100
Co-efficient Ratio Summary:
4.193421605155  6.578038173730  2.479639287277  7.744187540401  0.485050000353  3.179565833784  5.567214754587  2.894457687461  6.565921292832  9.017990905874  580.232448893398  6.396979228810  7.814270708527  4.420041512383  1.811615090796
9.922502608324  6.462395006413  8.237022122693  8.718402961931  4.242940666909  6.875278996466  1.318072329441  4.657872622478  7.635891896290  9.113573769609  807.116878742700  1.437457156590  4.502528703750  2.060748097663  4.588577596212
2.011679507759  6.784739677862  2.430567170402  3.879771500032  8.450958970596  1.115123714701  2.873968927205  1.355124998278  3.513982666152  7.251962373334  606.273602386760  9.784641050039  4.387248266981  9.999978159148  7.347132363210
6.393266767907  8.063326983131  4.288630187880  5.817928323007  2.343539122627  0.037326705045  0.494780240392  8.173634913985  2.544054495090  0.066173527471  028.730903507466  5.359375581438  0.884952568572  5.367054991334  1.826409690279
2.637726098236  5.283406261425  3.867463816766  5.291991874740  2.249505136567  9.662150275706  1.856261198134  4.610364114723  1.210715891722  6.577637260418  491.844942362469  7.515060060037  1.195805460867  3.380867888682  3.459527058902
4.093368484394  9.944897111549  0.206860149244  4.522000104051  6.919095345907  6.892197041709  5.120915900067  4.435469392308  4.268142675024  8.834660593265  494.699804179456  7.303406313295  1.160155901288  8.717550771851  0.993001870837
3.361785277268  3.894677263765  2.116996953270  7.452994665626  2.309097940979  5.558072613699  3.113139776351  0.072173262525  4.751594726738  0.064995620937  380.945778235135  8.168115905345  8.269282133424  3.493049324350  2.162214783179
6.121424225277  3.111567821040  8.235191416280  3.561612866938  0.220195692842  6.031325858445  0.248025513631  3.593595213535  4.075634512012  8.041241275181  579.947017800041  7.713437545683  3.875477781644  8.557972988484  8.373267148293
6.801055033867  1.494124225421  2.305316610900  7.627270112330  8.107178452560  7.471109985851  4.743640423276  4.676979434932  4.216938770155  1.199996497230  364.467227107546  8.556131921114  2.144171327813  0.334386633553  7.515610694379
0.989360291367  0.264254590202  0.920846499784  7.149511774674  5.773404731712  7.472142198159  2.074004443314  1.463713904135  2.498436135595  1.019878574527  152.126867702827  9.298318379657  2.598489969363  0.086108167403  1.037992693641
5.157027411336  1.564766944246  9.766505239565  9.210874802189  6.473823894401  4.638324531610  4.193421605155  6.578038273730  2.479639289773  7.744194140401  218.660836835331  7.909606024605  6.724487158728  9.445673546165  6.592276386390
1.793750587431  0.467080093398  6.343950985160  7.812396408527  4.420834112383  1.811560490796  9.922502608324  6.462395106413  8.237022124199  8.718419561931  694.359892490968  7.570912392863  1.800244644146  5.787177047876  3.589236722191
1.351036960963  7.341410942700  1.484438813840  4.500644403750  2.060531697663  4.588422996212  2.011679507759  6.784739777862  2.430567172908  3.879788100032  015.150623859611  1.565494126378  7.399804420513  5.512304627835  1.398313718372
5.190997333443  6.408244586760  9.731622717389  4.385364966981  9.999761759148  7.347087763210  6.393266767907  8.063326083131  4.288630189386  5.817936623007  498.324643462700  3.785635481004  9.470903139281  7.363383598525  4.405596602100
6.611012747185  8.965545707466  5.306356248788  0.882078268572  5.367847591334  1.826354090279  2.637726098236  5.283406361425  3.867463818262  5.291909674740  478.469039056796  6.268059113368  5.628098913446  1.036303672312  1.071636275365
7.767486041822  1.079584562469  7.562041727387  1.193921160867  3.380650488682  3.459472458902  4.093368484394  9.944897211549  0.206860141740  4.522018004051  845.990644990768  9.262722138601  2.093479106744  3.546821430842  6.814314605588
3.460719326522  4.824446379456  7.350487070545  1.168271601288  8.717343371851  0.993956270837  3.361785277268  3.894677363765  2.116996955776  7.452902565626  480.291590497955  5.850289302681  1.315856735100  7.217218452547  5.159529776900
6.493222093711  0.170310435135  8.115196662695  8.267308833424  3.493832924350  2.162169183179  6.121424225277  3.111567921040  8.235191418786  3.561620766938  272.301365684260  3.185503887252  4.804430463135  9.359743553540  7.563506801280
4.123477518126  5.300052200041  7.760313533183  3.872465081644  8.557737188484  8.373112548293  6.801055033867  1.494124325421  2.305316612406  7.627288012330  060.009641656074  7.163916528897  4.366921427646  7.697165693242  1.693922615511
9.998999723005  0.820262507546  8.503017919614  2.141169627813  0.334141833553  7.515565094379  0.989360291367  0.264254690202  0.920846491280  7.149529674674  727.632279571274  7.267237858670  7.402323431414  6.371502613524  9.843768909910
1.986197452798  2.061031902827  9.245295623407  2.595477269363  0.086963367403  1.037847093641  5.157027411336  1.564766044246  9.766505231061  9.210882702189  897.674185840146  3.885471104791  9.344049615565  7.803039573024  7.963073327777
4.418754040104  8.505000035331  7.956583378455  6.721475458728  9.445438746165  6.592121786390  1.793750587431  0.467080193398  6.343950987666  7.812304308527  692.375217638318  1.109067012349  2.252149932464  6.239722841382  3.702367869387
1.840296193142  4.294066690968  7.527899646613  1.807232944146  5.787932247876  3.589181122191  1.351036960963  7.341410042700  1.484438815346  4.500652303750  456.345965166345  8.895217664970  1.169839875967  8.473189986224  3.056862640238
7.977150003284  5.095897059611  1.512371470128  7.396892720513  5.512169827835  1.398268118372  5.190997333443  6.408244686760  9.731622719885  4.385372866981  149.268971314873  4.751794364713  9.328555890780  6.332810513142  8.863163388058
1.792832300723  4.353912262700  3.732670504504  9.478024039281  7.363161398525  4.405441002100  6.611012747185  8.965545807466  5.306356240294  0.882087468572  786.076555533418  2.688427060676  3.774588923652  8.340848342538  6.746436276652
9.199187474022  4.950513656796  6.215027570618  5.626119813446  1.036181472312  1.071581675365  7.767486041822  1.079584662469  7.562041729893  1.193930360867  588.357844268234  5.990263833990  9.338727539499  4.489933354902  0.686169524445
2.200010405169  1.909534590768  9.219704170951  2.091590006744  3.546609230842  6.814269005588  3.460719326522  4.824446479456  7.350487072051  1.168280801288  021.026133585109  9.348645026483  6.170406826838  9.467948576521  1.699740927074
5.299466562623  0.909794097955  5.807261369931  1.313977635100  7.217096252547  5.159474176900  6.493222093711  0.170310535135  8.115196664101  8.267317033424  599.675098835021  6.269936350611  2.144301627731  1.156904304082  3.519296228035
6.161286693802  2.019569284260  3.132585844502  4.802551363135  9.359521353540  7.563451201280  4.123477518126  5.300052300041  7.760313535699  3.872474281644  005.065514248483  7.364272862018  0.107482486714  9.412644742123  0.531716690076
2.727011233081  0.717845256074  7.110998585147  4.364042327646  7.697943493242  1.693877015511  9.998999723005  0.820262607546  8.503017911120  2.141178927813  283.783705755375  1.509526668159  8.938907836702  6.425670820209  2.084794578471
4.951177467457  7.340473171274  7.214219815920  7.400444331414  6.371380413524  9.843613309910  1.986197452798  2.061031902827  9.245295623407  2.595489669363  253.008306140310  3.737737907801  5.704633233615  6.476819624697  6.650678556592
1.087480218964  7.382389440146  3.832453161041  9.342160515565  7.803817373024  7.963928727777  4.418754040104  8.505000035331  7.956583378455  6.721487858728  199.955844016565  9.265106272767  9.377940843104  6.708224539863  4.395143116078
1.239640852744  2.083411238318  1.156049079699  2.250260832464  6.239500641382  3.702212269387  1.840296193142  4.294066690968  7.527899646613  1.807244344146  723.105294187635  8.961140852863  5.105588196373  4.141219470014  8.443936984045
0.064440375020  6.053169766345  8.842299621220  1.167950775967  8.473967786224  3.056717040238  7.977150003284  5.095897059611  1.512371470128  7.396804220513  706.628952183513  9.879849470901  9.091625444364  0.824673876097  3.162326338943
8.536496698199  9.976175914873  4.708776321063  9.326676790780  6.332698313142  8.863018788058  1.792832300723  4.353912262700  3.732670504504  9.478036539281  981.728109252544  0.597138853716  1.103166818589  6.554795946653  0.635779478808
8.207826857253  6.784759133418  2.635409027926  3.772609823652  8.340626142538  6.746381676652  9.199187474022  4.950513656796  6.215027570618  5.626121313446  358.020117631210  7.101195179227  6.740596282210  7.958671446975  6.204227338711
9.392116086733  8.065048868234  5.947245890240  9.336848439499  4.489711154902  0.686014924445  2.200010405169  1.909534590768  9.219704170951  2.091502506744  509.072993484268  1.479938191584  6.073824752248  2.444852145673  5.048852654511
6.827160128887  1.734337185109  9.395627083733  6.178527726838  9.467726376521  1.699695327074  5.299466562623  0.909794097955  5.807261369931  1.313989135100  976.111695654751  5.990445233714  9.324191471101  7.031268713581  1.519711869582
Information: The net parasitics of block fsc_top are cleared. (TIM-123)
Information: The stitching and editing of coupling caps is turned OFF for design 'fsc_top_compile.nlib:fsc_top.design'. (TIM-125)
Information: Orientation ETCH is using reference direction: VERTICAL. (NEX-032)

Compile-fusion final QoR
________________________
Scenario Mapping Table
1: ss0p95v125c.func

Pathgroup Mapping Table
1: **default**
2: **async_default**
3: **clock_gating_default**
4: **in2reg_default**
5: **reg2out_default**
6: **in2out_default**
7: pll1_clk_in
8: pll2_clk_in
9: pixel_clk
10: system_clk
11: comp_clk
12: i2c_scl
13: system_clk_div2
14: pll2_clk_div2
15: panel_clk_inv_gate
16: panel_clk_dly
17: panel_clk_gate
18: system_clk_int
19: flash_clk_gate
20: i2c_clk
21: sdram_clk_gate
22: sdram_clk
23: pixel_comp_clk_pix

-------------------------------------------------------------------------------------------------------------------------------------------------------------
PATHGROUP QOR 
-------------------------------------------------------------------------------------------------------------------------------------------------------------
Scene  PG      WNS        TNS    NSV      WHV        THV    NHV
    1   1   0.0000     0.0000      0   0.0000     0.0000      0
    1   2   0.0000     0.0000      0   0.0000     0.0000      0
    1   3   0.0000     0.0000      0   0.0000     0.0000      0
    1   4   0.0000     0.0000      0   0.0000     0.0000      0
    1   5   0.0000     0.0000      0   0.0000     0.0000      0
    1   6   0.0000     0.0000      0   0.0000     0.0000      0
    1   7   0.0000     0.0000      0   3.0520     3.0520      1
    1   8   0.0000     0.0000      0   0.0000     0.0000      0
    1   9   0.0000     0.0000      0  11.8641    11.8641      1
    1  10   0.0000     0.0000      0  14.4666    14.4666      1
    1  11   0.0000     0.0000      0   0.0000     0.0000      0
    1  12   0.0000     0.0000      0   0.0000     0.0000      0
    1  13   0.0000     0.0000      0  29.5289    29.5289      1
    1  14   0.0000     0.0000      0   0.0000     0.0000      0
    1  15   0.0000     0.0000      0   0.0000     0.0000      0
    1  16   0.0000     0.0000      0   0.0000     0.0000      0
    1  17   0.0000     0.0000      0   0.0000     0.0000      0
    1  18   0.0000     0.0000      0   0.0000     0.0000      0
    1  19   0.0000     0.0000      0   0.0000     0.0000      0
    1  20   0.0000     0.0000      0   0.0000     0.0000      0
    1  21   0.0000     0.0000      0   0.0000     0.0000      0
    1  22   0.0000     0.0000      0   0.0000     0.0000      0
    1  23   0.0000     0.0000      0   0.0000     0.0000      0
----------------------------------------------------------------------------------------------------------------------------------------------------------------------
SCENARIO QOR 
----------------------------------------------------------------------------------------------------------------------------------------------------------------------
Scene  PG      WNS        TNS   R2RTNS    NSV      WHV        THV    NHV  MaxTrnV   MaxTranC  MaxCapV    Leakage
    1   *   0.0000     0.0000   0.0000      0  29.5289    58.9116      4        0     0.0000      125 2554120704
----------------------------------------------------------------------------------------------------------------------------------------------------------------------
DESIGN QOR 
----------------------------------------------------------------------------------------------------------------------------------------------------------------------
Scene  PG      WNS        TNS   R2RTNS    NSV      WHV        THV    NHV  MaxTrnV   MaxTranC  MaxCapV    Leakage         Area    InstCnt     BufCnt     InvCnt
    *   *   0.0000     0.0000   0.0000      0  29.5289    58.9116      4        0     0.0000      125 2554120704    530386.44      29921       2252       1556
----------------------------------------------------------------------------------------------------------------------------------------------------------------------

Compile-fusion final QoR Summary         WNS        TNS   R2RTNS    NSV      WHV        THV    NHV  MaxTrnV  MaxCapV    Leakage         Area    InstCnt
Compile-fusion final QoR Summary      0.0000     0.0000   0.0000      0  29.5289    58.9116      4        0      125 2554120704    530386.44      29921

Compile-fusion command complete                CPU:   690 s (  0.19 hr )  ELAPSE:   331 s (  0.09 hr )  MEM-PEAK:  2100 MB
Compile-fusion command statistics  CPU=115 sec (0.03 hr) ELAPSED=39 sec (0.01 hr) MEM-PEAK=2.051 GB
Information: The net parasitics of block fsc_top are cleared. (TIM-123)
INFO: End environment monitoring: recipes
INFO: Restored 0 timer status, 6 app options, 0 tcl gvars, 0 env vars
Information: >>>>>>> 17 unique error and warning message tags while observing fusion: (MSG-3100)
Information: #prnt #trgr #lmt    Tag  Level     Format (or last printed message)                                (MSG-3036)
Information:     1    26 10 SQM-1061  WARNING   Warning: Cannot infer functionality of libcell 'saed32pll/PL... (MSG-3032)
Information:    10    64 10 SQM-1047  WARNING   Warning: Sequential element 'u_YCrCb2RGB/B_int_reg[11]' of m... (MSG-3032)
Information:    10    53 10 SQM-1046  WARNING   Warning: Sequential element 'u_YCrCb2RGB/A_int_reg[17]' of m... (MSG-3032)
Information:     1     1  1 SQM-1040  WARNING   No cell bus will be mapped to multibit because there is no m... (MSG-3032)
Information:     1     1  0 DFT-1991  WARNING   Warning: SCANDEF based Optimization skipped: No ScanDEF chai... (MSG-3032)
Information:    15    15  0 FLW-2892  WARNING   Warning: Restoring scoped app option 'opt.internal.levfilter... (MSG-3032)
Information:     2     2  0 ZRT-511   WARNING   Warning: Cell contains tie connections which are not connect... (MSG-3032)
Information:     2     2  0 ZRT-022   WARNING   Warning: Cannot find a default contact code for layer CO. (Z... (MSG-3032)
Information:   204   203 10 POW-034   WARNING   Warning: No valid clocks available in mode 'test'. Setting c... (MSG-3032)
Information:     1     1  0 PLACE-029 WARNING   Warning: There is insufficient area available to achieve the... (MSG-3032)
Information:   120   120  0 ZRT-763   WARNING   Warning: Cell u_datapath/u_input_line_buffer_control/u_input... (MSG-3032)
Information:     3     3  0 OPT-200   WARNING   Warning: No tie cell is available for constant fixing. (OPT-... (MSG-3032)
Information:     8     1  0 GRF-013   WARNING   Warning: Timing Arc from 'u_clk_gen/u_clock_gen/C383/ctmi_32... (MSG-3032)
Information:     5     5  0 CTS-038   WARNING   Warning: No clock routing rule is specified. (CTS-038)          (MSG-3032)
Information:    16    16  0 OPT-070   WARNING   Warning: Cannot find any default max transition constraint o... (MSG-3032)
Information:     6     6  0 PDC-003   WARNING   Warning: Routing direction of metal layer PO is neither "hor... (MSG-3032)
Information:    34    34  0 OPT-902   WARNING   Warning: No clock routing rules were specified. Use set_cloc... (MSG-3032)
Information:   439   553  5       17  <------   Total sum of messages (MSG-3038)
Information: >>>>>>> Summary: 553 error&warning MSGs observed during fusion (MSG-3103)

  Block: fsc_top_compile.nlib:fsc_top.design
  Current State: is mapped; is placed; 
  Events:
	- initial_map             	07/01/26 12:49 -->     0.012 hours
	- logic_opto              	07/01/26 12:49 -->     0.009 hours
	- initial_place           	07/01/26 12:50 -->     0.006 hours
	- initial_drc             	07/01/26 12:50 -->     0.002 hours
	- initial_opto            	07/01/26 12:51 -->     0.025 hours
	- final_place             	07/01/26 12:52 -->     0.014 hours
	- final_opto              	07/01/26 12:53 -->     0.011 hours
	  [netlist change detected]
	- initial_map             	07/01/26 14:28 -->     0.005 hours
	- logic_opto              	07/01/26 14:29 -->     0.009 hours
	- initial_place           	07/01/26 14:29 -->     0.007 hours
	- initial_drc             	07/01/26 14:30 -->     0.002 hours
	- initial_opto            	07/01/26 14:30 -->     0.024 hours
	- final_place             	07/01/26 14:31 -->     0.014 hours
	- final_opto              	07/01/26 14:32 -->     0.010 hours

Information: Ending   'compile_fusion' (FLW-8001)
Information: Time: 2026-07-01 14:33:06 / Session:  00:05:31 / Command:  00:04:23 / CPU:  00:11:14 / Memory: 2100 MB (FLW-8100)
Information: CPU Load: 2%, Ram Free: 158 GB, Swap Free: 13 GB, Work Disk Free: 5929 GB, Tmp Disk Free: 70 GB (MSG-3995)
Information: Running auto PG connection. (NDM-099)
1
