INFO: wire-opt feature for router enabled
INFO: wire-opt feature for router enabled
Cell Min-Routing-Layer = M2
Cell Max-Routing-Layer = M7
Turn off antenna since no rule is specified
Information: Option route.detail.force_end_on_preferred_grid will be ignored since none of the layers have preferred grid. (ZRT-703)
Warning: Cannot find a default contact code for layer CO. (ZRT-022)
Warning: Net pll2_clk_in has a frontside min_layer M1 that is outside the global min/max layer range M2 - M7. (ZRT-798)
Warning: Net u_datapath/clock_gate_net_180 has a frontside min_layer M1 that is outside the global min/max layer range M2 - M7. (ZRT-798)
Warning: Net comp_clk has a frontside min_layer M1 that is outside the global min/max layer range M2 - M7. (ZRT-798)
Warning: Net clk3_n has a frontside min_layer M1 that is outside the global min/max layer range M2 - M7. (ZRT-798)
Warning: Net u_datapath/u_output_fifo_control/CTS_ZCTSNET_0 has a frontside min_layer M1 that is outside the global min/max layer range M2 - M7. (ZRT-798)
Warning: Net u_clk_gen/system_clk_int has a frontside min_layer M1 that is outside the global min/max layer range M2 - M7. (ZRT-798)
Warning: Net u_clk_gen/system_clk_int_div2 has a frontside min_layer M1 that is outside the global min/max layer range M2 - M7. (ZRT-798)
Warning: Net u_clk_gen/u_clock_gen/pixel_clk_neg has a frontside min_layer M1 that is outside the global min/max layer range M2 - M7. (ZRT-798)
Warning: Net u_clk_gen/u_clock_gen/comp_clk_neg has a frontside min_layer M1 that is outside the global min/max layer range M2 - M7. (ZRT-798)
Warning: Net u_clk_gen/u_clock_gen/pixel_comp_clk_neg has a frontside min_layer M1 that is outside the global min/max layer range M2 - M7. (ZRT-798)
Warning: Net u_clk_gen/u_clock_gen/sdram_clk_neg has a frontside min_layer M1 that is outside the global min/max layer range M2 - M7. (ZRT-798)
Warning: Net u_clk_gen/u_clock_gen/panel_clk_neg has a frontside min_layer M1 that is outside the global min/max layer range M2 - M7. (ZRT-798)
Warning: Net u_clk_gen/u_clock_gen/panel_clk_div2_neg has a frontside min_layer M1 that is outside the global min/max layer range M2 - M7. (ZRT-798)
Warning: Net u_clk_gen/u_clock_gen/pll1_clk_neg has a frontside min_layer M1 that is outside the global min/max layer range M2 - M7. (ZRT-798)
Warning: Net u_clk_gen/u_clock_gen/flash_clk_neg has a frontside min_layer M1 that is outside the global min/max layer range M2 - M7. (ZRT-798)
Warning: Net u_clk_gen/u_clock_gen/sys_clk_neg has a frontside min_layer M1 that is outside the global min/max layer range M2 - M7. (ZRT-798)
Warning: Net u_clk_gen/u_clock_gen/CTS_ZCTSNET_15 has a frontside min_layer M1 that is outside the global min/max layer range M2 - M7. (ZRT-798)
Warning: Net u_clk_gen/u_clock_gen/pll2_clk_neg has a frontside min_layer M1 that is outside the global min/max layer range M2 - M7. (ZRT-798)
Warning: Net u_clk_gen/CTS_ZCTSNET_1 has a frontside min_layer M1 that is outside the global min/max layer range M2 - M7. (ZRT-798)
Warning: Net u_clk_gen/u_clock_gen/CTS_ZCTSNET_19 has a frontside min_layer M1 that is outside the global min/max layer range M2 - M7. (ZRT-798)
Warning: Net u_clk_gen/u_clock_gen/CTS_ZCTSNET_6 has a frontside min_layer M1 that is outside the global min/max layer range M2 - M7. (ZRT-798)
Warning: Net u_clk_gen/u_clock_gen/CTS_ZCTSNET_8 has a frontside min_layer M1 that is outside the global min/max layer range M2 - M7. (ZRT-798)
Warning: Net u_clk_gen/u_clock_gen/CTS_ZCTSNET_4 has a frontside min_layer M1 that is outside the global min/max layer range M2 - M7. (ZRT-798)
Warning: Net u_clk_gen/u_clock_gen/CTS_ZCTSNET_10 has a frontside min_layer M1 that is outside the global min/max layer range M2 - M7. (ZRT-798)
Warning: Net u_main_controller_top/u_main_controller/CTS_ZCTSNET_245 has a frontside min_layer M1 that is outside the global min/max layer range M2 - M7. (ZRT-798)
Warning: Net u_main_controller_top/u_main_controller/u_fifo_sync_d64x14_f116_line_mem/clock_gate_net_1 has a frontside min_layer M1 that is outside the global min/max layer range M2 - M7. (ZRT-798)
Warning: Net u_main_controller_top/u_main_controller/u_fifo_sync_d64x14_f116_line_mem/clock_gate_net_2 has a frontside min_layer M1 that is outside the global min/max layer range M2 - M7. (ZRT-798)
Warning: Net u_main_controller_top/u_main_controller/u_fifo_sync_d64x14_f116_line_mem/clock_gate_net_3 has a frontside min_layer M1 that is outside the global min/max layer range M2 - M7. (ZRT-798)
Warning: Net u_datapath/u_color_interleaver/clock_gate_net_276 has a frontside min_layer M1 that is outside the global min/max layer range M2 - M7. (ZRT-798)
Warning: Net u_datapath/u_gamma_flash_fifo_control/u_load_mem_fifo/clock_gate_net_2 has a frontside min_layer M1 that is outside the global min/max layer range M2 - M7. (ZRT-798)
Warning: Net u_datapath/u_gamma_flash_fifo_control/u_load_mem_fifo/CTS_ZCTSNET_0 has a frontside min_layer M1 that is outside the global min/max layer range M2 - M7. (ZRT-798)
Warning: Net u_datapath/u_gamma_flash_fifo_control/CTS_ZCTSNET_0 has a frontside min_layer M1 that is outside the global min/max layer range M2 - M7. (ZRT-798)
Warning: Net u_datapath/u_gamma_flash_fifo_control/CTS_ZCTSNET_1 has a frontside min_layer M1 that is outside the global min/max layer range M2 - M7. (ZRT-798)
Warning: Net u_datapath/u_gamma_correction/CTS_ZCTSNET_6 has a frontside min_layer M1 that is outside the global min/max layer range M2 - M7. (ZRT-798)
Warning: Net u_datapath/u_gamma_correction/CTS_ZCTSNET_17 has a frontside min_layer M1 that is outside the global min/max layer range M2 - M7. (ZRT-798)
Warning: Net u_datapath/u_gamma_correction/clock_gate_net_1366 has a frontside min_layer M1 that is outside the global min/max layer range M2 - M7. (ZRT-798)
Warning: Net u_datapath/u_gamma_correction/CTS_ZCTSNET_28 has a frontside min_layer M1 that is outside the global min/max layer range M2 - M7. (ZRT-798)
Warning: Net u_datapath/u_gamma_correction/clock_gate_net_1367 has a frontside min_layer M1 that is outside the global min/max layer range M2 - M7. (ZRT-798)
Warning: Net u_datapath/u_gamma_correction/CTS_ZCTSNET_3 has a frontside min_layer M1 that is outside the global min/max layer range M2 - M7. (ZRT-798)
Warning: Net u_datapath/u_gamma_correction/CTS_ZCTSNET_32 has a frontside min_layer M1 that is outside the global min/max layer range M2 - M7. (ZRT-798)
Warning: Net u_datapath/u_gamma_correction/CTS_ZCTSNET_33 has a frontside min_layer M1 that is outside the global min/max layer range M2 - M7. (ZRT-798)
Warning: Net u_datapath/u_gamma_correction/CTS_ZCTSNET_34 has a frontside min_layer M1 that is outside the global min/max layer range M2 - M7. (ZRT-798)
Warning: Net u_datapath/u_gamma_correction/clock_gate_net_1469 has a frontside min_layer M1 that is outside the global min/max layer range M2 - M7. (ZRT-798)
Warning: Net u_datapath/u_gamma_correction/CTS_ZCTSNET_4 has a frontside min_layer M1 that is outside the global min/max layer range M2 - M7. (ZRT-798)
Warning: Net u_datapath/u_gamma_correction/CTS_ZCTSNET_35 has a frontside min_layer M1 that is outside the global min/max layer range M2 - M7. (ZRT-798)
Warning: Net u_datapath/u_gamma_correction/CTS_ZCTSNET_2 has a frontside min_layer M1 that is outside the global min/max layer range M2 - M7. (ZRT-798)
Warning: Net u_datapath/u_gamma_correction/CTS_ZCTSNET_36 has a frontside min_layer M1 that is outside the global min/max layer range M2 - M7. (ZRT-798)
Warning: Net u_datapath/u_gamma_correction/CTS_ZCTSNET_0 has a frontside min_layer M1 that is outside the global min/max layer range M2 - M7. (ZRT-798)
Warning: Net u_datapath/u_gamma_correction/CTS_ZCTSNET_37 has a frontside min_layer M1 that is outside the global min/max layer range M2 - M7. (ZRT-798)
Warning: Net u_datapath/u_gamma_correction/CTS_ZCTSNET_7 has a frontside min_layer M1 that is outside the global min/max layer range M2 - M7. (ZRT-798)
Warning: Net u_datapath/u_gamma_correction/CTS_ZCTSNET_8 has a frontside min_layer M1 that is outside the global min/max layer range M2 - M7. (ZRT-798)
Warning: Net u_datapath/u_gamma_correction/CTS_ZCTSNET_9 has a frontside min_layer M1 that is outside the global min/max layer range M2 - M7. (ZRT-798)
Warning: Net u_datapath/u_gamma_correction/CTS_ZCTSNET_10 has a frontside min_layer M1 that is outside the global min/max layer range M2 - M7. (ZRT-798)
Warning: Net u_datapath/u_gamma_correction/CTS_ZCTSNET_11 has a frontside min_layer M1 that is outside the global min/max layer range M2 - M7. (ZRT-798)
Warning: Net u_datapath/u_gamma_correction/CTS_ZCTSNET_12 has a frontside min_layer M1 that is outside the global min/max layer range M2 - M7. (ZRT-798)
Warning: Net u_datapath/u_gamma_correction/CTS_ZCTSNET_13 has a frontside min_layer M1 that is outside the global min/max layer range M2 - M7. (ZRT-798)
Warning: Net u_datapath/u_gamma_correction/CTS_ZCTSNET_14 has a frontside min_layer M1 that is outside the global min/max layer range M2 - M7. (ZRT-798)
Warning: Net u_datapath/u_gamma_correction/CTS_ZCTSNET_15 has a frontside min_layer M1 that is outside the global min/max layer range M2 - M7. (ZRT-798)
Warning: Net u_datapath/u_gamma_correction/CTS_ZCTSNET_16 has a frontside min_layer M1 that is outside the global min/max layer range M2 - M7. (ZRT-798)
Warning: Net u_datapath/u_gamma_correction/CTS_ZCTSNET_18 has a frontside min_layer M1 that is outside the global min/max layer range M2 - M7. (ZRT-798)
Warning: Net u_datapath/u_gamma_correction/CTS_ZCTSNET_19 has a frontside min_layer M1 that is outside the global min/max layer range M2 - M7. (ZRT-798)
Warning: Net u_datapath/u_gamma_correction/CTS_ZCTSNET_22 has a frontside min_layer M1 that is outside the global min/max layer range M2 - M7. (ZRT-798)
Warning: Net u_datapath/u_gamma_correction/CTS_ZCTSNET_23 has a frontside min_layer M1 that is outside the global min/max layer range M2 - M7. (ZRT-798)
Warning: Net u_datapath/u_gamma_correction/CTS_ZCTSNET_24 has a frontside min_layer M1 that is outside the global min/max layer range M2 - M7. (ZRT-798)
Warning: Net u_datapath/u_gamma_correction/CTS_ZCTSNET_25 has a frontside min_layer M1 that is outside the global min/max layer range M2 - M7. (ZRT-798)
Warning: Net u_datapath/u_gamma_correction/CTS_ZCTSNET_20 has a frontside min_layer M1 that is outside the global min/max layer range M2 - M7. (ZRT-798)
Warning: Net u_datapath/u_gamma_correction/CTS_ZCTSNET_26 has a frontside min_layer M1 that is outside the global min/max layer range M2 - M7. (ZRT-798)
Warning: Net u_datapath/u_gamma_correction/CTS_ZCTSNET_21 has a frontside min_layer M1 that is outside the global min/max layer range M2 - M7. (ZRT-798)
Warning: Net u_datapath/u_gamma_correction/u_sr_d1kx16_f166g_gamma_wrap/clock_gate_net_46 has a frontside min_layer M1 that is outside the global min/max layer range M2 - M7. (ZRT-798)
Warning: Net u_datapath/u_gamma_correction/u_sr_d1kx16_f166g_gamma_wrap/CTS_ZCTSNET_0 has a frontside min_layer M1 that is outside the global min/max layer range M2 - M7. (ZRT-798)
Warning: Net u_datapath/u_gamma_correction/u_sr_d1kx16_f166c_compensation_table_0_wrap/CTS_ZCTSNET_0 has a frontside min_layer M1 that is outside the global min/max layer range M2 - M7. (ZRT-798)
Warning: Net u_datapath/u_input_line_buffer_control/u_input_line_buffer_g/u_sr_d1kx16_f166_wrap1/clock_gate_net_46 has a frontside min_layer M1 that is outside the global min/max layer range M2 - M7. (ZRT-798)
Warning: Net u_datapath/u_input_line_buffer_control/u_input_line_buffer_g/u_sr_d1kx16_f166_wrap1/CTS_ZCTSNET_0 has a frontside min_layer M1 that is outside the global min/max layer range M2 - M7. (ZRT-798)
Warning: Net u_datapath/u_gamma_correction/u_sr_d1kx16_f166c_compensation_table_0_wrap/clock_gate_net_46 has a frontside min_layer M1 that is outside the global min/max layer range M2 - M7. (ZRT-798)
Warning: Net u_datapath/u_gamma_correction/u_sr_d1kx16_f166c_compensation_table_2_wrap/clock_gate_net_46 has a frontside min_layer M1 that is outside the global min/max layer range M2 - M7. (ZRT-798)
Warning: Net u_datapath/u_gamma_correction/u_sr_d1kx16_f166c_compensation_table_2_wrap/CTS_ZCTSNET_0 has a frontside min_layer M1 that is outside the global min/max layer range M2 - M7. (ZRT-798)
Warning: Net u_datapath/u_gamma_correction/u_sr_d1kx16_f166c_compensation_table_1_wrap/clock_gate_net_46 has a frontside min_layer M1 that is outside the global min/max layer range M2 - M7. (ZRT-798)
Warning: Net u_datapath/u_gamma_correction/u_sr_d1kx16_f166c_compensation_table_1_wrap/CTS_ZCTSNET_0 has a frontside min_layer M1 that is outside the global min/max layer range M2 - M7. (ZRT-798)
Warning: Net u_datapath/u_input_line_buffer_control/u_input_line_buffer_g/u_sr_d1kx16_f166_wrap0/clock_gate_net_46 has a frontside min_layer M1 that is outside the global min/max layer range M2 - M7. (ZRT-798)
Warning: Net u_datapath/u_input_line_buffer_control/u_input_line_buffer_g/u_sr_d1kx16_f166_wrap0/CTS_ZCTSNET_0 has a frontside min_layer M1 that is outside the global min/max layer range M2 - M7. (ZRT-798)
Warning: Net u_datapath/clock_gate_net_27 has a frontside min_layer M1 that is outside the global min/max layer range M2 - M7. (ZRT-798)
Warning: Net u_datapath/clock_gate_net_28 has a frontside min_layer M1 that is outside the global min/max layer range M2 - M7. (ZRT-798)
Warning: Net u_datapath/CTS_ZCTSNET_5 has a frontside min_layer M1 that is outside the global min/max layer range M2 - M7. (ZRT-798)
Warning: Net u_datapath/clock_gate_net_30 has a frontside min_layer M1 that is outside the global min/max layer range M2 - M7. (ZRT-798)
Warning: Net u_datapath/CTS_ZCTSNET_1 has a frontside min_layer M1 that is outside the global min/max layer range M2 - M7. (ZRT-798)
Warning: Net u_datapath/CTS_ZCTSNET_3 has a frontside min_layer M1 that is outside the global min/max layer range M2 - M7. (ZRT-798)
Warning: Net u_datapath/clock_gate_net_31 has a frontside min_layer M1 that is outside the global min/max layer range M2 - M7. (ZRT-798)
Warning: Net u_datapath/CTS_ZCTSNET_6 has a frontside min_layer M1 that is outside the global min/max layer range M2 - M7. (ZRT-798)
Warning: Net u_datapath/CTS_ZCTSNET_7 has a frontside min_layer M1 that is outside the global min/max layer range M2 - M7. (ZRT-798)
Warning: Net u_datapath/clock_gate_net_32 has a frontside min_layer M1 that is outside the global min/max layer range M2 - M7. (ZRT-798)
Warning: Net u_datapath/CTS_ZCTSNET_4 has a frontside min_layer M1 that is outside the global min/max layer range M2 - M7. (ZRT-798)
Warning: Net u_datapath/CTS_ZCTSNET_0 has a frontside min_layer M1 that is outside the global min/max layer range M2 - M7. (ZRT-798)
Warning: Net u_datapath/clock_gate_net_33 has a frontside min_layer M1 that is outside the global min/max layer range M2 - M7. (ZRT-798)
Warning: Net u_datapath/clock_gate_net_20 has a frontside min_layer M1 that is outside the global min/max layer range M2 - M7. (ZRT-798)
Warning: Net u_datapath/CTS_ZCTSNET_8 has a frontside min_layer M1 that is outside the global min/max layer range M2 - M7. (ZRT-798)
Warning: Net u_datapath/CTS_ZCTSNET_12 has a frontside min_layer M1 that is outside the global min/max layer range M2 - M7. (ZRT-798)
Warning: Net u_datapath/clock_gate_net_25 has a frontside min_layer M1 that is outside the global min/max layer range M2 - M7. (ZRT-798)
Warning: Net u_datapath/clock_gate_net_26 has a frontside min_layer M1 that is outside the global min/max layer range M2 - M7. (ZRT-798)
Warning: Net u_datapath/clock_gate_net_4411 has a frontside min_layer M1 that is outside the global min/max layer range M2 - M7. (ZRT-798)
Warning: Net u_datapath/clock_gate_net_3111 has a frontside min_layer M1 that is outside the global min/max layer range M2 - M7. (ZRT-798)
Warning: Net u_datapath/clock_gate_net_3116 has a frontside min_layer M1 that is outside the global min/max layer range M2 - M7. (ZRT-798)
Warning: Net u_datapath/clock_gate_net_3120 has a frontside min_layer M1 that is outside the global min/max layer range M2 - M7. (ZRT-798)
Warning: Net u_datapath/clock_gate_net_3126 has a frontside min_layer M1 that is outside the global min/max layer range M2 - M7. (ZRT-798)
Warning: Net u_datapath/CTS_ZCTSNET_15 has a frontside min_layer M1 that is outside the global min/max layer range M2 - M7. (ZRT-798)
Warning: Net u_datapath/clock_gate_net_4417 has a frontside min_layer M1 that is outside the global min/max layer range M2 - M7. (ZRT-798)
Warning: Net u_datapath/CTS_ZCTSNET_29 has a frontside min_layer M1 that is outside the global min/max layer range M2 - M7. (ZRT-798)
Warning: Net u_datapath/u_input_line_buffer_control/CTS_ZCTSNET_1 has a frontside min_layer M1 that is outside the global min/max layer range M2 - M7. (ZRT-798)
Warning: Net u_datapath/u_input_line_buffer_control/CTS_ZCTSNET_5 has a frontside min_layer M1 that is outside the global min/max layer range M2 - M7. (ZRT-798)
Warning: Net u_datapath/u_input_line_buffer_control/CTS_ZCTSNET_8 has a frontside min_layer M1 that is outside the global min/max layer range M2 - M7. (ZRT-798)
Warning: Net u_datapath/u_input_line_buffer_control/clock_gate_net_317 has a frontside min_layer M1 that is outside the global min/max layer range M2 - M7. (ZRT-798)
Warning: Net u_datapath/u_input_line_buffer_control/CTS_ZCTSNET_9 has a frontside min_layer M1 that is outside the global min/max layer range M2 - M7. (ZRT-798)
Warning: Net u_datapath/u_input_line_buffer_control/clock_gate_net_318 has a frontside min_layer M1 that is outside the global min/max layer range M2 - M7. (ZRT-798)
Warning: Net u_datapath/u_input_line_buffer_control/CTS_ZCTSNET_0 has a frontside min_layer M1 that is outside the global min/max layer range M2 - M7. (ZRT-798)
Warning: Net u_datapath/u_input_line_buffer_control/CTS_ZCTSNET_7 has a frontside min_layer M1 that is outside the global min/max layer range M2 - M7. (ZRT-798)
Warning: Net u_datapath/u_input_line_buffer_control/CTS_ZCTSNET_2 has a frontside min_layer M1 that is outside the global min/max layer range M2 - M7. (ZRT-798)
Warning: Net u_datapath/u_input_line_buffer_control/clock_gate_net_325 has a frontside min_layer M1 that is outside the global min/max layer range M2 - M7. (ZRT-798)
Warning: Net u_datapath/u_input_line_buffer_control/CTS_ZCTSNET_10 has a frontside min_layer M1 that is outside the global min/max layer range M2 - M7. (ZRT-798)
Warning: Net u_datapath/u_input_line_buffer_control/CTS_ZCTSNET_3 has a frontside min_layer M1 that is outside the global min/max layer range M2 - M7. (ZRT-798)
Warning: Net u_datapath/u_input_line_buffer_control/CTS_ZCTSNET_4 has a frontside min_layer M1 that is outside the global min/max layer range M2 - M7. (ZRT-798)
Warning: Net u_datapath/u_input_line_buffer_control/clock_gate_net_329 has a frontside min_layer M1 that is outside the global min/max layer range M2 - M7. (ZRT-798)
Warning: Net u_datapath/u_input_line_buffer_control/clock_gate_net_330 has a frontside min_layer M1 that is outside the global min/max layer range M2 - M7. (ZRT-798)
Warning: Net u_datapath/u_input_line_buffer_control/CTS_ZCTSNET_6 has a frontside min_layer M1 that is outside the global min/max layer range M2 - M7. (ZRT-798)
Warning: Net u_datapath/u_input_line_buffer_control/u_input_line_buffer_r/u_sr_d1kx16_f166_wrap0/clock_gate_net_46 has a frontside min_layer M1 that is outside the global min/max layer range M2 - M7. (ZRT-798)
Warning: Net u_datapath/u_input_line_buffer_control/u_input_line_buffer_r/u_sr_d1kx16_f166_wrap0/CTS_ZCTSNET_0 has a frontside min_layer M1 that is outside the global min/max layer range M2 - M7. (ZRT-798)
Warning: Net u_datapath/u_input_line_buffer_control/u_input_line_buffer_b/u_sr_d1kx16_f166_wrap1/clock_gate_net_46 has a frontside min_layer M1 that is outside the global min/max layer range M2 - M7. (ZRT-798)
Warning: Net u_datapath/u_input_line_buffer_control/u_input_line_buffer_r/u_sr_d1kx16_f166_wrap1/CTS_ZCTSNET_1 has a frontside min_layer M1 that is outside the global min/max layer range M2 - M7. (ZRT-798)
Warning: Net u_datapath/u_input_line_buffer_control/u_input_line_buffer_b/u_sr_d1kx16_f166_wrap1/CTS_ZCTSNET_0 has a frontside min_layer M1 that is outside the global min/max layer range M2 - M7. (ZRT-798)
Warning: Net u_datapath/u_input_line_buffer_control/u_input_line_buffer_r/u_sr_d1kx16_f166_wrap1/CTS_ZCTSNET_0 has a frontside min_layer M1 that is outside the global min/max layer range M2 - M7. (ZRT-798)
Warning: Net u_datapath/u_input_line_buffer_control/u_input_line_buffer_b/u_sr_d1kx16_f166_wrap0/CTS_ZCTSNET_0 has a frontside min_layer M1 that is outside the global min/max layer range M2 - M7. (ZRT-798)
Warning: Net u_datapath/u_input_line_buffer_control/u_input_line_buffer_b/u_sr_d1kx16_f166_wrap0/clock_gate_net_46 has a frontside min_layer M1 that is outside the global min/max layer range M2 - M7. (ZRT-798)
Warning: Net u_datapath/u_output_fifo_control/clock_gate_net_24 has a frontside min_layer M1 that is outside the global min/max layer range M2 - M7. (ZRT-798)
Warning: Net u_main_controller_top/u_main_controller/u_fifo_sync_d256x11_f116_ewa_mem/u_rf_d256x11_f116_wrap/clock_gate_net_45 has a frontside min_layer M1 that is outside the global min/max layer range M2 - M7. (ZRT-798)
Warning: Net u_main_controller_top/u_main_controller/u_fifo_sync_d256x11_f116_ewa_mem/u_rf_d256x11_f116_wrap/CTS_ZCTSNET_0 has a frontside min_layer M1 that is outside the global min/max layer range M2 - M7. (ZRT-798)
Warning: Net u_datapath/u_gamma_flash_fifo_control/u_load_mem_fifo/clock_gate_net_4 has a frontside min_layer M1 that is outside the global min/max layer range M2 - M7. (ZRT-798)
Warning: Net u_main_controller_top/u_main_controller/u_address_fifo/u_rf_d256x17_f166_wrap/clock_gate_net_39 has a frontside min_layer M1 that is outside the global min/max layer range M2 - M7. (ZRT-798)
Warning: Net u_main_controller_top/u_main_controller/u_address_fifo/u_rf_d256x17_f166_wrap/CTS_ZCTSNET_0 has a frontside min_layer M1 that is outside the global min/max layer range M2 - M7. (ZRT-798)
Warning: Net u_clk_gen/CTS_ZCTSNET_0 has a frontside min_layer M1 that is outside the global min/max layer range M2 - M7. (ZRT-798)
Warning: Net u_clk_gen/u_pll_mux/sys_clk_neg has a frontside min_layer M1 that is outside the global min/max layer range M2 - M7. (ZRT-798)
Warning: Net u_clk_gen/u_pll_mux/pll1_out_neg has a frontside min_layer M1 that is outside the global min/max layer range M2 - M7. (ZRT-798)
Warning: Net u_clk_gen/u_pll_mux/pll2_out_neg has a frontside min_layer M1 that is outside the global min/max layer range M2 - M7. (ZRT-798)
Warning: Net u_datapath/u_output_fifo_control/u_output_fifo_0/CTS_ZCTSNET_0 has a frontside min_layer M1 that is outside the global min/max layer range M2 - M7. (ZRT-798)
Warning: Net u_clk_gen/CTS_ZCTSNET_5 has a frontside min_layer M1 that is outside the global min/max layer range M2 - M7. (ZRT-798)
Warning: Net u_datapath/u_output_fifo_control/u_output_fifo_0/CTS_ZCTSNET_2 has a frontside min_layer M1 that is outside the global min/max layer range M2 - M7. (ZRT-798)
Warning: Net u_datapath/u_output_fifo_control/u_output_fifo_0/CTS_ZCTSNET_1 has a frontside min_layer M1 that is outside the global min/max layer range M2 - M7. (ZRT-798)
Warning: Net u_datapath/u_output_fifo_control/u_output_fifo_1/CTS_ZCTSNET_1 has a frontside min_layer M1 that is outside the global min/max layer range M2 - M7. (ZRT-798)
Warning: Net u_datapath/u_output_fifo_control/u_output_fifo_1/CTS_ZCTSNET_0 has a frontside min_layer M1 that is outside the global min/max layer range M2 - M7. (ZRT-798)
Warning: Net u_datapath/u_output_fifo_control/u_output_fifo_1/CTS_ZCTSNET_2 has a frontside min_layer M1 that is outside the global min/max layer range M2 - M7. (ZRT-798)
Warning: Net u_datapath/u_gamma_flash_fifo_control/clock_gate_net_4 has a frontside min_layer M1 that is outside the global min/max layer range M2 - M7. (ZRT-798)
Warning: Net u_main_controller_top/u_main_controller/u_fifo_sync_d16x50_f116_ptr_ud_fifo/clock_gate_net_1 has a frontside min_layer M1 that is outside the global min/max layer range M2 - M7. (ZRT-798)
Warning: Net u_main_controller_top/u_main_controller/u_fifo_sync_d16x50_f116_ptr_ud_fifo/clock_gate_net_2 has a frontside min_layer M1 that is outside the global min/max layer range M2 - M7. (ZRT-798)
Warning: Net u_main_controller_top/u_main_controller/u_fifo_sync_d16x50_f116_ptr_ud_fifo/clock_gate_net_3 has a frontside min_layer M1 that is outside the global min/max layer range M2 - M7. (ZRT-798)
Warning: Net u_datapath/u_output_fifo_control/u_output_fifo_0/u_sr_d1kx32_f233_wrap/clock_gate_net_46 has a frontside min_layer M1 that is outside the global min/max layer range M2 - M7. (ZRT-798)
Warning: Net u_datapath/u_output_fifo_control/u_output_fifo_0/u_sr_d1kx32_f233_wrap/CTS_ZCTSNET_0 has a frontside min_layer M1 that is outside the global min/max layer range M2 - M7. (ZRT-798)
Warning: Net u_datapath/u_output_fifo_control/u_output_fifo_1/u_sr_d1kx32_f233_wrap/clock_gate_net_46 has a frontside min_layer M1 that is outside the global min/max layer range M2 - M7. (ZRT-798)
Warning: Net u_datapath/u_output_fifo_control/u_output_fifo_1/u_sr_d1kx32_f233_wrap/CTS_ZCTSNET_0 has a frontside min_layer M1 that is outside the global min/max layer range M2 - M7. (ZRT-798)
Warning: Net u_main_controller_top/u_main_controller/u_fifo_sync_d64x29_f116_ctrl_fifo/clock_gate_net_1 has a frontside min_layer M1 that is outside the global min/max layer range M2 - M7. (ZRT-798)
Warning: Net u_main_controller_top/u_main_controller/u_fifo_sync_d64x29_f116_ctrl_fifo/clock_gate_net_2 has a frontside min_layer M1 that is outside the global min/max layer range M2 - M7. (ZRT-798)
Warning: Net u_main_controller_top/u_main_controller/u_fifo_sync_d64x29_f116_ctrl_fifo/clock_gate_net_3 has a frontside min_layer M1 that is outside the global min/max layer range M2 - M7. (ZRT-798)
Warning: Net u_main_controller_top/u_main_controller/u_address_fifo/CTS_ZCTSNET_2 has a frontside min_layer M1 that is outside the global min/max layer range M2 - M7. (ZRT-798)
Warning: Net u_main_controller_top/u_main_controller/u_address_fifo/CTS_ZCTSNET_0 has a frontside min_layer M1 that is outside the global min/max layer range M2 - M7. (ZRT-798)
Warning: Net u_main_controller_top/u_main_controller/u_fifo_sync_d256x11_f116_ewa_mem/CTS_ZCTSNET_0 has a frontside min_layer M1 that is outside the global min/max layer range M2 - M7. (ZRT-798)
Warning: Net u_main_controller_top/u_main_controller/u_address_fifo/CTS_ZCTSNET_1 has a frontside min_layer M1 that is outside the global min/max layer range M2 - M7. (ZRT-798)
Warning: Net u_main_controller_top/u_main_controller/u_fifo_sync_d256x11_f116_ewa_mem/CTS_ZCTSNET_1 has a frontside min_layer M1 that is outside the global min/max layer range M2 - M7. (ZRT-798)
Warning: Net u_main_controller_top/u_main_controller/u_fifo_sync_d256x11_f116_ewa_mem/CTS_ZCTSNET_2 has a frontside min_layer M1 that is outside the global min/max layer range M2 - M7. (ZRT-798)
Warning: Net u_main_controller_top/u_main_controller/CTS_ZCTSNET_93 has a frontside min_layer M1 that is outside the global min/max layer range M2 - M7. (ZRT-798)
Warning: Net u_main_controller_top/u_main_controller/CTS_ZCTSNET_30 has a frontside min_layer M1 that is outside the global min/max layer range M2 - M7. (ZRT-798)
Warning: Net u_main_controller_top/u_main_controller/CTS_ZCTSNET_10 has a frontside min_layer M1 that is outside the global min/max layer range M2 - M7. (ZRT-798)
Warning: Net u_main_controller_top/u_main_controller/CTS_ZCTSNET_31 has a frontside min_layer M1 that is outside the global min/max layer range M2 - M7. (ZRT-798)
Warning: Net u_main_controller_top/u_main_controller/CTS_ZCTSNET_66 has a frontside min_layer M1 that is outside the global min/max layer range M2 - M7. (ZRT-798)
Warning: Net u_main_controller_top/u_main_controller/clock_gate_net_3672 has a frontside min_layer M1 that is outside the global min/max layer range M2 - M7. (ZRT-798)
Warning: Net u_main_controller_top/u_main_controller/CTS_ZCTSNET_75 has a frontside min_layer M1 that is outside the global min/max layer range M2 - M7. (ZRT-798)
Warning: Net u_main_controller_top/u_main_controller/CTS_ZCTSNET_74 has a frontside min_layer M1 that is outside the global min/max layer range M2 - M7. (ZRT-798)
Warning: Net u_main_controller_top/u_main_controller/CTS_ZCTSNET_69 has a frontside min_layer M1 that is outside the global min/max layer range M2 - M7. (ZRT-798)
Warning: Net u_main_controller_top/u_main_controller/CTS_ZCTSNET_63 has a frontside min_layer M1 that is outside the global min/max layer range M2 - M7. (ZRT-798)
Warning: Net u_main_controller_top/u_main_controller/CTS_ZCTSNET_12 has a frontside min_layer M1 that is outside the global min/max layer range M2 - M7. (ZRT-798)
Warning: Net u_main_controller_top/u_main_controller/CTS_ZCTSNET_62 has a frontside min_layer M1 that is outside the global min/max layer range M2 - M7. (ZRT-798)
Warning: Net u_main_controller_top/u_main_controller/CTS_ZCTSNET_77 has a frontside min_layer M1 that is outside the global min/max layer range M2 - M7. (ZRT-798)
Warning: Net u_main_controller_top/u_main_controller/CTS_ZCTSNET_20 has a frontside min_layer M1 that is outside the global min/max layer range M2 - M7. (ZRT-798)
Warning: Net u_main_controller_top/u_main_controller/CTS_ZCTSNET_11 has a frontside min_layer M1 that is outside the global min/max layer range M2 - M7. (ZRT-798)
Warning: Net u_main_controller_top/u_main_controller/CTS_ZCTSNET_80 has a frontside min_layer M1 that is outside the global min/max layer range M2 - M7. (ZRT-798)
Warning: Net u_main_controller_top/u_main_controller/CTS_ZCTSNET_56 has a frontside min_layer M1 that is outside the global min/max layer range M2 - M7. (ZRT-798)
Warning: Net u_main_controller_top/u_main_controller/CTS_ZCTSNET_21 has a frontside min_layer M1 that is outside the global min/max layer range M2 - M7. (ZRT-798)
Warning: Net u_main_controller_top/u_main_controller/CTS_ZCTSNET_57 has a frontside min_layer M1 that is outside the global min/max layer range M2 - M7. (ZRT-798)
Warning: Net u_main_controller_top/u_main_controller/CTS_ZCTSNET_82 has a frontside min_layer M1 that is outside the global min/max layer range M2 - M7. (ZRT-798)
Warning: Net u_main_controller_top/u_main_controller/CTS_ZCTSNET_22 has a frontside min_layer M1 that is outside the global min/max layer range M2 - M7. (ZRT-798)
Warning: Net u_main_controller_top/u_main_controller/clock_gate_net_3727 has a frontside min_layer M1 that is outside the global min/max layer range M2 - M7. (ZRT-798)
Warning: Net u_main_controller_top/u_main_controller/CTS_ZCTSNET_23 has a frontside min_layer M1 that is outside the global min/max layer range M2 - M7. (ZRT-798)
Warning: Net u_main_controller_top/u_main_controller/clock_gate_net_3760 has a frontside min_layer M1 that is outside the global min/max layer range M2 - M7. (ZRT-798)
Warning: Net u_main_controller_top/u_main_controller/CTS_ZCTSNET_55 has a frontside min_layer M1 that is outside the global min/max layer range M2 - M7. (ZRT-798)
Warning: Net u_main_controller_top/u_main_controller/CTS_ZCTSNET_24 has a frontside min_layer M1 that is outside the global min/max layer range M2 - M7. (ZRT-798)
Warning: Net u_main_controller_top/u_main_controller/clock_gate_net_3761 has a frontside min_layer M1 that is outside the global min/max layer range M2 - M7. (ZRT-798)
Warning: Net u_main_controller_top/u_main_controller/CTS_ZCTSNET_32 has a frontside min_layer M1 that is outside the global min/max layer range M2 - M7. (ZRT-798)
Warning: Net u_main_controller_top/u_main_controller/clock_gate_net_3675 has a frontside min_layer M1 that is outside the global min/max layer range M2 - M7. (ZRT-798)
Warning: Net u_main_controller_top/u_main_controller/CTS_ZCTSNET_25 has a frontside min_layer M1 that is outside the global min/max layer range M2 - M7. (ZRT-798)
Warning: Net u_main_controller_top/u_main_controller/CTS_ZCTSNET_1 has a frontside min_layer M1 that is outside the global min/max layer range M2 - M7. (ZRT-798)
Warning: Net u_main_controller_top/u_main_controller/CTS_ZCTSNET_59 has a frontside min_layer M1 that is outside the global min/max layer range M2 - M7. (ZRT-798)
Warning: Net u_main_controller_top/u_main_controller/clock_gate_net_3676 has a frontside min_layer M1 that is outside the global min/max layer range M2 - M7. (ZRT-798)
Warning: Net u_main_controller_top/u_main_controller/CTS_ZCTSNET_27 has a frontside min_layer M1 that is outside the global min/max layer range M2 - M7. (ZRT-798)
Warning: Net u_main_controller_top/u_main_controller/clock_gate_net_3763 has a frontside min_layer M1 that is outside the global min/max layer range M2 - M7. (ZRT-798)
Warning: Net u_main_controller_top/u_main_controller/CTS_ZCTSNET_76 has a frontside min_layer M1 that is outside the global min/max layer range M2 - M7. (ZRT-798)
Warning: Net u_main_controller_top/u_main_controller/CTS_ZCTSNET_28 has a frontside min_layer M1 that is outside the global min/max layer range M2 - M7. (ZRT-798)
Warning: Net u_main_controller_top/u_main_controller/CTS_ZCTSNET_60 has a frontside min_layer M1 that is outside the global min/max layer range M2 - M7. (ZRT-798)
Warning: Net u_main_controller_top/u_main_controller/CTS_ZCTSNET_79 has a frontside min_layer M1 that is outside the global min/max layer range M2 - M7. (ZRT-798)
Warning: Net u_main_controller_top/u_main_controller/clock_gate_net_3764 has a frontside min_layer M1 that is outside the global min/max layer range M2 - M7. (ZRT-798)
Warning: Net u_main_controller_top/u_main_controller/CTS_ZCTSNET_13 has a frontside min_layer M1 that is outside the global min/max layer range M2 - M7. (ZRT-798)
Warning: Net u_main_controller_top/u_main_controller/CTS_ZCTSNET_61 has a frontside min_layer M1 that is outside the global min/max layer range M2 - M7. (ZRT-798)
Warning: Net u_main_controller_top/u_main_controller/CTS_ZCTSNET_64 has a frontside min_layer M1 that is outside the global min/max layer range M2 - M7. (ZRT-798)
Warning: Net u_main_controller_top/u_main_controller/CTS_ZCTSNET_14 has a frontside min_layer M1 that is outside the global min/max layer range M2 - M7. (ZRT-798)
Warning: Net u_main_controller_top/u_main_controller/CTS_ZCTSNET_33 has a frontside min_layer M1 that is outside the global min/max layer range M2 - M7. (ZRT-798)
Warning: Net u_main_controller_top/u_main_controller/CTS_ZCTSNET_15 has a frontside min_layer M1 that is outside the global min/max layer range M2 - M7. (ZRT-798)
Warning: Net u_main_controller_top/u_main_controller/CTS_ZCTSNET_34 has a frontside min_layer M1 that is outside the global min/max layer range M2 - M7. (ZRT-798)
Warning: Net u_main_controller_top/u_main_controller/CTS_ZCTSNET_16 has a frontside min_layer M1 that is outside the global min/max layer range M2 - M7. (ZRT-798)
Warning: Net u_main_controller_top/u_main_controller/clock_gate_net_3765 has a frontside min_layer M1 that is outside the global min/max layer range M2 - M7. (ZRT-798)
Warning: Net u_main_controller_top/u_main_controller/CTS_ZCTSNET_35 has a frontside min_layer M1 that is outside the global min/max layer range M2 - M7. (ZRT-798)
Warning: Net u_main_controller_top/u_main_controller/CTS_ZCTSNET_17 has a frontside min_layer M1 that is outside the global min/max layer range M2 - M7. (ZRT-798)
Warning: Net u_main_controller_top/u_main_controller/CTS_ZCTSNET_2 has a frontside min_layer M1 that is outside the global min/max layer range M2 - M7. (ZRT-798)
Warning: Net u_main_controller_top/u_main_controller/CTS_ZCTSNET_36 has a frontside min_layer M1 that is outside the global min/max layer range M2 - M7. (ZRT-798)
Warning: Net u_main_controller_top/u_main_controller/CTS_ZCTSNET_18 has a frontside min_layer M1 that is outside the global min/max layer range M2 - M7. (ZRT-798)
Warning: Net u_main_controller_top/u_main_controller/CTS_ZCTSNET_3 has a frontside min_layer M1 that is outside the global min/max layer range M2 - M7. (ZRT-798)
Warning: Net u_main_controller_top/u_main_controller/clock_gate_net_3774 has a frontside min_layer M1 that is outside the global min/max layer range M2 - M7. (ZRT-798)
Warning: Net u_main_controller_top/u_main_controller/CTS_ZCTSNET_19 has a frontside min_layer M1 that is outside the global min/max layer range M2 - M7. (ZRT-798)
Warning: Net u_main_controller_top/u_main_controller/clock_gate_net_3768 has a frontside min_layer M1 that is outside the global min/max layer range M2 - M7. (ZRT-798)
Warning: Net u_main_controller_top/u_main_controller/CTS_ZCTSNET_37 has a frontside min_layer M1 that is outside the global min/max layer range M2 - M7. (ZRT-798)
Warning: Net u_main_controller_top/u_main_controller/CTS_ZCTSNET_8 has a frontside min_layer M1 that is outside the global min/max layer range M2 - M7. (ZRT-798)
Warning: Net u_main_controller_top/u_main_controller/clock_gate_net_3711 has a frontside min_layer M1 that is outside the global min/max layer range M2 - M7. (ZRT-798)
Warning: Net u_main_controller_top/u_main_controller/clock_gate_net_3769 has a frontside min_layer M1 that is outside the global min/max layer range M2 - M7. (ZRT-798)
Warning: Net u_main_controller_top/u_main_controller/clock_gate_net_3776 has a frontside min_layer M1 that is outside the global min/max layer range M2 - M7. (ZRT-798)
Warning: Net u_main_controller_top/u_main_controller/clock_gate_net_3712 has a frontside min_layer M1 that is outside the global min/max layer range M2 - M7. (ZRT-798)
Warning: Net u_main_controller_top/u_main_controller/CTS_ZCTSNET_39 has a frontside min_layer M1 that is outside the global min/max layer range M2 - M7. (ZRT-798)
Warning: Net u_main_controller_top/u_main_controller/CTS_ZCTSNET_4 has a frontside min_layer M1 that is outside the global min/max layer range M2 - M7. (ZRT-798)
Warning: Net u_main_controller_top/u_main_controller/CTS_ZCTSNET_29 has a frontside min_layer M1 that is outside the global min/max layer range M2 - M7. (ZRT-798)
Warning: Net u_main_controller_top/u_main_controller/CTS_ZCTSNET_40 has a frontside min_layer M1 that is outside the global min/max layer range M2 - M7. (ZRT-798)
Warning: Net u_main_controller_top/u_main_controller/CTS_ZCTSNET_70 has a frontside min_layer M1 that is outside the global min/max layer range M2 - M7. (ZRT-798)
Warning: Net u_main_controller_top/u_main_controller/CTS_ZCTSNET_5 has a frontside min_layer M1 that is outside the global min/max layer range M2 - M7. (ZRT-798)
Warning: Net u_main_controller_top/u_main_controller/CTS_ZCTSNET_83 has a frontside min_layer M1 that is outside the global min/max layer range M2 - M7. (ZRT-798)
Warning: Net u_main_controller_top/u_main_controller/CTS_ZCTSNET_41 has a frontside min_layer M1 that is outside the global min/max layer range M2 - M7. (ZRT-798)
Warning: Net u_main_controller_top/u_main_controller/CTS_ZCTSNET_6 has a frontside min_layer M1 that is outside the global min/max layer range M2 - M7. (ZRT-798)
Warning: Net u_main_controller_top/u_main_controller/CTS_ZCTSNET_98 has a frontside min_layer M1 that is outside the global min/max layer range M2 - M7. (ZRT-798)
Warning: Net u_main_controller_top/u_main_controller/CTS_ZCTSNET_42 has a frontside min_layer M1 that is outside the global min/max layer range M2 - M7. (ZRT-798)
Warning: Net u_main_controller_top/u_main_controller/CTS_ZCTSNET_7 has a frontside min_layer M1 that is outside the global min/max layer range M2 - M7. (ZRT-798)
Warning: Net u_main_controller_top/u_main_controller/CTS_ZCTSNET_54 has a frontside min_layer M1 that is outside the global min/max layer range M2 - M7. (ZRT-798)
Warning: Net u_main_controller_top/u_main_controller/CTS_ZCTSNET_71 has a frontside min_layer M1 that is outside the global min/max layer range M2 - M7. (ZRT-798)
Warning: Net u_main_controller_top/u_main_controller/CTS_ZCTSNET_43 has a frontside min_layer M1 that is outside the global min/max layer range M2 - M7. (ZRT-798)
Warning: Net u_main_controller_top/u_main_controller/CTS_ZCTSNET_78 has a frontside min_layer M1 that is outside the global min/max layer range M2 - M7. (ZRT-798)
Warning: Net u_main_controller_top/u_main_controller/CTS_ZCTSNET_44 has a frontside min_layer M1 that is outside the global min/max layer range M2 - M7. (ZRT-798)
Warning: Net u_main_controller_top/u_main_controller/clock_gate_net_3806 has a frontside min_layer M1 that is outside the global min/max layer range M2 - M7. (ZRT-798)
Warning: Net u_main_controller_top/u_main_controller/CTS_ZCTSNET_81 has a frontside min_layer M1 that is outside the global min/max layer range M2 - M7. (ZRT-798)
Warning: Net u_main_controller_top/u_main_controller/clock_gate_net_3717 has a frontside min_layer M1 that is outside the global min/max layer range M2 - M7. (ZRT-798)
Warning: Net u_main_controller_top/u_main_controller/CTS_ZCTSNET_9 has a frontside min_layer M1 that is outside the global min/max layer range M2 - M7. (ZRT-798)
Warning: Net u_main_controller_top/u_main_controller/clock_gate_net_3790 has a frontside min_layer M1 that is outside the global min/max layer range M2 - M7. (ZRT-798)
Warning: Net u_main_controller_top/u_main_controller/CTS_ZCTSNET_65 has a frontside min_layer M1 that is outside the global min/max layer range M2 - M7. (ZRT-798)
Warning: Net u_main_controller_top/u_main_controller/CTS_ZCTSNET_45 has a frontside min_layer M1 that is outside the global min/max layer range M2 - M7. (ZRT-798)
Warning: Net u_main_controller_top/u_main_controller/clock_gate_net_3719 has a frontside min_layer M1 that is outside the global min/max layer range M2 - M7. (ZRT-798)
Warning: Net u_main_controller_top/u_main_controller/clock_gate_net_3791 has a frontside min_layer M1 that is outside the global min/max layer range M2 - M7. (ZRT-798)
Warning: Net u_main_controller_top/u_main_controller/CTS_ZCTSNET_46 has a frontside min_layer M1 that is outside the global min/max layer range M2 - M7. (ZRT-798)
Warning: Net u_main_controller_top/u_main_controller/CTS_ZCTSNET_58 has a frontside min_layer M1 that is outside the global min/max layer range M2 - M7. (ZRT-798)
Warning: Net u_main_controller_top/u_main_controller/clock_gate_net_3817 has a frontside min_layer M1 that is outside the global min/max layer range M2 - M7. (ZRT-798)
Warning: Net u_main_controller_top/u_main_controller/clock_gate_net_3792 has a frontside min_layer M1 that is outside the global min/max layer range M2 - M7. (ZRT-798)
Warning: Net u_main_controller_top/u_main_controller/CTS_ZCTSNET_47 has a frontside min_layer M1 that is outside the global min/max layer range M2 - M7. (ZRT-798)
Warning: Net u_main_controller_top/u_main_controller/CTS_ZCTSNET_88 has a frontside min_layer M1 that is outside the global min/max layer range M2 - M7. (ZRT-798)
Warning: Net u_main_controller_top/u_main_controller/clock_gate_net_3793 has a frontside min_layer M1 that is outside the global min/max layer range M2 - M7. (ZRT-798)
Warning: Net u_main_controller_top/u_main_controller/CTS_ZCTSNET_48 has a frontside min_layer M1 that is outside the global min/max layer range M2 - M7. (ZRT-798)
Warning: Net u_main_controller_top/u_main_controller/clock_gate_net_3820 has a frontside min_layer M1 that is outside the global min/max layer range M2 - M7. (ZRT-798)
Warning: Net u_main_controller_top/u_main_controller/CTS_ZCTSNET_50 has a frontside min_layer M1 that is outside the global min/max layer range M2 - M7. (ZRT-798)
Warning: Net u_main_controller_top/u_main_controller/clock_gate_net_3794 has a frontside min_layer M1 that is outside the global min/max layer range M2 - M7. (ZRT-798)
Warning: Net u_main_controller_top/u_main_controller/CTS_ZCTSNET_86 has a frontside min_layer M1 that is outside the global min/max layer range M2 - M7. (ZRT-798)
Warning: Net u_main_controller_top/u_main_controller/clock_gate_net_3795 has a frontside min_layer M1 that is outside the global min/max layer range M2 - M7. (ZRT-798)
Warning: Net u_main_controller_top/u_main_controller/clock_gate_net_3822 has a frontside min_layer M1 that is outside the global min/max layer range M2 - M7. (ZRT-798)
Warning: Net u_main_controller_top/u_main_controller/clock_gate_net_3796 has a frontside min_layer M1 that is outside the global min/max layer range M2 - M7. (ZRT-798)
Warning: Net u_main_controller_top/u_main_controller/CTS_ZCTSNET_67 has a frontside min_layer M1 that is outside the global min/max layer range M2 - M7. (ZRT-798)
Warning: Net u_main_controller_top/u_main_controller/clock_gate_net_3797 has a frontside min_layer M1 that is outside the global min/max layer range M2 - M7. (ZRT-798)
Warning: Net u_main_controller_top/u_main_controller/CTS_ZCTSNET_51 has a frontside min_layer M1 that is outside the global min/max layer range M2 - M7. (ZRT-798)
Warning: Net u_main_controller_top/u_main_controller/clock_gate_net_3824 has a frontside min_layer M1 that is outside the global min/max layer range M2 - M7. (ZRT-798)
Warning: Net u_main_controller_top/u_main_controller/clock_gate_net_3798 has a frontside min_layer M1 that is outside the global min/max layer range M2 - M7. (ZRT-798)
Warning: Net u_main_controller_top/u_main_controller/clock_gate_net_3825 has a frontside min_layer M1 that is outside the global min/max layer range M2 - M7. (ZRT-798)
Warning: Net u_main_controller_top/u_main_controller/CTS_ZCTSNET_52 has a frontside min_layer M1 that is outside the global min/max layer range M2 - M7. (ZRT-798)
Warning: Net u_main_controller_top/u_main_controller/clock_gate_net_3799 has a frontside min_layer M1 that is outside the global min/max layer range M2 - M7. (ZRT-798)
Warning: Net u_main_controller_top/u_main_controller/CTS_ZCTSNET_84 has a frontside min_layer M1 that is outside the global min/max layer range M2 - M7. (ZRT-798)
Warning: Net u_main_controller_top/u_main_controller/CTS_ZCTSNET_53 has a frontside min_layer M1 that is outside the global min/max layer range M2 - M7. (ZRT-798)
Warning: Net u_main_controller_top/u_main_controller/clock_gate_net_3800 has a frontside min_layer M1 that is outside the global min/max layer range M2 - M7. (ZRT-798)
Warning: Net u_main_controller_top/u_main_controller/clock_gate_net_3827 has a frontside min_layer M1 that is outside the global min/max layer range M2 - M7. (ZRT-798)
Warning: Net u_main_controller_top/u_main_controller/clock_gate_net_3752 has a frontside min_layer M1 that is outside the global min/max layer range M2 - M7. (ZRT-798)
Warning: Net u_main_controller_top/u_main_controller/clock_gate_net_3801 has a frontside min_layer M1 that is outside the global min/max layer range M2 - M7. (ZRT-798)
Warning: Net u_main_controller_top/u_main_controller/CTS_ZCTSNET_72 has a frontside min_layer M1 that is outside the global min/max layer range M2 - M7. (ZRT-798)
Warning: Net u_main_controller_top/u_main_controller/CTS_ZCTSNET_105 has a frontside min_layer M1 that is outside the global min/max layer range M2 - M7. (ZRT-798)
Warning: Net u_main_controller_top/u_main_controller/clock_gate_net_3802 has a frontside min_layer M1 that is outside the global min/max layer range M2 - M7. (ZRT-798)
Warning: Net u_main_controller_top/u_main_controller/CTS_ZCTSNET_68 has a frontside min_layer M1 that is outside the global min/max layer range M2 - M7. (ZRT-798)
Warning: Net u_main_controller_top/u_main_controller/clock_gate_net_3803 has a frontside min_layer M1 that is outside the global min/max layer range M2 - M7. (ZRT-798)
Warning: Net u_main_controller_top/u_main_controller/clock_gate_net_3804 has a frontside min_layer M1 that is outside the global min/max layer range M2 - M7. (ZRT-798)
Warning: Net u_main_controller_top/u_main_controller/clock_gate_net_3805 has a frontside min_layer M1 that is outside the global min/max layer range M2 - M7. (ZRT-798)
Warning: Net u_main_controller_top/u_main_controller/clock_gate_net_23446 has a frontside min_layer M1 that is outside the global min/max layer range M2 - M7. (ZRT-798)
Warning: Net u_main_controller_top/u_main_controller/CTS_ZCTSNET_0 has a frontside min_layer M1 that is outside the global min/max layer range M2 - M7. (ZRT-798)
Warning: Net u_main_controller_top/u_main_controller/clock_gate_net_23452 has a frontside min_layer M1 that is outside the global min/max layer range M2 - M7. (ZRT-798)
Warning: Net u_main_controller_top/u_main_controller/CTS_ZCTSNET_26 has a frontside min_layer M1 that is outside the global min/max layer range M2 - M7. (ZRT-798)
Warning: Net CTS_ZCTSNET_0 has a frontside min_layer M1 that is outside the global min/max layer range M2 - M7. (ZRT-798)
Warning: Net u_main_controller_top/u_main_controller/u_sr_d512x72f116_MM0_wrap/CTS_ZCTSNET_0 has a frontside min_layer M1 that is outside the global min/max layer range M2 - M7. (ZRT-798)
Warning: Net u_main_controller_top/u_main_controller/u_sr_d512x72f116_MMS0_wrap/CTS_ZCTSNET_0 has a frontside min_layer M1 that is outside the global min/max layer range M2 - M7. (ZRT-798)
Warning: Net u_datapath/u_gamma_correction/CTS_ZCTSNET_1 has a frontside min_layer M1 that is outside the global min/max layer range M2 - M7. (ZRT-798)
Warning: Net u_main_controller_top/u_main_controller/u_sr_d512x72f116_MMS1_wrap/CTS_ZCTSNET_0 has a frontside min_layer M1 that is outside the global min/max layer range M2 - M7. (ZRT-798)
Warning: Net CTS_ZCTSNET_1 has a frontside min_layer M1 that is outside the global min/max layer range M2 - M7. (ZRT-798)
Warning: Net u_datapath/u_gamma_correction/CTS_ZCTSNET_31 has a frontside min_layer M1 that is outside the global min/max layer range M2 - M7. (ZRT-798)
Warning: Net CTS_ZCTSNET_2 has a frontside min_layer M1 that is outside the global min/max layer range M2 - M7. (ZRT-798)
Warning: Net u_main_controller_top/u_main_controller/u_sr_d512x72f116_MMS2_wrap/CTS_ZCTSNET_0 has a frontside min_layer M1 that is outside the global min/max layer range M2 - M7. (ZRT-798)
Warning: Net CTS_ZCTSNET_3 has a frontside min_layer M1 that is outside the global min/max layer range M2 - M7. (ZRT-798)
Warning: Net u_datapath/u_gamma_correction/CTS_ZCTSNET_52 has a frontside min_layer M1 that is outside the global min/max layer range M2 - M7. (ZRT-798)
Warning: Net u_datapath/u_gamma_correction/CTS_ZCTSNET_38 has a frontside min_layer M1 that is outside the global min/max layer range M2 - M7. (ZRT-798)
Warning: Net u_datapath/u_pixel_in_buffer/CTS_ZCTSNET_0 has a frontside min_layer M1 that is outside the global min/max layer range M2 - M7. (ZRT-798)
Warning: Net CTS_ZCTSNET_4 has a frontside min_layer M1 that is outside the global min/max layer range M2 - M7. (ZRT-798)
Warning: Net u_datapath/u_gamma_correction/CTS_ZCTSNET_39 has a frontside min_layer M1 that is outside the global min/max layer range M2 - M7. (ZRT-798)
Warning: Net u_datapath/u_gamma_correction/CTS_ZCTSNET_53 has a frontside min_layer M1 that is outside the global min/max layer range M2 - M7. (ZRT-798)
Warning: Net u_main_controller_top/u_main_controller/CTS_ZCTSNET_38 has a frontside min_layer M1 that is outside the global min/max layer range M2 - M7. (ZRT-798)
Warning: Net u_main_controller_top/u_main_controller/CTS_ZCTSNET_49 has a frontside min_layer M1 that is outside the global min/max layer range M2 - M7. (ZRT-798)
Warning: Net u_datapath/u_gamma_correction/CTS_ZCTSNET_40 has a frontside min_layer M1 that is outside the global min/max layer range M2 - M7. (ZRT-798)
Warning: Net u_datapath/u_gamma_correction/CTS_ZCTSNET_54 has a frontside min_layer M1 that is outside the global min/max layer range M2 - M7. (ZRT-798)
Warning: Net CTS_ZCTSNET_5 has a frontside min_layer M1 that is outside the global min/max layer range M2 - M7. (ZRT-798)
Warning: Net u_datapath/u_gamma_correction/CTS_ZCTSNET_41 has a frontside min_layer M1 that is outside the global min/max layer range M2 - M7. (ZRT-798)
Warning: Net CTS_ZCTSNET_6 has a frontside min_layer M1 that is outside the global min/max layer range M2 - M7. (ZRT-798)
Warning: Net u_datapath/u_gamma_correction/CTS_ZCTSNET_80 has a frontside min_layer M1 that is outside the global min/max layer range M2 - M7. (ZRT-798)
Warning: Net u_main_controller_top/CTS_ZCTSNET_0 has a frontside min_layer M1 that is outside the global min/max layer range M2 - M7. (ZRT-798)
Warning: Net u_datapath/u_gamma_correction/CTS_ZCTSNET_55 has a frontside min_layer M1 that is outside the global min/max layer range M2 - M7. (ZRT-798)
Warning: Net u_main_controller_top/CTS_ZCTSNET_1 has a frontside min_layer M1 that is outside the global min/max layer range M2 - M7. (ZRT-798)
Warning: Net u_datapath/u_gamma_correction/CTS_ZCTSNET_56 has a frontside min_layer M1 that is outside the global min/max layer range M2 - M7. (ZRT-798)
Warning: Net u_main_controller_top/CTS_ZCTSNET_2 has a frontside min_layer M1 that is outside the global min/max layer range M2 - M7. (ZRT-798)
Warning: Net u_datapath/u_gamma_correction/CTS_ZCTSNET_81 has a frontside min_layer M1 that is outside the global min/max layer range M2 - M7. (ZRT-798)
Warning: Net u_datapath/u_gamma_correction/CTS_ZCTSNET_42 has a frontside min_layer M1 that is outside the global min/max layer range M2 - M7. (ZRT-798)
Warning: Net u_main_controller_top/CTS_ZCTSNET_3 has a frontside min_layer M1 that is outside the global min/max layer range M2 - M7. (ZRT-798)
Warning: Net u_datapath/u_gamma_correction/CTS_ZCTSNET_57 has a frontside min_layer M1 that is outside the global min/max layer range M2 - M7. (ZRT-798)
Warning: Net u_datapath/u_gamma_correction/CTS_ZCTSNET_43 has a frontside min_layer M1 that is outside the global min/max layer range M2 - M7. (ZRT-798)
Warning: Net u_datapath/u_gamma_correction/CTS_ZCTSNET_82 has a frontside min_layer M1 that is outside the global min/max layer range M2 - M7. (ZRT-798)
Warning: Net CTS_ZCTSNET_7 has a frontside min_layer M1 that is outside the global min/max layer range M2 - M7. (ZRT-798)
Warning: Net u_datapath/u_gamma_correction/CTS_ZCTSNET_44 has a frontside min_layer M1 that is outside the global min/max layer range M2 - M7. (ZRT-798)
Warning: Net u_datapath/u_gamma_correction/CTS_ZCTSNET_83 has a frontside min_layer M1 that is outside the global min/max layer range M2 - M7. (ZRT-798)
Warning: Net u_datapath/u_gamma_correction/CTS_ZCTSNET_58 has a frontside min_layer M1 that is outside the global min/max layer range M2 - M7. (ZRT-798)
Warning: Net u_datapath/u_gamma_correction/CTS_ZCTSNET_45 has a frontside min_layer M1 that is outside the global min/max layer range M2 - M7. (ZRT-798)
Warning: Net u_datapath/u_gamma_correction/CTS_ZCTSNET_84 has a frontside min_layer M1 that is outside the global min/max layer range M2 - M7. (ZRT-798)
Warning: Net u_datapath/u_gamma_correction/CTS_ZCTSNET_46 has a frontside min_layer M1 that is outside the global min/max layer range M2 - M7. (ZRT-798)
Warning: Net CTS_ZCTSNET_8 has a frontside min_layer M1 that is outside the global min/max layer range M2 - M7. (ZRT-798)
Warning: Net u_datapath/u_gamma_correction/CTS_ZCTSNET_59 has a frontside min_layer M1 that is outside the global min/max layer range M2 - M7. (ZRT-798)
Warning: Net u_datapath/u_gamma_correction/CTS_ZCTSNET_85 has a frontside min_layer M1 that is outside the global min/max layer range M2 - M7. (ZRT-798)
Warning: Net u_datapath/CTS_ZCTSNET_2 has a frontside min_layer M1 that is outside the global min/max layer range M2 - M7. (ZRT-798)
Warning: Net u_datapath/u_gamma_correction/CTS_ZCTSNET_60 has a frontside min_layer M1 that is outside the global min/max layer range M2 - M7. (ZRT-798)
Warning: Net u_datapath/u_gamma_correction/CTS_ZCTSNET_47 has a frontside min_layer M1 that is outside the global min/max layer range M2 - M7. (ZRT-798)
Warning: Net u_datapath/u_gamma_correction/CTS_ZCTSNET_61 has a frontside min_layer M1 that is outside the global min/max layer range M2 - M7. (ZRT-798)
Warning: Net u_datapath/u_gamma_correction/CTS_ZCTSNET_5 has a frontside min_layer M1 that is outside the global min/max layer range M2 - M7. (ZRT-798)
Warning: Net u_datapath/u_gamma_correction/CTS_ZCTSNET_48 has a frontside min_layer M1 that is outside the global min/max layer range M2 - M7. (ZRT-798)
Warning: Net u_datapath/u_gamma_correction/CTS_ZCTSNET_86 has a frontside min_layer M1 that is outside the global min/max layer range M2 - M7. (ZRT-798)
Warning: Net u_datapath/u_gamma_correction/CTS_ZCTSNET_62 has a frontside min_layer M1 that is outside the global min/max layer range M2 - M7. (ZRT-798)
Warning: Net u_datapath/u_gamma_correction/CTS_ZCTSNET_49 has a frontside min_layer M1 that is outside the global min/max layer range M2 - M7. (ZRT-798)
Warning: Net u_datapath/u_gamma_correction/CTS_ZCTSNET_63 has a frontside min_layer M1 that is outside the global min/max layer range M2 - M7. (ZRT-798)
Warning: Net u_datapath/u_gamma_correction/CTS_ZCTSNET_50 has a frontside min_layer M1 that is outside the global min/max layer range M2 - M7. (ZRT-798)
Warning: Net u_datapath/u_gamma_correction/CTS_ZCTSNET_64 has a frontside min_layer M1 that is outside the global min/max layer range M2 - M7. (ZRT-798)
Warning: Net u_datapath/u_gamma_correction/CTS_ZCTSNET_87 has a frontside min_layer M1 that is outside the global min/max layer range M2 - M7. (ZRT-798)
Warning: Net u_datapath/u_gamma_correction/CTS_ZCTSNET_51 has a frontside min_layer M1 that is outside the global min/max layer range M2 - M7. (ZRT-798)
Warning: Net u_datapath/u_gamma_correction/CTS_ZCTSNET_65 has a frontside min_layer M1 that is outside the global min/max layer range M2 - M7. (ZRT-798)
Warning: Net u_datapath/u_gamma_correction/CTS_ZCTSNET_88 has a frontside min_layer M1 that is outside the global min/max layer range M2 - M7. (ZRT-798)
Warning: Net u_datapath/u_gamma_correction/CTS_ZCTSNET_27 has a frontside min_layer M1 that is outside the global min/max layer range M2 - M7. (ZRT-798)
Warning: Net u_datapath/u_gamma_correction/CTS_ZCTSNET_89 has a frontside min_layer M1 that is outside the global min/max layer range M2 - M7. (ZRT-798)
Warning: Net u_datapath/u_gamma_correction/CTS_ZCTSNET_93 has a frontside min_layer M1 that is outside the global min/max layer range M2 - M7. (ZRT-798)
Warning: Net u_datapath/u_gamma_correction/CTS_ZCTSNET_29 has a frontside min_layer M1 that is outside the global min/max layer range M2 - M7. (ZRT-798)
Warning: Net u_datapath/u_gamma_correction/CTS_ZCTSNET_69 has a frontside min_layer M1 that is outside the global min/max layer range M2 - M7. (ZRT-798)
Warning: Net u_datapath/u_gamma_correction/CTS_ZCTSNET_94 has a frontside min_layer M1 that is outside the global min/max layer range M2 - M7. (ZRT-798)
Warning: Net u_datapath/u_gamma_correction/CTS_ZCTSNET_30 has a frontside min_layer M1 that is outside the global min/max layer range M2 - M7. (ZRT-798)
Warning: Net u_datapath/u_gamma_correction/CTS_ZCTSNET_70 has a frontside min_layer M1 that is outside the global min/max layer range M2 - M7. (ZRT-798)
Warning: Net u_datapath/u_gamma_correction/CTS_ZCTSNET_95 has a frontside min_layer M1 that is outside the global min/max layer range M2 - M7. (ZRT-798)
Warning: Net u_datapath/u_gamma_correction/CTS_ZCTSNET_71 has a frontside min_layer M1 that is outside the global min/max layer range M2 - M7. (ZRT-798)
Warning: Net u_datapath/u_gamma_correction/CTS_ZCTSNET_90 has a frontside min_layer M1 that is outside the global min/max layer range M2 - M7. (ZRT-798)
Warning: Net u_datapath/u_gamma_correction/CTS_ZCTSNET_96 has a frontside min_layer M1 that is outside the global min/max layer range M2 - M7. (ZRT-798)
Warning: Net u_datapath/u_gamma_correction/CTS_ZCTSNET_72 has a frontside min_layer M1 that is outside the global min/max layer range M2 - M7. (ZRT-798)
Warning: Net u_datapath/u_gamma_correction/CTS_ZCTSNET_97 has a frontside min_layer M1 that is outside the global min/max layer range M2 - M7. (ZRT-798)
Warning: Net u_datapath/u_gamma_correction/CTS_ZCTSNET_102 has a frontside min_layer M1 that is outside the global min/max layer range M2 - M7. (ZRT-798)
Warning: Net u_datapath/u_gamma_correction/CTS_ZCTSNET_91 has a frontside min_layer M1 that is outside the global min/max layer range M2 - M7. (ZRT-798)
Warning: Net u_datapath/u_gamma_correction/CTS_ZCTSNET_73 has a frontside min_layer M1 that is outside the global min/max layer range M2 - M7. (ZRT-798)
Warning: Net u_datapath/u_gamma_correction/CTS_ZCTSNET_74 has a frontside min_layer M1 that is outside the global min/max layer range M2 - M7. (ZRT-798)
Warning: Net u_datapath/u_gamma_correction/CTS_ZCTSNET_103 has a frontside min_layer M1 that is outside the global min/max layer range M2 - M7. (ZRT-798)
Warning: Net u_datapath/u_gamma_correction/CTS_ZCTSNET_92 has a frontside min_layer M1 that is outside the global min/max layer range M2 - M7. (ZRT-798)
Warning: Net u_datapath/u_gamma_correction/CTS_ZCTSNET_75 has a frontside min_layer M1 that is outside the global min/max layer range M2 - M7. (ZRT-798)
Warning: Net u_datapath/u_gamma_correction/CTS_ZCTSNET_104 has a frontside min_layer M1 that is outside the global min/max layer range M2 - M7. (ZRT-798)
Warning: Net u_datapath/u_gamma_correction/CTS_ZCTSNET_98 has a frontside min_layer M1 that is outside the global min/max layer range M2 - M7. (ZRT-798)
Warning: Net u_datapath/u_gamma_correction/CTS_ZCTSNET_76 has a frontside min_layer M1 that is outside the global min/max layer range M2 - M7. (ZRT-798)
Warning: Net u_main_controller_top/u_main_controller/CTS_ZCTSNET_73 has a frontside min_layer M1 that is outside the global min/max layer range M2 - M7. (ZRT-798)
Warning: Net u_datapath/u_gamma_correction/CTS_ZCTSNET_77 has a frontside min_layer M1 that is outside the global min/max layer range M2 - M7. (ZRT-798)
Warning: Net CTS_ZCTSNET_9 has a frontside min_layer M1 that is outside the global min/max layer range M2 - M7. (ZRT-798)
Warning: Net u_datapath/u_gamma_correction/CTS_ZCTSNET_78 has a frontside min_layer M1 that is outside the global min/max layer range M2 - M7. (ZRT-798)
Warning: Net u_datapath/u_gamma_correction/CTS_ZCTSNET_99 has a frontside min_layer M1 that is outside the global min/max layer range M2 - M7. (ZRT-798)
Warning: Net CTS_ZCTSNET_19 has a frontside min_layer M1 that is outside the global min/max layer range M2 - M7. (ZRT-798)
Warning: Net CTS_ZCTSNET_10 has a frontside min_layer M1 that is outside the global min/max layer range M2 - M7. (ZRT-798)
Warning: Net u_datapath/u_gamma_correction/CTS_ZCTSNET_79 has a frontside min_layer M1 that is outside the global min/max layer range M2 - M7. (ZRT-798)
Warning: Net CTS_ZCTSNET_20 has a frontside min_layer M1 that is outside the global min/max layer range M2 - M7. (ZRT-798)
Warning: Net u_main_controller_top/CTS_ZCTSNET_4 has a frontside min_layer M1 that is outside the global min/max layer range M2 - M7. (ZRT-798)
Warning: Net u_datapath/u_gamma_correction/CTS_ZCTSNET_100 has a frontside min_layer M1 that is outside the global min/max layer range M2 - M7. (ZRT-798)
Warning: Net u_main_controller_top/CTS_ZCTSNET_5 has a frontside min_layer M1 that is outside the global min/max layer range M2 - M7. (ZRT-798)
Warning: Net CTS_ZCTSNET_21 has a frontside min_layer M1 that is outside the global min/max layer range M2 - M7. (ZRT-798)
Warning: Net CTS_ZCTSNET_22 has a frontside min_layer M1 that is outside the global min/max layer range M2 - M7. (ZRT-798)
Warning: Net u_datapath/u_gamma_correction/CTS_ZCTSNET_101 has a frontside min_layer M1 that is outside the global min/max layer range M2 - M7. (ZRT-798)
Warning: Net CTS_ZCTSNET_11 has a frontside min_layer M1 that is outside the global min/max layer range M2 - M7. (ZRT-798)
Warning: Net CTS_ZCTSNET_12 has a frontside min_layer M1 that is outside the global min/max layer range M2 - M7. (ZRT-798)
Warning: Net CTS_ZCTSNET_23 has a frontside min_layer M1 that is outside the global min/max layer range M2 - M7. (ZRT-798)
Warning: Net CTS_ZCTSNET_13 has a frontside min_layer M1 that is outside the global min/max layer range M2 - M7. (ZRT-798)
Warning: Net CTS_ZCTSNET_24 has a frontside min_layer M1 that is outside the global min/max layer range M2 - M7. (ZRT-798)
Warning: Net CTS_ZCTSNET_25 has a frontside min_layer M1 that is outside the global min/max layer range M2 - M7. (ZRT-798)
Warning: Net CTS_ZCTSNET_26 has a frontside min_layer M1 that is outside the global min/max layer range M2 - M7. (ZRT-798)
Warning: Net CTS_ZCTSNET_27 has a frontside min_layer M1 that is outside the global min/max layer range M2 - M7. (ZRT-798)
Warning: Net CTS_ZCTSNET_14 has a frontside min_layer M1 that is outside the global min/max layer range M2 - M7. (ZRT-798)
Warning: Net CTS_ZCTSNET_28 has a frontside min_layer M1 that is outside the global min/max layer range M2 - M7. (ZRT-798)
Warning: Net CTS_ZCTSNET_15 has a frontside min_layer M1 that is outside the global min/max layer range M2 - M7. (ZRT-798)
Warning: Net CTS_ZCTSNET_16 has a frontside min_layer M1 that is outside the global min/max layer range M2 - M7. (ZRT-798)
Warning: Net CTS_ZCTSNET_17 has a frontside min_layer M1 that is outside the global min/max layer range M2 - M7. (ZRT-798)
Warning: Net CTS_ZCTSNET_18 has a frontside min_layer M1 that is outside the global min/max layer range M2 - M7. (ZRT-798)
Warning: Net CTS_ZCTSNET_29 has a frontside min_layer M1 that is outside the global min/max layer range M2 - M7. (ZRT-798)
Warning: Net CTS_ZCTSNET_30 has a frontside min_layer M1 that is outside the global min/max layer range M2 - M7. (ZRT-798)
Warning: Net CTS_ZCTSNET_31 has a frontside min_layer M1 that is outside the global min/max layer range M2 - M7. (ZRT-798)
Warning: Net CTS_ZCTSNET_39 has a frontside min_layer M1 that is outside the global min/max layer range M2 - M7. (ZRT-798)
Warning: Net CTS_ZCTSNET_32 has a frontside min_layer M1 that is outside the global min/max layer range M2 - M7. (ZRT-798)
Warning: Net CTS_ZCTSNET_40 has a frontside min_layer M1 that is outside the global min/max layer range M2 - M7. (ZRT-798)
Warning: Net CTS_ZCTSNET_33 has a frontside min_layer M1 that is outside the global min/max layer range M2 - M7. (ZRT-798)
Warning: Net CTS_ZCTSNET_41 has a frontside min_layer M1 that is outside the global min/max layer range M2 - M7. (ZRT-798)
Warning: Net CTS_ZCTSNET_34 has a frontside min_layer M1 that is outside the global min/max layer range M2 - M7. (ZRT-798)
Warning: Net CTS_ZCTSNET_42 has a frontside min_layer M1 that is outside the global min/max layer range M2 - M7. (ZRT-798)
Warning: Net CTS_ZCTSNET_35 has a frontside min_layer M1 that is outside the global min/max layer range M2 - M7. (ZRT-798)
Warning: Net CTS_ZCTSNET_43 has a frontside min_layer M1 that is outside the global min/max layer range M2 - M7. (ZRT-798)
Warning: Net CTS_ZCTSNET_44 has a frontside min_layer M1 that is outside the global min/max layer range M2 - M7. (ZRT-798)
Warning: Net CTS_ZCTSNET_45 has a frontside min_layer M1 that is outside the global min/max layer range M2 - M7. (ZRT-798)
Warning: Net CTS_ZCTSNET_46 has a frontside min_layer M1 that is outside the global min/max layer range M2 - M7. (ZRT-798)
Warning: Net CTS_ZCTSNET_47 has a frontside min_layer M1 that is outside the global min/max layer range M2 - M7. (ZRT-798)
Warning: Net CTS_ZCTSNET_48 has a frontside min_layer M1 that is outside the global min/max layer range M2 - M7. (ZRT-798)
Warning: Net CTS_ZCTSNET_49 has a frontside min_layer M1 that is outside the global min/max layer range M2 - M7. (ZRT-798)
Warning: Net CTS_ZCTSNET_50 has a frontside min_layer M1 that is outside the global min/max layer range M2 - M7. (ZRT-798)
Warning: Net CTS_ZCTSNET_51 has a frontside min_layer M1 that is outside the global min/max layer range M2 - M7. (ZRT-798)
Warning: Net CTS_ZCTSNET_52 has a frontside min_layer M1 that is outside the global min/max layer range M2 - M7. (ZRT-798)
Warning: Net CTS_ZCTSNET_53 has a frontside min_layer M1 that is outside the global min/max layer range M2 - M7. (ZRT-798)
Warning: Net CTS_ZCTSNET_71 has a frontside min_layer M1 that is outside the global min/max layer range M2 - M7. (ZRT-798)
Warning: Net CTS_ZCTSNET_54 has a frontside min_layer M1 that is outside the global min/max layer range M2 - M7. (ZRT-798)
Warning: Net CTS_ZCTSNET_55 has a frontside min_layer M1 that is outside the global min/max layer range M2 - M7. (ZRT-798)
Warning: Net CTS_ZCTSNET_56 has a frontside min_layer M1 that is outside the global min/max layer range M2 - M7. (ZRT-798)
Warning: Net clock_gate_net_200 has a frontside min_layer M1 that is outside the global min/max layer range M2 - M7. (ZRT-798)
Warning: Net CTS_ZCTSNET_62 has a frontside min_layer M1 that is outside the global min/max layer range M2 - M7. (ZRT-798)
Warning: Net CTS_ZCTSNET_57 has a frontside min_layer M1 that is outside the global min/max layer range M2 - M7. (ZRT-798)
Warning: Net CTS_ZCTSNET_63 has a frontside min_layer M1 that is outside the global min/max layer range M2 - M7. (ZRT-798)
Warning: Net CTS_ZCTSNET_58 has a frontside min_layer M1 that is outside the global min/max layer range M2 - M7. (ZRT-798)
Warning: Net clock_gate_net_217 has a frontside min_layer M1 that is outside the global min/max layer range M2 - M7. (ZRT-798)
Warning: Net CTS_ZCTSNET_64 has a frontside min_layer M1 that is outside the global min/max layer range M2 - M7. (ZRT-798)
Warning: Net CTS_ZCTSNET_59 has a frontside min_layer M1 that is outside the global min/max layer range M2 - M7. (ZRT-798)
Warning: Net CTS_ZCTSNET_65 has a frontside min_layer M1 that is outside the global min/max layer range M2 - M7. (ZRT-798)
Warning: Net clock_gate_net_233 has a frontside min_layer M1 that is outside the global min/max layer range M2 - M7. (ZRT-798)
Warning: Net CTS_ZCTSNET_66 has a frontside min_layer M1 that is outside the global min/max layer range M2 - M7. (ZRT-798)
Warning: Net CTS_ZCTSNET_60 has a frontside min_layer M1 that is outside the global min/max layer range M2 - M7. (ZRT-798)
Warning: Net clock_gate_net_234 has a frontside min_layer M1 that is outside the global min/max layer range M2 - M7. (ZRT-798)
Warning: Net clock_gate_net_235 has a frontside min_layer M1 that is outside the global min/max layer range M2 - M7. (ZRT-798)
Warning: Net clock_gate_net_236 has a frontside min_layer M1 that is outside the global min/max layer range M2 - M7. (ZRT-798)
Warning: Net CTS_ZCTSNET_61 has a frontside min_layer M1 that is outside the global min/max layer range M2 - M7. (ZRT-798)
Warning: Net clock_gate_net_237 has a frontside min_layer M1 that is outside the global min/max layer range M2 - M7. (ZRT-798)
Warning: Net CTS_ZCTSNET_67 has a frontside min_layer M1 that is outside the global min/max layer range M2 - M7. (ZRT-798)
Warning: Net CTS_ZCTSNET_72 has a frontside min_layer M1 that is outside the global min/max layer range M2 - M7. (ZRT-798)
Warning: Net CTS_ZCTSNET_68 has a frontside min_layer M1 that is outside the global min/max layer range M2 - M7. (ZRT-798)
Warning: Net CTS_ZCTSNET_73 has a frontside min_layer M1 that is outside the global min/max layer range M2 - M7. (ZRT-798)
Warning: Net CTS_ZCTSNET_69 has a frontside min_layer M1 that is outside the global min/max layer range M2 - M7. (ZRT-798)
Warning: Net CTS_ZCTSNET_74 has a frontside min_layer M1 that is outside the global min/max layer range M2 - M7. (ZRT-798)
Warning: Net CTS_ZCTSNET_91 has a frontside min_layer M1 that is outside the global min/max layer range M2 - M7. (ZRT-798)
Warning: Net CTS_ZCTSNET_70 has a frontside min_layer M1 that is outside the global min/max layer range M2 - M7. (ZRT-798)
Warning: Net CTS_ZCTSNET_92 has a frontside min_layer M1 that is outside the global min/max layer range M2 - M7. (ZRT-798)
Warning: Net CTS_ZCTSNET_97 has a frontside min_layer M1 that is outside the global min/max layer range M2 - M7. (ZRT-798)
Warning: Net u_main_controller_top/u_main_controller/CTS_ZCTSNET_87 has a frontside min_layer M1 that is outside the global min/max layer range M2 - M7. (ZRT-798)
Warning: Net clock_gate_net_238 has a frontside min_layer M1 that is outside the global min/max layer range M2 - M7. (ZRT-798)
Warning: Net u_main_controller_top/u_main_controller/CTS_ZCTSNET_89 has a frontside min_layer M1 that is outside the global min/max layer range M2 - M7. (ZRT-798)
Warning: Net clock_gate_net_239 has a frontside min_layer M1 that is outside the global min/max layer range M2 - M7. (ZRT-798)
Warning: Net u_main_controller_top/u_main_controller/CTS_ZCTSNET_90 has a frontside min_layer M1 that is outside the global min/max layer range M2 - M7. (ZRT-798)
Warning: Net u_main_controller_top/u_main_controller/CTS_ZCTSNET_109 has a frontside min_layer M1 that is outside the global min/max layer range M2 - M7. (ZRT-798)
Warning: Net clock_gate_net_240 has a frontside min_layer M1 that is outside the global min/max layer range M2 - M7. (ZRT-798)
Warning: Net CTS_ZCTSNET_75 has a frontside min_layer M1 that is outside the global min/max layer range M2 - M7. (ZRT-798)
Warning: Net CTS_ZCTSNET_93 has a frontside min_layer M1 that is outside the global min/max layer range M2 - M7. (ZRT-798)
Warning: Net CTS_ZCTSNET_87 has a frontside min_layer M1 that is outside the global min/max layer range M2 - M7. (ZRT-798)
Warning: Net CTS_ZCTSNET_98 has a frontside min_layer M1 that is outside the global min/max layer range M2 - M7. (ZRT-798)
Warning: Net CTS_ZCTSNET_94 has a frontside min_layer M1 that is outside the global min/max layer range M2 - M7. (ZRT-798)
Warning: Net CTS_ZCTSNET_76 has a frontside min_layer M1 that is outside the global min/max layer range M2 - M7. (ZRT-798)
Warning: Net u_main_controller_top/u_main_controller/CTS_ZCTSNET_110 has a frontside min_layer M1 that is outside the global min/max layer range M2 - M7. (ZRT-798)
Warning: Net CTS_ZCTSNET_95 has a frontside min_layer M1 that is outside the global min/max layer range M2 - M7. (ZRT-798)
Warning: Net CTS_ZCTSNET_77 has a frontside min_layer M1 that is outside the global min/max layer range M2 - M7. (ZRT-798)
Warning: Net u_main_controller_top/u_main_controller/CTS_ZCTSNET_111 has a frontside min_layer M1 that is outside the global min/max layer range M2 - M7. (ZRT-798)
Warning: Net CTS_ZCTSNET_99 has a frontside min_layer M1 that is outside the global min/max layer range M2 - M7. (ZRT-798)
Warning: Net CTS_ZCTSNET_96 has a frontside min_layer M1 that is outside the global min/max layer range M2 - M7. (ZRT-798)
Warning: Net u_main_controller_top/u_main_controller/CTS_ZCTSNET_112 has a frontside min_layer M1 that is outside the global min/max layer range M2 - M7. (ZRT-798)
Warning: Net CTS_ZCTSNET_100 has a frontside min_layer M1 that is outside the global min/max layer range M2 - M7. (ZRT-798)
Warning: Net u_datapath/CTS_ZCTSNET_9 has a frontside min_layer M1 that is outside the global min/max layer range M2 - M7. (ZRT-798)
Warning: Net u_main_controller_top/u_main_controller/CTS_ZCTSNET_113 has a frontside min_layer M1 that is outside the global min/max layer range M2 - M7. (ZRT-798)
Warning: Net CTS_ZCTSNET_102 has a frontside min_layer M1 that is outside the global min/max layer range M2 - M7. (ZRT-798)
Warning: Net CTS_ZCTSNET_78 has a frontside min_layer M1 that is outside the global min/max layer range M2 - M7. (ZRT-798)
Warning: Net u_main_controller_top/u_main_controller/CTS_ZCTSNET_114 has a frontside min_layer M1 that is outside the global min/max layer range M2 - M7. (ZRT-798)
Warning: Net CTS_ZCTSNET_103 has a frontside min_layer M1 that is outside the global min/max layer range M2 - M7. (ZRT-798)
Warning: Net u_datapath/CTS_ZCTSNET_10 has a frontside min_layer M1 that is outside the global min/max layer range M2 - M7. (ZRT-798)
Warning: Net clock_gate_net_247 has a frontside min_layer M1 that is outside the global min/max layer range M2 - M7. (ZRT-798)
Warning: Net u_main_controller_top/u_main_controller/CTS_ZCTSNET_115 has a frontside min_layer M1 that is outside the global min/max layer range M2 - M7. (ZRT-798)
Warning: Net u_datapath/CTS_ZCTSNET_11 has a frontside min_layer M1 that is outside the global min/max layer range M2 - M7. (ZRT-798)
Warning: Net CTS_ZCTSNET_79 has a frontside min_layer M1 that is outside the global min/max layer range M2 - M7. (ZRT-798)
Warning: Net CTS_ZCTSNET_104 has a frontside min_layer M1 that is outside the global min/max layer range M2 - M7. (ZRT-798)
Warning: Net u_datapath/CTS_ZCTSNET_13 has a frontside min_layer M1 that is outside the global min/max layer range M2 - M7. (ZRT-798)
Warning: Net clock_gate_net_249 has a frontside min_layer M1 that is outside the global min/max layer range M2 - M7. (ZRT-798)
Warning: Net CTS_ZCTSNET_105 has a frontside min_layer M1 that is outside the global min/max layer range M2 - M7. (ZRT-798)
Warning: Net u_datapath/CTS_ZCTSNET_14 has a frontside min_layer M1 that is outside the global min/max layer range M2 - M7. (ZRT-798)
Warning: Net CTS_ZCTSNET_80 has a frontside min_layer M1 that is outside the global min/max layer range M2 - M7. (ZRT-798)
Warning: Net u_main_controller_top/u_main_controller/CTS_ZCTSNET_94 has a frontside min_layer M1 that is outside the global min/max layer range M2 - M7. (ZRT-798)
Warning: Net CTS_ZCTSNET_106 has a frontside min_layer M1 that is outside the global min/max layer range M2 - M7. (ZRT-798)
Warning: Net CTS_ZCTSNET_81 has a frontside min_layer M1 that is outside the global min/max layer range M2 - M7. (ZRT-798)
Warning: Net u_main_controller_top/u_main_controller/CTS_ZCTSNET_95 has a frontside min_layer M1 that is outside the global min/max layer range M2 - M7. (ZRT-798)
Warning: Net CTS_ZCTSNET_107 has a frontside min_layer M1 that is outside the global min/max layer range M2 - M7. (ZRT-798)
Warning: Net CTS_ZCTSNET_82 has a frontside min_layer M1 that is outside the global min/max layer range M2 - M7. (ZRT-798)
Warning: Net CTS_ZCTSNET_108 has a frontside min_layer M1 that is outside the global min/max layer range M2 - M7. (ZRT-798)
Warning: Net CTS_ZCTSNET_83 has a frontside min_layer M1 that is outside the global min/max layer range M2 - M7. (ZRT-798)
Warning: Net clock_gate_net_347 has a frontside min_layer M1 that is outside the global min/max layer range M2 - M7. (ZRT-798)
Warning: Net CTS_ZCTSNET_84 has a frontside min_layer M1 that is outside the global min/max layer range M2 - M7. (ZRT-798)
Warning: Net u_main_controller_top/u_main_controller/CTS_ZCTSNET_99 has a frontside min_layer M1 that is outside the global min/max layer range M2 - M7. (ZRT-798)
Warning: Net CTS_ZCTSNET_85 has a frontside min_layer M1 that is outside the global min/max layer range M2 - M7. (ZRT-798)
Warning: Net u_main_controller_top/u_main_controller/CTS_ZCTSNET_100 has a frontside min_layer M1 that is outside the global min/max layer range M2 - M7. (ZRT-798)
Warning: Net CTS_ZCTSNET_86 has a frontside min_layer M1 that is outside the global min/max layer range M2 - M7. (ZRT-798)
Warning: Net u_main_controller_top/u_main_controller/CTS_ZCTSNET_106 has a frontside min_layer M1 that is outside the global min/max layer range M2 - M7. (ZRT-798)
Warning: Net u_main_controller_top/u_main_controller/CTS_ZCTSNET_101 has a frontside min_layer M1 that is outside the global min/max layer range M2 - M7. (ZRT-798)
Warning: Net u_main_controller_top/u_main_controller/CTS_ZCTSNET_85 has a frontside min_layer M1 that is outside the global min/max layer range M2 - M7. (ZRT-798)
Warning: Net u_main_controller_top/u_main_controller/CTS_ZCTSNET_107 has a frontside min_layer M1 that is outside the global min/max layer range M2 - M7. (ZRT-798)
Warning: Net CTS_ZCTSNET_88 has a frontside min_layer M1 that is outside the global min/max layer range M2 - M7. (ZRT-798)
Warning: Net u_main_controller_top/u_main_controller/CTS_ZCTSNET_102 has a frontside min_layer M1 that is outside the global min/max layer range M2 - M7. (ZRT-798)
Warning: Net CTS_ZCTSNET_89 has a frontside min_layer M1 that is outside the global min/max layer range M2 - M7. (ZRT-798)
Warning: Net u_main_controller_top/u_main_controller/CTS_ZCTSNET_108 has a frontside min_layer M1 that is outside the global min/max layer range M2 - M7. (ZRT-798)
Warning: Net CTS_ZCTSNET_101 has a frontside min_layer M1 that is outside the global min/max layer range M2 - M7. (ZRT-798)
Warning: Net CTS_ZCTSNET_90 has a frontside min_layer M1 that is outside the global min/max layer range M2 - M7. (ZRT-798)
Warning: Net clock_gate_net_349 has a frontside min_layer M1 that is outside the global min/max layer range M2 - M7. (ZRT-798)
Warning: Net clock_gate_net_350 has a frontside min_layer M1 that is outside the global min/max layer range M2 - M7. (ZRT-798)
Warning: Net clock_gate_net_291 has a frontside min_layer M1 that is outside the global min/max layer range M2 - M7. (ZRT-798)
Warning: Net u_main_controller_top/u_main_controller/CTS_ZCTSNET_116 has a frontside min_layer M1 that is outside the global min/max layer range M2 - M7. (ZRT-798)
Warning: Net u_main_controller_top/u_main_controller/CTS_ZCTSNET_117 has a frontside min_layer M1 that is outside the global min/max layer range M2 - M7. (ZRT-798)
Warning: Net u_datapath/CTS_ZCTSNET_16 has a frontside min_layer M1 that is outside the global min/max layer range M2 - M7. (ZRT-798)
Warning: Net u_datapath/CTS_ZCTSNET_17 has a frontside min_layer M1 that is outside the global min/max layer range M2 - M7. (ZRT-798)
Warning: Net u_datapath/CTS_ZCTSNET_18 has a frontside min_layer M1 that is outside the global min/max layer range M2 - M7. (ZRT-798)
Warning: Net u_datapath/CTS_ZCTSNET_19 has a frontside min_layer M1 that is outside the global min/max layer range M2 - M7. (ZRT-798)
Warning: Net clock_gate_net_319 has a frontside min_layer M1 that is outside the global min/max layer range M2 - M7. (ZRT-798)
Warning: Net u_datapath/CTS_ZCTSNET_20 has a frontside min_layer M1 that is outside the global min/max layer range M2 - M7. (ZRT-798)
Warning: Net u_datapath/CTS_ZCTSNET_23 has a frontside min_layer M1 that is outside the global min/max layer range M2 - M7. (ZRT-798)
Warning: Net u_datapath/CTS_ZCTSNET_21 has a frontside min_layer M1 that is outside the global min/max layer range M2 - M7. (ZRT-798)
Warning: Net u_datapath/CTS_ZCTSNET_24 has a frontside min_layer M1 that is outside the global min/max layer range M2 - M7. (ZRT-798)
Warning: Net u_datapath/CTS_ZCTSNET_22 has a frontside min_layer M1 that is outside the global min/max layer range M2 - M7. (ZRT-798)
Warning: Net u_datapath/CTS_ZCTSNET_25 has a frontside min_layer M1 that is outside the global min/max layer range M2 - M7. (ZRT-798)
Warning: Net u_datapath/CTS_ZCTSNET_26 has a frontside min_layer M1 that is outside the global min/max layer range M2 - M7. (ZRT-798)
Warning: Net u_datapath/CTS_ZCTSNET_30 has a frontside min_layer M1 that is outside the global min/max layer range M2 - M7. (ZRT-798)
Warning: Net u_datapath/CTS_ZCTSNET_32 has a frontside min_layer M1 that is outside the global min/max layer range M2 - M7. (ZRT-798)
Warning: Net u_main_controller_top/u_main_controller/u_sr_d512x72f116_MMS0_wrap/clock_gate_net_85 has a frontside min_layer M1 that is outside the global min/max layer range M2 - M7. (ZRT-798)
Warning: Net u_datapath/CTS_ZCTSNET_33 has a frontside min_layer M1 that is outside the global min/max layer range M2 - M7. (ZRT-798)
Warning: Net u_datapath/CTS_ZCTSNET_34 has a frontside min_layer M1 that is outside the global min/max layer range M2 - M7. (ZRT-798)
Warning: Net u_datapath/CTS_ZCTSNET_35 has a frontside min_layer M1 that is outside the global min/max layer range M2 - M7. (ZRT-798)
Warning: Net u_datapath/CTS_ZCTSNET_36 has a frontside min_layer M1 that is outside the global min/max layer range M2 - M7. (ZRT-798)
Warning: Net u_datapath/CTS_ZCTSNET_37 has a frontside min_layer M1 that is outside the global min/max layer range M2 - M7. (ZRT-798)
Warning: Net u_datapath/CTS_ZCTSNET_38 has a frontside min_layer M1 that is outside the global min/max layer range M2 - M7. (ZRT-798)
Warning: Net u_datapath/CTS_ZCTSNET_39 has a frontside min_layer M1 that is outside the global min/max layer range M2 - M7. (ZRT-798)
Warning: Net u_datapath/CTS_ZCTSNET_31 has a frontside min_layer M1 that is outside the global min/max layer range M2 - M7. (ZRT-798)
Warning: Net u_datapath/CTS_ZCTSNET_40 has a frontside min_layer M1 that is outside the global min/max layer range M2 - M7. (ZRT-798)
Warning: Net CTS_ZCTSNET_114 has a frontside min_layer M1 that is outside the global min/max layer range M2 - M7. (ZRT-798)
Warning: Net u_main_controller_top/u_main_controller/CTS_ZCTSNET_127 has a frontside min_layer M1 that is outside the global min/max layer range M2 - M7. (ZRT-798)
Warning: Net CTS_ZCTSNET_116 has a frontside min_layer M1 that is outside the global min/max layer range M2 - M7. (ZRT-798)
Warning: Net u_main_controller_top/u_main_controller/CTS_ZCTSNET_192 has a frontside min_layer M1 that is outside the global min/max layer range M2 - M7. (ZRT-798)
Warning: Net u_main_controller_top/CTS_ZCTSNET_28 has a frontside min_layer M1 that is outside the global min/max layer range M2 - M7. (ZRT-798)
Warning: Net u_main_controller_top/u_main_controller/CTS_ZCTSNET_128 has a frontside min_layer M1 that is outside the global min/max layer range M2 - M7. (ZRT-798)
Warning: Net u_main_controller_top/u_main_controller/CTS_ZCTSNET_194 has a frontside min_layer M1 that is outside the global min/max layer range M2 - M7. (ZRT-798)
Warning: Net u_main_controller_top/u_main_controller/CTS_ZCTSNET_195 has a frontside min_layer M1 that is outside the global min/max layer range M2 - M7. (ZRT-798)
Warning: Net u_main_controller_top/u_main_controller/CTS_ZCTSNET_129 has a frontside min_layer M1 that is outside the global min/max layer range M2 - M7. (ZRT-798)
Warning: Net u_main_controller_top/u_main_controller/CTS_ZCTSNET_196 has a frontside min_layer M1 that is outside the global min/max layer range M2 - M7. (ZRT-798)
Warning: Net u_main_controller_top/u_main_controller/u_sr_d512x72f116_MMS1_wrap/clock_gate_net_85 has a frontside min_layer M1 that is outside the global min/max layer range M2 - M7. (ZRT-798)
Warning: Net u_main_controller_top/u_main_controller/CTS_ZCTSNET_197 has a frontside min_layer M1 that is outside the global min/max layer range M2 - M7. (ZRT-798)
Warning: Net CTS_ZCTSNET_117 has a frontside min_layer M1 that is outside the global min/max layer range M2 - M7. (ZRT-798)
Warning: Net u_main_controller_top/u_main_controller/CTS_ZCTSNET_198 has a frontside min_layer M1 that is outside the global min/max layer range M2 - M7. (ZRT-798)
Warning: Net u_main_controller_top/u_main_controller/CTS_ZCTSNET_130 has a frontside min_layer M1 that is outside the global min/max layer range M2 - M7. (ZRT-798)
Warning: Net u_main_controller_top/u_main_controller/CTS_ZCTSNET_199 has a frontside min_layer M1 that is outside the global min/max layer range M2 - M7. (ZRT-798)
Warning: Net u_main_controller_top/u_main_controller/CTS_ZCTSNET_136 has a frontside min_layer M1 that is outside the global min/max layer range M2 - M7. (ZRT-798)
Warning: Net u_main_controller_top/u_main_controller/CTS_ZCTSNET_133 has a frontside min_layer M1 that is outside the global min/max layer range M2 - M7. (ZRT-798)
Warning: Net u_main_controller_top/u_main_controller/CTS_ZCTSNET_200 has a frontside min_layer M1 that is outside the global min/max layer range M2 - M7. (ZRT-798)
Warning: Net u_main_controller_top/u_main_controller/CTS_ZCTSNET_131 has a frontside min_layer M1 that is outside the global min/max layer range M2 - M7. (ZRT-798)
Warning: Net u_main_controller_top/u_main_controller/CTS_ZCTSNET_201 has a frontside min_layer M1 that is outside the global min/max layer range M2 - M7. (ZRT-798)
Warning: Net u_main_controller_top/u_main_controller/CTS_ZCTSNET_137 has a frontside min_layer M1 that is outside the global min/max layer range M2 - M7. (ZRT-798)
Warning: Net u_main_controller_top/u_main_controller/CTS_ZCTSNET_202 has a frontside min_layer M1 that is outside the global min/max layer range M2 - M7. (ZRT-798)
Warning: Net CTS_ZCTSNET_115 has a frontside min_layer M1 that is outside the global min/max layer range M2 - M7. (ZRT-798)
Warning: Net u_main_controller_top/u_main_controller/CTS_ZCTSNET_203 has a frontside min_layer M1 that is outside the global min/max layer range M2 - M7. (ZRT-798)
Warning: Net u_main_controller_top/u_main_controller/CTS_ZCTSNET_140 has a frontside min_layer M1 that is outside the global min/max layer range M2 - M7. (ZRT-798)
Warning: Net u_main_controller_top/u_main_controller/CTS_ZCTSNET_204 has a frontside min_layer M1 that is outside the global min/max layer range M2 - M7. (ZRT-798)
Warning: Net u_main_controller_top/u_main_controller/CTS_ZCTSNET_141 has a frontside min_layer M1 that is outside the global min/max layer range M2 - M7. (ZRT-798)
Warning: Net u_main_controller_top/u_main_controller/CTS_ZCTSNET_206 has a frontside min_layer M1 that is outside the global min/max layer range M2 - M7. (ZRT-798)
Warning: Net CTS_ZCTSNET_139 has a frontside min_layer M1 that is outside the global min/max layer range M2 - M7. (ZRT-798)
Warning: Net u_main_controller_top/u_main_controller/CTS_ZCTSNET_142 has a frontside min_layer M1 that is outside the global min/max layer range M2 - M7. (ZRT-798)
Warning: Net CTS_ZCTSNET_140 has a frontside min_layer M1 that is outside the global min/max layer range M2 - M7. (ZRT-798)
Warning: Net u_main_controller_top/u_main_controller/CTS_ZCTSNET_207 has a frontside min_layer M1 that is outside the global min/max layer range M2 - M7. (ZRT-798)
Warning: Net u_datapath/CTS_ZCTSNET_52 has a frontside min_layer M1 that is outside the global min/max layer range M2 - M7. (ZRT-798)
Warning: Net u_main_controller_top/u_main_controller/CTS_ZCTSNET_208 has a frontside min_layer M1 that is outside the global min/max layer range M2 - M7. (ZRT-798)
Warning: Net CTS_ZCTSNET_119 has a frontside min_layer M1 that is outside the global min/max layer range M2 - M7. (ZRT-798)
Warning: Net u_main_controller_top/u_main_controller/CTS_ZCTSNET_209 has a frontside min_layer M1 that is outside the global min/max layer range M2 - M7. (ZRT-798)
Warning: Net CTS_ZCTSNET_141 has a frontside min_layer M1 that is outside the global min/max layer range M2 - M7. (ZRT-798)
Warning: Net u_main_controller_top/u_main_controller/CTS_ZCTSNET_145 has a frontside min_layer M1 that is outside the global min/max layer range M2 - M7. (ZRT-798)
Warning: Net u_main_controller_top/u_main_controller/CTS_ZCTSNET_211 has a frontside min_layer M1 that is outside the global min/max layer range M2 - M7. (ZRT-798)
Warning: Net CTS_ZCTSNET_142 has a frontside min_layer M1 that is outside the global min/max layer range M2 - M7. (ZRT-798)
Warning: Net u_main_controller_top/CTS_ZCTSNET_30 has a frontside min_layer M1 that is outside the global min/max layer range M2 - M7. (ZRT-798)
Warning: Net CTS_ZCTSNET_179 has a frontside min_layer M1 that is outside the global min/max layer range M2 - M7. (ZRT-798)
Warning: Net u_main_controller_top/u_main_controller/CTS_ZCTSNET_147 has a frontside min_layer M1 that is outside the global min/max layer range M2 - M7. (ZRT-798)
Warning: Net CTS_ZCTSNET_143 has a frontside min_layer M1 that is outside the global min/max layer range M2 - M7. (ZRT-798)
Warning: Net CTS_ZCTSNET_180 has a frontside min_layer M1 that is outside the global min/max layer range M2 - M7. (ZRT-798)
Warning: Net u_main_controller_top/CTS_ZCTSNET_31 has a frontside min_layer M1 that is outside the global min/max layer range M2 - M7. (ZRT-798)
Warning: Net u_datapath/CTS_ZCTSNET_55 has a frontside min_layer M1 that is outside the global min/max layer range M2 - M7. (ZRT-798)
Warning: Net u_main_controller_top/u_main_controller/CTS_ZCTSNET_214 has a frontside min_layer M1 that is outside the global min/max layer range M2 - M7. (ZRT-798)
Warning: Net CTS_ZCTSNET_181 has a frontside min_layer M1 that is outside the global min/max layer range M2 - M7. (ZRT-798)
Warning: Net u_main_controller_top/u_main_controller/CTS_ZCTSNET_148 has a frontside min_layer M1 that is outside the global min/max layer range M2 - M7. (ZRT-798)
Warning: Net CTS_ZCTSNET_182 has a frontside min_layer M1 that is outside the global min/max layer range M2 - M7. (ZRT-798)
Warning: Net u_main_controller_top/u_main_controller/CTS_ZCTSNET_216 has a frontside min_layer M1 that is outside the global min/max layer range M2 - M7. (ZRT-798)
Warning: Net CTS_ZCTSNET_144 has a frontside min_layer M1 that is outside the global min/max layer range M2 - M7. (ZRT-798)
Warning: Net u_main_controller_top/u_main_controller/CTS_ZCTSNET_149 has a frontside min_layer M1 that is outside the global min/max layer range M2 - M7. (ZRT-798)
Warning: Net CTS_ZCTSNET_145 has a frontside min_layer M1 that is outside the global min/max layer range M2 - M7. (ZRT-798)
Warning: Net u_main_controller_top/u_main_controller/CTS_ZCTSNET_150 has a frontside min_layer M1 that is outside the global min/max layer range M2 - M7. (ZRT-798)
Warning: Net CTS_ZCTSNET_183 has a frontside min_layer M1 that is outside the global min/max layer range M2 - M7. (ZRT-798)
Warning: Net u_main_controller_top/u_main_controller/CTS_ZCTSNET_217 has a frontside min_layer M1 that is outside the global min/max layer range M2 - M7. (ZRT-798)
Warning: Net CTS_ZCTSNET_184 has a frontside min_layer M1 that is outside the global min/max layer range M2 - M7. (ZRT-798)
Warning: Net u_main_controller_top/u_main_controller/CTS_ZCTSNET_151 has a frontside min_layer M1 that is outside the global min/max layer range M2 - M7. (ZRT-798)
Warning: Net CTS_ZCTSNET_185 has a frontside min_layer M1 that is outside the global min/max layer range M2 - M7. (ZRT-798)
Warning: Net CTS_ZCTSNET_146 has a frontside min_layer M1 that is outside the global min/max layer range M2 - M7. (ZRT-798)
Warning: Net CTS_ZCTSNET_120 has a frontside min_layer M1 that is outside the global min/max layer range M2 - M7. (ZRT-798)
Warning: Net CTS_ZCTSNET_186 has a frontside min_layer M1 that is outside the global min/max layer range M2 - M7. (ZRT-798)
Warning: Net u_main_controller_top/CTS_ZCTSNET_33 has a frontside min_layer M1 that is outside the global min/max layer range M2 - M7. (ZRT-798)
Warning: Net CTS_ZCTSNET_147 has a frontside min_layer M1 that is outside the global min/max layer range M2 - M7. (ZRT-798)
Warning: Net u_main_controller_top/u_main_controller/CTS_ZCTSNET_154 has a frontside min_layer M1 that is outside the global min/max layer range M2 - M7. (ZRT-798)
Warning: Net CTS_ZCTSNET_148 has a frontside min_layer M1 that is outside the global min/max layer range M2 - M7. (ZRT-798)
Warning: Net u_main_controller_top/CTS_ZCTSNET_34 has a frontside min_layer M1 that is outside the global min/max layer range M2 - M7. (ZRT-798)
Warning: Net u_datapath/u_gamma_correction/CTS_ZCTSNET_116 has a frontside min_layer M1 that is outside the global min/max layer range M2 - M7. (ZRT-798)
Warning: Net CTS_ZCTSNET_150 has a frontside min_layer M1 that is outside the global min/max layer range M2 - M7. (ZRT-798)
Warning: Net u_main_controller_top/u_main_controller/u_sr_d512x72f116_MMS0_wrap/CTS_ZCTSNET_3 has a frontside min_layer M1 that is outside the global min/max layer range M2 - M7. (ZRT-798)
Warning: Net CTS_ZCTSNET_151 has a frontside min_layer M1 that is outside the global min/max layer range M2 - M7. (ZRT-798)
Warning: Net u_main_controller_top/u_main_controller/CTS_ZCTSNET_166 has a frontside min_layer M1 that is outside the global min/max layer range M2 - M7. (ZRT-798)
Warning: Net u_main_controller_top/CTS_ZCTSNET_35 has a frontside min_layer M1 that is outside the global min/max layer range M2 - M7. (ZRT-798)
Warning: Net u_datapath/u_gamma_correction/CTS_ZCTSNET_117 has a frontside min_layer M1 that is outside the global min/max layer range M2 - M7. (ZRT-798)
Warning: Net u_main_controller_top/u_main_controller/CTS_ZCTSNET_221 has a frontside min_layer M1 that is outside the global min/max layer range M2 - M7. (ZRT-798)
Warning: Net CTS_ZCTSNET_152 has a frontside min_layer M1 that is outside the global min/max layer range M2 - M7. (ZRT-798)
Warning: Net u_datapath/u_gamma_correction/CTS_ZCTSNET_118 has a frontside min_layer M1 that is outside the global min/max layer range M2 - M7. (ZRT-798)
Warning: Net u_main_controller_top/u_main_controller/CTS_ZCTSNET_167 has a frontside min_layer M1 that is outside the global min/max layer range M2 - M7. (ZRT-798)
Warning: Net u_datapath/u_gamma_correction/CTS_ZCTSNET_119 has a frontside min_layer M1 that is outside the global min/max layer range M2 - M7. (ZRT-798)
Warning: Net clock_gate_net_331 has a frontside min_layer M1 that is outside the global min/max layer range M2 - M7. (ZRT-798)
Warning: Net u_datapath/u_gamma_correction/CTS_ZCTSNET_120 has a frontside min_layer M1 that is outside the global min/max layer range M2 - M7. (ZRT-798)
Warning: Net u_main_controller_top/u_main_controller/CTS_ZCTSNET_168 has a frontside min_layer M1 that is outside the global min/max layer range M2 - M7. (ZRT-798)
Warning: Net u_main_controller_top/u_main_controller/CTS_ZCTSNET_222 has a frontside min_layer M1 that is outside the global min/max layer range M2 - M7. (ZRT-798)
Warning: Net u_main_controller_top/CTS_ZCTSNET_16 has a frontside min_layer M1 that is outside the global min/max layer range M2 - M7. (ZRT-798)
Warning: Net u_main_controller_top/u_main_controller/CTS_ZCTSNET_246 has a frontside min_layer M1 that is outside the global min/max layer range M2 - M7. (ZRT-798)
Warning: Net u_main_controller_top/u_main_controller/CTS_ZCTSNET_170 has a frontside min_layer M1 that is outside the global min/max layer range M2 - M7. (ZRT-798)
Warning: Net u_datapath/u_gamma_correction/CTS_ZCTSNET_121 has a frontside min_layer M1 that is outside the global min/max layer range M2 - M7. (ZRT-798)
Warning: Net clock_gate_net_333 has a frontside min_layer M1 that is outside the global min/max layer range M2 - M7. (ZRT-798)
Warning: Net u_main_controller_top/u_main_controller/CTS_ZCTSNET_171 has a frontside min_layer M1 that is outside the global min/max layer range M2 - M7. (ZRT-798)
Warning: Net u_datapath/u_gamma_correction/CTS_ZCTSNET_122 has a frontside min_layer M1 that is outside the global min/max layer range M2 - M7. (ZRT-798)
Warning: Net u_main_controller_top/u_main_controller/CTS_ZCTSNET_248 has a frontside min_layer M1 that is outside the global min/max layer range M2 - M7. (ZRT-798)
Warning: Net u_main_controller_top/u_main_controller/CTS_ZCTSNET_172 has a frontside min_layer M1 that is outside the global min/max layer range M2 - M7. (ZRT-798)
Warning: Net u_main_controller_top/CTS_ZCTSNET_45 has a frontside min_layer M1 that is outside the global min/max layer range M2 - M7. (ZRT-798)
Warning: Net u_datapath/CTS_ZCTSNET_71 has a frontside min_layer M1 that is outside the global min/max layer range M2 - M7. (ZRT-798)
Warning: Net u_main_controller_top/CTS_ZCTSNET_17 has a frontside min_layer M1 that is outside the global min/max layer range M2 - M7. (ZRT-798)
Warning: Net u_datapath/u_output_fifo_control/CTS_ZCTSNET_3 has a frontside min_layer M1 that is outside the global min/max layer range M2 - M7. (ZRT-798)
Warning: Net u_main_controller_top/u_main_controller/CTS_ZCTSNET_174 has a frontside min_layer M1 that is outside the global min/max layer range M2 - M7. (ZRT-798)
Warning: Net u_datapath/u_gamma_correction/CTS_ZCTSNET_124 has a frontside min_layer M1 that is outside the global min/max layer range M2 - M7. (ZRT-798)
Warning: Net u_main_controller_top/u_main_controller/CTS_ZCTSNET_175 has a frontside min_layer M1 that is outside the global min/max layer range M2 - M7. (ZRT-798)
Warning: Net clock_gate_net_334 has a frontside min_layer M1 that is outside the global min/max layer range M2 - M7. (ZRT-798)
Warning: Net u_main_controller_top/u_main_controller/CTS_ZCTSNET_176 has a frontside min_layer M1 that is outside the global min/max layer range M2 - M7. (ZRT-798)
Warning: Net u_datapath/u_gamma_correction/CTS_ZCTSNET_125 has a frontside min_layer M1 that is outside the global min/max layer range M2 - M7. (ZRT-798)
Warning: Net CTS_ZCTSNET_123 has a frontside min_layer M1 that is outside the global min/max layer range M2 - M7. (ZRT-798)
Warning: Net u_datapath/CTS_ZCTSNET_72 has a frontside min_layer M1 that is outside the global min/max layer range M2 - M7. (ZRT-798)
Warning: Net u_datapath/u_output_fifo_control/u_output_fifo_1/CTS_ZCTSNET_3 has a frontside min_layer M1 that is outside the global min/max layer range M2 - M7. (ZRT-798)
Warning: Net u_datapath/u_gamma_correction/CTS_ZCTSNET_127 has a frontside min_layer M1 that is outside the global min/max layer range M2 - M7. (ZRT-798)
Warning: Net u_datapath/u_output_fifo_control/CTS_ZCTSNET_4 has a frontside min_layer M1 that is outside the global min/max layer range M2 - M7. (ZRT-798)
Warning: Net u_datapath/u_gamma_correction/CTS_ZCTSNET_128 has a frontside min_layer M1 that is outside the global min/max layer range M2 - M7. (ZRT-798)
Warning: Net u_datapath/CTS_ZCTSNET_60 has a frontside min_layer M1 that is outside the global min/max layer range M2 - M7. (ZRT-798)
Warning: Net u_main_controller_top/u_main_controller/CTS_ZCTSNET_223 has a frontside min_layer M1 that is outside the global min/max layer range M2 - M7. (ZRT-798)
Warning: Net u_datapath/u_gamma_correction/CTS_ZCTSNET_129 has a frontside min_layer M1 that is outside the global min/max layer range M2 - M7. (ZRT-798)
Warning: Net u_datapath/u_output_fifo_control/CTS_ZCTSNET_6 has a frontside min_layer M1 that is outside the global min/max layer range M2 - M7. (ZRT-798)
Warning: Net clock_gate_net_336 has a frontside min_layer M1 that is outside the global min/max layer range M2 - M7. (ZRT-798)
Warning: Net CTS_ZCTSNET_124 has a frontside min_layer M1 that is outside the global min/max layer range M2 - M7. (ZRT-798)
Warning: Net u_datapath/u_output_fifo_control/u_output_fifo_0/CTS_ZCTSNET_4 has a frontside min_layer M1 that is outside the global min/max layer range M2 - M7. (ZRT-798)
Warning: Net clock_gate_net_337 has a frontside min_layer M1 that is outside the global min/max layer range M2 - M7. (ZRT-798)
Warning: Net u_datapath/u_output_fifo_control/u_output_fifo_0/CTS_ZCTSNET_5 has a frontside min_layer M1 that is outside the global min/max layer range M2 - M7. (ZRT-798)
Warning: Net u_datapath/u_gamma_correction/CTS_ZCTSNET_130 has a frontside min_layer M1 that is outside the global min/max layer range M2 - M7. (ZRT-798)
Warning: Net clock_gate_net_338 has a frontside min_layer M1 that is outside the global min/max layer range M2 - M7. (ZRT-798)
Warning: Net CTS_ZCTSNET_125 has a frontside min_layer M1 that is outside the global min/max layer range M2 - M7. (ZRT-798)
Warning: Net u_main_controller_top/u_main_controller/CTS_ZCTSNET_224 has a frontside min_layer M1 that is outside the global min/max layer range M2 - M7. (ZRT-798)
Warning: Net u_datapath/u_output_fifo_control/CTS_ZCTSNET_7 has a frontside min_layer M1 that is outside the global min/max layer range M2 - M7. (ZRT-798)
Warning: Net u_main_controller_top/CTS_ZCTSNET_36 has a frontside min_layer M1 that is outside the global min/max layer range M2 - M7. (ZRT-798)
Warning: Net u_datapath/u_gamma_correction/CTS_ZCTSNET_131 has a frontside min_layer M1 that is outside the global min/max layer range M2 - M7. (ZRT-798)
Warning: Net CTS_ZCTSNET_156 has a frontside min_layer M1 that is outside the global min/max layer range M2 - M7. (ZRT-798)
Warning: Net u_main_controller_top/CTS_ZCTSNET_21 has a frontside min_layer M1 that is outside the global min/max layer range M2 - M7. (ZRT-798)
Warning: Net u_datapath/u_gamma_correction/CTS_ZCTSNET_132 has a frontside min_layer M1 that is outside the global min/max layer range M2 - M7. (ZRT-798)
Warning: Net u_main_controller_top/u_main_controller/CTS_ZCTSNET_181 has a frontside min_layer M1 that is outside the global min/max layer range M2 - M7. (ZRT-798)
Warning: Net u_main_controller_top/u_main_controller/CTS_ZCTSNET_226 has a frontside min_layer M1 that is outside the global min/max layer range M2 - M7. (ZRT-798)
Warning: Net u_datapath/CTS_ZCTSNET_62 has a frontside min_layer M1 that is outside the global min/max layer range M2 - M7. (ZRT-798)
Warning: Net u_main_controller_top/u_main_controller/CTS_ZCTSNET_182 has a frontside min_layer M1 that is outside the global min/max layer range M2 - M7. (ZRT-798)
Warning: Net u_datapath/u_gamma_correction/CTS_ZCTSNET_133 has a frontside min_layer M1 that is outside the global min/max layer range M2 - M7. (ZRT-798)
Warning: Net u_datapath/CTS_ZCTSNET_63 has a frontside min_layer M1 that is outside the global min/max layer range M2 - M7. (ZRT-798)
Warning: Net u_main_controller_top/u_main_controller/CTS_ZCTSNET_227 has a frontside min_layer M1 that is outside the global min/max layer range M2 - M7. (ZRT-798)
Warning: Net u_datapath/CTS_ZCTSNET_64 has a frontside min_layer M1 that is outside the global min/max layer range M2 - M7. (ZRT-798)
Warning: Net u_datapath/u_gamma_correction/CTS_ZCTSNET_134 has a frontside min_layer M1 that is outside the global min/max layer range M2 - M7. (ZRT-798)
Warning: Net u_datapath/CTS_ZCTSNET_65 has a frontside min_layer M1 that is outside the global min/max layer range M2 - M7. (ZRT-798)
Warning: Net u_main_controller_top/CTS_ZCTSNET_37 has a frontside min_layer M1 that is outside the global min/max layer range M2 - M7. (ZRT-798)
Warning: Net u_datapath/CTS_ZCTSNET_66 has a frontside min_layer M1 that is outside the global min/max layer range M2 - M7. (ZRT-798)
Warning: Net u_datapath/u_gamma_correction/CTS_ZCTSNET_135 has a frontside min_layer M1 that is outside the global min/max layer range M2 - M7. (ZRT-798)
Warning: Net u_main_controller_top/u_main_controller/CTS_ZCTSNET_229 has a frontside min_layer M1 that is outside the global min/max layer range M2 - M7. (ZRT-798)
Warning: Net u_datapath/CTS_ZCTSNET_67 has a frontside min_layer M1 that is outside the global min/max layer range M2 - M7. (ZRT-798)
Warning: Net u_datapath/u_gamma_correction/CTS_ZCTSNET_136 has a frontside min_layer M1 that is outside the global min/max layer range M2 - M7. (ZRT-798)
Warning: Net u_main_controller_top/CTS_ZCTSNET_22 has a frontside min_layer M1 that is outside the global min/max layer range M2 - M7. (ZRT-798)
Warning: Net u_main_controller_top/u_main_controller/CTS_ZCTSNET_230 has a frontside min_layer M1 that is outside the global min/max layer range M2 - M7. (ZRT-798)
Warning: Net u_datapath/u_gamma_correction/CTS_ZCTSNET_137 has a frontside min_layer M1 that is outside the global min/max layer range M2 - M7. (ZRT-798)
Warning: Net u_main_controller_top/u_main_controller/CTS_ZCTSNET_185 has a frontside min_layer M1 that is outside the global min/max layer range M2 - M7. (ZRT-798)
Warning: Net u_main_controller_top/u_main_controller/CTS_ZCTSNET_232 has a frontside min_layer M1 that is outside the global min/max layer range M2 - M7. (ZRT-798)
Warning: Net u_datapath/u_gamma_correction/u_sr_d1kx16_f166g_gamma_wrap/CTS_ZCTSNET_3 has a frontside min_layer M1 that is outside the global min/max layer range M2 - M7. (ZRT-798)
Warning: Net u_main_controller_top/CTS_ZCTSNET_24 has a frontside min_layer M1 that is outside the global min/max layer range M2 - M7. (ZRT-798)
Warning: Net u_datapath/u_gamma_correction/CTS_ZCTSNET_138 has a frontside min_layer M1 that is outside the global min/max layer range M2 - M7. (ZRT-798)
Warning: Net u_main_controller_top/u_main_controller/CTS_ZCTSNET_235 has a frontside min_layer M1 that is outside the global min/max layer range M2 - M7. (ZRT-798)
Warning: Net u_main_controller_top/CTS_ZCTSNET_25 has a frontside min_layer M1 that is outside the global min/max layer range M2 - M7. (ZRT-798)
Warning: Net u_main_controller_top/u_main_controller/CTS_ZCTSNET_252 has a frontside min_layer M1 that is outside the global min/max layer range M2 - M7. (ZRT-798)
Warning: Net u_main_controller_top/CTS_ZCTSNET_39 has a frontside min_layer M1 that is outside the global min/max layer range M2 - M7. (ZRT-798)
Warning: Net u_main_controller_top/CTS_ZCTSNET_26 has a frontside min_layer M1 that is outside the global min/max layer range M2 - M7. (ZRT-798)
Warning: Net u_datapath/CTS_ZCTSNET_68 has a frontside min_layer M1 that is outside the global min/max layer range M2 - M7. (ZRT-798)
Warning: Net u_main_controller_top/CTS_ZCTSNET_41 has a frontside min_layer M1 that is outside the global min/max layer range M2 - M7. (ZRT-798)
Warning: Net u_main_controller_top/u_main_controller/CTS_ZCTSNET_190 has a frontside min_layer M1 that is outside the global min/max layer range M2 - M7. (ZRT-798)
Warning: Net u_main_controller_top/u_main_controller/CTS_ZCTSNET_238 has a frontside min_layer M1 that is outside the global min/max layer range M2 - M7. (ZRT-798)
Warning: Net u_datapath/CTS_ZCTSNET_69 has a frontside min_layer M1 that is outside the global min/max layer range M2 - M7. (ZRT-798)
Warning: Net u_datapath/u_gamma_correction/CTS_ZCTSNET_139 has a frontside min_layer M1 that is outside the global min/max layer range M2 - M7. (ZRT-798)
Warning: Net u_datapath/CTS_ZCTSNET_99 has a frontside min_layer M1 that is outside the global min/max layer range M2 - M7. (ZRT-798)
Warning: Net u_main_controller_top/u_main_controller/CTS_ZCTSNET_239 has a frontside min_layer M1 that is outside the global min/max layer range M2 - M7. (ZRT-798)
Warning: Net u_datapath/u_gamma_correction/CTS_ZCTSNET_140 has a frontside min_layer M1 that is outside the global min/max layer range M2 - M7. (ZRT-798)
Warning: Net CTS_ZCTSNET_158 has a frontside min_layer M1 that is outside the global min/max layer range M2 - M7. (ZRT-798)
Warning: Net u_datapath/u_gamma_correction/CTS_ZCTSNET_142 has a frontside min_layer M1 that is outside the global min/max layer range M2 - M7. (ZRT-798)
Warning: Net u_datapath/CTS_ZCTSNET_74 has a frontside min_layer M1 that is outside the global min/max layer range M2 - M7. (ZRT-798)
Warning: Net u_datapath/u_input_line_buffer_control/CTS_ZCTSNET_35 has a frontside min_layer M1 that is outside the global min/max layer range M2 - M7. (ZRT-798)
Warning: Net CTS_ZCTSNET_160 has a frontside min_layer M1 that is outside the global min/max layer range M2 - M7. (ZRT-798)
Warning: Net u_clk_gen/u_clock_gen/CTS_ctosc_dly_trglat_141 has a frontside min_layer M1 that is outside the global min/max layer range M2 - M7. (ZRT-798)
Warning: Net u_main_controller_top/u_main_controller/u_sr_d512x72f116_MMS2_wrap/clock_gate_net_85 has a frontside min_layer M1 that is outside the global min/max layer range M2 - M7. (ZRT-798)
Warning: Net u_datapath/CTS_ZCTSNET_75 has a frontside min_layer M1 that is outside the global min/max layer range M2 - M7. (ZRT-798)
Warning: Net u_clk_gen/u_clock_gen/CTS_ctosc_dly_trglat_142 has a frontside min_layer M1 that is outside the global min/max layer range M2 - M7. (ZRT-798)
Warning: Net u_datapath/u_gamma_correction/CTS_ZCTSNET_145 has a frontside min_layer M1 that is outside the global min/max layer range M2 - M7. (ZRT-798)
Warning: Net CTS_ZCTSNET_161 has a frontside min_layer M1 that is outside the global min/max layer range M2 - M7. (ZRT-798)
Warning: Net u_datapath/u_input_line_buffer_control/CTS_ZCTSNET_37 has a frontside min_layer M1 that is outside the global min/max layer range M2 - M7. (ZRT-798)
Warning: Net CTS_ZCTSNET_131 has a frontside min_layer M1 that is outside the global min/max layer range M2 - M7. (ZRT-798)
Warning: Net CTS_ZCTSNET_162 has a frontside min_layer M1 that is outside the global min/max layer range M2 - M7. (ZRT-798)
Warning: Net CTS_ZCTSNET_132 has a frontside min_layer M1 that is outside the global min/max layer range M2 - M7. (ZRT-798)
Warning: Net u_datapath/CTS_ZCTSNET_76 has a frontside min_layer M1 that is outside the global min/max layer range M2 - M7. (ZRT-798)
Warning: Net CTS_ZCTSNET_163 has a frontside min_layer M1 that is outside the global min/max layer range M2 - M7. (ZRT-798)
Warning: Net u_datapath/CTS_ZCTSNET_77 has a frontside min_layer M1 that is outside the global min/max layer range M2 - M7. (ZRT-798)
Warning: Net CTS_ZCTSNET_164 has a frontside min_layer M1 that is outside the global min/max layer range M2 - M7. (ZRT-798)
Warning: Net u_datapath/CTS_ZCTSNET_78 has a frontside min_layer M1 that is outside the global min/max layer range M2 - M7. (ZRT-798)
Warning: Net CTS_ZCTSNET_133 has a frontside min_layer M1 that is outside the global min/max layer range M2 - M7. (ZRT-798)
Warning: Net CTS_ZCTSNET_165 has a frontside min_layer M1 that is outside the global min/max layer range M2 - M7. (ZRT-798)
Warning: Net u_datapath/CTS_ZCTSNET_79 has a frontside min_layer M1 that is outside the global min/max layer range M2 - M7. (ZRT-798)
Warning: Net CTS_ZCTSNET_135 has a frontside min_layer M1 that is outside the global min/max layer range M2 - M7. (ZRT-798)
Warning: Net CTS_ZCTSNET_167 has a frontside min_layer M1 that is outside the global min/max layer range M2 - M7. (ZRT-798)
Warning: Net u_datapath/CTS_ZCTSNET_80 has a frontside min_layer M1 that is outside the global min/max layer range M2 - M7. (ZRT-798)
Warning: Net CTS_ZCTSNET_136 has a frontside min_layer M1 that is outside the global min/max layer range M2 - M7. (ZRT-798)
Warning: Net CTS_ZCTSNET_168 has a frontside min_layer M1 that is outside the global min/max layer range M2 - M7. (ZRT-798)
Warning: Net u_datapath/u_input_line_buffer_control/CTS_ZCTSNET_38 has a frontside min_layer M1 that is outside the global min/max layer range M2 - M7. (ZRT-798)
Warning: Net CTS_ZCTSNET_137 has a frontside min_layer M1 that is outside the global min/max layer range M2 - M7. (ZRT-798)
Warning: Net u_datapath/CTS_ZCTSNET_81 has a frontside min_layer M1 that is outside the global min/max layer range M2 - M7. (ZRT-798)
Warning: Net u_datapath/u_input_line_buffer_control/CTS_ZCTSNET_39 has a frontside min_layer M1 that is outside the global min/max layer range M2 - M7. (ZRT-798)
Warning: Net u_datapath/u_gamma_correction/CTS_ZCTSNET_152 has a frontside min_layer M1 that is outside the global min/max layer range M2 - M7. (ZRT-798)
Warning: Net u_datapath/CTS_ZCTSNET_100 has a frontside min_layer M1 that is outside the global min/max layer range M2 - M7. (ZRT-798)
Warning: Net u_datapath/u_gamma_correction/CTS_ZCTSNET_153 has a frontside min_layer M1 that is outside the global min/max layer range M2 - M7. (ZRT-798)
Warning: Net CTS_ZCTSNET_169 has a frontside min_layer M1 that is outside the global min/max layer range M2 - M7. (ZRT-798)
Warning: Net u_datapath/CTS_ZCTSNET_101 has a frontside min_layer M1 that is outside the global min/max layer range M2 - M7. (ZRT-798)
Warning: Net CTS_ZCTSNET_170 has a frontside min_layer M1 that is outside the global min/max layer range M2 - M7. (ZRT-798)
Warning: Net CTS_ZCTSNET_138 has a frontside min_layer M1 that is outside the global min/max layer range M2 - M7. (ZRT-798)
Warning: Net CTS_ZCTSNET_171 has a frontside min_layer M1 that is outside the global min/max layer range M2 - M7. (ZRT-798)
Warning: Net u_datapath/u_gamma_correction/CTS_ZCTSNET_154 has a frontside min_layer M1 that is outside the global min/max layer range M2 - M7. (ZRT-798)
Warning: Net u_datapath/CTS_ZCTSNET_102 has a frontside min_layer M1 that is outside the global min/max layer range M2 - M7. (ZRT-798)
Warning: Net CTS_ZCTSNET_172 has a frontside min_layer M1 that is outside the global min/max layer range M2 - M7. (ZRT-798)
Warning: Net CTS_ZCTSNET_173 has a frontside min_layer M1 that is outside the global min/max layer range M2 - M7. (ZRT-798)
Warning: Net u_datapath/CTS_ZCTSNET_103 has a frontside min_layer M1 that is outside the global min/max layer range M2 - M7. (ZRT-798)
Warning: Net u_datapath/CTS_ZCTSNET_82 has a frontside min_layer M1 that is outside the global min/max layer range M2 - M7. (ZRT-798)
Warning: Net CTS_ZCTSNET_174 has a frontside min_layer M1 that is outside the global min/max layer range M2 - M7. (ZRT-798)
Warning: Net u_datapath/CTS_ZCTSNET_114 has a frontside min_layer M1 that is outside the global min/max layer range M2 - M7. (ZRT-798)
Warning: Net CTS_ZCTSNET_175 has a frontside min_layer M1 that is outside the global min/max layer range M2 - M7. (ZRT-798)
Warning: Net u_datapath/CTS_ZCTSNET_104 has a frontside min_layer M1 that is outside the global min/max layer range M2 - M7. (ZRT-798)
Warning: Net CTS_ZCTSNET_176 has a frontside min_layer M1 that is outside the global min/max layer range M2 - M7. (ZRT-798)
Warning: Net u_datapath/u_gamma_correction/CTS_ZCTSNET_156 has a frontside min_layer M1 that is outside the global min/max layer range M2 - M7. (ZRT-798)
Warning: Net u_datapath/CTS_ZCTSNET_105 has a frontside min_layer M1 that is outside the global min/max layer range M2 - M7. (ZRT-798)
Warning: Net u_datapath/CTS_ZCTSNET_115 has a frontside min_layer M1 that is outside the global min/max layer range M2 - M7. (ZRT-798)
Warning: Net CTS_ZCTSNET_177 has a frontside min_layer M1 that is outside the global min/max layer range M2 - M7. (ZRT-798)
Warning: Net u_datapath/CTS_ZCTSNET_106 has a frontside min_layer M1 that is outside the global min/max layer range M2 - M7. (ZRT-798)
Warning: Net u_datapath/u_gamma_correction/CTS_ZCTSNET_157 has a frontside min_layer M1 that is outside the global min/max layer range M2 - M7. (ZRT-798)
Warning: Net u_datapath/CTS_ZCTSNET_107 has a frontside min_layer M1 that is outside the global min/max layer range M2 - M7. (ZRT-798)
Warning: Net u_datapath/CTS_ZCTSNET_83 has a frontside min_layer M1 that is outside the global min/max layer range M2 - M7. (ZRT-798)
Warning: Net CTS_ZCTSNET_178 has a frontside min_layer M1 that is outside the global min/max layer range M2 - M7. (ZRT-798)
Warning: Net u_datapath/CTS_ZCTSNET_116 has a frontside min_layer M1 that is outside the global min/max layer range M2 - M7. (ZRT-798)
Warning: Net u_datapath/CTS_ZCTSNET_108 has a frontside min_layer M1 that is outside the global min/max layer range M2 - M7. (ZRT-798)
Warning: Net u_datapath/CTS_ZCTSNET_117 has a frontside min_layer M1 that is outside the global min/max layer range M2 - M7. (ZRT-798)
Warning: Net u_datapath/CTS_ZCTSNET_84 has a frontside min_layer M1 that is outside the global min/max layer range M2 - M7. (ZRT-798)
Warning: Net u_datapath/CTS_ZCTSNET_109 has a frontside min_layer M1 that is outside the global min/max layer range M2 - M7. (ZRT-798)
Warning: Net u_datapath/CTS_ZCTSNET_85 has a frontside min_layer M1 that is outside the global min/max layer range M2 - M7. (ZRT-798)
Warning: Net u_datapath/CTS_ZCTSNET_118 has a frontside min_layer M1 that is outside the global min/max layer range M2 - M7. (ZRT-798)
Warning: Net u_datapath/CTS_ZCTSNET_86 has a frontside min_layer M1 that is outside the global min/max layer range M2 - M7. (ZRT-798)
Warning: Net u_datapath/CTS_ZCTSNET_119 has a frontside min_layer M1 that is outside the global min/max layer range M2 - M7. (ZRT-798)
Warning: Net u_datapath/CTS_ZCTSNET_110 has a frontside min_layer M1 that is outside the global min/max layer range M2 - M7. (ZRT-798)
Warning: Net CTS_ctosc_drc_13 has a frontside min_layer M1 that is outside the global min/max layer range M2 - M7. (ZRT-798)
Warning: Net u_datapath/u_input_line_buffer_control/CTS_ZCTSNET_23 has a frontside min_layer M1 that is outside the global min/max layer range M2 - M7. (ZRT-798)
Warning: Net u_datapath/CTS_ZCTSNET_111 has a frontside min_layer M1 that is outside the global min/max layer range M2 - M7. (ZRT-798)
Warning: Net CTS_ctosc_drc_14 has a frontside min_layer M1 that is outside the global min/max layer range M2 - M7. (ZRT-798)
Warning: Net u_datapath/CTS_ZCTSNET_120 has a frontside min_layer M1 that is outside the global min/max layer range M2 - M7. (ZRT-798)
Warning: Net CTS_ctosc_drc_47 has a frontside min_layer M1 that is outside the global min/max layer range M2 - M7. (ZRT-798)
Warning: Net u_datapath/CTS_ZCTSNET_87 has a frontside min_layer M1 that is outside the global min/max layer range M2 - M7. (ZRT-798)
Warning: Net u_datapath/CTS_ZCTSNET_112 has a frontside min_layer M1 that is outside the global min/max layer range M2 - M7. (ZRT-798)
Warning: Net u_datapath/CTS_ZCTSNET_121 has a frontside min_layer M1 that is outside the global min/max layer range M2 - M7. (ZRT-798)
Warning: Net u_datapath/CTS_ZCTSNET_88 has a frontside min_layer M1 that is outside the global min/max layer range M2 - M7. (ZRT-798)
Warning: Net u_datapath/CTS_ZCTSNET_122 has a frontside min_layer M1 that is outside the global min/max layer range M2 - M7. (ZRT-798)
Warning: Net u_datapath/CTS_ZCTSNET_113 has a frontside min_layer M1 that is outside the global min/max layer range M2 - M7. (ZRT-798)
Warning: Net u_datapath/CTS_ZCTSNET_123 has a frontside min_layer M1 that is outside the global min/max layer range M2 - M7. (ZRT-798)
Warning: Net u_datapath/CTS_ZCTSNET_89 has a frontside min_layer M1 that is outside the global min/max layer range M2 - M7. (ZRT-798)
Warning: Net CTS_ctosc_drc_48 has a frontside min_layer M1 that is outside the global min/max layer range M2 - M7. (ZRT-798)
Warning: Net u_datapath/CTS_ZCTSNET_125 has a frontside min_layer M1 that is outside the global min/max layer range M2 - M7. (ZRT-798)
Warning: Net u_datapath/u_gamma_correction/CTS_ZCTSNET_164 has a frontside min_layer M1 that is outside the global min/max layer range M2 - M7. (ZRT-798)
Warning: Net u_datapath/CTS_ZCTSNET_126 has a frontside min_layer M1 that is outside the global min/max layer range M2 - M7. (ZRT-798)
Warning: Net u_datapath/CTS_ZCTSNET_90 has a frontside min_layer M1 that is outside the global min/max layer range M2 - M7. (ZRT-798)
Warning: Net u_datapath/u_input_line_buffer_control/CTS_ZCTSNET_43 has a frontside min_layer M1 that is outside the global min/max layer range M2 - M7. (ZRT-798)
Warning: Net CTS_ctosc_gls_59 has a frontside min_layer M1 that is outside the global min/max layer range M2 - M7. (ZRT-798)
Warning: Net u_datapath/u_input_line_buffer_control/CTS_ZCTSNET_26 has a frontside min_layer M1 that is outside the global min/max layer range M2 - M7. (ZRT-798)
Warning: Net u_datapath/CTS_ZCTSNET_127 has a frontside min_layer M1 that is outside the global min/max layer range M2 - M7. (ZRT-798)
Warning: Net u_clk_gen/CTS_ctosc_gls_99 has a frontside min_layer M1 that is outside the global min/max layer range M2 - M7. (ZRT-798)
Warning: Net CTS_ctosc_gls_60 has a frontside min_layer M1 that is outside the global min/max layer range M2 - M7. (ZRT-798)
Warning: Net u_main_controller_top/u_main_controller/CTS_ZCTSNET_254 has a frontside min_layer M1 that is outside the global min/max layer range M2 - M7. (ZRT-798)
Warning: Net u_clk_gen/CTS_ctosc_gls_100 has a frontside min_layer M1 that is outside the global min/max layer range M2 - M7. (ZRT-798)
Warning: Net u_datapath/CTS_ZCTSNET_128 has a frontside min_layer M1 that is outside the global min/max layer range M2 - M7. (ZRT-798)
Warning: Net u_datapath/CTS_ZCTSNET_92 has a frontside min_layer M1 that is outside the global min/max layer range M2 - M7. (ZRT-798)
Warning: Net u_clk_gen/CTS_ctosc_gls_103 has a frontside min_layer M1 that is outside the global min/max layer range M2 - M7. (ZRT-798)
Warning: Net u_clk_gen/u_clock_gen/CTS_ctosc_drc_22 has a frontside min_layer M1 that is outside the global min/max layer range M2 - M7. (ZRT-798)
Warning: Net u_datapath/CTS_ZCTSNET_93 has a frontside min_layer M1 that is outside the global min/max layer range M2 - M7. (ZRT-798)
Warning: Net u_datapath/CTS_ZCTSNET_129 has a frontside min_layer M1 that is outside the global min/max layer range M2 - M7. (ZRT-798)
Warning: Net u_datapath/CTS_ZCTSNET_94 has a frontside min_layer M1 that is outside the global min/max layer range M2 - M7. (ZRT-798)
Warning: Net u_clk_gen/CTS_ctosc_gls_104 has a frontside min_layer M1 that is outside the global min/max layer range M2 - M7. (ZRT-798)
Warning: Net u_datapath/CTS_ZCTSNET_130 has a frontside min_layer M1 that is outside the global min/max layer range M2 - M7. (ZRT-798)
Warning: Net u_datapath/CTS_ZCTSNET_95 has a frontside min_layer M1 that is outside the global min/max layer range M2 - M7. (ZRT-798)
Warning: Net u_clk_gen/CTS_ctosc_gls_107 has a frontside min_layer M1 that is outside the global min/max layer range M2 - M7. (ZRT-798)
Warning: Net u_clk_gen/u_clock_gen/CTS_ctosc_drc_23 has a frontside min_layer M1 that is outside the global min/max layer range M2 - M7. (ZRT-798)
Warning: Net u_clk_gen/CTS_ctosc_gls_108 has a frontside min_layer M1 that is outside the global min/max layer range M2 - M7. (ZRT-798)
Warning: Net u_datapath/CTS_ZCTSNET_96 has a frontside min_layer M1 that is outside the global min/max layer range M2 - M7. (ZRT-798)
Warning: Net u_datapath/CTS_ZCTSNET_131 has a frontside min_layer M1 that is outside the global min/max layer range M2 - M7. (ZRT-798)
Warning: Net CTS_ctosc_gls_63 has a frontside min_layer M1 that is outside the global min/max layer range M2 - M7. (ZRT-798)
Warning: Net u_datapath/u_gamma_correction/CTS_ZCTSNET_168 has a frontside min_layer M1 that is outside the global min/max layer range M2 - M7. (ZRT-798)
Warning: Net CTS_ctosc_gls_64 has a frontside min_layer M1 that is outside the global min/max layer range M2 - M7. (ZRT-798)
Warning: Net u_datapath/u_gamma_correction/CTS_ZCTSNET_169 has a frontside min_layer M1 that is outside the global min/max layer range M2 - M7. (ZRT-798)
Warning: Net u_clk_gen/CTS_ctosc_gls_111 has a frontside min_layer M1 that is outside the global min/max layer range M2 - M7. (ZRT-798)
Warning: Net CTS_ctosc_gls_65 has a frontside min_layer M1 that is outside the global min/max layer range M2 - M7. (ZRT-798)
Warning: Net u_clk_gen/CTS_ctosc_gls_112 has a frontside min_layer M1 that is outside the global min/max layer range M2 - M7. (ZRT-798)
Warning: Net u_datapath/u_input_line_buffer_control/CTS_ZCTSNET_47 has a frontside min_layer M1 that is outside the global min/max layer range M2 - M7. (ZRT-798)
Warning: Net u_datapath/u_gamma_correction/u_sr_d1kx16_f166c_compensation_table_0_wrap/CTS_ZCTSNET_7 has a frontside min_layer M1 that is outside the global min/max layer range M2 - M7. (ZRT-798)
Warning: Net CTS_ctosc_gls_66 has a frontside min_layer M1 that is outside the global min/max layer range M2 - M7. (ZRT-798)
Warning: Net u_datapath/CTS_ZCTSNET_132 has a frontside min_layer M1 that is outside the global min/max layer range M2 - M7. (ZRT-798)
Warning: Net CTS_ctosc_gls_67 has a frontside min_layer M1 that is outside the global min/max layer range M2 - M7. (ZRT-798)
Warning: Net u_datapath/CTS_ZCTSNET_133 has a frontside min_layer M1 that is outside the global min/max layer range M2 - M7. (ZRT-798)
Warning: Net CTS_ctosc_gls_68 has a frontside min_layer M1 that is outside the global min/max layer range M2 - M7. (ZRT-798)
Warning: Net u_datapath/u_input_line_buffer_control/CTS_ZCTSNET_32 has a frontside min_layer M1 that is outside the global min/max layer range M2 - M7. (ZRT-798)
Warning: Net u_datapath/u_input_line_buffer_control/CTS_ZCTSNET_33 has a frontside min_layer M1 that is outside the global min/max layer range M2 - M7. (ZRT-798)
Warning: Net CTS_ZCTSNET_203 has a frontside min_layer M1 that is outside the global min/max layer range M2 - M7. (ZRT-798)
Warning: Net CTS_ZCTSNET_205 has a frontside min_layer M1 that is outside the global min/max layer range M2 - M7. (ZRT-798)
Warning: Net CTS_ZCTSNET_206 has a frontside min_layer M1 that is outside the global min/max layer range M2 - M7. (ZRT-798)
Warning: Net CTS_ZCTSNET_207 has a frontside min_layer M1 that is outside the global min/max layer range M2 - M7. (ZRT-798)
Warning: Net u_main_controller_top/u_main_controller/CTS_ZCTSNET_260 has a frontside min_layer M1 that is outside the global min/max layer range M2 - M7. (ZRT-798)
Warning: Net u_main_controller_top/u_main_controller/CTS_ZCTSNET_261 has a frontside min_layer M1 that is outside the global min/max layer range M2 - M7. (ZRT-798)
Warning: Net u_main_controller_top/u_main_controller/CTS_ZCTSNET_262 has a frontside min_layer M1 that is outside the global min/max layer range M2 - M7. (ZRT-798)
Warning: Net u_main_controller_top/u_main_controller/u_sr_d512x72f116_MM0_wrap/clock_gate_net_86 has a frontside min_layer M1 that is outside the global min/max layer range M2 - M7. (ZRT-798)
Warning: Net u_main_controller_top/u_main_controller/CTS_ZCTSNET_263 has a frontside min_layer M1 that is outside the global min/max layer range M2 - M7. (ZRT-798)
Warning: Net CTS_ZCTSNET_208 has a frontside min_layer M1 that is outside the global min/max layer range M2 - M7. (ZRT-798)
Warning: Net CTS_ZCTSNET_209 has a frontside min_layer M1 that is outside the global min/max layer range M2 - M7. (ZRT-798)
Warning: Net CTS_ZCTSNET_210 has a frontside min_layer M1 that is outside the global min/max layer range M2 - M7. (ZRT-798)
Warning: Net CTS_ZCTSNET_211 has a frontside min_layer M1 that is outside the global min/max layer range M2 - M7. (ZRT-798)
Warning: Net u_main_controller_top/u_main_controller/CTS_ZCTSNET_267 has a frontside min_layer M1 that is outside the global min/max layer range M2 - M7. (ZRT-798)
Warning: Net CTS_ZCTSNET_215 has a frontside min_layer M1 that is outside the global min/max layer range M2 - M7. (ZRT-798)
Warning: Net CTS_ctosc_drc_5 has a frontside min_layer M1 that is outside the global min/max layer range M2 - M7. (ZRT-798)
Warning: Net CTS_ctosc_drc_6 has a frontside min_layer M1 that is outside the global min/max layer range M2 - M7. (ZRT-798)
Warning: Net u_main_controller_top/u_main_controller/CTS_sbcto_ht1_1 has a frontside min_layer M1 that is outside the global min/max layer range M2 - M7. (ZRT-798)
Warning: Net u_main_controller_top/u_main_controller/CTS_sbcto_ht1_2 has a frontside min_layer M1 that is outside the global min/max layer range M2 - M7. (ZRT-798)
Warning: Net u_clk_gen/u_clock_gen/CTS_ctosc_drc_12 has a frontside min_layer M1 that is outside the global min/max layer range M2 - M7. (ZRT-798)
Warning: Net u_clk_gen/u_clock_gen/CTS_ctosc_drc_13 has a frontside min_layer M1 that is outside the global min/max layer range M2 - M7. (ZRT-798)
Warning: Net clock_gate_net_365 has a frontside min_layer M1 that is outside the global min/max layer range M2 - M7. (ZRT-798)
Warning: Net clock_gate_net_366 has a frontside min_layer M1 that is outside the global min/max layer range M2 - M7. (ZRT-798)
Warning: Net clock_gate_net_367 has a frontside min_layer M1 that is outside the global min/max layer range M2 - M7. (ZRT-798)
Warning: Net u_clk_gen/u_clock_gen/CTS_ctosc_drc_0 has a frontside min_layer M1 that is outside the global min/max layer range M2 - M7. (ZRT-798)
Warning: Net clock_gate_net_368 has a frontside min_layer M1 that is outside the global min/max layer range M2 - M7. (ZRT-798)
Warning: Net u_clk_gen/u_clock_gen/CTS_ctosc_drc_1 has a frontside min_layer M1 that is outside the global min/max layer range M2 - M7. (ZRT-798)
Warning: Net clock_gate_net_369 has a frontside min_layer M1 that is outside the global min/max layer range M2 - M7. (ZRT-798)
Warning: Net clock_gate_net_370 has a frontside min_layer M1 that is outside the global min/max layer range M2 - M7. (ZRT-798)
Warning: Net clock_gate_net_371 has a frontside min_layer M1 that is outside the global min/max layer range M2 - M7. (ZRT-798)
Warning: Net clock_gate_net_372 has a frontside min_layer M1 that is outside the global min/max layer range M2 - M7. (ZRT-798)
Warning: Net clock_gate_net_373 has a frontside min_layer M1 that is outside the global min/max layer range M2 - M7. (ZRT-798)
Warning: Net clock_gate_net_374 has a frontside min_layer M1 that is outside the global min/max layer range M2 - M7. (ZRT-798)
Warning: Net clock_gate_net_351 has a frontside min_layer M1 that is outside the global min/max layer range M2 - M7. (ZRT-798)
Warning: Net clock_gate_net_352 has a frontside min_layer M1 that is outside the global min/max layer range M2 - M7. (ZRT-798)
Warning: Net clock_gate_net_353 has a frontside min_layer M1 that is outside the global min/max layer range M2 - M7. (ZRT-798)
Warning: Net clock_gate_net_354 has a frontside min_layer M1 that is outside the global min/max layer range M2 - M7. (ZRT-798)
Warning: Net clock_gate_net_357 has a frontside min_layer M1 that is outside the global min/max layer range M2 - M7. (ZRT-798)
Warning: Net clock_gate_net_358 has a frontside min_layer M1 that is outside the global min/max layer range M2 - M7. (ZRT-798)
Warning: Net clock_gate_net_359 has a frontside min_layer M1 that is outside the global min/max layer range M2 - M7. (ZRT-798)
Warning: Net clock_gate_net_360 has a frontside min_layer M1 that is outside the global min/max layer range M2 - M7. (ZRT-798)
Warning: Net clock_gate_net_361 has a frontside min_layer M1 that is outside the global min/max layer range M2 - M7. (ZRT-798)
Warning: Net clock_gate_net_362 has a frontside min_layer M1 that is outside the global min/max layer range M2 - M7. (ZRT-798)
Warning: Net clock_gate_net_363 has a frontside min_layer M1 that is outside the global min/max layer range M2 - M7. (ZRT-798)
Warning: Net clock_gate_net_364 has a frontside min_layer M1 that is outside the global min/max layer range M2 - M7. (ZRT-798)
Warning: Net u_datapath/u_gamma_correction/clock_gate_net_1480 has a frontside min_layer M1 that is outside the global min/max layer range M2 - M7. (ZRT-798)
Warning: Net u_datapath/u_gamma_correction/clock_gate_net_1481 has a frontside min_layer M1 that is outside the global min/max layer range M2 - M7. (ZRT-798)
Warning: Net u_datapath/u_gamma_correction/clock_gate_net_1482 has a frontside min_layer M1 that is outside the global min/max layer range M2 - M7. (ZRT-798)
Warning: Net u_datapath/u_gamma_correction/clock_gate_net_1483 has a frontside min_layer M1 that is outside the global min/max layer range M2 - M7. (ZRT-798)
Warning: Net u_datapath/u_gamma_correction/clock_gate_net_1484 has a frontside min_layer M1 that is outside the global min/max layer range M2 - M7. (ZRT-798)
Warning: Net u_datapath/u_gamma_correction/clock_gate_net_1468 has a frontside min_layer M1 that is outside the global min/max layer range M2 - M7. (ZRT-798)
Warning: Net u_datapath/u_gamma_correction/clock_gate_net_1470 has a frontside min_layer M1 that is outside the global min/max layer range M2 - M7. (ZRT-798)
Warning: Net u_datapath/u_gamma_correction/clock_gate_net_1471 has a frontside min_layer M1 that is outside the global min/max layer range M2 - M7. (ZRT-798)
Warning: Net u_datapath/u_gamma_correction/clock_gate_net_1472 has a frontside min_layer M1 that is outside the global min/max layer range M2 - M7. (ZRT-798)
Warning: Net u_datapath/u_gamma_correction/clock_gate_net_1473 has a frontside min_layer M1 that is outside the global min/max layer range M2 - M7. (ZRT-798)
Warning: Net u_datapath/u_gamma_correction/clock_gate_net_1474 has a frontside min_layer M1 that is outside the global min/max layer range M2 - M7. (ZRT-798)
Warning: Net u_datapath/u_gamma_correction/clock_gate_net_1475 has a frontside min_layer M1 that is outside the global min/max layer range M2 - M7. (ZRT-798)
Warning: Net u_datapath/u_gamma_correction/clock_gate_net_1477 has a frontside min_layer M1 that is outside the global min/max layer range M2 - M7. (ZRT-798)
Warning: Net u_datapath/u_gamma_correction/clock_gate_net_1478 has a frontside min_layer M1 that is outside the global min/max layer range M2 - M7. (ZRT-798)
Warning: Net u_datapath/u_gamma_correction/clock_gate_net_1479 has a frontside min_layer M1 that is outside the global min/max layer range M2 - M7. (ZRT-798)
Warning: Net u_main_controller_top/clock_gate_net_4 has a frontside min_layer M1 that is outside the global min/max layer range M2 - M7. (ZRT-798)
Warning: Net u_datapath/u_gamma_correction/clock_gate_net_9604 has a frontside min_layer M1 that is outside the global min/max layer range M2 - M7. (ZRT-798)
Warning: Net u_datapath/u_gamma_correction/clock_gate_net_9609 has a frontside min_layer M1 that is outside the global min/max layer range M2 - M7. (ZRT-798)
Warning: Net u_main_controller_top/clock_gate_net_9 has a frontside min_layer M1 that is outside the global min/max layer range M2 - M7. (ZRT-798)
Warning: Net u_datapath/u_pixel_in_buffer/clock_gate_net_2 has a frontside min_layer M1 that is outside the global min/max layer range M2 - M7. (ZRT-798)
Warning: Net u_datapath/u_pixel_in_buffer/clock_gate_net_3 has a frontside min_layer M1 that is outside the global min/max layer range M2 - M7. (ZRT-798)
Warning: Net u_datapath/u_pixel_in_buffer/clock_gate_net_4 has a frontside min_layer M1 that is outside the global min/max layer range M2 - M7. (ZRT-798)
Warning: Net u_datapath/u_pixel_in_buffer/clock_gate_net_5 has a frontside min_layer M1 that is outside the global min/max layer range M2 - M7. (ZRT-798)
Warning: Net u_datapath/u_pixel_in_buffer/clock_gate_net_744 has a frontside min_layer M1 that is outside the global min/max layer range M2 - M7. (ZRT-798)
Warning: Net u_datapath/u_pixel_in_buffer/clock_gate_net_767 has a frontside min_layer M1 that is outside the global min/max layer range M2 - M7. (ZRT-798)
Warning: Net u_main_controller_top/route_opt_cts_ccd_drc_0 has a frontside min_layer M1 that is outside the global min/max layer range M2 - M7. (ZRT-798)
Warning: Net u_main_controller_top/route_opt_cts_ccd_drc_1 has a frontside min_layer M1 that is outside the global min/max layer range M2 - M7. (ZRT-798)
Warning: Net u_datapath/u_gamma_correction/route_opt_cts_ccd_drc_1 has a frontside min_layer M1 that is outside the global min/max layer range M2 - M7. (ZRT-798)
Warning: Net u_datapath/u_gamma_correction/route_opt_cts_ccd_drc_2 has a frontside min_layer M1 that is outside the global min/max layer range M2 - M7. (ZRT-798)
Warning: Net u_main_controller_top/u_main_controller/route_opt_cts_ccd_drc_2 has a frontside min_layer M1 that is outside the global min/max layer range M2 - M7. (ZRT-798)
Warning: Net route_opt_cts_ccd_setup_56 has a frontside min_layer M1 that is outside the global min/max layer range M2 - M7. (ZRT-798)
Warning: Net u_main_controller_top/u_main_controller/route_opt_cts_ccd_drc_3 has a frontside min_layer M1 that is outside the global min/max layer range M2 - M7. (ZRT-798)
Warning: Net route_opt_cts_ccd_setup_57 has a frontside min_layer M1 that is outside the global min/max layer range M2 - M7. (ZRT-798)
Warning: Net route_opt_cts_ccd_setup_152 has a frontside min_layer M1 that is outside the global min/max layer range M2 - M7. (ZRT-798)
Warning: Net u_datapath/route_opt_cts_ccd_drc_3 has a frontside min_layer M1 that is outside the global min/max layer range M2 - M7. (ZRT-798)
Warning: Net route_opt_cts_ccd_setup_58 has a frontside min_layer M1 that is outside the global min/max layer range M2 - M7. (ZRT-798)
Warning: Net u_datapath/route_opt_cts_ccd_drc_4 has a frontside min_layer M1 that is outside the global min/max layer range M2 - M7. (ZRT-798)
Warning: Net u_datapath/u_gamma_correction/route_opt_cts_ccd_setup_158 has a frontside min_layer M1 that is outside the global min/max layer range M2 - M7. (ZRT-798)
Warning: Net u_datapath/u_input_line_buffer_control/route_opt_cts_ccd_drc_4 has a frontside min_layer M1 that is outside the global min/max layer range M2 - M7. (ZRT-798)
Warning: Net route_opt_cts_ccd_setup_249 has a frontside min_layer M1 that is outside the global min/max layer range M2 - M7. (ZRT-798)
Warning: Net u_datapath/u_input_line_buffer_control/route_opt_cts_ccd_drc_5 has a frontside min_layer M1 that is outside the global min/max layer range M2 - M7. (ZRT-798)
Warning: Net u_datapath/u_gamma_correction/route_opt_cts_ccd_setup_159 has a frontside min_layer M1 that is outside the global min/max layer range M2 - M7. (ZRT-798)
Warning: Net route_opt_cts_ccd_setup_252 has a frontside min_layer M1 that is outside the global min/max layer range M2 - M7. (ZRT-798)
Warning: Net u_main_controller_top/u_main_controller/route_opt_cts_ccd_drc_5 has a frontside min_layer M1 that is outside the global min/max layer range M2 - M7. (ZRT-798)
Warning: Net route_opt_cts_ccd_setup_59 has a frontside min_layer M1 that is outside the global min/max layer range M2 - M7. (ZRT-798)
Warning: Net route_opt_cts_ccd_setup_159 has a frontside min_layer M1 that is outside the global min/max layer range M2 - M7. (ZRT-798)
Warning: Net route_opt_cts_ccd_setup_60 has a frontside min_layer M1 that is outside the global min/max layer range M2 - M7. (ZRT-798)
Warning: Net route_opt_cts_ccd_setup_253 has a frontside min_layer M1 that is outside the global min/max layer range M2 - M7. (ZRT-798)
Warning: Net u_datapath/u_gamma_correction/route_opt_cts_ccd_setup_60 has a frontside min_layer M1 that is outside the global min/max layer range M2 - M7. (ZRT-798)
Warning: Net u_datapath/u_gamma_correction/u_sr_d1kx16_f166c_compensation_table_2_wrap/route_opt_cts_ccd_setup_254 has a frontside min_layer M1 that is outside the global min/max layer range M2 - M7. (ZRT-798)
Warning: Net u_datapath/u_gamma_correction/route_opt_cts_ccd_setup_61 has a frontside min_layer M1 that is outside the global min/max layer range M2 - M7. (ZRT-798)
Warning: Net u_datapath/u_gamma_correction/u_sr_d1kx16_f166c_compensation_table_2_wrap/route_opt_cts_ccd_setup_255 has a frontside min_layer M1 that is outside the global min/max layer range M2 - M7. (ZRT-798)
Warning: Net u_clk_gen/u_clock_gen/route_opt_cts_ccd_setup_61 has a frontside min_layer M1 that is outside the global min/max layer range M2 - M7. (ZRT-798)
Warning: Net u_main_controller_top/u_main_controller/route_opt_cts_ccd_drc_6 has a frontside min_layer M1 that is outside the global min/max layer range M2 - M7. (ZRT-798)
Warning: Net route_opt_cts_ccd_setup_160 has a frontside min_layer M1 that is outside the global min/max layer range M2 - M7. (ZRT-798)
Warning: Net u_clk_gen/u_clock_gen/route_opt_cts_ccd_setup_62 has a frontside min_layer M1 that is outside the global min/max layer range M2 - M7. (ZRT-798)
Warning: Net u_main_controller_top/u_main_controller/route_opt_cts_ccd_setup_160 has a frontside min_layer M1 that is outside the global min/max layer range M2 - M7. (ZRT-798)
Warning: Net u_main_controller_top/u_main_controller/route_opt_cts_ccd_drc_7 has a frontside min_layer M1 that is outside the global min/max layer range M2 - M7. (ZRT-798)
Warning: Net route_opt_cts_ccd_setup_62 has a frontside min_layer M1 that is outside the global min/max layer range M2 - M7. (ZRT-798)
Warning: Net u_main_controller_top/u_main_controller/route_opt_cts_ccd_drc_8 has a frontside min_layer M1 that is outside the global min/max layer range M2 - M7. (ZRT-798)
Warning: Net u_main_controller_top/u_main_controller/route_opt_cts_ccd_setup_161 has a frontside min_layer M1 that is outside the global min/max layer range M2 - M7. (ZRT-798)
Warning: Net u_datapath/route_opt_cts_ccd_setup_257 has a frontside min_layer M1 that is outside the global min/max layer range M2 - M7. (ZRT-798)
Warning: Net u_datapath/u_gamma_correction/route_opt_cts_ccd_drc_8 has a frontside min_layer M1 that is outside the global min/max layer range M2 - M7. (ZRT-798)
Warning: Net u_datapath/route_opt_cts_ccd_setup_163 has a frontside min_layer M1 that is outside the global min/max layer range M2 - M7. (ZRT-798)
Warning: Net route_opt_cts_ccd_setup_63 has a frontside min_layer M1 that is outside the global min/max layer range M2 - M7. (ZRT-798)
Warning: Net u_datapath/route_opt_cts_ccd_setup_258 has a frontside min_layer M1 that is outside the global min/max layer range M2 - M7. (ZRT-798)
Warning: Net u_datapath/u_gamma_correction/route_opt_cts_ccd_drc_9 has a frontside min_layer M1 that is outside the global min/max layer range M2 - M7. (ZRT-798)
Warning: Net u_datapath/route_opt_cts_ccd_setup_164 has a frontside min_layer M1 that is outside the global min/max layer range M2 - M7. (ZRT-798)
Warning: Net u_datapath/u_input_line_buffer_control/route_opt_cts_ccd_drc_9 has a frontside min_layer M1 that is outside the global min/max layer range M2 - M7. (ZRT-798)
Warning: Net u_main_controller_top/u_main_controller/route_opt_cts_ccd_setup_68 has a frontside min_layer M1 that is outside the global min/max layer range M2 - M7. (ZRT-798)
Warning: Net route_opt_cts_ccd_setup_164 has a frontside min_layer M1 that is outside the global min/max layer range M2 - M7. (ZRT-798)
Warning: Net u_datapath/u_input_line_buffer_control/route_opt_cts_ccd_drc_10 has a frontside min_layer M1 that is outside the global min/max layer range M2 - M7. (ZRT-798)
Warning: Net u_main_controller_top/u_main_controller/route_opt_cts_ccd_setup_69 has a frontside min_layer M1 that is outside the global min/max layer range M2 - M7. (ZRT-798)
Warning: Net route_opt_cts_ccd_setup_165 has a frontside min_layer M1 that is outside the global min/max layer range M2 - M7. (ZRT-798)
Warning: Net u_datapath/route_opt_cts_ccd_drc_10 has a frontside min_layer M1 that is outside the global min/max layer range M2 - M7. (ZRT-798)
Warning: Net u_datapath/route_opt_cts_ccd_setup_260 has a frontside min_layer M1 that is outside the global min/max layer range M2 - M7. (ZRT-798)
Warning: Net u_main_controller_top/u_main_controller/route_opt_cts_ccd_setup_72 has a frontside min_layer M1 that is outside the global min/max layer range M2 - M7. (ZRT-798)
Warning: Net u_datapath/route_opt_cts_ccd_drc_11 has a frontside min_layer M1 that is outside the global min/max layer range M2 - M7. (ZRT-798)
Warning: Net u_main_controller_top/u_main_controller/route_opt_cts_ccd_setup_73 has a frontside min_layer M1 that is outside the global min/max layer range M2 - M7. (ZRT-798)
Warning: Net u_datapath/u_output_fifo_control/u_output_fifo_1/u_sr_d1kx32_f233_wrap/route_opt_cts_ccd_setup_169 has a frontside min_layer M1 that is outside the global min/max layer range M2 - M7. (ZRT-798)
Warning: Net u_datapath/u_input_line_buffer_control/route_opt_cts_ccd_drc_11 has a frontside min_layer M1 that is outside the global min/max layer range M2 - M7. (ZRT-798)
Warning: Net u_datapath/u_output_fifo_control/u_output_fifo_1/u_sr_d1kx32_f233_wrap/route_opt_cts_ccd_setup_170 has a frontside min_layer M1 that is outside the global min/max layer range M2 - M7. (ZRT-798)
Warning: Net u_datapath/route_opt_cts_ccd_setup_261 has a frontside min_layer M1 that is outside the global min/max layer range M2 - M7. (ZRT-798)
Warning: Net u_datapath/u_input_line_buffer_control/route_opt_cts_ccd_drc_12 has a frontside min_layer M1 that is outside the global min/max layer range M2 - M7. (ZRT-798)
Warning: Net route_opt_cts_ccd_setup_79 has a frontside min_layer M1 that is outside the global min/max layer range M2 - M7. (ZRT-798)
Warning: Net u_datapath/u_gamma_flash_fifo_control/route_opt_cts_ccd_setup_176 has a frontside min_layer M1 that is outside the global min/max layer range M2 - M7. (ZRT-798)
Warning: Net u_datapath/route_opt_cts_ccd_drc_12 has a frontside min_layer M1 that is outside the global min/max layer range M2 - M7. (ZRT-798)
Warning: Net u_datapath/u_gamma_flash_fifo_control/route_opt_cts_ccd_setup_177 has a frontside min_layer M1 that is outside the global min/max layer range M2 - M7. (ZRT-798)
Warning: Net u_datapath/u_gamma_flash_fifo_control/route_opt_cts_ccd_setup_271 has a frontside min_layer M1 that is outside the global min/max layer range M2 - M7. (ZRT-798)
Warning: Net route_opt_cts_ccd_setup_80 has a frontside min_layer M1 that is outside the global min/max layer range M2 - M7. (ZRT-798)
Warning: Net u_datapath/u_gamma_flash_fifo_control/route_opt_cts_ccd_setup_272 has a frontside min_layer M1 that is outside the global min/max layer range M2 - M7. (ZRT-798)
Warning: Net u_datapath/u_gamma_flash_fifo_control/route_opt_cts_ccd_setup_178 has a frontside min_layer M1 that is outside the global min/max layer range M2 - M7. (ZRT-798)
Warning: Net route_opt_cts_ccd_setup_272 has a frontside min_layer M1 that is outside the global min/max layer range M2 - M7. (ZRT-798)
Warning: Net u_datapath/u_gamma_flash_fifo_control/route_opt_cts_ccd_setup_179 has a frontside min_layer M1 that is outside the global min/max layer range M2 - M7. (ZRT-798)
Warning: Net u_datapath/route_opt_cts_ccd_drc_13 has a frontside min_layer M1 that is outside the global min/max layer range M2 - M7. (ZRT-798)
Warning: Net u_clk_gen/route_opt_cts_ccd_setup_85 has a frontside min_layer M1 that is outside the global min/max layer range M2 - M7. (ZRT-798)
Warning: Net route_opt_cts_ccd_setup_273 has a frontside min_layer M1 that is outside the global min/max layer range M2 - M7. (ZRT-798)
Warning: Net u_datapath/route_opt_cts_ccd_drc_14 has a frontside min_layer M1 that is outside the global min/max layer range M2 - M7. (ZRT-798)
Warning: Net route_opt_cts_ccd_setup_181 has a frontside min_layer M1 that is outside the global min/max layer range M2 - M7. (ZRT-798)
Warning: Net u_clk_gen/route_opt_cts_ccd_setup_86 has a frontside min_layer M1 that is outside the global min/max layer range M2 - M7. (ZRT-798)
Warning: Net route_opt_cts_ccd_setup_182 has a frontside min_layer M1 that is outside the global min/max layer range M2 - M7. (ZRT-798)
Warning: Net u_datapath/route_opt_cts_ccd_drc_15 has a frontside min_layer M1 that is outside the global min/max layer range M2 - M7. (ZRT-798)
Warning: Net route_opt_cts_ccd_setup_183 has a frontside min_layer M1 that is outside the global min/max layer range M2 - M7. (ZRT-798)
Warning: Net route_opt_cts_ccd_setup_90 has a frontside min_layer M1 that is outside the global min/max layer range M2 - M7. (ZRT-798)
Warning: Net route_opt_cts_ccd_setup_184 has a frontside min_layer M1 that is outside the global min/max layer range M2 - M7. (ZRT-798)
Warning: Net route_opt_cts_ccd_setup_91 has a frontside min_layer M1 that is outside the global min/max layer range M2 - M7. (ZRT-798)
Warning: Net u_datapath/u_gamma_correction/route_opt_cts_ccd_setup_184 has a frontside min_layer M1 that is outside the global min/max layer range M2 - M7. (ZRT-798)
Warning: Net u_datapath/route_opt_cts_ccd_setup_274 has a frontside min_layer M1 that is outside the global min/max layer range M2 - M7. (ZRT-798)
Warning: Net u_datapath/u_gamma_correction/route_opt_cts_ccd_drc_15 has a frontside min_layer M1 that is outside the global min/max layer range M2 - M7. (ZRT-798)
Warning: Net u_datapath/route_opt_cts_ccd_setup_275 has a frontside min_layer M1 that is outside the global min/max layer range M2 - M7. (ZRT-798)
Warning: Net u_datapath/u_gamma_correction/route_opt_cts_ccd_drc_16 has a frontside min_layer M1 that is outside the global min/max layer range M2 - M7. (ZRT-798)
Warning: Net u_datapath/u_gamma_correction/route_opt_cts_ccd_setup_275 has a frontside min_layer M1 that is outside the global min/max layer range M2 - M7. (ZRT-798)
Warning: Net u_datapath/u_gamma_correction/route_opt_cts_ccd_setup_185 has a frontside min_layer M1 that is outside the global min/max layer range M2 - M7. (ZRT-798)
Warning: Net route_opt_cts_ccd_setup_92 has a frontside min_layer M1 that is outside the global min/max layer range M2 - M7. (ZRT-798)
Warning: Net u_datapath/u_gamma_correction/route_opt_cts_ccd_setup_276 has a frontside min_layer M1 that is outside the global min/max layer range M2 - M7. (ZRT-798)
Warning: Net u_datapath/u_gamma_correction/route_opt_cts_ccd_setup_186 has a frontside min_layer M1 that is outside the global min/max layer range M2 - M7. (ZRT-798)
Warning: Net route_opt_cts_ccd_setup_276 has a frontside min_layer M1 that is outside the global min/max layer range M2 - M7. (ZRT-798)
Warning: Net route_opt_cts_ccd_setup_93 has a frontside min_layer M1 that is outside the global min/max layer range M2 - M7. (ZRT-798)
Warning: Net route_opt_cts_ccd_setup_277 has a frontside min_layer M1 that is outside the global min/max layer range M2 - M7. (ZRT-798)
Warning: Net u_datapath/u_gamma_correction/route_opt_cts_ccd_setup_187 has a frontside min_layer M1 that is outside the global min/max layer range M2 - M7. (ZRT-798)
Warning: Net u_datapath/u_gamma_correction/route_opt_cts_ccd_drc_17 has a frontside min_layer M1 that is outside the global min/max layer range M2 - M7. (ZRT-798)
Warning: Net u_datapath/u_gamma_correction/route_opt_cts_ccd_setup_188 has a frontside min_layer M1 that is outside the global min/max layer range M2 - M7. (ZRT-798)
Warning: Net u_datapath/u_gamma_correction/route_opt_cts_ccd_setup_95 has a frontside min_layer M1 that is outside the global min/max layer range M2 - M7. (ZRT-798)
Warning: Net route_opt_cts_ccd_setup_278 has a frontside min_layer M1 that is outside the global min/max layer range M2 - M7. (ZRT-798)
Warning: Net u_datapath/u_gamma_correction/route_opt_cts_ccd_drc_18 has a frontside min_layer M1 that is outside the global min/max layer range M2 - M7. (ZRT-798)
Warning: Net u_datapath/u_gamma_correction/route_opt_cts_ccd_setup_189 has a frontside min_layer M1 that is outside the global min/max layer range M2 - M7. (ZRT-798)
Warning: Net u_datapath/u_gamma_correction/route_opt_cts_ccd_setup_96 has a frontside min_layer M1 that is outside the global min/max layer range M2 - M7. (ZRT-798)
Warning: Net route_opt_cts_ccd_setup_189 has a frontside min_layer M1 that is outside the global min/max layer range M2 - M7. (ZRT-798)
Warning: Net u_main_controller_top/u_main_controller/route_opt_cts_ccd_setup_96 has a frontside min_layer M1 that is outside the global min/max layer range M2 - M7. (ZRT-798)
Warning: Net route_opt_cts_ccd_setup_279 has a frontside min_layer M1 that is outside the global min/max layer range M2 - M7. (ZRT-798)
Warning: Net route_opt_cts_ccd_setup_190 has a frontside min_layer M1 that is outside the global min/max layer range M2 - M7. (ZRT-798)
Warning: Net u_main_controller_top/u_main_controller/route_opt_cts_ccd_setup_97 has a frontside min_layer M1 that is outside the global min/max layer range M2 - M7. (ZRT-798)
Warning: Net u_clk_gen/u_clock_gen/route_opt_cts_ccd_setup_20 has a frontside min_layer M1 that is outside the global min/max layer range M2 - M7. (ZRT-798)
Warning: Net route_opt_cts_ccd_setup_280 has a frontside min_layer M1 that is outside the global min/max layer range M2 - M7. (ZRT-798)
Warning: Net u_clk_gen/u_clock_gen/route_opt_cts_ccd_setup_21 has a frontside min_layer M1 that is outside the global min/max layer range M2 - M7. (ZRT-798)
Warning: Net u_datapath/route_opt_cts_ccd_setup_99 has a frontside min_layer M1 that is outside the global min/max layer range M2 - M7. (ZRT-798)
Warning: Net route_opt_cts_ccd_setup_281 has a frontside min_layer M1 that is outside the global min/max layer range M2 - M7. (ZRT-798)
Warning: Net u_datapath/route_opt_cts_ccd_setup_100 has a frontside min_layer M1 that is outside the global min/max layer range M2 - M7. (ZRT-798)
Warning: Net route_opt_cts_ccd_setup_198 has a frontside min_layer M1 that is outside the global min/max layer range M2 - M7. (ZRT-798)
Warning: Net u_datapath/u_gamma_correction/route_opt_cts_ccd_setup_102 has a frontside min_layer M1 that is outside the global min/max layer range M2 - M7. (ZRT-798)
Warning: Net route_opt_cts_ccd_setup_199 has a frontside min_layer M1 that is outside the global min/max layer range M2 - M7. (ZRT-798)
Warning: Net u_datapath/u_gamma_correction/route_opt_cts_ccd_setup_103 has a frontside min_layer M1 that is outside the global min/max layer range M2 - M7. (ZRT-798)
Warning: Net route_opt_cts_ccd_setup_290 has a frontside min_layer M1 that is outside the global min/max layer range M2 - M7. (ZRT-798)
Warning: Net route_opt_cts_ccd_setup_104 has a frontside min_layer M1 that is outside the global min/max layer range M2 - M7. (ZRT-798)
Warning: Net route_opt_cts_ccd_setup_291 has a frontside min_layer M1 that is outside the global min/max layer range M2 - M7. (ZRT-798)
Warning: Net u_datapath/u_gamma_correction/route_opt_cts_ccd_setup_201 has a frontside min_layer M1 that is outside the global min/max layer range M2 - M7. (ZRT-798)
Warning: Net route_opt_cts_ccd_setup_105 has a frontside min_layer M1 that is outside the global min/max layer range M2 - M7. (ZRT-798)
Warning: Net route_opt_cts_ccd_setup_292 has a frontside min_layer M1 that is outside the global min/max layer range M2 - M7. (ZRT-798)
Warning: Net route_opt_cts_ccd_setup_120 has a frontside min_layer M1 that is outside the global min/max layer range M2 - M7. (ZRT-798)
Warning: Net u_datapath/u_gamma_correction/route_opt_cts_ccd_setup_202 has a frontside min_layer M1 that is outside the global min/max layer range M2 - M7. (ZRT-798)
Warning: Net route_opt_cts_ccd_setup_121 has a frontside min_layer M1 that is outside the global min/max layer range M2 - M7. (ZRT-798)
Warning: Net route_opt_cts_ccd_setup_293 has a frontside min_layer M1 that is outside the global min/max layer range M2 - M7. (ZRT-798)
Warning: Net u_datapath/u_gamma_flash_fifo_control/route_opt_cts_ccd_setup_123 has a frontside min_layer M1 that is outside the global min/max layer range M2 - M7. (ZRT-798)
Warning: Net u_datapath/u_gamma_correction/u_sr_d1kx16_f166c_compensation_table_2_wrap/route_opt_cts_ccd_setup_293 has a frontside min_layer M1 that is outside the global min/max layer range M2 - M7. (ZRT-798)
Warning: Net u_datapath/route_opt_cts_ccd_setup_208 has a frontside min_layer M1 that is outside the global min/max layer range M2 - M7. (ZRT-798)
Warning: Net u_datapath/u_gamma_correction/u_sr_d1kx16_f166c_compensation_table_2_wrap/route_opt_cts_ccd_setup_294 has a frontside min_layer M1 that is outside the global min/max layer range M2 - M7. (ZRT-798)
Warning: Net route_opt_cts_ccd_setup_49 has a frontside min_layer M1 that is outside the global min/max layer range M2 - M7. (ZRT-798)
Warning: Net u_datapath/u_gamma_flash_fifo_control/route_opt_cts_ccd_setup_124 has a frontside min_layer M1 that is outside the global min/max layer range M2 - M7. (ZRT-798)
Warning: Net u_datapath/route_opt_cts_ccd_setup_209 has a frontside min_layer M1 that is outside the global min/max layer range M2 - M7. (ZRT-798)
Warning: Net route_opt_cts_ccd_setup_124 has a frontside min_layer M1 that is outside the global min/max layer range M2 - M7. (ZRT-798)
Warning: Net route_opt_cts_ccd_setup_50 has a frontside min_layer M1 that is outside the global min/max layer range M2 - M7. (ZRT-798)
Warning: Net u_datapath/u_gamma_correction/route_opt_cts_ccd_setup_210 has a frontside min_layer M1 that is outside the global min/max layer range M2 - M7. (ZRT-798)
Warning: Net u_datapath/u_gamma_flash_fifo_control/route_opt_cts_ccd_setup_299 has a frontside min_layer M1 that is outside the global min/max layer range M2 - M7. (ZRT-798)
Warning: Net route_opt_cts_ccd_setup_125 has a frontside min_layer M1 that is outside the global min/max layer range M2 - M7. (ZRT-798)
Warning: Net u_datapath/u_gamma_correction/route_opt_cts_ccd_setup_211 has a frontside min_layer M1 that is outside the global min/max layer range M2 - M7. (ZRT-798)
Warning: Net u_datapath/u_gamma_flash_fifo_control/route_opt_cts_ccd_setup_300 has a frontside min_layer M1 that is outside the global min/max layer range M2 - M7. (ZRT-798)
Warning: Net u_datapath/u_gamma_flash_fifo_control/route_opt_cts_ccd_setup_52 has a frontside min_layer M1 that is outside the global min/max layer range M2 - M7. (ZRT-798)
Warning: Net route_opt_cts_ccd_setup_126 has a frontside min_layer M1 that is outside the global min/max layer range M2 - M7. (ZRT-798)
Warning: Net u_datapath/u_gamma_flash_fifo_control/route_opt_cts_ccd_setup_222 has a frontside min_layer M1 that is outside the global min/max layer range M2 - M7. (ZRT-798)
Warning: Net route_opt_cts_ccd_setup_301 has a frontside min_layer M1 that is outside the global min/max layer range M2 - M7. (ZRT-798)
Warning: Net u_datapath/u_gamma_flash_fifo_control/route_opt_cts_ccd_setup_53 has a frontside min_layer M1 that is outside the global min/max layer range M2 - M7. (ZRT-798)
Warning: Net route_opt_cts_ccd_setup_127 has a frontside min_layer M1 that is outside the global min/max layer range M2 - M7. (ZRT-798)
Warning: Net route_opt_cts_ccd_setup_53 has a frontside min_layer M1 that is outside the global min/max layer range M2 - M7. (ZRT-798)
Warning: Net route_opt_cts_ccd_setup_302 has a frontside min_layer M1 that is outside the global min/max layer range M2 - M7. (ZRT-798)
Warning: Net route_opt_cts_ccd_setup_54 has a frontside min_layer M1 that is outside the global min/max layer range M2 - M7. (ZRT-798)
Warning: Net u_datapath/u_gamma_correction/route_opt_cts_ccd_setup_129 has a frontside min_layer M1 that is outside the global min/max layer range M2 - M7. (ZRT-798)
Warning: Net route_opt_cts_ccd_setup_55 has a frontside min_layer M1 that is outside the global min/max layer range M2 - M7. (ZRT-798)
Warning: Net route_opt_cts_ccd_setup_308 has a frontside min_layer M1 that is outside the global min/max layer range M2 - M7. (ZRT-798)
Warning: Net u_datapath/u_gamma_correction/route_opt_cts_ccd_setup_130 has a frontside min_layer M1 that is outside the global min/max layer range M2 - M7. (ZRT-798)
Warning: Net route_opt_cts_ccd_setup_309 has a frontside min_layer M1 that is outside the global min/max layer range M2 - M7. (ZRT-798)
Warning: Net u_datapath/u_gamma_flash_fifo_control/route_opt_cts_ccd_setup_223 has a frontside min_layer M1 that is outside the global min/max layer range M2 - M7. (ZRT-798)
Warning: Net u_main_controller_top/u_main_controller/route_opt_cts_ccd_setup_360 has a frontside min_layer M1 that is outside the global min/max layer range M2 - M7. (ZRT-798)
Warning: Net u_datapath/u_gamma_correction/route_opt_cts_ccd_setup_131 has a frontside min_layer M1 that is outside the global min/max layer range M2 - M7. (ZRT-798)
Warning: Net route_opt_cts_ccd_setup_312 has a frontside min_layer M1 that is outside the global min/max layer range M2 - M7. (ZRT-798)
Warning: Net u_datapath/u_gamma_correction/route_opt_cts_ccd_setup_132 has a frontside min_layer M1 that is outside the global min/max layer range M2 - M7. (ZRT-798)
Warning: Net route_opt_cts_ccd_setup_313 has a frontside min_layer M1 that is outside the global min/max layer range M2 - M7. (ZRT-798)
Warning: Net route_opt_cts_ccd_setup_132 has a frontside min_layer M1 that is outside the global min/max layer range M2 - M7. (ZRT-798)
Warning: Net u_datapath/u_gamma_correction/route_opt_cts_ccd_setup_363 has a frontside min_layer M1 that is outside the global min/max layer range M2 - M7. (ZRT-798)
Warning: Net route_opt_cts_ccd_setup_133 has a frontside min_layer M1 that is outside the global min/max layer range M2 - M7. (ZRT-798)
Warning: Net route_opt_cts_ccd_setup_223 has a frontside min_layer M1 that is outside the global min/max layer range M2 - M7. (ZRT-798)
Warning: Net u_datapath/u_gamma_correction/route_opt_cts_ccd_setup_364 has a frontside min_layer M1 that is outside the global min/max layer range M2 - M7. (ZRT-798)
Warning: Net route_opt_cts_ccd_setup_224 has a frontside min_layer M1 that is outside the global min/max layer range M2 - M7. (ZRT-798)
Warning: Net route_opt_cts_ccd_setup_134 has a frontside min_layer M1 that is outside the global min/max layer range M2 - M7. (ZRT-798)
Warning: Net u_datapath/u_input_line_buffer_control/route_opt_cts_ccd_setup_313 has a frontside min_layer M1 that is outside the global min/max layer range M2 - M7. (ZRT-798)
Warning: Net u_datapath/u_input_line_buffer_control/route_opt_cts_ccd_setup_364 has a frontside min_layer M1 that is outside the global min/max layer range M2 - M7. (ZRT-798)
Warning: Net u_datapath/u_input_line_buffer_control/route_opt_cts_ccd_setup_314 has a frontside min_layer M1 that is outside the global min/max layer range M2 - M7. (ZRT-798)
Warning: Net route_opt_cts_ccd_setup_225 has a frontside min_layer M1 that is outside the global min/max layer range M2 - M7. (ZRT-798)
Warning: Net route_opt_cts_ccd_setup_135 has a frontside min_layer M1 that is outside the global min/max layer range M2 - M7. (ZRT-798)
Warning: Net route_opt_cts_ccd_setup_314 has a frontside min_layer M1 that is outside the global min/max layer range M2 - M7. (ZRT-798)
Warning: Net u_datapath/route_opt_cts_ccd_setup_135 has a frontside min_layer M1 that is outside the global min/max layer range M2 - M7. (ZRT-798)
Warning: Net u_datapath/u_input_line_buffer_control/route_opt_cts_ccd_setup_365 has a frontside min_layer M1 that is outside the global min/max layer range M2 - M7. (ZRT-798)
Warning: Net route_opt_cts_ccd_setup_226 has a frontside min_layer M1 that is outside the global min/max layer range M2 - M7. (ZRT-798)
Warning: Net route_opt_cts_ccd_setup_315 has a frontside min_layer M1 that is outside the global min/max layer range M2 - M7. (ZRT-798)
Warning: Net u_datapath/route_opt_cts_ccd_setup_226 has a frontside min_layer M1 that is outside the global min/max layer range M2 - M7. (ZRT-798)
Warning: Net u_datapath/route_opt_cts_ccd_setup_136 has a frontside min_layer M1 that is outside the global min/max layer range M2 - M7. (ZRT-798)
Warning: Net route_opt_cts_ccd_setup_367 has a frontside min_layer M1 that is outside the global min/max layer range M2 - M7. (ZRT-798)
Warning: Net route_opt_cts_ccd_setup_317 has a frontside min_layer M1 that is outside the global min/max layer range M2 - M7. (ZRT-798)
Warning: Net u_datapath/route_opt_cts_ccd_setup_227 has a frontside min_layer M1 that is outside the global min/max layer range M2 - M7. (ZRT-798)
Warning: Net route_opt_cts_ccd_setup_318 has a frontside min_layer M1 that is outside the global min/max layer range M2 - M7. (ZRT-798)
Warning: Net u_datapath/u_gamma_correction/route_opt_cts_ccd_setup_227 has a frontside min_layer M1 that is outside the global min/max layer range M2 - M7. (ZRT-798)
Warning: Net route_opt_cts_ccd_setup_368 has a frontside min_layer M1 that is outside the global min/max layer range M2 - M7. (ZRT-798)
Warning: Net u_datapath/u_gamma_correction/route_opt_cts_ccd_setup_228 has a frontside min_layer M1 that is outside the global min/max layer range M2 - M7. (ZRT-798)
Warning: Net u_datapath/u_gamma_correction/u_sr_d1kx16_f166c_compensation_table_2_wrap/route_opt_cts_ccd_setup_318 has a frontside min_layer M1 that is outside the global min/max layer range M2 - M7. (ZRT-798)
Warning: Net u_datapath/u_gamma_correction/route_opt_cts_ccd_setup_229 has a frontside min_layer M1 that is outside the global min/max layer range M2 - M7. (ZRT-798)
Warning: Net u_main_controller_top/u_main_controller/route_opt_cts_ccd_setup_148 has a frontside min_layer M1 that is outside the global min/max layer range M2 - M7. (ZRT-798)
Warning: Net route_opt_cts_ccd_setup_369 has a frontside min_layer M1 that is outside the global min/max layer range M2 - M7. (ZRT-798)
Warning: Net u_datapath/u_gamma_correction/u_sr_d1kx16_f166c_compensation_table_2_wrap/route_opt_cts_ccd_setup_319 has a frontside min_layer M1 that is outside the global min/max layer range M2 - M7. (ZRT-798)
Warning: Net u_datapath/u_gamma_correction/route_opt_cts_ccd_setup_230 has a frontside min_layer M1 that is outside the global min/max layer range M2 - M7. (ZRT-798)
Warning: Net u_main_controller_top/u_main_controller/route_opt_cts_ccd_setup_149 has a frontside min_layer M1 that is outside the global min/max layer range M2 - M7. (ZRT-798)
Warning: Net route_opt_cts_ccd_setup_319 has a frontside min_layer M1 that is outside the global min/max layer range M2 - M7. (ZRT-798)
Warning: Net u_datapath/u_gamma_correction/route_opt_cts_ccd_setup_231 has a frontside min_layer M1 that is outside the global min/max layer range M2 - M7. (ZRT-798)
Warning: Net route_opt_cts_ccd_setup_151 has a frontside min_layer M1 that is outside the global min/max layer range M2 - M7. (ZRT-798)
Warning: Net route_opt_cts_ccd_setup_320 has a frontside min_layer M1 that is outside the global min/max layer range M2 - M7. (ZRT-798)
Warning: Net u_datapath/u_gamma_correction/route_opt_cts_ccd_setup_232 has a frontside min_layer M1 that is outside the global min/max layer range M2 - M7. (ZRT-798)
Warning: Net route_opt_cts_ccd_setup_370 has a frontside min_layer M1 that is outside the global min/max layer range M2 - M7. (ZRT-798)
Warning: Net route_opt_cts_ccd_setup_322 has a frontside min_layer M1 that is outside the global min/max layer range M2 - M7. (ZRT-798)
Warning: Net route_opt_cts_ccd_setup_371 has a frontside min_layer M1 that is outside the global min/max layer range M2 - M7. (ZRT-798)
Warning: Net route_opt_cts_ccd_setup_323 has a frontside min_layer M1 that is outside the global min/max layer range M2 - M7. (ZRT-798)
Warning: Net u_main_controller_top/u_main_controller/route_opt_cts_ccd_setup_232 has a frontside min_layer M1 that is outside the global min/max layer range M2 - M7. (ZRT-798)
Warning: Net route_opt_cts_ccd_setup_372 has a frontside min_layer M1 that is outside the global min/max layer range M2 - M7. (ZRT-798)
Warning: Net u_main_controller_top/u_main_controller/route_opt_cts_ccd_setup_233 has a frontside min_layer M1 that is outside the global min/max layer range M2 - M7. (ZRT-798)
Warning: Net route_opt_cts_ccd_setup_373 has a frontside min_layer M1 that is outside the global min/max layer range M2 - M7. (ZRT-798)
Warning: Net u_datapath/u_output_fifo_control/u_output_fifo_0/route_opt_cts_ccd_setup_324 has a frontside min_layer M1 that is outside the global min/max layer range M2 - M7. (ZRT-798)
Warning: Net route_opt_cts_ccd_setup_374 has a frontside min_layer M1 that is outside the global min/max layer range M2 - M7. (ZRT-798)
Warning: Net u_datapath/u_output_fifo_control/u_output_fifo_0/route_opt_cts_ccd_setup_325 has a frontside min_layer M1 that is outside the global min/max layer range M2 - M7. (ZRT-798)
Warning: Net route_opt_cts_ccd_setup_376 has a frontside min_layer M1 that is outside the global min/max layer range M2 - M7. (ZRT-798)
Warning: Net route_opt_cts_ccd_setup_377 has a frontside min_layer M1 that is outside the global min/max layer range M2 - M7. (ZRT-798)
Warning: Net route_opt_cts_ccd_setup_329 has a frontside min_layer M1 that is outside the global min/max layer range M2 - M7. (ZRT-798)
Warning: Net route_opt_cts_ccd_setup_244 has a frontside min_layer M1 that is outside the global min/max layer range M2 - M7. (ZRT-798)
Warning: Net u_main_controller_top/u_main_controller/route_opt_cts_ccd_setup_377 has a frontside min_layer M1 that is outside the global min/max layer range M2 - M7. (ZRT-798)
Warning: Net route_opt_cts_ccd_setup_245 has a frontside min_layer M1 that is outside the global min/max layer range M2 - M7. (ZRT-798)
Warning: Net u_main_controller_top/u_main_controller/route_opt_cts_ccd_setup_378 has a frontside min_layer M1 that is outside the global min/max layer range M2 - M7. (ZRT-798)
Warning: Net route_opt_cts_ccd_setup_330 has a frontside min_layer M1 that is outside the global min/max layer range M2 - M7. (ZRT-798)
Warning: Net route_opt_cts_ccd_setup_246 has a frontside min_layer M1 that is outside the global min/max layer range M2 - M7. (ZRT-798)
Warning: Net u_datapath/u_output_fifo_control/route_opt_cts_ccd_setup_381 has a frontside min_layer M1 that is outside the global min/max layer range M2 - M7. (ZRT-798)
Warning: Net route_opt_cts_ccd_setup_247 has a frontside min_layer M1 that is outside the global min/max layer range M2 - M7. (ZRT-798)
Warning: Net u_datapath/u_output_fifo_control/route_opt_cts_ccd_setup_382 has a frontside min_layer M1 that is outside the global min/max layer range M2 - M7. (ZRT-798)
Warning: Net u_datapath/u_gamma_correction/route_opt_cts_ccd_setup_332 has a frontside min_layer M1 that is outside the global min/max layer range M2 - M7. (ZRT-798)
Warning: Net route_opt_cts_ccd_setup_248 has a frontside min_layer M1 that is outside the global min/max layer range M2 - M7. (ZRT-798)
Warning: Net u_datapath/u_gamma_correction/route_opt_cts_ccd_setup_333 has a frontside min_layer M1 that is outside the global min/max layer range M2 - M7. (ZRT-798)
Warning: Net route_opt_cts_ccd_setup_382 has a frontside min_layer M1 that is outside the global min/max layer range M2 - M7. (ZRT-798)
Warning: Net route_opt_cts_ccd_setup_333 has a frontside min_layer M1 that is outside the global min/max layer range M2 - M7. (ZRT-798)
Warning: Net route_opt_cts_ccd_setup_383 has a frontside min_layer M1 that is outside the global min/max layer range M2 - M7. (ZRT-798)
Warning: Net route_opt_cts_ccd_setup_334 has a frontside min_layer M1 that is outside the global min/max layer range M2 - M7. (ZRT-798)
Warning: Net route_opt_cts_ccd_setup_384 has a frontside min_layer M1 that is outside the global min/max layer range M2 - M7. (ZRT-798)
Warning: Net route_opt_cts_ccd_setup_337 has a frontside min_layer M1 that is outside the global min/max layer range M2 - M7. (ZRT-798)
Warning: Net route_opt_cts_ccd_setup_385 has a frontside min_layer M1 that is outside the global min/max layer range M2 - M7. (ZRT-798)
Warning: Net route_opt_cts_ccd_setup_338 has a frontside min_layer M1 that is outside the global min/max layer range M2 - M7. (ZRT-798)
Warning: Net u_datapath/route_opt_cts_ccd_setup_391 has a frontside min_layer M1 that is outside the global min/max layer range M2 - M7. (ZRT-798)
Warning: Net u_datapath/u_gamma_flash_fifo_control/route_opt_cts_ccd_setup_344 has a frontside min_layer M1 that is outside the global min/max layer range M2 - M7. (ZRT-798)
Warning: Net u_datapath/route_opt_cts_ccd_setup_392 has a frontside min_layer M1 that is outside the global min/max layer range M2 - M7. (ZRT-798)
Warning: Net u_datapath/u_gamma_flash_fifo_control/route_opt_cts_ccd_setup_345 has a frontside min_layer M1 that is outside the global min/max layer range M2 - M7. (ZRT-798)
Warning: Net u_datapath/u_gamma_correction/route_opt_cts_ccd_setup_392 has a frontside min_layer M1 that is outside the global min/max layer range M2 - M7. (ZRT-798)
Warning: Net u_datapath/u_gamma_correction/route_opt_cts_ccd_setup_393 has a frontside min_layer M1 that is outside the global min/max layer range M2 - M7. (ZRT-798)
Warning: Net route_opt_cts_ccd_setup_348 has a frontside min_layer M1 that is outside the global min/max layer range M2 - M7. (ZRT-798)
Warning: Net u_datapath/u_input_line_buffer_control/route_opt_cts_ccd_setup_395 has a frontside min_layer M1 that is outside the global min/max layer range M2 - M7. (ZRT-798)
Warning: Net u_main_controller_top/u_main_controller/route_opt_cts_ccd_setup_38 has a frontside min_layer M1 that is outside the global min/max layer range M2 - M7. (ZRT-798)
Warning: Net u_datapath/u_input_line_buffer_control/route_opt_cts_ccd_setup_396 has a frontside min_layer M1 that is outside the global min/max layer range M2 - M7. (ZRT-798)
Warning: Net route_opt_cts_ccd_setup_349 has a frontside min_layer M1 that is outside the global min/max layer range M2 - M7. (ZRT-798)
Warning: Net route_opt_cts_ccd_setup_396 has a frontside min_layer M1 that is outside the global min/max layer range M2 - M7. (ZRT-798)
Warning: Net route_opt_cts_ccd_setup_353 has a frontside min_layer M1 that is outside the global min/max layer range M2 - M7. (ZRT-798)
Warning: Net u_main_controller_top/u_main_controller/route_opt_cts_ccd_setup_39 has a frontside min_layer M1 that is outside the global min/max layer range M2 - M7. (ZRT-798)
Warning: Net route_opt_cts_ccd_setup_354 has a frontside min_layer M1 that is outside the global min/max layer range M2 - M7. (ZRT-798)
Warning: Net route_opt_cts_ccd_setup_397 has a frontside min_layer M1 that is outside the global min/max layer range M2 - M7. (ZRT-798)
Warning: Net u_main_controller_top/u_main_controller/route_opt_cts_ccd_setup_40 has a frontside min_layer M1 that is outside the global min/max layer range M2 - M7. (ZRT-798)
Warning: Net route_opt_cts_ccd_setup_398 has a frontside min_layer M1 that is outside the global min/max layer range M2 - M7. (ZRT-798)
Warning: Net u_main_controller_top/u_main_controller/route_opt_cts_ccd_setup_41 has a frontside min_layer M1 that is outside the global min/max layer range M2 - M7. (ZRT-798)
Warning: Net route_opt_cts_ccd_setup_399 has a frontside min_layer M1 that is outside the global min/max layer range M2 - M7. (ZRT-798)
Warning: Net u_datapath/u_gamma_flash_fifo_control/u_load_mem_fifo/route_opt_cts_ccd_setup_356 has a frontside min_layer M1 that is outside the global min/max layer range M2 - M7. (ZRT-798)
Warning: Net u_main_controller_top/u_main_controller/route_opt_cts_ccd_setup_138 has a frontside min_layer M1 that is outside the global min/max layer range M2 - M7. (ZRT-798)
Warning: Net u_datapath/u_gamma_flash_fifo_control/u_load_mem_fifo/route_opt_cts_ccd_setup_357 has a frontside min_layer M1 that is outside the global min/max layer range M2 - M7. (ZRT-798)
Warning: Net u_main_controller_top/route_opt_cts_ccd_setup_68 has a frontside min_layer M1 that is outside the global min/max layer range M2 - M7. (ZRT-798)
Warning: Net u_main_controller_top/u_main_controller/route_opt_cts_ccd_setup_139 has a frontside min_layer M1 that is outside the global min/max layer range M2 - M7. (ZRT-798)
Warning: Net u_main_controller_top/route_opt_cts_ccd_setup_69 has a frontside min_layer M1 that is outside the global min/max layer range M2 - M7. (ZRT-798)
Warning: Net u_datapath/route_opt_cts_ccd_setup_357 has a frontside min_layer M1 that is outside the global min/max layer range M2 - M7. (ZRT-798)
Warning: Net u_main_controller_top/u_main_controller/route_opt_cts_ccd_setup_143 has a frontside min_layer M1 that is outside the global min/max layer range M2 - M7. (ZRT-798)
Warning: Net u_main_controller_top/u_main_controller/route_opt_cts_ccd_setup_75 has a frontside min_layer M1 that is outside the global min/max layer range M2 - M7. (ZRT-798)
Warning: Net u_datapath/route_opt_cts_ccd_setup_358 has a frontside min_layer M1 that is outside the global min/max layer range M2 - M7. (ZRT-798)
Warning: Net u_main_controller_top/u_main_controller/route_opt_cts_ccd_setup_144 has a frontside min_layer M1 that is outside the global min/max layer range M2 - M7. (ZRT-798)
Warning: Net u_main_controller_top/u_main_controller/route_opt_cts_ccd_setup_76 has a frontside min_layer M1 that is outside the global min/max layer range M2 - M7. (ZRT-798)
Warning: Net u_main_controller_top/u_main_controller/route_opt_cts_ccd_setup_359 has a frontside min_layer M1 that is outside the global min/max layer range M2 - M7. (ZRT-798)
Warning: Net u_main_controller_top/u_main_controller/route_opt_cts_ccd_setup_145 has a frontside min_layer M1 that is outside the global min/max layer range M2 - M7. (ZRT-798)
Warning: Net u_main_controller_top/u_main_controller/route_opt_cts_ccd_setup_77 has a frontside min_layer M1 that is outside the global min/max layer range M2 - M7. (ZRT-798)
Warning: Net u_main_controller_top/u_main_controller/route_opt_cts_ccd_setup_150 has a frontside min_layer M1 that is outside the global min/max layer range M2 - M7. (ZRT-798)
Warning: Net route_opt_cts_ccd_setup_400 has a frontside min_layer M1 that is outside the global min/max layer range M2 - M7. (ZRT-798)
Warning: Net u_main_controller_top/u_main_controller/route_opt_cts_ccd_setup_151 has a frontside min_layer M1 that is outside the global min/max layer range M2 - M7. (ZRT-798)
Warning: Net u_main_controller_top/u_main_controller/route_opt_cts_ccd_setup_80 has a frontside min_layer M1 that is outside the global min/max layer range M2 - M7. (ZRT-798)
Warning: Net u_main_controller_top/u_main_controller/route_opt_cts_ccd_setup_152 has a frontside min_layer M1 that is outside the global min/max layer range M2 - M7. (ZRT-798)
Warning: Net u_main_controller_top/u_main_controller/route_opt_cts_ccd_setup_254 has a frontside min_layer M1 that is outside the global min/max layer range M2 - M7. (ZRT-798)
Warning: Net route_opt_cts_ccd_setup_401 has a frontside min_layer M1 that is outside the global min/max layer range M2 - M7. (ZRT-798)
Warning: Net u_main_controller_top/u_main_controller/route_opt_cts_ccd_setup_157 has a frontside min_layer M1 that is outside the global min/max layer range M2 - M7. (ZRT-798)
Warning: Net route_opt_cts_ccd_setup_402 has a frontside min_layer M1 that is outside the global min/max layer range M2 - M7. (ZRT-798)
Warning: Net u_main_controller_top/u_main_controller/route_opt_cts_ccd_setup_158 has a frontside min_layer M1 that is outside the global min/max layer range M2 - M7. (ZRT-798)
Warning: Net route_opt_cts_ccd_setup_403 has a frontside min_layer M1 that is outside the global min/max layer range M2 - M7. (ZRT-798)
Warning: Net u_main_controller_top/u_main_controller/route_opt_cts_ccd_setup_81 has a frontside min_layer M1 that is outside the global min/max layer range M2 - M7. (ZRT-798)
Warning: Net u_datapath/u_output_fifo_control/u_output_fifo_1/route_opt_cts_ccd_setup_403 has a frontside min_layer M1 that is outside the global min/max layer range M2 - M7. (ZRT-798)
Warning: Net u_main_controller_top/u_main_controller/route_opt_cts_ccd_setup_255 has a frontside min_layer M1 that is outside the global min/max layer range M2 - M7. (ZRT-798)
Warning: Net u_main_controller_top/u_main_controller/u_address_fifo/route_opt_cts_ccd_setup_158 has a frontside min_layer M1 that is outside the global min/max layer range M2 - M7. (ZRT-798)
Warning: Net u_datapath/u_output_fifo_control/u_output_fifo_1/route_opt_cts_ccd_setup_404 has a frontside min_layer M1 that is outside the global min/max layer range M2 - M7. (ZRT-798)
Warning: Net u_main_controller_top/u_main_controller/route_opt_cts_ccd_setup_256 has a frontside min_layer M1 that is outside the global min/max layer range M2 - M7. (ZRT-798)
Warning: Net u_main_controller_top/u_main_controller/route_opt_cts_ccd_setup_82 has a frontside min_layer M1 that is outside the global min/max layer range M2 - M7. (ZRT-798)
Warning: Net u_main_controller_top/u_main_controller/u_address_fifo/route_opt_cts_ccd_setup_159 has a frontside min_layer M1 that is outside the global min/max layer range M2 - M7. (ZRT-798)
Warning: Net route_opt_cts_ccd_setup_406 has a frontside min_layer M1 that is outside the global min/max layer range M2 - M7. (ZRT-798)
Warning: Net u_main_controller_top/u_main_controller/route_opt_cts_ccd_setup_162 has a frontside min_layer M1 that is outside the global min/max layer range M2 - M7. (ZRT-798)
Warning: Net route_opt_cts_ccd_setup_407 has a frontside min_layer M1 that is outside the global min/max layer range M2 - M7. (ZRT-798)
Warning: Net u_main_controller_top/u_main_controller/route_opt_cts_ccd_setup_163 has a frontside min_layer M1 that is outside the global min/max layer range M2 - M7. (ZRT-798)
Warning: Net u_main_controller_top/u_main_controller/route_opt_cts_ccd_setup_83 has a frontside min_layer M1 that is outside the global min/max layer range M2 - M7. (ZRT-798)
Warning: Net u_main_controller_top/u_main_controller/route_opt_cts_ccd_setup_164 has a frontside min_layer M1 that is outside the global min/max layer range M2 - M7. (ZRT-798)
Warning: Net u_clk_gen/u_clock_gen/route_opt_cts_ccd_setup_256 has a frontside min_layer M1 that is outside the global min/max layer range M2 - M7. (ZRT-798)
Warning: Net u_main_controller_top/u_main_controller/route_opt_cts_ccd_setup_84 has a frontside min_layer M1 that is outside the global min/max layer range M2 - M7. (ZRT-798)
Warning: Net route_opt_cts_ccd_setup_408 has a frontside min_layer M1 that is outside the global min/max layer range M2 - M7. (ZRT-798)
Warning: Net u_clk_gen/u_clock_gen/route_opt_cts_ccd_setup_257 has a frontside min_layer M1 that is outside the global min/max layer range M2 - M7. (ZRT-798)
Warning: Net u_main_controller_top/u_main_controller/route_opt_cts_ccd_setup_86 has a frontside min_layer M1 that is outside the global min/max layer range M2 - M7. (ZRT-798)
Warning: Net route_opt_cts_ccd_setup_409 has a frontside min_layer M1 that is outside the global min/max layer range M2 - M7. (ZRT-798)
Warning: Net u_main_controller_top/u_main_controller/route_opt_cts_ccd_setup_165 has a frontside min_layer M1 that is outside the global min/max layer range M2 - M7. (ZRT-798)
Warning: Net u_main_controller_top/u_main_controller/route_opt_cts_ccd_setup_87 has a frontside min_layer M1 that is outside the global min/max layer range M2 - M7. (ZRT-798)
Warning: Net route_opt_cts_ccd_setup_411 has a frontside min_layer M1 that is outside the global min/max layer range M2 - M7. (ZRT-798)
Warning: Net u_main_controller_top/u_main_controller/u_sr_d512x72f116_MM0_wrap/route_opt_cts_ccd_setup_260 has a frontside min_layer M1 that is outside the global min/max layer range M2 - M7. (ZRT-798)
Warning: Net u_main_controller_top/u_main_controller/route_opt_cts_ccd_setup_89 has a frontside min_layer M1 that is outside the global min/max layer range M2 - M7. (ZRT-798)
Warning: Net u_main_controller_top/u_main_controller/u_sr_d512x72f116_MM0_wrap/route_opt_cts_ccd_setup_261 has a frontside min_layer M1 that is outside the global min/max layer range M2 - M7. (ZRT-798)
Warning: Net u_main_controller_top/u_main_controller/route_opt_cts_ccd_setup_90 has a frontside min_layer M1 that is outside the global min/max layer range M2 - M7. (ZRT-798)
Warning: Net u_main_controller_top/u_main_controller/route_opt_cts_ccd_setup_166 has a frontside min_layer M1 that is outside the global min/max layer range M2 - M7. (ZRT-798)
Warning: Net route_opt_cts_ccd_setup_412 has a frontside min_layer M1 that is outside the global min/max layer range M2 - M7. (ZRT-798)
Warning: Net u_main_controller_top/u_main_controller/u_sr_d512x72f116_MM0_wrap/route_opt_cts_ccd_setup_262 has a frontside min_layer M1 that is outside the global min/max layer range M2 - M7. (ZRT-798)
Warning: Net u_main_controller_top/u_main_controller/route_opt_cts_ccd_setup_98 has a frontside min_layer M1 that is outside the global min/max layer range M2 - M7. (ZRT-798)
Warning: Net u_main_controller_top/u_main_controller/route_opt_cts_ccd_setup_167 has a frontside min_layer M1 that is outside the global min/max layer range M2 - M7. (ZRT-798)
Warning: Net u_main_controller_top/u_main_controller/u_sr_d512x72f116_MM0_wrap/route_opt_cts_ccd_setup_263 has a frontside min_layer M1 that is outside the global min/max layer range M2 - M7. (ZRT-798)
Warning: Net u_main_controller_top/u_main_controller/route_opt_cts_ccd_setup_99 has a frontside min_layer M1 that is outside the global min/max layer range M2 - M7. (ZRT-798)
Warning: Net route_opt_cts_ccd_setup_413 has a frontside min_layer M1 that is outside the global min/max layer range M2 - M7. (ZRT-798)
Warning: Net u_main_controller_top/u_main_controller/u_sr_d512x72f116_MM0_wrap/route_opt_cts_ccd_setup_264 has a frontside min_layer M1 that is outside the global min/max layer range M2 - M7. (ZRT-798)
Warning: Net route_opt_cts_ccd_setup_414 has a frontside min_layer M1 that is outside the global min/max layer range M2 - M7. (ZRT-798)
Warning: Net u_main_controller_top/u_main_controller/route_opt_cts_ccd_setup_100 has a frontside min_layer M1 that is outside the global min/max layer range M2 - M7. (ZRT-798)
Warning: Net u_main_controller_top/u_main_controller/u_sr_d512x72f116_MM0_wrap/route_opt_cts_ccd_setup_265 has a frontside min_layer M1 that is outside the global min/max layer range M2 - M7. (ZRT-798)
Warning: Net u_main_controller_top/u_main_controller/route_opt_cts_ccd_setup_101 has a frontside min_layer M1 that is outside the global min/max layer range M2 - M7. (ZRT-798)
Warning: Net route_opt_cts_ccd_setup_415 has a frontside min_layer M1 that is outside the global min/max layer range M2 - M7. (ZRT-798)
Warning: Net u_main_controller_top/u_main_controller/route_opt_cts_ccd_setup_103 has a frontside min_layer M1 that is outside the global min/max layer range M2 - M7. (ZRT-798)
Warning: Net u_main_controller_top/u_main_controller/u_sr_d512x72f116_MM0_wrap/route_opt_cts_ccd_setup_266 has a frontside min_layer M1 that is outside the global min/max layer range M2 - M7. (ZRT-798)
Warning: Net u_main_controller_top/u_main_controller/route_opt_cts_ccd_setup_104 has a frontside min_layer M1 that is outside the global min/max layer range M2 - M7. (ZRT-798)
Warning: Net u_main_controller_top/u_main_controller/u_sr_d512x72f116_MM0_wrap/route_opt_cts_ccd_setup_267 has a frontside min_layer M1 that is outside the global min/max layer range M2 - M7. (ZRT-798)
Warning: Net route_opt_cts_ccd_setup_416 has a frontside min_layer M1 that is outside the global min/max layer range M2 - M7. (ZRT-798)
Warning: Net u_main_controller_top/u_main_controller/u_sr_d512x72f116_MMS2_wrap/route_opt_cts_ccd_setup_106 has a frontside min_layer M1 that is outside the global min/max layer range M2 - M7. (ZRT-798)
Warning: Net u_main_controller_top/u_main_controller/route_opt_cts_ccd_setup_270 has a frontside min_layer M1 that is outside the global min/max layer range M2 - M7. (ZRT-798)
Warning: Net route_opt_cts_ccd_setup_417 has a frontside min_layer M1 that is outside the global min/max layer range M2 - M7. (ZRT-798)
Warning: Net u_main_controller_top/u_main_controller/u_sr_d512x72f116_MMS2_wrap/route_opt_cts_ccd_setup_107 has a frontside min_layer M1 that is outside the global min/max layer range M2 - M7. (ZRT-798)
Warning: Net u_main_controller_top/u_main_controller/route_opt_cts_ccd_setup_168 has a frontside min_layer M1 that is outside the global min/max layer range M2 - M7. (ZRT-798)
Warning: Net route_opt_cts_ccd_setup_418 has a frontside min_layer M1 that is outside the global min/max layer range M2 - M7. (ZRT-798)
Warning: Net u_main_controller_top/u_main_controller/route_opt_cts_ccd_setup_271 has a frontside min_layer M1 that is outside the global min/max layer range M2 - M7. (ZRT-798)
Warning: Net u_main_controller_top/u_main_controller/route_opt_cts_ccd_setup_112 has a frontside min_layer M1 that is outside the global min/max layer range M2 - M7. (ZRT-798)
Warning: Net u_main_controller_top/u_main_controller/route_opt_cts_ccd_setup_169 has a frontside min_layer M1 that is outside the global min/max layer range M2 - M7. (ZRT-798)
Warning: Net u_main_controller_top/u_main_controller/route_opt_cts_ccd_setup_113 has a frontside min_layer M1 that is outside the global min/max layer range M2 - M7. (ZRT-798)
Warning: Net route_opt_cts_ccd_setup_419 has a frontside min_layer M1 that is outside the global min/max layer range M2 - M7. (ZRT-798)
Warning: Net u_main_controller_top/u_main_controller/route_opt_cts_ccd_setup_173 has a frontside min_layer M1 that is outside the global min/max layer range M2 - M7. (ZRT-798)
Warning: Net route_opt_cts_ccd_setup_271 has a frontside min_layer M1 that is outside the global min/max layer range M2 - M7. (ZRT-798)
Warning: Net route_opt_cts_ccd_setup_420 has a frontside min_layer M1 that is outside the global min/max layer range M2 - M7. (ZRT-798)
Warning: Net route_opt_cts_ccd_setup_274 has a frontside min_layer M1 that is outside the global min/max layer range M2 - M7. (ZRT-798)
Warning: Net u_datapath/u_output_fifo_control/u_output_fifo_1/route_opt_cts_ccd_setup_421 has a frontside min_layer M1 that is outside the global min/max layer range M2 - M7. (ZRT-798)
Warning: Net u_main_controller_top/u_main_controller/u_fifo_sync_d16x50_f116_ptr_ud_fifo/route_opt_cts_ccd_setup_274 has a frontside min_layer M1 that is outside the global min/max layer range M2 - M7. (ZRT-798)
Warning: Net u_datapath/u_output_fifo_control/u_output_fifo_1/route_opt_cts_ccd_setup_422 has a frontside min_layer M1 that is outside the global min/max layer range M2 - M7. (ZRT-798)
Warning: Net u_main_controller_top/u_main_controller/u_fifo_sync_d16x50_f116_ptr_ud_fifo/route_opt_cts_ccd_setup_275 has a frontside min_layer M1 that is outside the global min/max layer range M2 - M7. (ZRT-798)
Warning: Net route_opt_cts_ccd_setup_422 has a frontside min_layer M1 that is outside the global min/max layer range M2 - M7. (ZRT-798)
Warning: Net u_main_controller_top/u_main_controller/u_sr_d512x72f116_MMS0_wrap/route_opt_cts_ccd_setup_115 has a frontside min_layer M1 that is outside the global min/max layer range M2 - M7. (ZRT-798)
Warning: Net u_main_controller_top/u_main_controller/route_opt_cts_ccd_setup_174 has a frontside min_layer M1 that is outside the global min/max layer range M2 - M7. (ZRT-798)
Warning: Net u_main_controller_top/u_main_controller/route_opt_cts_ccd_setup_275 has a frontside min_layer M1 that is outside the global min/max layer range M2 - M7. (ZRT-798)
Warning: Net route_opt_cts_ccd_setup_423 has a frontside min_layer M1 that is outside the global min/max layer range M2 - M7. (ZRT-798)
Warning: Net u_main_controller_top/u_main_controller/route_opt_cts_ccd_setup_276 has a frontside min_layer M1 that is outside the global min/max layer range M2 - M7. (ZRT-798)
Warning: Net route_opt_cts_ccd_setup_424 has a frontside min_layer M1 that is outside the global min/max layer range M2 - M7. (ZRT-798)
Warning: Net u_main_controller_top/u_main_controller/route_opt_cts_ccd_setup_175 has a frontside min_layer M1 that is outside the global min/max layer range M2 - M7. (ZRT-798)
Warning: Net u_main_controller_top/u_main_controller/route_opt_cts_ccd_setup_277 has a frontside min_layer M1 that is outside the global min/max layer range M2 - M7. (ZRT-798)
Warning: Net route_opt_cts_ccd_setup_425 has a frontside min_layer M1 that is outside the global min/max layer range M2 - M7. (ZRT-798)
Warning: Net u_main_controller_top/u_main_controller/u_sr_d512x72f116_MMS0_wrap/route_opt_cts_ccd_setup_116 has a frontside min_layer M1 that is outside the global min/max layer range M2 - M7. (ZRT-798)
Warning: Net route_opt_cts_ccd_setup_426 has a frontside min_layer M1 that is outside the global min/max layer range M2 - M7. (ZRT-798)
Warning: Net u_main_controller_top/u_main_controller/route_opt_cts_ccd_setup_176 has a frontside min_layer M1 that is outside the global min/max layer range M2 - M7. (ZRT-798)
Warning: Net route_opt_cts_ccd_setup_427 has a frontside min_layer M1 that is outside the global min/max layer range M2 - M7. (ZRT-798)
Warning: Net u_main_controller_top/u_main_controller/route_opt_cts_ccd_setup_177 has a frontside min_layer M1 that is outside the global min/max layer range M2 - M7. (ZRT-798)
Warning: Net u_main_controller_top/u_main_controller/route_opt_cts_ccd_setup_121 has a frontside min_layer M1 that is outside the global min/max layer range M2 - M7. (ZRT-798)
Warning: Net u_main_controller_top/u_main_controller/route_opt_cts_ccd_setup_178 has a frontside min_layer M1 that is outside the global min/max layer range M2 - M7. (ZRT-798)
Warning: Net u_main_controller_top/u_main_controller/route_opt_cts_ccd_setup_122 has a frontside min_layer M1 that is outside the global min/max layer range M2 - M7. (ZRT-798)
Warning: Net u_main_controller_top/u_main_controller/route_opt_cts_ccd_setup_433 has a frontside min_layer M1 that is outside the global min/max layer range M2 - M7. (ZRT-798)
Warning: Net u_main_controller_top/u_main_controller/route_opt_cts_ccd_setup_278 has a frontside min_layer M1 that is outside the global min/max layer range M2 - M7. (ZRT-798)
Warning: Net u_main_controller_top/u_main_controller/route_opt_cts_ccd_setup_181 has a frontside min_layer M1 that is outside the global min/max layer range M2 - M7. (ZRT-798)
Warning: Net u_main_controller_top/u_main_controller/u_address_fifo/route_opt_cts_ccd_setup_122 has a frontside min_layer M1 that is outside the global min/max layer range M2 - M7. (ZRT-798)
Warning: Net u_main_controller_top/u_main_controller/route_opt_cts_ccd_setup_182 has a frontside min_layer M1 that is outside the global min/max layer range M2 - M7. (ZRT-798)
Warning: Net u_main_controller_top/u_main_controller/route_opt_cts_ccd_setup_279 has a frontside min_layer M1 that is outside the global min/max layer range M2 - M7. (ZRT-798)
Warning: Net u_main_controller_top/u_main_controller/route_opt_cts_ccd_setup_183 has a frontside min_layer M1 that is outside the global min/max layer range M2 - M7. (ZRT-798)
Warning: Net u_main_controller_top/u_main_controller/u_address_fifo/route_opt_cts_ccd_setup_123 has a frontside min_layer M1 that is outside the global min/max layer range M2 - M7. (ZRT-798)
Warning: Net u_main_controller_top/u_main_controller/route_opt_cts_ccd_setup_434 has a frontside min_layer M1 that is outside the global min/max layer range M2 - M7. (ZRT-798)
Warning: Net u_main_controller_top/u_main_controller/route_opt_cts_ccd_setup_280 has a frontside min_layer M1 that is outside the global min/max layer range M2 - M7. (ZRT-798)
Warning: Net u_main_controller_top/u_main_controller/u_fifo_sync_d256x11_f116_ewa_mem/route_opt_cts_ccd_setup_124 has a frontside min_layer M1 that is outside the global min/max layer range M2 - M7. (ZRT-798)
Warning: Net u_main_controller_top/u_main_controller/route_opt_cts_ccd_setup_184 has a frontside min_layer M1 that is outside the global min/max layer range M2 - M7. (ZRT-798)
Warning: Net u_main_controller_top/u_main_controller/route_opt_cts_ccd_setup_281 has a frontside min_layer M1 that is outside the global min/max layer range M2 - M7. (ZRT-798)
Warning: Net u_datapath/u_input_line_buffer_control/route_opt_cts_ccd_setup_440 has a frontside min_layer M1 that is outside the global min/max layer range M2 - M7. (ZRT-798)
Warning: Net u_main_controller_top/u_main_controller/route_opt_cts_ccd_setup_185 has a frontside min_layer M1 that is outside the global min/max layer range M2 - M7. (ZRT-798)
Warning: Net u_main_controller_top/u_main_controller/u_fifo_sync_d256x11_f116_ewa_mem/route_opt_cts_ccd_setup_125 has a frontside min_layer M1 that is outside the global min/max layer range M2 - M7. (ZRT-798)
Warning: Net u_main_controller_top/u_main_controller/route_opt_cts_ccd_setup_186 has a frontside min_layer M1 that is outside the global min/max layer range M2 - M7. (ZRT-798)
Warning: Net u_main_controller_top/u_main_controller/route_opt_cts_ccd_setup_282 has a frontside min_layer M1 that is outside the global min/max layer range M2 - M7. (ZRT-798)
Warning: Net u_main_controller_top/route_opt_cts_ccd_setup_126 has a frontside min_layer M1 that is outside the global min/max layer range M2 - M7. (ZRT-798)
Warning: Net u_main_controller_top/u_main_controller/u_fifo_sync_d16x50_f116_ptr_ud_fifo/route_opt_cts_ccd_setup_186 has a frontside min_layer M1 that is outside the global min/max layer range M2 - M7. (ZRT-798)
Warning: Net u_main_controller_top/u_main_controller/u_sr_d512x72f116_MM0_wrap/route_opt_cts_ccd_setup_282 has a frontside min_layer M1 that is outside the global min/max layer range M2 - M7. (ZRT-798)
Warning: Net u_main_controller_top/u_main_controller/u_fifo_sync_d16x50_f116_ptr_ud_fifo/route_opt_cts_ccd_setup_187 has a frontside min_layer M1 that is outside the global min/max layer range M2 - M7. (ZRT-798)
Warning: Net u_datapath/u_input_line_buffer_control/route_opt_cts_ccd_setup_441 has a frontside min_layer M1 that is outside the global min/max layer range M2 - M7. (ZRT-798)
Warning: Net u_main_controller_top/u_main_controller/u_sr_d512x72f116_MM0_wrap/route_opt_cts_ccd_setup_283 has a frontside min_layer M1 that is outside the global min/max layer range M2 - M7. (ZRT-798)
Warning: Net u_main_controller_top/route_opt_cts_ccd_setup_127 has a frontside min_layer M1 that is outside the global min/max layer range M2 - M7. (ZRT-798)
Warning: Net u_datapath/u_gamma_correction/route_opt_cts_ccd_setup_443 has a frontside min_layer M1 that is outside the global min/max layer range M2 - M7. (ZRT-798)
Warning: Net u_main_controller_top/u_main_controller/u_sr_d512x72f116_MM0_wrap/route_opt_cts_ccd_setup_284 has a frontside min_layer M1 that is outside the global min/max layer range M2 - M7. (ZRT-798)
Warning: Net u_datapath/u_gamma_correction/route_opt_cts_ccd_setup_444 has a frontside min_layer M1 that is outside the global min/max layer range M2 - M7. (ZRT-798)
Warning: Net u_main_controller_top/u_main_controller/u_fifo_sync_d256x11_f116_ewa_mem/route_opt_cts_ccd_setup_128 has a frontside min_layer M1 that is outside the global min/max layer range M2 - M7. (ZRT-798)
Warning: Net u_main_controller_top/u_main_controller/route_opt_cts_ccd_setup_444 has a frontside min_layer M1 that is outside the global min/max layer range M2 - M7. (ZRT-798)
Warning: Net u_main_controller_top/u_main_controller/u_sr_d512x72f116_MM0_wrap/route_opt_cts_ccd_setup_285 has a frontside min_layer M1 that is outside the global min/max layer range M2 - M7. (ZRT-798)
Warning: Net u_main_controller_top/u_main_controller/route_opt_cts_ccd_setup_445 has a frontside min_layer M1 that is outside the global min/max layer range M2 - M7. (ZRT-798)
Warning: Net u_main_controller_top/u_main_controller/u_fifo_sync_d256x11_f116_ewa_mem/route_opt_cts_ccd_setup_129 has a frontside min_layer M1 that is outside the global min/max layer range M2 - M7. (ZRT-798)
Warning: Net u_main_controller_top/u_main_controller/route_opt_cts_ccd_setup_285 has a frontside min_layer M1 that is outside the global min/max layer range M2 - M7. (ZRT-798)
Warning: Net u_datapath/u_gamma_correction/route_opt_cts_ccd_setup_445 has a frontside min_layer M1 that is outside the global min/max layer range M2 - M7. (ZRT-798)
Warning: Net u_main_controller_top/u_main_controller/u_fifo_sync_d16x50_f116_ptr_ud_fifo/route_opt_cts_ccd_setup_188 has a frontside min_layer M1 that is outside the global min/max layer range M2 - M7. (ZRT-798)
Warning: Net u_main_controller_top/u_main_controller/u_address_fifo/route_opt_cts_ccd_setup_129 has a frontside min_layer M1 that is outside the global min/max layer range M2 - M7. (ZRT-798)
Warning: Net u_datapath/u_gamma_correction/route_opt_cts_ccd_setup_446 has a frontside min_layer M1 that is outside the global min/max layer range M2 - M7. (ZRT-798)
Warning: Net u_main_controller_top/u_main_controller/u_fifo_sync_d16x50_f116_ptr_ud_fifo/route_opt_cts_ccd_setup_189 has a frontside min_layer M1 that is outside the global min/max layer range M2 - M7. (ZRT-798)
Warning: Net u_main_controller_top/u_main_controller/route_opt_cts_ccd_setup_286 has a frontside min_layer M1 that is outside the global min/max layer range M2 - M7. (ZRT-798)
Warning: Net u_main_controller_top/u_main_controller/u_address_fifo/route_opt_cts_ccd_setup_130 has a frontside min_layer M1 that is outside the global min/max layer range M2 - M7. (ZRT-798)
Warning: Net u_main_controller_top/u_main_controller/route_opt_cts_ccd_setup_191 has a frontside min_layer M1 that is outside the global min/max layer range M2 - M7. (ZRT-798)
Warning: Net u_datapath/route_opt_cts_ccd_setup_450 has a frontside min_layer M1 that is outside the global min/max layer range M2 - M7. (ZRT-798)
Warning: Net u_main_controller_top/u_main_controller/route_opt_cts_ccd_setup_287 has a frontside min_layer M1 that is outside the global min/max layer range M2 - M7. (ZRT-798)
Warning: Net u_main_controller_top/u_main_controller/route_opt_cts_ccd_setup_192 has a frontside min_layer M1 that is outside the global min/max layer range M2 - M7. (ZRT-798)
Warning: Net u_main_controller_top/u_main_controller/route_opt_cts_ccd_setup_132 has a frontside min_layer M1 that is outside the global min/max layer range M2 - M7. (ZRT-798)
Warning: Net u_datapath/route_opt_cts_ccd_setup_451 has a frontside min_layer M1 that is outside the global min/max layer range M2 - M7. (ZRT-798)
Warning: Net u_main_controller_top/u_main_controller/route_opt_cts_ccd_setup_194 has a frontside min_layer M1 that is outside the global min/max layer range M2 - M7. (ZRT-798)
Warning: Net u_datapath/route_opt_cts_ccd_setup_455 has a frontside min_layer M1 that is outside the global min/max layer range M2 - M7. (ZRT-798)
Warning: Net u_main_controller_top/u_main_controller/route_opt_cts_ccd_setup_288 has a frontside min_layer M1 that is outside the global min/max layer range M2 - M7. (ZRT-798)
Warning: Net u_main_controller_top/u_main_controller/route_opt_cts_ccd_setup_195 has a frontside min_layer M1 that is outside the global min/max layer range M2 - M7. (ZRT-798)
Warning: Net u_main_controller_top/u_main_controller/route_opt_cts_ccd_setup_289 has a frontside min_layer M1 that is outside the global min/max layer range M2 - M7. (ZRT-798)
Warning: Net u_main_controller_top/u_main_controller/route_opt_cts_ccd_setup_133 has a frontside min_layer M1 that is outside the global min/max layer range M2 - M7. (ZRT-798)
Warning: Net u_main_controller_top/u_main_controller/route_opt_cts_ccd_setup_290 has a frontside min_layer M1 that is outside the global min/max layer range M2 - M7. (ZRT-798)
Warning: Net u_datapath/route_opt_cts_ccd_setup_456 has a frontside min_layer M1 that is outside the global min/max layer range M2 - M7. (ZRT-798)
Warning: Net u_main_controller_top/u_main_controller/route_opt_cts_ccd_setup_198 has a frontside min_layer M1 that is outside the global min/max layer range M2 - M7. (ZRT-798)
Warning: Net route_opt_cts_ccd_setup_294 has a frontside min_layer M1 that is outside the global min/max layer range M2 - M7. (ZRT-798)
Warning: Net u_datapath/u_input_line_buffer_control/route_opt_cts_ccd_setup_457 has a frontside min_layer M1 that is outside the global min/max layer range M2 - M7. (ZRT-798)
Warning: Net u_main_controller_top/u_main_controller/route_opt_cts_ccd_setup_199 has a frontside min_layer M1 that is outside the global min/max layer range M2 - M7. (ZRT-798)
Warning: Net u_datapath/u_input_line_buffer_control/route_opt_cts_ccd_setup_458 has a frontside min_layer M1 that is outside the global min/max layer range M2 - M7. (ZRT-798)
Warning: Net u_main_controller_top/u_main_controller/route_opt_cts_ccd_setup_201 has a frontside min_layer M1 that is outside the global min/max layer range M2 - M7. (ZRT-798)
Warning: Net route_opt_cts_ccd_setup_295 has a frontside min_layer M1 that is outside the global min/max layer range M2 - M7. (ZRT-798)
Warning: Net u_main_controller_top/u_main_controller/route_opt_cts_ccd_setup_462 has a frontside min_layer M1 that is outside the global min/max layer range M2 - M7. (ZRT-798)
Warning: Net u_main_controller_top/u_main_controller/route_opt_cts_ccd_setup_295 has a frontside min_layer M1 that is outside the global min/max layer range M2 - M7. (ZRT-798)
Warning: Net u_main_controller_top/u_main_controller/route_opt_cts_ccd_setup_463 has a frontside min_layer M1 that is outside the global min/max layer range M2 - M7. (ZRT-798)
Warning: Net u_main_controller_top/u_main_controller/route_opt_cts_ccd_setup_296 has a frontside min_layer M1 that is outside the global min/max layer range M2 - M7. (ZRT-798)
Warning: Net u_main_controller_top/u_main_controller/route_opt_cts_ccd_setup_206 has a frontside min_layer M1 that is outside the global min/max layer range M2 - M7. (ZRT-798)
Warning: Net u_clk_gen/u_clock_gen/route_opt_cts_ccd_setup_296 has a frontside min_layer M1 that is outside the global min/max layer range M2 - M7. (ZRT-798)
Warning: Net u_main_controller_top/u_main_controller/route_opt_cts_ccd_setup_208 has a frontside min_layer M1 that is outside the global min/max layer range M2 - M7. (ZRT-798)
Warning: Net u_clk_gen/u_clock_gen/route_opt_cts_ccd_setup_297 has a frontside min_layer M1 that is outside the global min/max layer range M2 - M7. (ZRT-798)
Warning: Net u_main_controller_top/u_main_controller/route_opt_cts_ccd_setup_209 has a frontside min_layer M1 that is outside the global min/max layer range M2 - M7. (ZRT-798)
Warning: Net route_opt_cts_ccd_setup_297 has a frontside min_layer M1 that is outside the global min/max layer range M2 - M7. (ZRT-798)
Warning: Net u_main_controller_top/u_main_controller/route_opt_cts_ccd_setup_466 has a frontside min_layer M1 that is outside the global min/max layer range M2 - M7. (ZRT-798)
Warning: Net u_main_controller_top/u_main_controller/route_opt_cts_ccd_setup_210 has a frontside min_layer M1 that is outside the global min/max layer range M2 - M7. (ZRT-798)
Warning: Net u_main_controller_top/u_main_controller/route_opt_cts_ccd_setup_467 has a frontside min_layer M1 that is outside the global min/max layer range M2 - M7. (ZRT-798)
Warning: Net route_opt_cts_ccd_setup_298 has a frontside min_layer M1 that is outside the global min/max layer range M2 - M7. (ZRT-798)
Warning: Net u_main_controller_top/u_main_controller/route_opt_cts_ccd_setup_211 has a frontside min_layer M1 that is outside the global min/max layer range M2 - M7. (ZRT-798)
Warning: Net u_main_controller_top/u_main_controller/route_opt_cts_ccd_setup_298 has a frontside min_layer M1 that is outside the global min/max layer range M2 - M7. (ZRT-798)
Warning: Net u_main_controller_top/u_main_controller/route_opt_cts_ccd_setup_212 has a frontside min_layer M1 that is outside the global min/max layer range M2 - M7. (ZRT-798)
Warning: Net u_datapath/route_opt_cts_ccd_setup_468 has a frontside min_layer M1 that is outside the global min/max layer range M2 - M7. (ZRT-798)
Warning: Net u_main_controller_top/u_main_controller/route_opt_cts_ccd_setup_299 has a frontside min_layer M1 that is outside the global min/max layer range M2 - M7. (ZRT-798)
Warning: Net u_datapath/route_opt_cts_ccd_setup_469 has a frontside min_layer M1 that is outside the global min/max layer range M2 - M7. (ZRT-798)
Warning: Net u_main_controller_top/u_main_controller/route_opt_cts_ccd_setup_213 has a frontside min_layer M1 that is outside the global min/max layer range M2 - M7. (ZRT-798)
Warning: Net u_main_controller_top/u_main_controller/u_fifo_sync_d16x50_f116_ptr_ud_fifo/route_opt_cts_ccd_setup_299 has a frontside min_layer M1 that is outside the global min/max layer range M2 - M7. (ZRT-798)
Warning: Net u_main_controller_top/u_main_controller/route_opt_cts_ccd_setup_472 has a frontside min_layer M1 that is outside the global min/max layer range M2 - M7. (ZRT-798)
Warning: Net u_main_controller_top/u_main_controller/u_fifo_sync_d16x50_f116_ptr_ud_fifo/route_opt_cts_ccd_setup_300 has a frontside min_layer M1 that is outside the global min/max layer range M2 - M7. (ZRT-798)
Warning: Net u_main_controller_top/u_main_controller/route_opt_cts_ccd_setup_473 has a frontside min_layer M1 that is outside the global min/max layer range M2 - M7. (ZRT-798)
Warning: Net u_main_controller_top/u_main_controller/route_opt_cts_ccd_setup_300 has a frontside min_layer M1 that is outside the global min/max layer range M2 - M7. (ZRT-798)
Warning: Net u_main_controller_top/u_main_controller/route_opt_cts_ccd_setup_485 has a frontside min_layer M1 that is outside the global min/max layer range M2 - M7. (ZRT-798)
Warning: Net u_main_controller_top/u_main_controller/route_opt_cts_ccd_setup_301 has a frontside min_layer M1 that is outside the global min/max layer range M2 - M7. (ZRT-798)
Warning: Net u_main_controller_top/u_main_controller/route_opt_cts_ccd_setup_216 has a frontside min_layer M1 that is outside the global min/max layer range M2 - M7. (ZRT-798)
Warning: Net u_main_controller_top/u_main_controller/route_opt_cts_ccd_setup_486 has a frontside min_layer M1 that is outside the global min/max layer range M2 - M7. (ZRT-798)
Warning: Net u_main_controller_top/u_main_controller/route_opt_cts_ccd_setup_302 has a frontside min_layer M1 that is outside the global min/max layer range M2 - M7. (ZRT-798)
Warning: Net u_main_controller_top/u_main_controller/route_opt_cts_ccd_setup_487 has a frontside min_layer M1 that is outside the global min/max layer range M2 - M7. (ZRT-798)
Warning: Net u_main_controller_top/u_main_controller/route_opt_cts_ccd_setup_217 has a frontside min_layer M1 that is outside the global min/max layer range M2 - M7. (ZRT-798)
Warning: Net u_main_controller_top/u_main_controller/route_opt_cts_ccd_setup_303 has a frontside min_layer M1 that is outside the global min/max layer range M2 - M7. (ZRT-798)
Warning: Net u_main_controller_top/u_main_controller/route_opt_cts_ccd_setup_488 has a frontside min_layer M1 that is outside the global min/max layer range M2 - M7. (ZRT-798)
Warning: Net u_main_controller_top/u_main_controller/route_opt_cts_ccd_setup_218 has a frontside min_layer M1 that is outside the global min/max layer range M2 - M7. (ZRT-798)
Warning: Net u_clk_gen/u_clock_gen/route_opt_cts_ccd_setup_303 has a frontside min_layer M1 that is outside the global min/max layer range M2 - M7. (ZRT-798)
Warning: Net u_main_controller_top/u_main_controller/route_opt_cts_ccd_setup_219 has a frontside min_layer M1 that is outside the global min/max layer range M2 - M7. (ZRT-798)
Warning: Net u_clk_gen/u_clock_gen/route_opt_cts_ccd_setup_304 has a frontside min_layer M1 that is outside the global min/max layer range M2 - M7. (ZRT-798)
Warning: Net u_main_controller_top/u_main_controller/route_opt_cts_ccd_setup_489 has a frontside min_layer M1 that is outside the global min/max layer range M2 - M7. (ZRT-798)
Warning: Net u_main_controller_top/u_main_controller/route_opt_cts_ccd_setup_222 has a frontside min_layer M1 that is outside the global min/max layer range M2 - M7. (ZRT-798)
Warning: Net u_main_controller_top/u_main_controller/route_opt_cts_ccd_setup_304 has a frontside min_layer M1 that is outside the global min/max layer range M2 - M7. (ZRT-798)
Warning: Net u_main_controller_top/u_main_controller/route_opt_cts_ccd_setup_223 has a frontside min_layer M1 that is outside the global min/max layer range M2 - M7. (ZRT-798)
Warning: Net u_main_controller_top/u_main_controller/route_opt_cts_ccd_setup_490 has a frontside min_layer M1 that is outside the global min/max layer range M2 - M7. (ZRT-798)
Warning: Net u_main_controller_top/u_main_controller/route_opt_cts_ccd_setup_224 has a frontside min_layer M1 that is outside the global min/max layer range M2 - M7. (ZRT-798)
Warning: Net u_main_controller_top/u_main_controller/route_opt_cts_ccd_setup_305 has a frontside min_layer M1 that is outside the global min/max layer range M2 - M7. (ZRT-798)
Warning: Net u_main_controller_top/u_main_controller/route_opt_cts_ccd_setup_225 has a frontside min_layer M1 that is outside the global min/max layer range M2 - M7. (ZRT-798)
Warning: Net u_main_controller_top/u_main_controller/route_opt_cts_ccd_setup_306 has a frontside min_layer M1 that is outside the global min/max layer range M2 - M7. (ZRT-798)
Warning: Net route_opt_cts_ccd_setup_227 has a frontside min_layer M1 that is outside the global min/max layer range M2 - M7. (ZRT-798)
Warning: Net u_main_controller_top/u_main_controller/route_opt_cts_ccd_setup_307 has a frontside min_layer M1 that is outside the global min/max layer range M2 - M7. (ZRT-798)
Warning: Net route_opt_cts_ccd_setup_228 has a frontside min_layer M1 that is outside the global min/max layer range M2 - M7. (ZRT-798)
Warning: Net u_main_controller_top/u_main_controller/route_opt_cts_ccd_setup_230 has a frontside min_layer M1 that is outside the global min/max layer range M2 - M7. (ZRT-798)
Warning: Net u_main_controller_top/u_main_controller/route_opt_cts_ccd_setup_231 has a frontside min_layer M1 that is outside the global min/max layer range M2 - M7. (ZRT-798)
Warning: Net u_main_controller_top/u_main_controller/route_opt_cts_ccd_setup_234 has a frontside min_layer M1 that is outside the global min/max layer range M2 - M7. (ZRT-798)
Warning: Net u_main_controller_top/u_main_controller/route_opt_cts_ccd_setup_235 has a frontside min_layer M1 that is outside the global min/max layer range M2 - M7. (ZRT-798)
Warning: Net u_main_controller_top/u_main_controller/route_opt_cts_ccd_setup_236 has a frontside min_layer M1 that is outside the global min/max layer range M2 - M7. (ZRT-798)
Warning: Net u_main_controller_top/u_main_controller/route_opt_cts_ccd_setup_237 has a frontside min_layer M1 that is outside the global min/max layer range M2 - M7. (ZRT-798)
Warning: Net u_main_controller_top/u_main_controller/u_fifo_sync_d16x50_f116_ptr_ud_fifo/route_opt_cts_ccd_setup_241 has a frontside min_layer M1 that is outside the global min/max layer range M2 - M7. (ZRT-798)
Warning: Net u_main_controller_top/u_main_controller/u_fifo_sync_d16x50_f116_ptr_ud_fifo/route_opt_cts_ccd_setup_242 has a frontside min_layer M1 that is outside the global min/max layer range M2 - M7. (ZRT-798)
Warning: Net u_main_controller_top/u_main_controller/route_opt_cts_ccd_setup_242 has a frontside min_layer M1 that is outside the global min/max layer range M2 - M7. (ZRT-798)
Warning: Net u_main_controller_top/u_main_controller/route_opt_cts_ccd_setup_243 has a frontside min_layer M1 that is outside the global min/max layer range M2 - M7. (ZRT-798)
Warning: Net u_main_controller_top/u_main_controller/u_fifo_sync_d16x50_f116_ptr_ud_fifo/route_opt_cts_ccd_setup_243 has a frontside min_layer M1 that is outside the global min/max layer range M2 - M7. (ZRT-798)
Warning: Net u_main_controller_top/u_main_controller/u_fifo_sync_d16x50_f116_ptr_ud_fifo/route_opt_cts_ccd_setup_244 has a frontside min_layer M1 that is outside the global min/max layer range M2 - M7. (ZRT-798)
Warning: Net u_main_controller_top/u_main_controller/route_opt_cts_ccd_setup_244 has a frontside min_layer M1 that is outside the global min/max layer range M2 - M7. (ZRT-798)
Warning: Net u_main_controller_top/u_main_controller/route_opt_cts_ccd_setup_245 has a frontside min_layer M1 that is outside the global min/max layer range M2 - M7. (ZRT-798)
Warning: Net u_main_controller_top/u_main_controller/route_opt_cts_ccd_setup_246 has a frontside min_layer M1 that is outside the global min/max layer range M2 - M7. (ZRT-798)
Warning: Net u_main_controller_top/u_main_controller/route_opt_cts_ccd_setup_247 has a frontside min_layer M1 that is outside the global min/max layer range M2 - M7. (ZRT-798)
Warning: Net u_main_controller_top/u_main_controller/route_opt_cts_ccd_setup_251 has a frontside min_layer M1 that is outside the global min/max layer range M2 - M7. (ZRT-798)
Warning: Net u_main_controller_top/u_main_controller/route_opt_cts_ccd_setup_252 has a frontside min_layer M1 that is outside the global min/max layer range M2 - M7. (ZRT-798)
Warning: Net u_main_controller_top/u_main_controller/route_opt_cts_ccd_setup_253 has a frontside min_layer M1 that is outside the global min/max layer range M2 - M7. (ZRT-798)
Skipping 6 internal pins that are not physical. Set route.common.verbose_level to > 0 and run routing command to get skipped pin names.
Info: number of net_type_blockage: 0 
Information: Via ladder engine would be activated for pattern must join connection in certain commands. Please refer to man-page for the command list. (ZRT-619)
Warning: Rule [cts_w2_s2_vlg] can't be an autoNdr rule due to net [pll1_clk_in] is not an autoNdr net.
Information: AutoNdr rule can't be found. Check the settings.
Information: When applicable Min-max layer allow_pin_connection mode will allow paths of length 5.32 outside the layer range. (ZRT-707)
Information: When applicable Min-max layer allow_pin_connection mode will allow paths of length 5.32 outside the layer range on clock nets. (ZRT-718)
Information: When applicable layer based tapering will taper up to 0.00 in distance from the pin. (ZRT-706)
Warning: The value of route.common.extra_nonpreferred_direction_wire_cost_multiplier_by_layer_name is different from default value or mega switch value. Please make sure the value is expected. (ZRT-704)
Warning: Standard cell pin MUX41X2_HVT/S0 has no valid via regions. (ZRT-044)
Warning: Standard cell pin MUX41X2_RVT/S0 has no valid via regions. (ZRT-044)


Start checking for open nets ... 

Total number of nets = 85957, of which 0 are not extracted
Total number of open nets = 0, of which 0 are frozen

Check 85957 nets, 0 have Errors

[CHECK OPEN NETS] Elapsed real time: 0:00:00 
[CHECK OPEN NETS] Elapsed cpu  time: sys=0:00:00 usr=0:00:00 total=0:00:00
[CHECK OPEN NETS] Stage (MB): Used    0  Alloctr    0  Proc    0 
[CHECK OPEN NETS] Total (MB): Used  189  Alloctr  193  Proc 14920 
Printing options for 'route.common.*'
common.connect_within_pins_by_layer_name                :	 {M1 via_all_pins}   
common.eco_route_fix_existing_drc                       :	 true                
common.extra_nonpreferred_direction_wire_cost_multiplier_by_layer_name:	 {M1 0.1}            
common.verbose_level                                    :	 0                   
common.wire_on_grid_by_layer_name                       :	 {M1 false}          

Printing options for 'route.detail.*'
detail.antenna                                          :	 true                
detail.eco_route_use_soft_spacing_for_timing_optimization:	 true                
detail.enable_auto_ndr_flow                             :	 true                
detail.optimize_for_macro_pin_offset                    :	 true                
detail.optimize_for_macro_pins                          :	 true                
detail.timing_driven                                    :	 true                

Printing options for 'route.auto_via_ladder.*'

There are 0 out of total 85957 nets with relaxed min layer from GR.

Begin full DRC check ...

Information: Using 4 threads for routing. (ZRT-444)
Checked	3/225 Partitions, Violations =	0
Checked	9/225 Partitions, Violations =	32
Checked	18/225 Partitions, Violations =	436
Checked	27/225 Partitions, Violations =	889
Checked	36/225 Partitions, Violations =	1353
Checked	45/225 Partitions, Violations =	1584
Checked	54/225 Partitions, Violations =	1642
Checked	63/225 Partitions, Violations =	1775
Checked	72/225 Partitions, Violations =	1794
Checked	81/225 Partitions, Violations =	1833
Checked	90/225 Partitions, Violations =	1838
Checked	99/225 Partitions, Violations =	1845
Checked	108/225 Partitions, Violations =	1848
Checked	117/225 Partitions, Violations =	1863
Checked	126/225 Partitions, Violations =	1919
Checked	135/225 Partitions, Violations =	1924
Checked	144/225 Partitions, Violations =	1926
Checked	153/225 Partitions, Violations =	1953
Checked	162/225 Partitions, Violations =	1984
Checked	171/225 Partitions, Violations =	1987
Checked	180/225 Partitions, Violations =	2027
Checked	189/225 Partitions, Violations =	2056
Checked	198/225 Partitions, Violations =	2070
Checked	207/225 Partitions, Violations =	2315
Checked	216/225 Partitions, Violations =	2331
Checked	225/225 Partitions, Violations =	2412
[DRC CHECK] Elapsed real time: 0:00:10 
[DRC CHECK] Elapsed cpu  time: sys=0:00:00 usr=0:00:41 total=0:00:41
[DRC CHECK] Stage (MB): Used    1  Alloctr    2  Proc    0 
[DRC CHECK] Total (MB): Used  299  Alloctr  304  Proc 14920 
Warning: No antenna rules defined, Skip antenna analysis. (ZRT-309)
Information: Merged away 1034 aligned/redundant DRCs. (ZRT-305)

DRC-SUMMARY:
	@@@@@@@ TOTAL VIOLATIONS =	1378
	Connection not within pin : 4
	Diff net spacing : 129
	Diff net var rule spacing : 129
	Diff net via-cut spacing : 35
	Less than minimum area : 9
	Needs fat contact : 378
	Off-grid : 54
	Protrusion length : 2
	Same net spacing : 3
	Short : 635


Total Wire Length =                    3039129 micron
Total Number of Contacts =             759914
Total Number of Wires =                943101
Total Number of PtConns =              74277
Total Number of Routed Wires =       942683
Total Routed Wire Length =           3029692 micron
Total Number of Routed Contacts =       759914
	Layer              M1 :      14692 micron
	Layer              M2 :     832492 micron
	Layer              M3 :     648558 micron
	Layer              M4 :     490767 micron
	Layer              M5 :     320004 micron
	Layer              M6 :     429457 micron
	Layer              M7 :     293663 micron
	Layer              M8 :         60 micron
	Layer              M9 :          0 micron
	Layer            MRDL :          0 micron
	Via         VIA78SQ_C :         14
	Via         VIA67SQ_C :          1
	Via    VIA67SQ_C(rot) :      22824
	Via         VIA56SQ_C :      31014
	Via    VIA56SQ_C(rot) :         73
	Via   VIA56BAR_C(rot) :          1
	Via          VIA56BAR :          2
	Via     VIA56SQ_C_2x1 :         97
	Via       VIA56SQ_2x1 :         37
	Via         VIA45SQ_C :       2645
	Via    VIA45SQ_C(rot) :      55940
	Via         VIA34SQ_C :     104487
	Via    VIA34SQ_C(rot) :       3985
	Via         VIA23SQ_C :       8765
	Via    VIA23SQ_C(rot) :     293819
	Via         VIA12SQ_C :     214593
	Via    VIA12SQ_C(rot) :      21617

 
Redundant via conversion report:
--------------------------------

  Total optimized via conversion rate =  0.02% (134 / 759914 vias)
 
    Layer VIA1       =  0.00% (0      / 236210  vias)
        Un-optimized =  0.00% (0       vias)
        Un-mapped    = 100.00% (236210  vias)
    Layer VIA2       =  0.00% (0      / 302584  vias)
        Un-optimized =  0.00% (0       vias)
        Un-mapped    = 100.00% (302584  vias)
    Layer VIA3       =  0.00% (0      / 108472  vias)
        Un-optimized =  0.00% (0       vias)
        Un-mapped    = 100.00% (108472  vias)
    Layer VIA4       =  0.00% (0      / 58585   vias)
        Un-optimized =  0.00% (0       vias)
        Un-mapped    = 100.00% (58585   vias)
    Layer VIA5       =  0.43% (134    / 31224   vias)
        Weight 1     =  0.43% (134     vias)
        Un-optimized =  0.00% (0       vias)
        Un-mapped    = 99.57% (31090   vias)
    Layer VIA6       =  0.00% (0      / 22825   vias)
        Un-optimized =  0.00% (0       vias)
        Un-mapped    = 100.00% (22825   vias)
    Layer VIA7       =  0.00% (0      / 14      vias)
        Un-optimized =  0.00% (0       vias)
        Un-mapped    = 100.00% (14      vias)
 
  Total double via conversion rate    =  0.02% (134 / 759914 vias)
 
    Layer VIA1       =  0.00% (0      / 236210  vias)
    Layer VIA2       =  0.00% (0      / 302584  vias)
    Layer VIA3       =  0.00% (0      / 108472  vias)
    Layer VIA4       =  0.00% (0      / 58585   vias)
    Layer VIA5       =  0.43% (134    / 31224   vias)
    Layer VIA6       =  0.00% (0      / 22825   vias)
    Layer VIA7       =  0.00% (0      / 14      vias)
 
  The optimized via conversion rate based on total routed via count =  0.02% (134 / 759914 vias)
 
    Layer VIA1       =  0.00% (0      / 236210  vias)
        Un-optimized =  0.00% (0       vias)
        Un-mapped    = 100.00% (236210  vias)
    Layer VIA2       =  0.00% (0      / 302584  vias)
        Un-optimized =  0.00% (0       vias)
        Un-mapped    = 100.00% (302584  vias)
    Layer VIA3       =  0.00% (0      / 108472  vias)
        Un-optimized =  0.00% (0       vias)
        Un-mapped    = 100.00% (108472  vias)
    Layer VIA4       =  0.00% (0      / 58585   vias)
        Un-optimized =  0.00% (0       vias)
        Un-mapped    = 100.00% (58585   vias)
    Layer VIA5       =  0.43% (134    / 31224   vias)
        Weight 1     =  0.43% (134     vias)
        Un-optimized =  0.00% (0       vias)
        Un-mapped    = 99.57% (31090   vias)
    Layer VIA6       =  0.00% (0      / 22825   vias)
        Un-optimized =  0.00% (0       vias)
        Un-mapped    = 100.00% (22825   vias)
    Layer VIA7       =  0.00% (0      / 14      vias)
        Un-optimized =  0.00% (0       vias)
        Un-mapped    = 100.00% (14      vias)
 


Verify Summary:

Total number of nets = 85957, of which 0 are not extracted
Total number of open nets = 0, of which 0 are frozen
Total number of excluded ports = 0 ports of 0 unplaced cells connected to 0 nets
                                 0 ports without pins of 0 cells connected to 0 nets
                                 0 ports of 0 cover cells connected to 0 non-pg nets
Total number of DRCs = 1378
Total number of antenna violations = no antenna rules defined
Total number of tie to rail violations = not checked
Total number of tie to rail directly violations = not checked


