Information: Enabling runtime flow for U-2022 (FLW-3600)
INFO: compile_fusion is running in balanced flow mode.
INFO: EIO v5 is enabled
Information: Structural Congestion Optimization technology (Early SCO) has been enabled. (SCO-0001)
Information: Starting 'compile_fusion -from initial_place -to initial_opto' (FLW-8000)
Information: Time: 2026-07-01 12:04:12 / Session:  00:04:18 / Command:  00:00:00 / CPU:  00:00:00 / Memory: 3273 MB (FLW-8100)
Information: CPU Load: 6%, Ram Free: 157 GB, Swap Free: 13 GB, Work Disk Free: 5929 GB, Tmp Disk Free: 70 GB (MSG-3995)
CPU Load: 6%, Ram Free: 157 GB, Swap Free: 13 GB, Work Disk Free: 5929 GB, Tmp Disk Free: 70 GB
****************************************
Report : report_tbcs
Version: V-2023.12-SP5
Date   : Wed Jul  1 12:04:12 2026
****************************************
INFO: Start environment monitoring: recipes
Information: Enabling runtime flow for U-2022 (FLW-3600)
Warning: The app option 'compile.flow.high_effort_timing' will be changed to Boolean type in the future.  To ensure compatibility, this app option should only be set to a value of 0 or 1 for now (FLW-3502)
INFO: compile_fusion is running in balanced flow mode.
INFO: EIO v5 is enabled
Information: The automatic clock gate timing flow is activated. Clock latencies set on clock gate cells will be automatically adjusted by an estimate for latency. (CGT-4005)
Information: CCD will use corner ss0p95v125c for honoring max prepone/postpone limits

Summary of messages during CTS:
===============================================================
  Tag   Count  Type           Description
---------------------------------------------------------------
 No error or warning message.
Information: Change threshold for extractor is reset. (FLW-1300)
Information: The stitching and editing of coupling caps is turned OFF for design 'fsc_top.nlib:fsc_top/icg.design'. (TIM-125)
Information: Structural Congestion Optimization technology (Early SCO) has been enabled. (SCO-0001)
Information: The net parasitics of block fsc_top are cleared. (TIM-123)
Information: The stitching and editing of coupling caps is turned OFF for design 'fsc_top.nlib:fsc_top/icg.design'. (TIM-125)
Information: Orientation ETCH is using reference direction: VERTICAL. (NEX-032)
----------------------------------------------------------------------------------------------------------
Information: Starting compile_fusion / initial_place (FLW-8000)
Information: Time: 2026-07-01 12:04:14 / Session:  00:04:20 / Command:  00:00:02 / CPU:  00:00:09 / Memory: 3273 MB (FLW-8100)
Information: CPU Load: 6%, Ram Free: 157 GB, Swap Free: 13 GB, Work Disk Free: 5929 GB, Tmp Disk Free: 70 GB (MSG-3995)
----------------------------------------------------------------------------------------------------------
Information: Starting compile_fusion / initial_place / Load Design (FLW-8000)
Information: Time: 2026-07-01 12:04:14 / Session:  00:04:20 / Command:  00:00:02 / CPU:  00:00:09 / Memory: 3273 MB (FLW-8100)
Information: CPU Load: 6%, Ram Free: 157 GB, Swap Free: 13 GB, Work Disk Free: 5929 GB, Tmp Disk Free: 70 GB (MSG-3995)
Compile-fusion optimization summary            SETUP-COST    R2R-COST HOLD-COST LDRC-COST          AREA     LEAKAGE     INSTCNT            ELAPSE       MEM
Compile-fusion optimization summary            SETUP-COST    R2R-COST HOLD-COST LDRC-COST          AREA     LEAKAGE     INSTCNT            ELAPSE       MEM
Compile-fusion                                 13524117.00  8824533.00         -      5948     570513.50           -       42480              0.07      3273
Information: Ending   compile_fusion / initial_place / Load Design (FLW-8001)
Information: Time: 2026-07-01 12:04:14 / Session:  00:04:20 / Command:  00:00:02 / CPU:  00:00:09 / Memory: 3273 MB (FLW-8100)
Information: CPU Load: 6%, Ram Free: 157 GB, Swap Free: 13 GB, Work Disk Free: 5929 GB, Tmp Disk Free: 70 GB (MSG-3995)
Information: Starting compile_fusion / initial_place / pre-placement setup (FLW-8000)
Information: Time: 2026-07-01 12:04:14 / Session:  00:04:20 / Command:  00:00:02 / CPU:  00:00:09 / Memory: 3273 MB (FLW-8100)
Information: CPU Load: 6%, Ram Free: 157 GB, Swap Free: 13 GB, Work Disk Free: 5929 GB, Tmp Disk Free: 70 GB (MSG-3995)
Compile-fusion optimization summary            SETUP-COST    R2R-COST HOLD-COST LDRC-COST          AREA     LEAKAGE     INSTCNT            ELAPSE       MEM
Compile-fusion                                          -           -         -         -     570533.81           -       42497              0.07      3273
Information: Ending   compile_fusion / initial_place / pre-placement setup (FLW-8001)
Information: Time: 2026-07-01 12:04:15 / Session:  00:04:21 / Command:  00:00:03 / CPU:  00:00:10 / Memory: 3273 MB (FLW-8100)
Information: CPU Load: 6%, Ram Free: 157 GB, Swap Free: 13 GB, Work Disk Free: 5929 GB, Tmp Disk Free: 70 GB (MSG-3995)
Information: Starting compile_fusion / initial_place / Initial Placement (FLW-8000)
Information: Time: 2026-07-01 12:04:15 / Session:  00:04:21 / Command:  00:00:03 / CPU:  00:00:10 / Memory: 3273 MB (FLW-8100)
Information: CPU Load: 6%, Ram Free: 157 GB, Swap Free: 13 GB, Work Disk Free: 5929 GB, Tmp Disk Free: 70 GB (MSG-3995)
----------------------------------------------------------------
running create_placement
Corner Scaling is off, multiplier is 1.000000
Information: Orientation ETCH is using reference direction: VERTICAL. (NEX-032)
Information: timingScenario ss0p95v125c.func timingCorner ss0p95v125c.  Using corner ss0p95v125c for worst leakage corner. (OPT-078)
Information: Using default layer M5 (OPT-079)
Information: Nominal = 0.0353099  Design MT = inf  Target = 0.1379810  MaxRC = 0.096804 Fast Target = 0.044405 (OPT-081)
nplLib: default vr hor dist = 1155
nplLib: default vr ver dist = 1155
nplLib: default vr buf size = 6
nplLib: default vr buf size = 2
Placer using max_unbuffered_distance = 1154.78
Info: ICG auto bound skipping extra processing.
Info: ICG AutoBound found 510 ICGs
Info: ICG AutoBound created 0 group bounds 
Information: Activity propagation will be performed for scenario ss0p95v125c.func.
Information: Doing activity propagation for mode 'func' and corner 'ss0p95v125c' with effort level 'medium'. (POW-024)
Information: Timer-derived activity data is cached on scenario ss0p95v125c.func (POW-052)
Information: Running switching activity propagation with 16 threads!

 **** Information : No. of simulation cycles = 7 ****
****** eLpp weights (no caps) (no lengths)
Number of nets: 43050, of which 41905 non-clock nets
Number of nets with 0 toggle rate: 15180 (35.2613%)
Max toggle rate = 0.330033, average toggle rate = 0.00483686
Max non-clock toggle rate = 0.118131
eLpp weight range = (0, 68.233)
*** 51 nets are filtered out

Placement Options:
Effort:                        high_effort         
Timing Driven:                 false               
Buffering Aware Timing Driven: false               
Seed locs:                     false               
Incremental:                   false               
Congestion:                    false               
Fix Macros:                    true                
Place Macros:                  false               
Channel Size Macros:           false               

Printing options for 'place.coarse.*' (non-default only)
place.coarse.auto_density_control                       :	 enhanced            
place.coarse.cong_restruct_effort                       :	 low                 
place.coarse.cong_restruct_iterations                   :	 1                   
place.coarse.congestion_expansion_direction             :	 both                
place.coarse.icg_auto_bound                             :	 true                
place.coarse.increased_cell_expansion                   :	 true                

Start transferring placement data.
****** Net weight manager: report ******
Weights included: eLpp  Timing  
Number of nets with non-default weights: 43050
Amt power = 0.1
Timing factor = 1
Non-default weight range: (0.525299, 7.34859)
                             Min         Max         Avg       Stdev        Skew
       Toggle Rates            0    0.330033  0.00483699   0.0159984     10.0722
      Power Weights            0      68.233     1.00003     3.30761     10.0722
     Timing Weights     0.583665       1.751           1    0.449223    0.813546
      Final Weights     0.525299     7.34859           1    0.464249     2.96124
Information: Automatic repeater spreading is enabled.
Completed transferring placement data.
Running placement using 16 thread(s)
Information: Enhanced Auto Density Control is used. (PLACE-098)
Information: Enhanced auto density configuration is 13179.
Information: Automatic density control has selected the following settings: max_density 0.50, congestion_driven_max_util 0.87. (PLACE-027)
Information: HFW control 'off' invoked.
Creating placement from scratch.
coarse place 0% done.
coarse place 7% done.
coarse place 14% done.
coarse place 21% done.
coarse place 29% done.
coarse place 36% done.
coarse place 43% done.
Information: Coarse placer wire length estimate = 1.38096e+06
Information: Coarse placer active wire length estimate = 9451.83
Information: Coarse placer weighted wire length estimate = 1.31492e+06
Information: Extraction observers are detached as design net change threshold is reached.
Information: Orientation ETCH is using reference direction: VERTICAL. (NEX-032)
Information: Orientation ETCH is using reference direction: VERTICAL. (NEX-032)
Information: Orientation ETCH is using reference direction: VERTICAL. (NEX-032)
Information: Orientation ETCH is using reference direction: VERTICAL. (NEX-032)
Information: Orientation ETCH is using reference direction: VERTICAL. (NEX-032)
Information: Orientation ETCH is using reference direction: VERTICAL. (NEX-032)
Information: Orientation ETCH is using reference direction: VERTICAL. (NEX-032)
Information: Orientation ETCH is using reference direction: VERTICAL. (NEX-032)
Information: Orientation ETCH is using reference direction: VERTICAL. (NEX-032)
Information: Orientation ETCH is using reference direction: VERTICAL. (NEX-032)
Information: Orientation ETCH is using reference direction: VERTICAL. (NEX-032)
Information: Orientation ETCH is using reference direction: VERTICAL. (NEX-032)
Information: Orientation ETCH is using reference direction: VERTICAL. (NEX-032)
Information: Orientation ETCH is using reference direction: VERTICAL. (NEX-032)
Information: Orientation ETCH is using reference direction: VERTICAL. (NEX-032)
Information: Estimating clock gate latencies for scenario 'ss0p95v125c.func'. (OPT-909)
Information: Orientation ETCH is using reference direction: VERTICAL. (NEX-032)
Information: Orientation ETCH is using reference direction: VERTICAL. (NEX-032)
----------------------------------------------------------------
----------------------------------------------------------------
running create_placement
Information: Orientation ETCH is using reference direction: VERTICAL. (NEX-032)
Information: Orientation ETCH is using reference direction: VERTICAL. (NEX-032)
Information: Orientation ETCH is using reference direction: VERTICAL. (NEX-032)
Information: Orientation ETCH is using reference direction: VERTICAL. (NEX-032)
Information: Orientation ETCH is using reference direction: VERTICAL. (NEX-032)
Information: Orientation ETCH is using reference direction: VERTICAL. (NEX-032)
Information: Orientation ETCH is using reference direction: VERTICAL. (NEX-032)
Information: Orientation ETCH is using reference direction: VERTICAL. (NEX-032)
Information: Orientation ETCH is using reference direction: VERTICAL. (NEX-032)
Information: Orientation ETCH is using reference direction: VERTICAL. (NEX-032)
Information: Orientation ETCH is using reference direction: VERTICAL. (NEX-032)
Information: Orientation ETCH is using reference direction: VERTICAL. (NEX-032)
Information: Orientation ETCH is using reference direction: VERTICAL. (NEX-032)
Information: Orientation ETCH is using reference direction: VERTICAL. (NEX-032)
Information: Orientation ETCH is using reference direction: VERTICAL. (NEX-032)
Information: The stitching and editing of coupling caps is turned OFF for design 'fsc_top.nlib:fsc_top/icg.design'. (TIM-125)
Information: Orientation ETCH is using reference direction: VERTICAL. (NEX-032)
DEBUG FLOWMSGPRINTER: HANDLER IS NULL
CGRW: permuting timing equivalent pins only
Corner Scaling is off, multiplier is 1.000000
Information: Orientation ETCH is using reference direction: VERTICAL. (NEX-032)
Information: timingScenario ss0p95v125c.func timingCorner ss0p95v125c.  Using corner ss0p95v125c for worst leakage corner. (OPT-078)
Information: Using default layer M5 (OPT-079)
Information: Nominal = 0.0353099  Design MT = inf  Target = 0.1379810  MaxRC = 0.096804 Fast Target = 0.044405 (OPT-081)
nplLib: default vr hor dist = 1155
nplLib: default vr ver dist = 1155
nplLib: default vr buf size = 6
nplLib: default vr buf size = 2
Placer using max_unbuffered_distance = 1154.78
Info: ICG auto bound skipping extra processing.
Info: ICG AutoBound found 510 ICGs
Info: ICG AutoBound created 0 group bounds 
Info: e-eLpp used with low effort

Placement Options:
Effort:                        medium_effort       
Timing Driven:                 true                
Buffering Aware Timing Driven: true                
Seed locs:                     true                
Incremental:                   false               
Congestion:                    false               
Fix Macros:                    true                
Place Macros:                  false               
Channel Size Macros:           false               

Printing options for 'place.coarse.*' (non-default only)
place.coarse.auto_density_control                       :	 enhanced            
place.coarse.cong_restruct_effort                       :	 low                 
place.coarse.cong_restruct_iterations                   :	 1                   
place.coarse.congestion_expansion_direction             :	 both                
place.coarse.icg_auto_bound                             :	 true                
place.coarse.increased_cell_expansion                   :	 true                

Start transferring placement data.
****** eLpp weights (no caps) (no lengths)
Number of nets: 43050, of which 41905 non-clock nets
Number of nets with 0 toggle rate: 15180 (35.2613%)
Max toggle rate = 0.330033, average toggle rate = 0.00480397
Max non-clock toggle rate = 0.118131
eLpp weight range = (0, 68.7001)
*** 51 nets are filtered out
****** Net weight manager: report ******
Weights included: eLpp  Timing  
Number of nets with non-default weights: 43050
Amt power = 0.1
Timing factor = 1
Non-default weight range: (0.525299, 7.3953)
                             Min         Max         Avg       Stdev        Skew
       Toggle Rates            0    0.330033   0.0048041   0.0157325     9.97282
      Power Weights            0     68.7001     1.00003     3.27489     9.97282
     Timing Weights     0.583665       1.751           1    0.449223    0.813546
      Final Weights     0.525299      7.3953           1    0.462054     2.88476
Information: Automatic repeater spreading is enabled.
Restructuring in 42 hierarchies
CGRW: importing permutable pins & pairs, size 20 and above
Information: Automatic timing control is enabled.
checking app option clockgate_objective_weight : none
Information: Clock gate latency aware placement is enabled. (PLACE-085)
Information: Orientation ETCH is using reference direction: VERTICAL. (NEX-032)
Information: Orientation ETCH is using reference direction: VERTICAL. (NEX-032)
Information: Orientation ETCH is using reference direction: VERTICAL. (NEX-032)
Information: Orientation ETCH is using reference direction: VERTICAL. (NEX-032)
Information: Orientation ETCH is using reference direction: VERTICAL. (NEX-032)
Using worst RC corner 'ss0p95v125c' for buffer aware analysis.
Information: Orientation ETCH is using reference direction: VERTICAL. (NEX-032)
Information: Orientation ETCH is using reference direction: VERTICAL. (NEX-032)
Information: Orientation ETCH is using reference direction: VERTICAL. (NEX-032)
DTDP placement: scenario=ss0p95v125c.func
DEBUG FLOWMSGPRINTER: HANDLER IS NULL
Information: Orientation ETCH is using reference direction: VERTICAL. (NEX-032)
Information: Orientation ETCH is using reference direction: VERTICAL. (NEX-032)
Information: Orientation ETCH is using reference direction: VERTICAL. (NEX-032)
Information: Orientation ETCH is using reference direction: VERTICAL. (NEX-032)
Factor(1) = 1
Factor(BASE) = 1
Information: Orientation ETCH is using reference direction: VERTICAL. (NEX-032)
Information: Orientation ETCH is using reference direction: VERTICAL. (NEX-032)
Information: Orientation ETCH is using reference direction: VERTICAL. (NEX-032)
Information: Orientation ETCH is using reference direction: VERTICAL. (NEX-032)
Completed transferring placement data.
Running placement using 16 thread(s)
Information: Enhanced Auto Density Control is used. (PLACE-098)
Information: Enhanced auto density configuration is 13179.
Information: Automatic density control has selected the following settings: max_density 0.50, congestion_driven_max_util 0.87. (PLACE-027)
Information: HFW control 'off' invoked.
coarse place 0% done.
Selected 7168 sequential cells for slack balancing.
coarse place 10% done.
coarse place 20% done.
coarse place 30% done.
coarse place 40% done.
coarse place 50% done.
coarse place 60% done.
coarse place 70% done.
coarse place 80% done.
coarse place 90% done.
coarse place 100% done.
Information: Coarse placer wire length estimate = 1.19724e+07
Information: Coarse placer active wire length estimate = 67083.1
Information: Coarse placer weighted wire length estimate = 1.13025e+07
Information: Extraction observers are detached as design net change threshold is reached.
Stored 6180 bounds for preserving balanced registers 
Information: Orientation ETCH is using reference direction: VERTICAL. (NEX-032)
Information: Orientation ETCH is using reference direction: VERTICAL. (NEX-032)
Information: Orientation ETCH is using reference direction: VERTICAL. (NEX-032)
Information: Orientation ETCH is using reference direction: VERTICAL. (NEX-032)
Information: Orientation ETCH is using reference direction: VERTICAL. (NEX-032)
Information: Orientation ETCH is using reference direction: VERTICAL. (NEX-032)
Information: Orientation ETCH is using reference direction: VERTICAL. (NEX-032)
Information: Orientation ETCH is using reference direction: VERTICAL. (NEX-032)
Information: Orientation ETCH is using reference direction: VERTICAL. (NEX-032)
Information: Orientation ETCH is using reference direction: VERTICAL. (NEX-032)
Information: Orientation ETCH is using reference direction: VERTICAL. (NEX-032)
Information: Orientation ETCH is using reference direction: VERTICAL. (NEX-032)
Information: Orientation ETCH is using reference direction: VERTICAL. (NEX-032)
Information: Orientation ETCH is using reference direction: VERTICAL. (NEX-032)
Information: Orientation ETCH is using reference direction: VERTICAL. (NEX-032)
Information: Estimating clock gate latencies for scenario 'ss0p95v125c.func'. (OPT-909)
Information: Orientation ETCH is using reference direction: VERTICAL. (NEX-032)
Information: Orientation ETCH is using reference direction: VERTICAL. (NEX-032)
----------------------------------------------------------------
Non-default App Option report
All App Options have their default value.
Compile-fusion optimization summary            SETUP-COST    R2R-COST HOLD-COST LDRC-COST          AREA     LEAKAGE     INSTCNT            ELAPSE       MEM
Compile-fusion                                          -           -         -         -     570533.81           -       42497              0.08      3363
Information: Ending   compile_fusion / initial_place / Initial Placement (FLW-8001)
Information: Time: 2026-07-01 12:04:46 / Session:  00:04:52 / Command:  00:00:34 / CPU:  00:02:09 / Memory: 3363 MB (FLW-8100)
Information: CPU Load: 4%, Ram Free: 157 GB, Swap Free: 13 GB, Work Disk Free: 5929 GB, Tmp Disk Free: 70 GB (MSG-3995)
Information: Placing unplaced pins (AFP-1007)

Information: Runtime Summary (compile_fusion / initial_place)  (FLW-9001)
----------------------------------------------------------------------------
     Elapse(Hr:Min:Sec)     Elapse(%)     Category
----------------------------------------------------------------------------
       00:00:00              0.2%         Load Design 
       00:00:00              1.6%         pre-placement setup 
       00:00:31             97.4%         Initial Placement 
       00:00:00              0.8%         Other 
----------------------------------------------------------------------------
       00:00:32            100.0%         Total 
----------------------------------------------------------------------------

Host Options:
-------------
Max cores: 16

Machine Spec:
-------------
INTEL(R) XEON(R) GOLD 6548Y+ / 128 CPUs  
Sockets: 2, Cores: 32, HT/SMT, not-VM
----------------------------------------------------------------------------

Information: Ending   compile_fusion / initial_place (FLW-8001)
Information: Time: 2026-07-01 12:04:46 / Session:  00:04:52 / Command:  00:00:34 / CPU:  00:02:09 / Memory: 3363 MB (FLW-8100)
Information: CPU Load: 4%, Ram Free: 157 GB, Swap Free: 13 GB, Work Disk Free: 5929 GB, Tmp Disk Free: 70 GB (MSG-3995)


----------------------------------------------------------------------------------------------------------
Information: Starting compile_fusion / initial_drc (FLW-8000)
Information: Time: 2026-07-01 12:04:46 / Session:  00:04:52 / Command:  00:00:34 / CPU:  00:02:09 / Memory: 3363 MB (FLW-8100)
Information: CPU Load: 4%, Ram Free: 157 GB, Swap Free: 13 GB, Work Disk Free: 5929 GB, Tmp Disk Free: 70 GB (MSG-3995)
----------------------------------------------------------------------------------------------------------
Information: Change threshold for extractor is reset. (FLW-1300)
Information: Timer using 16 threads
Information: The stitching and editing of coupling caps is turned OFF for design 'fsc_top.nlib:fsc_top/icg.design'. (TIM-125)
Information: Orientation ETCH is using reference direction: VERTICAL. (NEX-032)
Warning: Timing Arc from 'u_clk_gen/u_clock_gen/C383/ctmi_32/S0' to 'u_clk_gen/u_clock_gen/C383/ctmi_32/Y' has been disabled to break loops in network of clock 'system_clk' (GRF-013)
************************************************************
Timer Settings:
Delay Calculation Style:                   auto
Signal Integrity Analysis:                 disabled
Timing Window Analysis:                    disabled
Advanced Waveform Propagation:             disabled
Variation Type:                            fixed_derate
Clock Reconvergence Pessimism Removal:     disabled
Advanced Receiver Model:                   disabled
LLE:                                       disabled
ML Acceleration:                           off
Smart Arc Optimization:                    enabled
************************************************************
Information: Starting compile_fusion / initial_drc / Load Design (FLW-8000)
Information: Time: 2026-07-01 12:04:48 / Session:  00:04:54 / Command:  00:00:36 / CPU:  00:02:18 / Memory: 3363 MB (FLW-8100)
Information: CPU Load: 4%, Ram Free: 157 GB, Swap Free: 13 GB, Work Disk Free: 5929 GB, Tmp Disk Free: 70 GB (MSG-3995)
Number of Site types in the design = 1
Setting up Chip Core
Chip Core shape: (8000 8000) (932008 930944)
Number of VARs = 1
Number of unique PDs = 1
Number of Power Domains = 1
Number of Voltage Areas = 1
Number of supply Nets = 2
Number of used supplies = 0
Blocked VAs: 
Information: Initializing classic cellmap without advanced rules enabled and without PDC enabled
Information: The following app options are used in cellmap
        place.legalize.enable_color_aware_placement : false
        place.legalize.use_nll_query_cm : false
        place.legalize.enable_advanced_legalizer : false
        place.legalize.enable_prerouted_net_check : true
        place.legalize.enable_advanced_prerouted_net_check : false
        place.legalize.always_continue : true
        place.legalize.limit_legality_checks : false
        place.common.pnet_aware_density : 1.0000
        place.common.pnet_aware_min_width : 0.0000
        place.common.pnet_aware_layers : {}
        place.common.use_placement_model : false
        place.common.enable_advanced_placement_model : true
        cts.placement.cell_spacing_rule_style : maximum
Total 0.0828 seconds to build cellmap data
INFO: creating 188(r) x 188(c) GridCells YDim 5.016 XDim 5.016
INFO: number of GridCells (fsc_top/icg): 35344
INFO: creating 188(r) x 188(c) GridCells YDim 5.016 XDim 5.016
INFO: number of GridCells (fsc_top/icg): 35344
Total 0.3331 seconds to load 54110 cell instances into cellmap, 42420 cells are off site row
Moveable cells: 42449; Application fixed cells: 0; Macro cells: 0; User fixed cells: 11661
Average cell width 2.6194, cell height 1.6720, cell area 4.3797 for total 42449 placed and application fixed cells
Compile-fusion optimization summary            SETUP-COST    R2R-COST HOLD-COST LDRC-COST          AREA     LEAKAGE     INSTCNT            ELAPSE       MEM
Compile-fusion                                          -           -         -         -     570497.25           -       42479              0.08      3363
Information: Ending   compile_fusion / initial_drc / Load Design (FLW-8001)
Information: Time: 2026-07-01 12:04:49 / Session:  00:04:55 / Command:  00:00:37 / CPU:  00:02:21 / Memory: 3363 MB (FLW-8100)
Information: CPU Load: 4%, Ram Free: 157 GB, Swap Free: 13 GB, Work Disk Free: 5929 GB, Tmp Disk Free: 70 GB (MSG-3995)
Information: The stitching and editing of coupling caps is turned OFF for design 'fsc_top.nlib:fsc_top/icg.design'. (TIM-125)
Information: Orientation ETCH is using reference direction: VERTICAL. (NEX-032)
Information: Starting compile_fusion / initial_drc / Global Route (FLW-8000)
Information: Time: 2026-07-01 12:04:50 / Session:  00:04:56 / Command:  00:00:37 / CPU:  00:02:27 / Memory: 3363 MB (FLW-8100)
Information: CPU Load: 4%, Ram Free: 157 GB, Swap Free: 13 GB, Work Disk Free: 5929 GB, Tmp Disk Free: 70 GB (MSG-3995)
Compile-fusion optimization summary            SETUP-COST    R2R-COST HOLD-COST LDRC-COST          AREA     LEAKAGE     INSTCNT            ELAPSE       MEM
Compile-fusion                                 68784176.00  36055088.00         -     59748     570497.25           -       42479              0.08      3363
Information: Ending   compile_fusion / initial_drc / Global Route (FLW-8001)
Information: Time: 2026-07-01 12:04:50 / Session:  00:04:56 / Command:  00:00:38 / CPU:  00:02:27 / Memory: 3363 MB (FLW-8100)
Information: CPU Load: 4%, Ram Free: 157 GB, Swap Free: 13 GB, Work Disk Free: 5929 GB, Tmp Disk Free: 70 GB (MSG-3995)
Information: Starting compile_fusion / initial_drc / Automatic Register Splitting (FLW-8000)
Information: Time: 2026-07-01 12:04:50 / Session:  00:04:56 / Command:  00:00:38 / CPU:  00:02:27 / Memory: 3363 MB (FLW-8100)
Information: CPU Load: 4%, Ram Free: 157 GB, Swap Free: 13 GB, Work Disk Free: 5929 GB, Tmp Disk Free: 70 GB (MSG-3995)
Compile-fusion optimization summary            SETUP-COST    R2R-COST HOLD-COST LDRC-COST          AREA     LEAKAGE     INSTCNT            ELAPSE       MEM
Compile-fusion                                 68784176.00  36055088.00         -     59748     570497.25           -       42479              0.08      3363
Information: Ending   compile_fusion / initial_drc / Automatic Register Splitting (FLW-8001)
Information: Time: 2026-07-01 12:04:51 / Session:  00:04:58 / Command:  00:00:39 / CPU:  00:02:29 / Memory: 3363 MB (FLW-8100)
Information: CPU Load: 4%, Ram Free: 157 GB, Swap Free: 13 GB, Work Disk Free: 5929 GB, Tmp Disk Free: 70 GB (MSG-3995)
Information: Starting compile_fusion / initial_drc / High Fanout Synthesis (FLW-8000)
Information: Time: 2026-07-01 12:04:51 / Session:  00:04:58 / Command:  00:00:39 / CPU:  00:02:29 / Memory: 3363 MB (FLW-8100)
Information: CPU Load: 4%, Ram Free: 157 GB, Swap Free: 13 GB, Work Disk Free: 5929 GB, Tmp Disk Free: 70 GB (MSG-3995)
Corner Scaling is off, multiplier is 1.000000
Warning: To enable pin track alignment feature, the advanced legalizer has to be turned on using app option "place.legalize.enable_advanced_legalizer".
Warning: Pin track alignment feature will be disabled in this run
Information: Initializing classic cellmap without advanced rules enabled and without PDC enabled
Information: The following app options are used in cellmap
        place.legalize.enable_color_aware_placement : false
        place.legalize.use_nll_query_cm : false
        place.legalize.enable_advanced_legalizer : false
        place.legalize.enable_prerouted_net_check : true
        place.legalize.enable_advanced_prerouted_net_check : false
        place.legalize.always_continue : true
        place.legalize.limit_legality_checks : false
        place.common.pnet_aware_density : 1.0000
        place.common.pnet_aware_min_width : 0.0000
        place.common.pnet_aware_layers : {}
        place.common.use_placement_model : false
        place.common.enable_advanced_placement_model : true
        cts.placement.cell_spacing_rule_style : maximum
Total 0.0747 seconds to build cellmap data
Information: Extraction observers are detached as design net change threshold is reached.
Snapped 42449 standard cells to the nearest cellrow to improve the accuracy of congestion analysis.
DEBUG FLOWMSGPRINTER: HANDLER IS NULL
Information: Orientation ETCH is using reference direction: VERTICAL. (NEX-032)
Information: timingScenario ss0p95v125c.func timingCorner ss0p95v125c.  Using corner ss0p95v125c for worst leakage corner. (OPT-078)
Information: Using default layer M5 (OPT-079)
Information: Nominal = 0.0353099  Design MT = inf  Target = 0.1379810  MaxRC = 0.096804 Fast Target = 0.044405 (OPT-081)
Collecting Drivers ...  
Design max_transition = inf
Design max_capacitance = inf
Using layer M5 for buffering distances
Information: fine grain maps will be shrunk horizontally by  5.0160 and vertically by  5.0160 user units.
Running clock data isolation flow.
Found 9 buffer-tree drivers

Roi-HfsDrc SN: 1798569713 435718186 0 67108865 (1169.485107)

Processing Buffer Trees  (ROI) ... 

    [9] 100% Done

                  Deleted        Added
------------ ------------ ------------
    Buffers:            0            9
  Inverters:            0            0
------------ ------------ ------------
      Total:            0            9
------------ ------------ ------------

Number of Drivers Sized: 0 [0.00%]

                      P: 0 [0.00%]
                      N: 0 [0.00%]

Running tristate isolation flow.
TSI: added 0 repeaters
Running mv isolation flow.
Found 0 buffer-tree drivers
No violators found
Found 32537 buffer-tree drivers
Information: Orientation ETCH is using reference direction: VERTICAL. (NEX-032)

Roi-HfsDrc SN: 1798569713 435980330 0 67108865 (1169.485107)

Processing Buffer Trees  (ROI) ... 

Zbuf-MEM : build 37960 GrOptoHierNets
INFO: wire-opt feature for router enabled
Turning on OPTO and Buffer Aware modes.
Deterministic global route multithread mode is set.
Start Global Route ... 
[Init] Elapsed real time: 0:00:00 
[Init] Elapsed cpu  time: sys=0:00:00 usr=0:00:00 total=0:00:00
[Init] Stage (MB): Used    0  Alloctr    0  Proc    0 
[Init] Total (MB): Used    7  Alloctr    7  Proc 14762 
INFO: GR Ultra effort is being used. Please expect runtime penalty.
Printing options for 'route.common.*'
common.connect_within_pins_by_layer_name                :	 {M1 via_all_pins}   
common.extra_nonpreferred_direction_wire_cost_multiplier_by_layer_name:	 {M1 0.1}            
common.wire_on_grid_by_layer_name                       :	 {M1 false}          

Printing options for 'route.global.*'
global.effort_level                                     :	 ultra               
global.force_full_effort                                :	 true                
global.macro_boundary_track_utilization                 :	 65                  
global.macro_corner_track_utilization                   :	 65                  
global.timing_driven                                    :	 false               

Begin global routing.
Warning: Cell contains tie connections which are not connected to real PG. (ZRT-511)
Cell Min-Routing-Layer = M2
Cell Max-Routing-Layer = M7
Turn off antenna since no rule is specified
Information: Option route.detail.force_end_on_preferred_grid will be ignored since none of the layers have preferred grid. (ZRT-703)
Warning: Cannot find a default contact code for layer CO. (ZRT-022)
Skipping 1 internal pins that are not physical. Set route.common.verbose_level to > 0 and run routing command to get skipped pin names.
Info: number of net_type_blockage: 0 
Information: Via ladder engine would be activated for pattern must join connection in certain commands. Please refer to man-page for the command list. (ZRT-619)
Information: AutoNdr rule can't be found. Check the settings.
Information: When applicable Min-max layer allow_pin_connection mode will allow paths of length 3.55 outside the layer range. (ZRT-707)
Information: When applicable Min-max layer allow_pin_connection mode will allow paths of length 3.55 outside the layer range on clock nets. (ZRT-718)
Information: When applicable layer based tapering will taper up to 0.00 in distance from the pin. (ZRT-706)
Warning: The value of route.common.extra_nonpreferred_direction_wire_cost_multiplier_by_layer_name is different from default value or mega switch value. Please make sure the value is expected. (ZRT-704)
Warning: Standard cell pin MUX41X2_RVT/S0 has no valid via regions. (ZRT-044)
Warning: Cell u_YCrCb2RGB/B2_int_reg[6] is placed overlapping with other cells at {{123.216 11.344} {128.384 13.016}}. (ZRT-763)
Warning: Cell u_datapath/u_gamma_correction/gamma_to_flash_reg[1] is placed overlapping with other cells at {{222.168 69.864} {227.640 71.536}}. (ZRT-763)
Warning: Cell u_YCrCb2RGB/Cr_reg_reg[6] is placed overlapping with other cells at {{393.016 23.048} {398.488 24.720}}. (ZRT-763)
Warning: Cell u_main_controller_top/u_main_controller/buffer_sizes_reg[5][0] is placed overlapping with other cells at {{416.120 24.720} {421.592 26.392}}. (ZRT-763)
Warning: Cell u_YCrCb2RGB/B_int_reg[17] is placed overlapping with other cells at {{495.920 14.688} {501.240 16.360}}. (ZRT-763)
Warning: Cell u_datapath/u_gamma_correction/u_sr_d1kx16_f166c_compensation_table_0_wrap/clock_gate_u_sr_d1kx16_f166c_bist/bist_addr_reg is placed overlapping with other cells at {{656.280 13.016} {660.080 14.688}}. (ZRT-763)
Warning: Cell u_YCrCb2RGB/Cb_reg_reg[1] is placed overlapping with other cells at {{737.144 31.408} {742.616 33.080}}. (ZRT-763)
Warning: Cell u_freq_detect/level_2_reg[16] is placed overlapping with other cells at {{836.856 29.736} {842.328 31.408}}. (ZRT-763)
Warning: Cell u_YCrCb2RGB/B2_int_reg[7] is placed overlapping with other cells at {{123.216 88.256} {128.384 89.928}}. (ZRT-763)
Warning: Cell u_YCrCb2RGB/Cb_reg1_reg[8] is placed overlapping with other cells at {{222.624 86.584} {228.096 88.256}}. (ZRT-763)
Warning: Cell u_datapath/u_input_line_buffer_control/addr_end_b_reg[0] is placed overlapping with other cells at {{301.208 145.104} {306.680 146.776}}. (ZRT-763)
Warning: Cell u_DE_generator/u_hsync_count/count_reg[5] is placed overlapping with other cells at {{385.720 91.600} {391.192 93.272}}. (ZRT-763)
Warning: Cell u_clk_gen/u_power_manager/count_reg[17] is placed overlapping with other cells at {{456.096 91.600} {461.568 93.272}}. (ZRT-763)
Warning: Cell u_video_in_mux/din_rgb_reg[19] is placed overlapping with other cells at {{517.504 83.240} {522.976 84.912}}. (ZRT-763)
Warning: Cell u_datapath/u_gamma_correction/ms_pos_mem_b_reg[29][5] is placed overlapping with other cells at {{576.024 104.976} {581.496 106.648}}. (ZRT-763)
Warning: Cell u_datapath/u_gamma_correction/data_out_reg[13] is placed overlapping with other cells at {{656.584 84.912} {662.056 86.584}}. (ZRT-763)
Warning: Cell u_datapath/u_gamma_correction/u_sr_d1kx16_f166c_compensation_table_0_wrap/ctmi_81106 is placed overlapping with other cells at {{736.840 101.632} {738.056 103.304}}. (ZRT-763)
Warning: Cell u_YCrCb2RGB/C_int_reg[1] is placed overlapping with other cells at {{837.160 84.912} {842.328 86.584}}. (ZRT-763)
Warning: Cell u_YCrCb2RGB/Cb_reg_reg[2] is placed overlapping with other cells at {{122.912 196.936} {128.384 198.608}}. (ZRT-763)
Warning: Cell u_main_controller_top/u_main_controller/u_fifo_sync_d256x11_f116_ewa_mem/u_rf_d256x11_f116_wrap/ctmi_82479 is placed overlapping with other cells at {{222.168 196.936} {224.296 198.608}}. (ZRT-763)
Warning: Cell u_YCrCb2RGB/C_int_reg[3] is placed overlapping with other cells at {{301.512 218.672} {306.680 220.344}}. (ZRT-763)
Warning: Cell u_clk_gen/A119830 is placed overlapping with other cells at {{397.728 163.496} {398.944 165.168}}. (ZRT-763)
Warning: Cell u_datapath/u_gamma_correction/c_table_write_enable0_reg is placed overlapping with other cells at {{429.952 160.152} {435.424 161.824}}. (ZRT-763)
Warning: Cell u_register_map_control/choice_P_reg[20] is placed overlapping with other cells at {{497.136 158.480} {502.608 160.152}}. (ZRT-763)
Warning: Cell u_clk_gen/u_power_manager/count_reg[5] is placed overlapping with other cells at {{561.432 158.480} {566.904 160.152}}. (ZRT-763)
Warning: Cell u_datapath/u_color_interleaver/ctmi_82588 is placed overlapping with other cells at {{737.296 165.168} {739.120 166.840}}. (ZRT-763)
Warning: Cell u_datapath/u_gamma_correction/u_sr_d1kx16_f166c_compensation_table_1_wrap/A43542 is placed overlapping with other cells at {{836.856 163.496} {838.376 165.168}}. (ZRT-763)
Warning: Cell u_datapath/u_rotating_cache_control/color_dly1_reg[18] is placed overlapping with other cells at {{122.152 260.472} {126.408 262.144}}. (ZRT-763)
Warning: Cell u_datapath/u_input_line_buffer_control/A116566 is placed overlapping with other cells at {{223.384 258.800} {226.120 260.472}}. (ZRT-763)
Warning: Cell u_YCrCb2RGB/B2_int_reg[3] is placed overlapping with other cells at {{246.640 282.208} {251.808 283.880}}. (ZRT-763)
Warning: Cell u_datapath/u_input_line_buffer_control/A116454 is placed overlapping with other cells at {{396.816 250.440} {397.880 252.112}}. (ZRT-763)
Warning: Cell u_main_controller_top/A123527 is placed overlapping with other cells at {{466.888 238.736} {467.952 240.408}}. (ZRT-763)
Warning: Cell u_datapath/u_gamma_correction/lines_reg[0] is placed overlapping with other cells at {{485.432 238.736} {490.904 240.408}}. (ZRT-763)
Warning: Cell u_datapath/u_gamma_correction/u_video_synthesis/color_id_syn2_reg[1] is placed overlapping with other cells at {{574.504 238.736} {578.760 240.408}}. (ZRT-763)
Warning: Cell u_datapath/u_rotating_cache_control/rc2/mem12_reg[15] is placed overlapping with other cells at {{644.880 292.240} {650.352 293.912}}. (ZRT-763)
Warning: Cell u_datapath/u_gamma_correction/u_video_synthesis/halfway_reg[1] is placed overlapping with other cells at {{737.144 247.096} {742.616 248.768}}. (ZRT-763)
Warning: Cell u_datapath/u_gamma_correction/u_sr_d1kx16_f166c_compensation_table_2_wrap/A43735 is placed overlapping with other cells at {{837.464 240.408} {839.136 242.080}}. (ZRT-763)
Warning: Cell u_main_controller_top/u_main_controller/ctmi_64078 is placed overlapping with other cells at {{58.008 339.056} {58.920 340.728}}. (ZRT-763)
Warning: Cell u_main_controller_top/u_main_controller/mirror_mem_din_1_reg[11] is placed overlapping with other cells at {{117.440 327.352} {122.912 329.024}}. (ZRT-763)
Warning: Cell u_datapath/u_gamma_correction/ms_pos_mem_b_reg[30][5] is placed overlapping with other cells at {{164.408 324.008} {169.880 325.680}}. (ZRT-763)
Warning: Cell u_main_controller_top/u_main_controller/init_ewa_stop_reg[8] is placed overlapping with other cells at {{253.936 322.336} {259.408 324.008}}. (ZRT-763)
Warning: Cell u_datapath/u_gamma_correction/ms_pos_mem_b_reg[20][1] is placed overlapping with other cells at {{327.200 324.008} {332.672 325.680}}. (ZRT-763)
Warning: Cell u_main_controller_top/u_main_controller/line_offsets_reg[11][8] is placed overlapping with other cells at {{416.120 324.008} {421.592 325.680}}. (ZRT-763)
Warning: Cell u_register_map_control/choice_3a_reg[15] is placed overlapping with other cells at {{520.088 324.008} {525.560 325.680}}. (ZRT-763)
Warning: Cell u_datapath/u_input_line_buffer_control/u_input_line_buffer_g/u_sr_d1kx16_f166_wrap0/ctmi_79820 is placed overlapping with other cells at {{577.696 318.992} {579.064 320.664}}. (ZRT-763)
Warning: Cell u_datapath/u_gamma_correction/u_sr_d1kx16_f166g_gamma_wrap/u_sr_d1kx16_f166g_bist/current_state_reg[1] is placed overlapping with other cells at {{647.008 324.008} {652.480 325.680}}. (ZRT-763)
Warning: Cell u_main_controller_top/u_main_controller/displayed_numrows_reg[5] is placed overlapping with other cells at {{724.072 324.008} {729.544 325.680}}. (ZRT-763)
Warning: Cell u_main_controller_top/u_main_controller/green_parameters_reg[5] is placed overlapping with other cells at {{801.136 324.008} {806.608 325.680}}. (ZRT-763)
Warning: Cell u_freq_detect/level_3_reg[17] is placed overlapping with other cells at {{916.504 330.696} {921.976 332.368}}. (ZRT-763)
Warning: Cell u_flash_control/vreg_w_reg[3] is placed overlapping with other cells at {{33.688 471.144} {39.160 472.816}}. (ZRT-763)
Warning: Cell u_main_controller_top/u_main_controller/clock_gate_outorder_reg_34 is placed overlapping with other cells at {{117.592 400.920} {121.392 402.592}}. (ZRT-763)
Warning: Cell u_datapath/u_input_line_buffer_control/red_plane_count1_reg[2] is placed overlapping with other cells at {{155.744 402.592} {161.216 404.264}}. (ZRT-763)
Warning: Cell u_main_controller_top/u_main_controller/DOUT_D1_reg[14] is placed overlapping with other cells at {{251.352 400.920} {255.608 402.592}}. (ZRT-763)
Warning: Cell u_datapath/u_gamma_correction/ms_pos_mem_b_reg[20][6] is placed overlapping with other cells at {{327.200 399.248} {332.672 400.920}}. (ZRT-763)
Warning: Cell u_main_controller_top/u_main_controller/laser_off_count2b_r_reg[4] is placed overlapping with other cells at {{396.664 400.920} {402.136 402.592}}. (ZRT-763)
Warning: Cell u_datapath/u_pixel_in_buffer/A119586 is placed overlapping with other cells at {{501.544 400.920} {502.608 402.592}}. (ZRT-763)
Warning: Cell u_datapath/u_gamma_correction/ms_pos_mem_c_reg[21][13] is placed overlapping with other cells at {{584.688 400.920} {590.160 402.592}}. (ZRT-763)
Warning: Cell u_clk_gen/u_clock_gen/C368/ctmi_21 is placed overlapping with other cells at {{657.800 407.608} {659.776 409.280}}. (ZRT-763)
Warning: Cell u_datapath/u_gamma_correction/A124404 is placed overlapping with other cells at {{725.592 400.920} {726.504 402.592}}. (ZRT-763)
Warning: Cell u_datapath/u_gamma_correction/current_line_num4_c_reg[5] is placed overlapping with other cells at {{817.096 399.248} {821.352 400.920}}. (ZRT-763)
Warning: Cell u_datapath/u_gamma_correction/ms_pos_mem_a_reg[8][17] is placed overlapping with other cells at {{894.008 415.968} {899.480 417.640}}. (ZRT-763)
Warning: Cell u_main_controller_top/u_main_controller/buffer_size_reg[2] is placed overlapping with other cells at {{147.992 486.192} {153.464 487.864}}. (ZRT-763)
Warning: Cell u_datapath/u_rotating_cache_control/rc2/mem14_reg[13] is placed overlapping with other cells at {{175.200 479.504} {180.672 481.176}}. (ZRT-763)
Warning: Cell u_datapath/u_shiftout/out_r1_reg[8] is placed overlapping with other cells at {{240.712 486.192} {246.184 487.864}}. (ZRT-763)
Warning: Cell A124489 is placed overlapping with other cells at {{336.928 486.192} {338.904 487.864}}. (ZRT-763)
Warning: Cell u_main_controller_top/u_main_controller/bitdata_reg[1] is placed overlapping with other cells at {{416.120 484.520} {421.592 486.192}}. (ZRT-763)
Warning: Cell u_datapath/u_gamma_correction/A111206 is placed overlapping with other cells at {{480.416 486.192} {482.240 487.864}}. (ZRT-763)
Warning: Cell u_datapath/u_gamma_correction/ms_pos_mem_b_reg[2][10] is placed overlapping with other cells at {{559.152 484.520} {564.624 486.192}}. (ZRT-763)
Warning: Cell u_datapath/u_gamma_correction/ms_pos_mem_b_reg[28][17] is placed overlapping with other cells at {{639.104 482.848} {644.576 484.520}}. (ZRT-763)
Warning: Cell u_datapath/u_rotating_cache_control/dout_reg[6] is placed overlapping with other cells at {{737.296 496.224} {742.768 497.896}}. (ZRT-763)
Warning: Cell u_datapath/u_gamma_correction/line_num3_reg[6] is placed overlapping with other cells at {{816.944 496.224} {822.416 497.896}}. (ZRT-763)
Warning: Cell u_datapath/u_gamma_correction/current_line_num5_a_reg[1] is placed overlapping with other cells at {{896.896 497.896} {902.672 499.568}}. (ZRT-763)
Warning: Cell u_datapath/u_rotating_cache_control/rc1/ad2_reg[8] is placed overlapping with other cells at {{143.432 563.104} {148.904 564.776}}. (ZRT-763)
Warning: Cell u_main_controller_top/u_main_controller/displayed_numrows_reg[0] is placed overlapping with other cells at {{177.328 566.448} {182.800 568.120}}. (ZRT-763)
Warning: Cell u_main_controller_top/u_main_controller/ctmi_59962 is placed overlapping with other cells at {{244.968 566.448} {245.880 568.120}}. (ZRT-763)
Warning: Cell u_main_controller_top/u_main_controller/u_sr_d512x72f116_MMS1_wrap/A121633 is placed overlapping with other cells at {{356.688 568.120} {357.904 569.792}}. (ZRT-763)
Warning: Cell u_datapath/u_shiftout/out_f_reg[7] is placed overlapping with other cells at {{422.656 566.448} {428.128 568.120}}. (ZRT-763)
Warning: Cell u_main_controller_top/u_main_controller/ctmi_62155 is placed overlapping with other cells at {{497.744 563.104} {498.960 564.776}}. (ZRT-763)
Warning: Cell ctmi_65584 is placed overlapping with other cells at {{581.952 563.104} {583.168 564.776}}. (ZRT-763)
Warning: Cell u_datapath/u_gamma_correction/A117508 is placed overlapping with other cells at {{656.736 559.760} {659.016 561.432}}. (ZRT-763)
Warning: Cell u_datapath/u_output_fifo_control/u_output_fifo_1/u_sr_d1kx32_f233_wrap/A97388 is placed overlapping with other cells at {{736.840 563.104} {738.664 564.776}}. (ZRT-763)
Warning: Cell u_datapath/u_gamma_correction/ctmi_72378 is placed overlapping with other cells at {{837.768 563.104} {840.352 564.776}}. (ZRT-763)
Warning: Cell u_datapath/ctmi_77045 is placed overlapping with other cells at {{144.040 656.736} {144.952 658.408}}. (ZRT-763)
Warning: Cell ctmi_84550 is placed overlapping with other cells at {{286.920 643.360} {288.288 645.032}}. (ZRT-763)
Warning: Cell u_main_controller_top/u_main_controller/ctmi_57600 is placed overlapping with other cells at {{326.896 646.704} {328.264 648.376}}. (ZRT-763)
Warning: Cell ctmi_66056 is placed overlapping with other cells at {{437.552 648.376} {439.072 650.048}}. (ZRT-763)
Warning: Cell u_datapath/u_input_line_buffer_control/u_input_line_buffer_r/u_sr_d1kx16_f166_wrap1/A119695 is placed overlapping with other cells at {{497.440 638.344} {498.808 640.016}}. (ZRT-763)
Warning: Cell u_datapath/u_pixel_in_buffer/pixel_count_reg[9] is placed overlapping with other cells at {{591.832 641.688} {597.304 643.360}}. (ZRT-763)
Warning: Cell A120913 is placed overlapping with other cells at {{737.296 643.360} {738.664 645.032}}. (ZRT-763)
Warning: Cell ctmi_66068 is placed overlapping with other cells at {{837.008 638.344} {838.528 640.016}}. (ZRT-763)
Warning: Cell u_datapath/u_gamma_correction/ms_pos_mem_c_reg[21][17] is placed overlapping with other cells at {{14.992 780.464} {20.464 782.136}}. (ZRT-763)
Warning: Cell u_YCrCb2RGB/ce_out_reg is placed overlapping with other cells at {{143.888 725.288} {149.360 726.960}}. (ZRT-763)
Warning: Cell u_datapath/u_gamma_correction/ms_pos_mem_c_reg[27][10] is placed overlapping with other cells at {{166.536 780.464} {172.008 782.136}}. (ZRT-763)
Warning: Cell u_datapath/u_shiftout/output_valid_delay_reg[2] is placed overlapping with other cells at {{286.920 731.976} {291.176 733.648}}. (ZRT-763)
Warning: Cell u_datapath/u_rotating_cache_control/color_dly2_reg[5] is placed overlapping with other cells at {{337.384 720.272} {341.640 721.944}}. (ZRT-763)
Warning: Cell u_register_map_control/choice_2f_reg[12] is placed overlapping with other cells at {{467.496 725.288} {472.968 726.960}}. (ZRT-763)
Warning: Cell u_datapath/u_gamma_correction/line_num_reg[8] is placed overlapping with other cells at {{514.616 721.944} {520.088 723.616}}. (ZRT-763)
Warning: Cell A122432 is placed overlapping with other cells at {{576.784 720.272} {578.000 721.944}}. (ZRT-763)
Warning: Cell u_datapath/u_input_line_buffer_control/u_input_line_buffer_r/u_sr_d1kx16_f166_wrap1/ctmi_86476 is placed overlapping with other cells at {{736.840 720.272} {738.208 721.944}}. (ZRT-763)
Warning: Cell u_YCrCb2RGB/Y_reg1_reg[0] is placed overlapping with other cells at {{836.856 718.600} {842.328 720.272}}. (ZRT-763)
Warning: Cell u_YCrCb2RGB/B2_int_reg[5] is placed overlapping with other cells at {{144.192 798.856} {149.360 800.528}}. (ZRT-763)
Warning: Cell u_datapath/u_input_line_buffer_control/A103294 is placed overlapping with other cells at {{286.920 798.856} {288.136 800.528}}. (ZRT-763)
Warning: Cell u_datapath/ctmi_75278 is placed overlapping with other cells at {{387.392 805.544} {388.912 807.216}}. (ZRT-763)
Warning: Cell u_datapath/ctmi_76798 is placed overlapping with other cells at {{458.832 802.200} {460.656 803.872}}. (ZRT-763)
Warning: Cell u_datapath/ctmi_73126 is placed overlapping with other cells at {{514.464 800.528} {515.376 802.200}}. (ZRT-763)
Warning: Cell u_datapath/u_gamma_correction/u_video_synthesis/counter1/T4_reg is placed overlapping with other cells at {{591.832 802.200} {597.304 803.872}}. (ZRT-763)
Warning: Cell u_YCrCb2RGB/B1_int_reg[7] is placed overlapping with other cells at {{737.448 803.872} {742.616 805.544}}. (ZRT-763)
Warning: Cell ctmi_84850 is placed overlapping with other cells at {{837.160 805.544} {838.528 807.216}}. (ZRT-763)
Warning: Cell u_YCrCb2RGB/Cb_reg_reg[8] is placed overlapping with other cells at {{143.888 909.208} {149.360 910.880}}. (ZRT-763)
Warning: Cell u_flash_control/step1_reg[13][5] is placed overlapping with other cells at {{286.920 879.112} {292.392 880.784}}. (ZRT-763)
Warning: Cell u_datapath/u_shiftout/out_f_reg[9] is placed overlapping with other cells at {{368.392 899.176} {373.864 900.848}}. (ZRT-763)
Warning: Cell u_datapath/u_output_fifo_control/u_output_fifo_0/dout1r_reg[26] is placed overlapping with other cells at {{399.400 880.784} {404.872 882.456}}. (ZRT-763)
Warning: Cell u_datapath/u_input_line_buffer_control/plane_count_g_reg[0] is placed overlapping with other cells at {{494.552 884.128} {500.024 885.800}}. (ZRT-763)
Warning: Cell u_datapath/u_output_fifo_control/u_output_fifo_1/dout1r_reg[4] is placed overlapping with other cells at {{574.960 884.128} {580.128 885.800}}. (ZRT-763)
Warning: Cell u_flash_control/schedule_to_flash_reg[30] is placed overlapping with other cells at {{836.856 915.896} {842.328 917.568}}. (ZRT-763)
Current Stage stats:
[End of Read DB] Elapsed real time: 0:00:01 
[End of Read DB] Elapsed cpu  time: sys=0:00:00 usr=0:00:02 total=0:00:02
[End of Read DB] Stage (MB): Used  119  Alloctr  121  Proc    0 
[End of Read DB] Total (MB): Used  127  Alloctr  129  Proc 14762 
INFO: GR Ultra effort is being used. Please expect runtime penalty.
Constructing data structure ...
Design statistics:
Design Bounding Box (0.00um,0.00um,940.01um,938.94um)
Number of routing layers = 10
layer M1, dir Hor, min width = 0.05um, min space = 0.05um pitch = 0.152um
layer M2, dir Ver, min width = 0.056um, min space = 0.056um pitch = 0.152um
layer M3, dir Hor, min width = 0.056um, min space = 0.056um pitch = 0.304um
layer M4, dir Ver, min width = 0.056um, min space = 0.056um pitch = 0.304um
layer M5, dir Hor, min width = 0.056um, min space = 0.056um pitch = 0.608um
layer M6, dir Ver, min width = 0.056um, min space = 0.056um pitch = 0.608um
layer M7, dir Hor, min width = 0.056um, min space = 0.056um pitch = 1.216um
layer M8, dir Ver, min width = 0.056um, min space = 0.056um pitch = 1.216um
layer M9, dir Hor, min width = 0.16um, min space = 0.16um pitch = 2.432um
layer MRDL, dir Ver, min width = 2um, min space = 2um pitch = 4.864um
Current Stage stats:
[End of Build Tech Data] Elapsed real time: 0:00:00 
[End of Build Tech Data] Elapsed cpu  time: sys=0:00:00 usr=0:00:00 total=0:00:00
[End of Build Tech Data] Stage (MB): Used    9  Alloctr    9  Proc    0 
[End of Build Tech Data] Total (MB): Used  136  Alloctr  138  Proc 14762 
Net statistics:
Total number of nets     = 83588
Number of nets to route  = 45576
Number of single or zero port nets = 3
Net length statistics: 
Net Count(Ignore Fully Rted) 45625, Total Half Perimeter Wire Length (HPWL) 10574475 microns
HPWL   0 ~   50 microns: Net Count     8126	Total HPWL       173183 microns
HPWL  50 ~  100 microns: Net Count     7843	Total HPWL       578441 microns
HPWL 100 ~  200 microns: Net Count    10520	Total HPWL      1535524 microns
HPWL 200 ~  300 microns: Net Count     6456	Total HPWL      1590894 microns
HPWL 300 ~  400 microns: Net Count     4283	Total HPWL      1485874 microns
HPWL 400 ~  500 microns: Net Count     2987	Total HPWL      1334022 microns
HPWL 500 ~  600 microns: Net Count     2043	Total HPWL      1117512 microns
HPWL 600 ~  700 microns: Net Count     1362	Total HPWL       879223 microns
HPWL 700 ~  800 microns: Net Count      834	Total HPWL       622450 microns
HPWL 800 ~  900 microns: Net Count      414	Total HPWL       349982 microns
HPWL 900 ~ 1000 microns: Net Count      235	Total HPWL       222075 microns
HPWL     > 1000 microns: Net Count      522	Total HPWL       685294 microns
Current Stage stats:
[End of Build All Nets] Elapsed real time: 0:00:00 
[End of Build All Nets] Elapsed cpu  time: sys=0:00:00 usr=0:00:00 total=0:00:00
[End of Build All Nets] Stage (MB): Used   55  Alloctr   57  Proc    0 
[End of Build All Nets] Total (MB): Used  192  Alloctr  195  Proc 14762 
Number of partitions: 1 (1 x 1)
Size of partitions: 562 gCells x 562 gCells
Average gCell capacity  3.63	 on layer (1)	 M1
Average gCell capacity  5.30	 on layer (2)	 M2
Average gCell capacity  2.98	 on layer (3)	 M3
Average gCell capacity  3.03	 on layer (4)	 M4
Average gCell capacity  1.46	 on layer (5)	 M5
Average gCell capacity  2.63	 on layer (6)	 M6
Average gCell capacity  1.09	 on layer (7)	 M7
Average gCell capacity  0.61	 on layer (8)	 M8
Average gCell capacity  0.00	 on layer (9)	 M9
Average gCell capacity  0.00	 on layer (10)	 MRDL
Average number of tracks per gCell 10.99	 on layer (1)	 M1
Average number of tracks per gCell 11.01	 on layer (2)	 M2
Average number of tracks per gCell 5.50	 on layer (3)	 M3
Average number of tracks per gCell 5.51	 on layer (4)	 M4
Average number of tracks per gCell 2.75	 on layer (5)	 M5
Average number of tracks per gCell 2.75	 on layer (6)	 M6
Average number of tracks per gCell 1.38	 on layer (7)	 M7
Average number of tracks per gCell 1.38	 on layer (8)	 M8
Average number of tracks per gCell 0.69	 on layer (9)	 M9
Average number of tracks per gCell 0.35	 on layer (10)	 MRDL
Number of gCells = 3158440
Current Stage stats:
[End of Build Congestion Map] Elapsed real time: 0:00:01 
[End of Build Congestion Map] Elapsed cpu  time: sys=0:00:00 usr=0:00:01 total=0:00:02
[End of Build Congestion Map] Stage (MB): Used   55  Alloctr   56  Proc    0 
[End of Build Congestion Map] Total (MB): Used  247  Alloctr  251  Proc 14762 
Number of partitions: 1 (1 x 1)
Size of partitions: 562 gCells x 562 gCells
Current Stage stats:
[End of Add Nets Demand] Elapsed real time: 0:00:00 
[End of Add Nets Demand] Elapsed cpu  time: sys=0:00:00 usr=0:00:00 total=0:00:00
[End of Add Nets Demand] Stage (MB): Used    1  Alloctr    1  Proc    0 
[End of Add Nets Demand] Total (MB): Used  249  Alloctr  253  Proc 14762 
Number of user frozen nets = 0
Total stats:
[End of Build Data] Elapsed real time: 0:00:01 
[End of Build Data] Elapsed cpu  time: sys=0:00:00 usr=0:00:02 total=0:00:02
[End of Build Data] Stage (MB): Used  122  Alloctr  124  Proc    0 
[End of Build Data] Total (MB): Used  249  Alloctr  253  Proc 14762 
Number of partitions: 1 (1 x 1)
Size of partitions: 562 gCells x 562 gCells
Current Stage stats:
[End of Blocked Pin Detection] Elapsed real time: 0:00:01 
[End of Blocked Pin Detection] Elapsed cpu  time: sys=0:00:00 usr=0:00:01 total=0:00:01
[End of Blocked Pin Detection] Stage (MB): Used   71  Alloctr   71  Proc    0 
[End of Blocked Pin Detection] Total (MB): Used  321  Alloctr  325  Proc 14762 
Information: Using 16 threads for routing. (ZRT-444)
Information: Multiple gcell levels ON
Information: Buffer distance is estimated to be ~862.0000um (515 gCells)

Start GR phase 0
Number of partitions: 1 (1 x 1)
Size of partitions: 562 gCells x 562 gCells
10% of nets complete Elapsed cpu time: 0:00:02 Elapsed real time: 0:00:02
20% of nets complete Elapsed cpu time: 0:00:02 Elapsed real time: 0:00:02
30% of nets complete Elapsed cpu time: 0:00:03 Elapsed real time: 0:00:03
40% of nets complete Elapsed cpu time: 0:00:07 Elapsed real time: 0:00:07
50% of nets complete Elapsed cpu time: 0:00:17 Elapsed real time: 0:00:17
60% of nets complete Elapsed cpu time: 0:00:41 Elapsed real time: 0:00:41
70% of nets complete Elapsed cpu time: 0:01:35 Elapsed real time: 0:01:34
80% of nets complete Elapsed cpu time: 0:03:11 Elapsed real time: 0:03:09
90% of nets complete Elapsed cpu time: 0:05:11 Elapsed real time: 0:05:08
[rtAllBotParts] Elapsed real time: 0:07:17 
[rtAllBotParts] Elapsed cpu  time: sys=0:00:04 usr=0:07:17 total=0:07:22
99.98% of nets complete Elapsed cpu time: 0:07:28 Elapsed real time: 0:07:23
99.99% of nets complete Elapsed cpu time: 0:07:33 Elapsed real time: 0:07:28
[rtTop] Elapsed real time: 0:00:12 
[rtTop] Elapsed cpu  time: sys=0:00:00 usr=0:00:12 total=0:00:12
Current Stage stats:
[End of Initial Routing] Elapsed real time: 0:07:30 
[End of Initial Routing] Elapsed cpu  time: sys=0:00:04 usr=0:07:30 total=0:07:35
[End of Initial Routing] Stage (MB): Used   55  Alloctr   56  Proc    0 
[End of Initial Routing] Total (MB): Used  376  Alloctr  382  Proc 14762 
Initial. Routing result:
Initial. Both Dirs: Dmd-Cap  = 3077980 Max = 85 GRCs = 376208 (59.56%)
Initial. H routing: Dmd-Cap  = 1640706 Max = 85 (GRCs =  1) GRCs = 204718 (64.82%)
Initial. V routing: Dmd-Cap  = 1437274 Max = 51 (GRCs =  1) GRCs = 171490 (54.30%)
Initial. Both Dirs: Overflow = 3799835 Max = 64 GRCs = 849368 (134.46%)
Initial. H routing: Overflow = 2266582 Max = 64 (GRCs =  2) GRCs = 458937 (145.30%)
Initial. V routing: Overflow = 1533252 Max = 26 (GRCs =  1) GRCs = 390431 (123.62%)
Initial. M1         Overflow =       1 Max =  1 (GRCs =  3) GRCs =      3 (0.00%)
Initial. M2         Overflow =  827347 Max = 26 (GRCs =  1) GRCs = 117701 (37.27%)
Initial. M3         Overflow = 1411452 Max = 64 (GRCs =  2) GRCs = 145180 (45.97%)
Initial. M4         Overflow =  510769 Max = 23 (GRCs =  1) GRCs = 109646 (34.72%)
Initial. M5         Overflow =  549892 Max = 19 (GRCs =  1) GRCs = 125825 (39.84%)
Initial. M6         Overflow =  195135 Max = 11 (GRCs = 10) GRCs = 163084 (51.63%)
Initial. M7         Overflow =  305235 Max = 11 (GRCs =  7) GRCs = 187929 (59.50%)
Initial. M8         Overflow =       0 Max =  0 (GRCs =  0) GRCs =      0 (0.00%)
Initial. M9         Overflow =       0 Max =  0 (GRCs =  0) GRCs =      0 (0.00%)
Initial. MRDL       Overflow =       0 Max =  0 (GRCs =  0) GRCs =      0 (0.00%)


Overflow over macro areas

Initial. Both Dirs: Overflow = 231902 Max = 21 GRCs = 198050 (69.95%)
Initial. H routing: Overflow = 156643 Max = 21 (GRCs =  2) GRCs = 107731 (76.10%)
Initial. V routing: Overflow =  75258 Max = 15 (GRCs =  2) GRCs =  90319 (63.80%)
Initial. M1         Overflow =      0 Max =  0 (GRCs =  0) GRCs =      0 (0.00%)
Initial. M2         Overflow =   7010 Max = 15 (GRCs =  2) GRCs =   2989 (2.11%)
Initial. M3         Overflow =   7734 Max = 21 (GRCs =  2) GRCs =   2941 (2.08%)
Initial. M4         Overflow =   4196 Max = 12 (GRCs =  1) GRCs =   2941 (2.08%)
Initial. M5         Overflow =   5299 Max =  8 (GRCs =  2) GRCs =   4160 (2.94%)
Initial. M6         Overflow =  64051 Max = 10 (GRCs =  2) GRCs =  84389 (59.61%)
Initial. M7         Overflow = 143609 Max =  8 (GRCs = 14) GRCs = 100630 (71.09%)
Initial. M8         Overflow =      0 Max =  0 (GRCs =  0) GRCs =      0 (0.00%)
Initial. M9         Overflow =      0 Max =  0 (GRCs =  0) GRCs =      0 (0.00%)
Initial. MRDL       Overflow =      0 Max =  0 (GRCs =  0) GRCs =      0 (0.00%)

Initial. Total Wire Length = 12106405.66
Initial. Layer M1 wire length = 4408.63
Initial. Layer M2 wire length = 3197372.39
Initial. Layer M3 wire length = 3438155.94
Initial. Layer M4 wire length = 1940765.55
Initial. Layer M5 wire length = 1474744.11
Initial. Layer M6 wire length = 1160918.99
Initial. Layer M7 wire length = 890036.71
Initial. Layer M8 wire length = 3.34
Initial. Layer M9 wire length = 0.00
Initial. Layer MRDL wire length = 0.00
Initial. Total Number of Contacts = 663658
Initial. Via VIA12SQ_C count = 152111
Initial. Via VIA23SQ_C count = 234100
Initial. Via VIA34SQ_C count = 107478
Initial. Via VIA45SQ_C count = 78670
Initial. Via VIA56SQ_C count = 51586
Initial. Via VIA67SQ_C count = 39709
Initial. Via VIA78SQ_C count = 4
Initial. Via VIA89_C count = 0
Initial. Via VIA9RDL count = 0
Initial. completed.
[End of Whole Chip Routing] Elapsed real time: 0:07:34 
[End of Whole Chip Routing] Elapsed cpu  time: sys=0:00:04 usr=0:07:35 total=0:07:40
[End of Whole Chip Routing] Stage (MB): Used  249  Alloctr  253  Proc    0 
[End of Whole Chip Routing] Total (MB): Used  376  Alloctr  382  Proc 14762 

Congestion utilization per direction:
Average vertical track utilization   = 126.53 %
Peak    vertical track utilization   = 500.00 %
Average horizontal track utilization = 140.81 %
Peak    horizontal track utilization = 2300.00 %

[End of Global Routing] Elapsed real time: 0:07:34 
[End of Global Routing] Elapsed cpu  time: sys=0:00:04 usr=0:07:35 total=0:07:40
[End of Global Routing] Stage (MB): Used  180  Alloctr  185  Proc    0 
[End of Global Routing] Total (MB): Used  307  Alloctr  314  Proc 14762 
Updating the database ...
Updating congestion ...
[End of dbOut] Elapsed real time: 0:00:00 
[End of dbOut] Elapsed cpu  time: sys=0:00:00 usr=0:00:00 total=0:00:00
[End of dbOut] Stage (MB): Used -162  Alloctr -166  Proc    0 
[End of dbOut] Total (MB): Used   45  Alloctr   46  Proc 14762 
Wrote topologies for 37960 nets.
Information: The stitching and editing of coupling caps is turned OFF for design 'fsc_top.nlib:fsc_top/icg.design'. (TIM-125)
    [3254]  10% ...
    [6508]  20% ...
    [9762]  30% ...
    [13016]  40% ...
    [16270]  50% ...
    [19524]  60% ...
    [22778]  70% ...
    [26032]  80% ...
    [29286]  90% ...
Information: Extraction observers are detached as design net change threshold is reached.
    [32537] 100% Done

                  Deleted        Added
------------ ------------ ------------
    Buffers:            0        19219
  Inverters:         2887         8921
------------ ------------ ------------
      Total:         2887        28140
------------ ------------ ------------

Number of Drivers Sized: 14732 [45.28%]

                      P: 9861 [30.31%]
                      N: 4871 [14.97%]

Zbuf-RUNTIME (Hr:Min:Sec)  CPU 0 hr : 9 min : 0.68 sec ELAPSE 0 hr : 7 min : 53.67 sec
Zbuf-RUNTIME         (Min) CPU 9 min ELAPSE 7 min
ZBuf-MEM(max-mem) total 3444008 K / inuse 2401928 K
Information: Result of compile_fusion / initial_drc / High Fanout Synthesis (FLW-8500)
Information: Top 10 transition violators after high fanout synthesis (HFS-1000)
Slack     Fanout  Scenario    Driver                                                       
-0.428    5       ss0p95v125c.func  u_main_controller_top/u_main_controller/phfnr_buf_94756/Y    
-0.414    8       ss0p95v125c.func  u_main_controller_top/u_main_controller/phfnr_buf_94749/Y    
-0.394    2       ss0p95v125c.func  u_main_controller_top/u_main_controller/phfnr_buf_94752/Y    
-0.371    10      ss0p95v125c.func  u_main_controller_top/u_main_controller/phfnr_buf_94743/Y    
-0.342    3       ss0p95v125c.func  u_main_controller_top/u_main_controller/phfnr_buf_94759/Y    
-0.338    6       ss0p95v125c.func  u_main_controller_top/u_main_controller/phfnr_buf_94744/Y    
-0.335    5       ss0p95v125c.func  u_main_controller_top/u_main_controller/phfnr_buf_94746/Y    
-0.309    8       ss0p95v125c.func  u_main_controller_top/u_main_controller/phfnr_buf_94748/Y    
-0.284    1       ss0p95v125c.func  u_main_controller_top/u_main_controller/phfnr_buf_94751/Y    
-0.278    3       ss0p95v125c.func  u_main_controller_top/u_main_controller/phfnr_buf_94750/Y    

Compile-fusion optimization summary            SETUP-COST    R2R-COST HOLD-COST LDRC-COST          AREA     LEAKAGE     INSTCNT            ELAPSE       MEM
Compile-fusion                                 13533081.00  8831360.00         -      6294     703999.31  41727488000.00       67741              0.22      3363
Compile-fusion optimization summary            SETUP-COST    R2R-COST HOLD-COST LDRC-COST          AREA     LEAKAGE     INSTCNT            ELAPSE       MEM
Compile-fusion                                 13533081.00  8831360.00         -      6294     703999.31           -       67741              0.22      3363
Information: Ending   compile_fusion / initial_drc / High Fanout Synthesis (FLW-8001)
Information: Time: 2026-07-01 12:12:49 / Session:  00:12:55 / Command:  00:08:37 / CPU:  00:11:34 / Memory: 3363 MB (FLW-8100)
Information: CPU Load: 1%, Ram Free: 157 GB, Swap Free: 13 GB, Work Disk Free: 5929 GB, Tmp Disk Free: 70 GB (MSG-3995)
Information: The net parasitics of block fsc_top are cleared. (TIM-123)

Information: Runtime Summary (compile_fusion / initial_drc)  (FLW-9001)
----------------------------------------------------------------------------
     Elapse(Hr:Min:Sec)     Elapse(%)     Category
----------------------------------------------------------------------------
       00:00:01              0.2%         Load Design 
       00:00:00              0.0%         Global Route 
       00:00:01              0.4%         Automatic Register Splitting 
       00:07:57             98.8%         High Fanout Synthesis 
       00:00:02              0.6%         Other 
----------------------------------------------------------------------------
       00:08:02            100.0%         Total 
----------------------------------------------------------------------------

Host Options:
-------------
Max cores: 16

Machine Spec:
-------------
INTEL(R) XEON(R) GOLD 6548Y+ / 128 CPUs  
Sockets: 2, Cores: 32, HT/SMT, not-VM
----------------------------------------------------------------------------

Information: Ending   compile_fusion / initial_drc (FLW-8001)
Information: Time: 2026-07-01 12:12:49 / Session:  00:12:55 / Command:  00:08:37 / CPU:  00:11:34 / Memory: 3363 MB (FLW-8100)
Information: CPU Load: 1%, Ram Free: 157 GB, Swap Free: 13 GB, Work Disk Free: 5929 GB, Tmp Disk Free: 70 GB (MSG-3995)

Information: >>>>>>> 4 unique error and warning message tags while observing compile_fusion / initial_drc: (MSG-3100)
Information: #prnt #trgr #lmt    Tag  Level     Format (or last printed message)                                (MSG-3036)
Information:     1     1  0 ZRT-704   WARNING   Warning: The value of route.common.extra_nonpreferred_direct... (MSG-3032)
Information:     1     1  0 ZRT-511   WARNING   Warning: Cell contains tie connections which are not connect... (MSG-3032)
Information:     1     1  0 ZRT-022   WARNING   Warning: Cannot find a default contact code for layer CO. (Z... (MSG-3032)
Information:   115   115  0 ZRT-763   WARNING   Warning: Cell u_flash_control/schedule_to_flash_reg[30] is p... (MSG-3032)
Information:   118   118  0        4  <------   Total sum of messages (MSG-3038)
Information: >>>>>>> Summary: 118 error&warning MSGs observed during compile_fusion / initial_drc (MSG-3103)

----------------------------------------------------------------------------------------------------------
Information: Starting compile_fusion / initial_opto (FLW-8000)
Information: Time: 2026-07-01 12:12:49 / Session:  00:12:55 / Command:  00:08:37 / CPU:  00:11:34 / Memory: 3363 MB (FLW-8100)
Information: CPU Load: 1%, Ram Free: 157 GB, Swap Free: 13 GB, Work Disk Free: 5929 GB, Tmp Disk Free: 70 GB (MSG-3995)
----------------------------------------------------------------------------------------------------------
Information: Change threshold for extractor is reset. (FLW-1300)
Information: Timer using 16 threads
flowStepUpsInPbo:: using optEnvMonitor()
Information: Initializing classic cellmap without advanced rules enabled and without PDC enabled
Information: The following app options are used in cellmap
        place.legalize.enable_color_aware_placement : false
        place.legalize.use_nll_query_cm : false
        place.legalize.enable_advanced_legalizer : false
        place.legalize.enable_prerouted_net_check : true
        place.legalize.enable_advanced_prerouted_net_check : false
        place.legalize.always_continue : true
        place.legalize.limit_legality_checks : false
        place.common.pnet_aware_density : 1.0000
        place.common.pnet_aware_min_width : 0.0000
        place.common.pnet_aware_layers : {}
        place.common.use_placement_model : false
        place.common.enable_advanced_placement_model : true
        cts.placement.cell_spacing_rule_style : maximum
Total 0.1273 seconds to build cellmap data
INFO: compile_fusion is running in balanced flow mode
Warning: Cannot find any default max transition constraint on the design. (OPT-070)
INFO: Leakage Power Aware Optimization Enabled
Warning: Timing Arc from 'u_clk_gen/u_clock_gen/C383/ctmi_32/S0' to 'u_clk_gen/u_clock_gen/C383/ctmi_32/Y' has been disabled to break loops in network of clock 'system_clk' (GRF-013)
Information: The automatic clock gate timing flow is activated. Clock latencies set on clock gate cells will be automatically adjusted by an estimate for latency. (CGT-4005)
DEBUG FLOWMSGPRINTER: HANDLER IS NULL
INFO: disable CRPR-based timing. 
Information: The stitching and editing of coupling caps is turned OFF for design 'fsc_top.nlib:fsc_top/icg.design'. (TIM-125)
Information: Orientation ETCH is using reference direction: VERTICAL. (NEX-032)
Number of Site types in the design = 1
Setting up Chip Core
Chip Core shape: (8000 8000) (932008 930944)
Number of VARs = 1
Number of unique PDs = 1
Number of Power Domains = 1
Number of Voltage Areas = 1
Number of supply Nets = 2
Number of used supplies = 0
Blocked VAs: 
DEBUG FLOWMSGPRINTER: HANDLER IS NULL
************************************************************
Timer Settings:
Delay Calculation Style:                   auto
Signal Integrity Analysis:                 disabled
Timing Window Analysis:                    disabled
Advanced Waveform Propagation:             disabled
Variation Type:                            fixed_derate
Clock Reconvergence Pessimism Removal:     disabled
Advanced Receiver Model:                   disabled
LLE:                                       disabled
ML Acceleration:                           off
Smart Arc Optimization:                    enabled
************************************************************
Information: CCD will use corner ss0p95v125c for honoring max prepone/postpone limits

Summary of messages during CTS:
===============================================================
  Tag   Count  Type           Description
---------------------------------------------------------------
 No error or warning message.

Information: The net parasitics of block fsc_top are cleared. (TIM-123)
DEBUG FLOWMSGPRINTER: HANDLER IS NULL
compile command begin                   CPU:  2142 s (  0.60 hr )  ELAPSE:   780 s (  0.22 hr )  MEM-PEAK:  3363 MB
Warning: Cannot find any default max transition constraint on the design. (OPT-070)
Information: The stitching and editing of coupling caps is turned OFF for design 'fsc_top.nlib:fsc_top/icg.design'. (TIM-125)
Information: Orientation ETCH is using reference direction: VERTICAL. (NEX-032)
Info: update em.

compile timing update complete          CPU:  2149 s (  0.60 hr )  ELAPSE:   781 s (  0.22 hr )  MEM-PEAK:  3363 MB

compile initial QoR
___________________
Scenario Mapping Table
1: ss0p95v125c.func

Pathgroup Mapping Table
1: **default**
2: **async_default**
3: **clock_gating_default**
4: **in2reg_default**
5: **reg2out_default**
6: **in2out_default**
7: pll1_clk_in
8: pll2_clk_in
9: pixel_clk
10: system_clk
11: comp_clk
12: i2c_scl
13: test_clk
14: system_clk_div2
15: panel_clk_inv_gate
16: panel_clk_dly
17: panel_clk_gate
18: system_clk_int
19: flash_clk_gate
20: i2c_clk
21: sdram_clk_gate
22: sdram_clk
23: pixel_comp_clk_pix

-------------------------------------------------------------------------------------------------------------------------------------------------------------
PATHGROUP QOR 
-------------------------------------------------------------------------------------------------------------------------------------------------------------
Scene  PG      WNS        TNS    NSV      WHV        THV    NHV
    1   1   0.0000     0.0000      0        -          -      -
    1   2   0.0000     0.0000      0        -          -      -
    1   3   0.0000     0.0000      0        -          -      -
    1   4 1991.0519 4670143.5000   2406        -          -      -
    1   5 1941.1123 27171.6660     14        -          -      -
    1   6 1981.7903 23772.1738     12        -          -      -
    1   7 148.4509  1313.9745      9        -          -      -
    1   8 148.0143   872.5026      6        -          -      -
    1   9 491.3926  3387.2939      7        -          -      -
    1  10 591.5905 22022.3965     38        -          -      -
    1  11 592.6888  3508.5581      6        -          -      -
    1  12   0.0000     0.0000      0        -          -      -
    1  13 1950.3660 4620218.5000   2430        -          -      -
    1  14 1182.4130 2806904.2500   2435        -          -      -
    1  15   0.0000     0.0000      0        -          -      -
    1  16   0.0000     0.0000      0        -          -      -
    1  17 118.3340 83104.8750    717        -          -      -
    1  18 577.3307 21925.9688     38        -          -      -
    1  19 578.7831 634616.1875   1101        -          -      -
    1  20 578.0756 2528611.0000   4383        -          -      -
    1  21 147.3382 738447.7500   5106        -          -      -
    1  22   0.0000     0.0000      0        -          -      -
    1  23 478.8633 181021.3125    379        -          -      -
----------------------------------------------------------------------------------------------------------------------------------------------------------------------
SCENARIO QOR 
----------------------------------------------------------------------------------------------------------------------------------------------------------------------
Scene  PG      WNS        TNS   R2RTNS    NSV      WHV        THV    NHV  MaxTrnV   MaxTranC  MaxCapV    Leakage
    1   * 1991.0519 13533141.0000 8831405.0000  16630        -          -      -      390    13.3054     6075 41727488000
----------------------------------------------------------------------------------------------------------------------------------------------------------------------
DESIGN QOR 
----------------------------------------------------------------------------------------------------------------------------------------------------------------------
Scene  PG      WNS        TNS   R2RTNS    NSV      WHV        THV    NHV  MaxTrnV   MaxTranC  MaxCapV    Leakage         Area    InstCnt     BufCnt     InvCnt
    *   * 1991.0519 13533141.0000 8831405.0000  16630   0.0000     0.0000      0      390    13.3054     6075 41727488000    703999.31      67741      19228       9591
----------------------------------------------------------------------------------------------------------------------------------------------------------------------

compile initial QoR Summary       WNS        TNS   R2RTNS    NSV      WHV        THV    NHV  MaxTrnV  MaxCapV    Leakage         Area    InstCnt
compile initial QoR Summary  1991.0519 13533141.0000 8831405.0000  16630   0.0000     0.0000      0      390     6075 41727488000    703999.31      67741
Information: The netlist change observers are disabled for incremental extraction. (TIM-126)
INFO: using 16 threads
Information: Orientation ETCH is using reference direction: VERTICAL. (NEX-032)
compile initialization complete         CPU:  2158 s (  0.60 hr )  ELAPSE:   782 s (  0.22 hr )  MEM-PEAK:  3363 MB
compile optimization summary            SETUP-COST    R2R-COST HOLD-COST LDRC-COST          AREA     LEAKAGE     INSTCNT            ELAPSE       MEM
Warning: Cannot find any default max transition constraint on the design. (OPT-070)
Information: The netlist change observers are enabled for incremental extraction. (TIM-127)
DEBUG FLOWMSGPRINTER: HANDLER IS NULL

DEBUG FLOWMSGPRINTER: HANDLER IS NULL
Information: Initializing classic cellmap without advanced rules enabled and without PDC enabled
Information: The following app options are used in cellmap
        place.legalize.enable_color_aware_placement : false
        place.legalize.use_nll_query_cm : false
        place.legalize.enable_advanced_legalizer : false
        place.legalize.enable_prerouted_net_check : false
        place.legalize.enable_advanced_prerouted_net_check : false
        place.legalize.always_continue : true
        place.legalize.limit_legality_checks : false
        place.common.pnet_aware_density : 1.0000
        place.common.pnet_aware_min_width : 0.0000
        place.common.pnet_aware_layers : {}
        place.common.use_placement_model : false
        place.common.enable_advanced_placement_model : true
        cts.placement.cell_spacing_rule_style : maximum
Total 0.1034 seconds to build cellmap data
INFO: creating 188(r) x 188(c) GridCells YDim 5.016 XDim 5.016
INFO: number of GridCells (fsc_top/icg): 35344
INFO: creating 188(r) x 188(c) GridCells YDim 5.016 XDim 5.016
INFO: number of GridCells (fsc_top/icg): 35344
Total 0.5110 seconds to load 79372 cell instances into cellmap
Moveable cells: 67711; Application fixed cells: 0; Macro cells: 0; User fixed cells: 11661
Average cell width 2.8214, cell height 1.6720, cell area 4.7173 for total 67711 placed and application fixed cells
Information: Starting compile_fusion / initial_opto / Optimization (1) (FLW-8000)
Information: Time: 2026-07-01 12:12:57 / Session:  00:13:04 / Command:  00:08:45 / CPU:  00:12:13 / Memory: 3363 MB (FLW-8100)
Information: CPU Load: 2%, Ram Free: 157 GB, Swap Free: 13 GB, Work Disk Free: 5929 GB, Tmp Disk Free: 70 GB (MSG-3995)
Information: Starting compile_fusion / initial_opto / Optimization (1) / Timing Optimization (FLW-8000)
Information: Time: 2026-07-01 12:12:57 / Session:  00:13:04 / Command:  00:08:45 / CPU:  00:12:13 / Memory: 3363 MB (FLW-8100)
Information: CPU Load: 2%, Ram Free: 157 GB, Swap Free: 13 GB, Work Disk Free: 5929 GB, Tmp Disk Free: 70 GB (MSG-3995)
Disable clock slack update for ideal clocks
 Iter  1                                       19257514.00  12566992.00         -         -     699073.75  40196046848.00       67741              0.22      3363
Warning: Restoring scoped app option 'ropt.rbuf_subtree_crit_range' to original value 'unset' (from current value '-1', which is different from the scoped value '-1.0'). (FLW-2892)
Disable clock slack update for ideal clocks
Corner Scaling is off, multiplier is 1.000000
Information: Using default layer M5 (OPT-079)
 Iter  1                                       19254592.00  12565285.00         -         -     699644.81  43408330752.00       67741              0.22      3363
Warning: Restoring scoped app option 'ropt.rbuf_subtree_crit_range' to original value 'unset' (from current value '-1', which is different from the scoped value '-1.0'). (FLW-2892)
Disable clock slack update for ideal clocks
 Iter  1                                       19253592.00  12564445.00         -         -     701945.31  45275537408.00       68484              0.22      3363
Warning: Restoring scoped app option 'ropt.rbuf_subtree_crit_range' to original value 'unset' (from current value '-1', which is different from the scoped value '-1.0'). (FLW-2892)
Compile-fusion optimization summary            SETUP-COST    R2R-COST HOLD-COST LDRC-COST          AREA     LEAKAGE     INSTCNT            ELAPSE       MEM
Compile-fusion                                          -           -         -         -     701701.12           -       68785              0.22      3363
Information: Ending   compile_fusion / initial_opto / Optimization (1) / Timing Optimization (FLW-8001)
Information: Time: 2026-07-01 12:13:06 / Session:  00:13:12 / Command:  00:08:54 / CPU:  00:13:18 / Memory: 3363 MB (FLW-8100)
Information: CPU Load: 2%, Ram Free: 157 GB, Swap Free: 13 GB, Work Disk Free: 5929 GB, Tmp Disk Free: 70 GB (MSG-3995)
Compile-fusion optimization summary            SETUP-COST    R2R-COST HOLD-COST LDRC-COST          AREA     LEAKAGE     INSTCNT            ELAPSE       MEM
Compile-fusion                                          -           -         -         -     701701.12           -       68785              0.22      3363
Information: Ending   compile_fusion / initial_opto / Optimization (1) (FLW-8001)
Information: Time: 2026-07-01 12:13:06 / Session:  00:13:12 / Command:  00:08:54 / CPU:  00:13:18 / Memory: 3363 MB (FLW-8100)
Information: CPU Load: 2%, Ram Free: 157 GB, Swap Free: 13 GB, Work Disk Free: 5929 GB, Tmp Disk Free: 70 GB (MSG-3995)
----------------------------------------------------------------
running create_placement
Corner Scaling is off, multiplier is 1.000000
Information: Orientation ETCH is using reference direction: VERTICAL. (NEX-032)
Information: timingScenario ss0p95v125c.func timingCorner ss0p95v125c.  Using corner ss0p95v125c for worst leakage corner. (OPT-078)
Information: Using default layer M5 (OPT-079)
Information: Nominal = 0.0353099  Design MT = inf  Target = 0.1379810  MaxRC = 0.096804 Fast Target = 0.044405 (OPT-081)
nplLib: default vr hor dist = 1155
nplLib: default vr ver dist = 1155
nplLib: default vr buf size = 6
nplLib: default vr buf size = 2
Placer using max_unbuffered_distance = 1154.78
Info: ICG auto bound skipping extra processing.
Info: ICG AutoBound found 510 ICGs
Info: ICG AutoBound created 0 group bounds 

Placement Options:
Effort:                        medium_effort       
Timing Driven:                 false               
Buffering Aware Timing Driven: false               
Seed locs:                     true                
Incremental:                   false               
Congestion:                    false               
Fix Macros:                    true                
Place Macros:                  false               
Channel Size Macros:           false               

Printing options for 'place.coarse.*' (non-default only)
place.coarse.auto_density_control                       :	 enhanced            
place.coarse.cong_restruct_effort                       :	 low                 
place.coarse.cong_restruct_iterations                   :	 1                   
place.coarse.congestion_expansion_direction             :	 both                
place.coarse.icg_auto_bound                             :	 true                
place.coarse.increased_cell_expansion                   :	 true                

Start transferring placement data.
Added 6180 bounds for preserving balanced registers
****** Net weight manager: report ******
Weights included: Timing  
Number of nets with non-default weights: 69338
Timing factor = 1
Non-default weight range: (0.592162, 1.77649)
                             Min         Max         Avg       Stdev        Skew
     Timing Weights     0.592162     1.77649           1    0.447984    0.890848
      Final Weights     0.592162     1.77649           1    0.447984    0.890848
Information: Automatic repeater spreading is enabled.
Information: The net parasitics of block fsc_top are cleared. (TIM-123)
Completed transferring placement data.
Running placement using 16 thread(s)
Information: Enhanced Auto Density Control is used. (PLACE-098)
Information: Enhanced auto density configuration is 13179.
Information: Automatic density control has selected the following settings: max_density 0.50, congestion_driven_max_util 0.87. (PLACE-027)
Information: HFW control 'off' invoked.
coarse place 43% done.
coarse place 57% done.
coarse place 71% done.
coarse place 86% done.
coarse place 100% done.
Information: Coarse placer wire length estimate = 4.46669e+06
Information: Coarse placer active wire length estimate = 0
Information: Coarse placer weighted wire length estimate = 4.17019e+06
Information: Extraction observers are detached as design net change threshold is reached.
Information: Orientation ETCH is using reference direction: VERTICAL. (NEX-032)
Information: Orientation ETCH is using reference direction: VERTICAL. (NEX-032)
Information: Orientation ETCH is using reference direction: VERTICAL. (NEX-032)
Information: Orientation ETCH is using reference direction: VERTICAL. (NEX-032)
Information: Orientation ETCH is using reference direction: VERTICAL. (NEX-032)
Information: Orientation ETCH is using reference direction: VERTICAL. (NEX-032)
Information: Orientation ETCH is using reference direction: VERTICAL. (NEX-032)
Information: Orientation ETCH is using reference direction: VERTICAL. (NEX-032)
Information: Orientation ETCH is using reference direction: VERTICAL. (NEX-032)
Information: Orientation ETCH is using reference direction: VERTICAL. (NEX-032)
Information: Orientation ETCH is using reference direction: VERTICAL. (NEX-032)
Information: Orientation ETCH is using reference direction: VERTICAL. (NEX-032)
Information: Orientation ETCH is using reference direction: VERTICAL. (NEX-032)
Information: Orientation ETCH is using reference direction: VERTICAL. (NEX-032)
Information: Orientation ETCH is using reference direction: VERTICAL. (NEX-032)
Information: Estimating clock gate latencies for scenario 'ss0p95v125c.func'. (OPT-909)
Information: Orientation ETCH is using reference direction: VERTICAL. (NEX-032)
Information: Orientation ETCH is using reference direction: VERTICAL. (NEX-032)
----------------------------------------------------------------
Non-default App Option report
All App Options have their default value.
Information: Starting compile_fusion / initial_opto / Timing and Congestion Driven Placement (FLW-8000)
Information: Time: 2026-07-01 12:13:13 / Session:  00:13:20 / Command:  00:09:01 / CPU:  00:13:42 / Memory: 3363 MB (FLW-8100)
Information: CPU Load: 2%, Ram Free: 157 GB, Swap Free: 13 GB, Work Disk Free: 5929 GB, Tmp Disk Free: 70 GB (MSG-3995)
----------------------------------------------------------------
----------------------------------------------------------------
Running congestion-aware direct-timing-driven placement
Information: Current block utilization is '0.69050', effective utilization is '0.73425'. (OPT-055)
chip utilization before DTDP: 0.73
Start transferring placement data.
Warning: To enable pin track alignment feature, the advanced legalizer has to be turned on using app option "place.legalize.enable_advanced_legalizer".
Warning: Pin track alignment feature will be disabled in this run
Information: Initializing classic cellmap without advanced rules enabled and without PDC enabled
Information: The following app options are used in cellmap
        place.legalize.enable_color_aware_placement : false
        place.legalize.use_nll_query_cm : false
        place.legalize.enable_advanced_legalizer : false
        place.legalize.enable_prerouted_net_check : true
        place.legalize.enable_advanced_prerouted_net_check : false
        place.legalize.always_continue : true
        place.legalize.limit_legality_checks : false
        place.common.pnet_aware_density : 1.0000
        place.common.pnet_aware_min_width : 0.0000
        place.common.pnet_aware_layers : {}
        place.common.use_placement_model : false
        place.common.enable_advanced_placement_model : true
        cts.placement.cell_spacing_rule_style : maximum
Total 0.1197 seconds to build cellmap data
Snapped 68755 standard cells to the nearest cellrow to improve the accuracy of congestion analysis.
DEBUG FLOWMSGPRINTER: HANDLER IS NULL
Information: Coarse placer is using floating point demand from GR.
INFO: wire-opt feature for router enabled
Start Global Route ... 
[Init] Elapsed real time: 0:00:00 
[Init] Elapsed cpu  time: sys=0:00:00 usr=0:00:00 total=0:00:00
[Init] Stage (MB): Used    0  Alloctr    0  Proc    0 
[Init] Total (MB): Used    7  Alloctr    7  Proc 14794 
Printing options for 'route.common.*'
common.connect_within_pins_by_layer_name                :	 {M1 via_all_pins}   
common.extra_nonpreferred_direction_wire_cost_multiplier_by_layer_name:	 {M1 0.1}            
common.wire_on_grid_by_layer_name                       :	 {M1 false}          

Printing options for 'route.global.*'
global.deterministic                                    :	 on                  
global.effort_level                                     :	 medium              
global.force_full_effort                                :	 false               
global.macro_boundary_track_utilization                 :	 100                 
global.macro_corner_track_utilization                   :	 100                 
global.timing_driven                                    :	 false               

Begin global routing.
Warning: Cell contains tie connections which are not connected to real PG. (ZRT-511)
Cell Min-Routing-Layer = M2
Cell Max-Routing-Layer = M7
Turn off antenna since no rule is specified
Information: Option route.detail.force_end_on_preferred_grid will be ignored since none of the layers have preferred grid. (ZRT-703)
Warning: Cannot find a default contact code for layer CO. (ZRT-022)
Skipping 1 internal pins that are not physical. Set route.common.verbose_level to > 0 and run routing command to get skipped pin names.
Info: number of net_type_blockage: 0 
Information: Via ladder engine would be activated for pattern must join connection in certain commands. Please refer to man-page for the command list. (ZRT-619)
Information: AutoNdr rule can't be found. Check the settings.
Information: When applicable Min-max layer allow_pin_connection mode will allow paths of length 3.55 outside the layer range. (ZRT-707)
Information: When applicable Min-max layer allow_pin_connection mode will allow paths of length 3.55 outside the layer range on clock nets. (ZRT-718)
Information: When applicable layer based tapering will taper up to 0.00 in distance from the pin. (ZRT-706)
Warning: The value of route.common.extra_nonpreferred_direction_wire_cost_multiplier_by_layer_name is different from default value or mega switch value. Please make sure the value is expected. (ZRT-704)
Warning: Standard cell pin MUX41X2_RVT/S0 has no valid via regions. (ZRT-044)
Warning: Cell u_YCrCb2RGB/B1_int_reg[1] is placed overlapping with other cells at {{123.216 24.720} {128.384 26.392}}. (ZRT-763)
Warning: Cell u_main_controller_top/u_main_controller/HFSINV_4_136867 is placed overlapping with other cells at {{300.144 69.864} {303.184 71.536}}. (ZRT-763)
Warning: Cell u_main_controller_top/u_main_controller/ctmi_60208 is placed overlapping with other cells at {{376.144 23.048} {377.360 24.720}}. (ZRT-763)
Warning: Cell u_clk_gen/A100697 is placed overlapping with other cells at {{417.944 29.736} {419.160 31.408}}. (ZRT-763)
Warning: Cell u_main_controller_top/u_main_controller/buffer_sizes_reg[5][0] is placed overlapping with other cells at {{485.432 29.736} {490.904 31.408}}. (ZRT-763)
Warning: Cell u_datapath/u_gamma_flash_fifo_control/u_load_mem_fifo/A107518 is placed overlapping with other cells at {{560.216 56.488} {561.280 58.160}}. (ZRT-763)
Warning: Cell u_YCrCb2RGB/B1_int_reg[9] is placed overlapping with other cells at {{659.016 76.552} {664.184 78.224}}. (ZRT-763)
Warning: Cell u_YCrCb2RGB/Cr_reg_reg[3] is placed overlapping with other cells at {{737.144 76.552} {742.616 78.224}}. (ZRT-763)
Warning: Cell u_YCrCb2RGB/C_int_reg[7] is placed overlapping with other cells at {{837.160 9.672} {842.328 11.344}}. (ZRT-763)
Warning: Cell u_datapath/u_input_line_buffer_control/plane_group_b_reg[1] is placed overlapping with other cells at {{122.912 133.400} {128.384 135.072}}. (ZRT-763)
Warning: Cell u_YCrCb2RGB/B1_int_reg[6] is placed overlapping with other cells at {{214.416 146.776} {219.584 148.448}}. (ZRT-763)
Warning: Cell u_main_controller_top/u_main_controller/HFSINV_14_137933 is placed overlapping with other cells at {{257.280 138.416} {258.496 140.088}}. (ZRT-763)
Warning: Cell u_YCrCb2RGB/A_int_reg[1] is placed overlapping with other cells at {{371.584 86.584} {376.752 88.256}}. (ZRT-763)
Warning: Cell u_datapath/A107387 is placed overlapping with other cells at {{403.200 84.912} {404.568 86.584}}. (ZRT-763)
Warning: Cell u_freq_detect/level_0_reg[1] is placed overlapping with other cells at {{485.432 83.240} {490.904 84.912}}. (ZRT-763)
Warning: Cell u_datapath/u_color_interleaver/HFSINV_40_146202 is placed overlapping with other cells at {{558.544 86.584} {561.584 88.256}}. (ZRT-763)
Warning: Cell u_register_map_control/choice_3d_reg[0] is placed overlapping with other cells at {{658.712 93.272} {664.184 94.944}}. (ZRT-763)
Warning: Cell u_YCrCb2RGB/Cb_reg_reg[7] is placed overlapping with other cells at {{737.144 93.272} {742.616 94.944}}. (ZRT-763)
Warning: Cell u_YCrCb2RGB/C_int_reg[1] is placed overlapping with other cells at {{837.160 83.240} {842.328 84.912}}. (ZRT-763)
Warning: Cell u_datapath/u_SDR_controller/write_enable2_delays_reg[4] is placed overlapping with other cells at {{122.912 170.184} {128.384 171.856}}. (ZRT-763)
Warning: Cell u_datapath/u_pixel_in_buffer/HFSINV_124_153954 is placed overlapping with other cells at {{222.168 227.032} {225.208 228.704}}. (ZRT-763)
Warning: Cell u_datapath/HFSINV_70_146474 is placed overlapping with other cells at {{301.664 163.496} {303.488 165.168}}. (ZRT-763)
Warning: Cell u_main_controller_top/u_main_controller/u_address_fifo/rdata2_reg[15] is placed overlapping with other cells at {{379.640 161.824} {385.112 163.496}}. (ZRT-763)
Warning: Cell u_main_controller_top/u_main_controller/eptr_del5_reg[3] is placed overlapping with other cells at {{414.904 158.480} {419.160 160.152}}. (ZRT-763)
Warning: Cell u_datapath/u_gamma_correction/color_id_dly12_reg[0] is placed overlapping with other cells at {{498.808 166.840} {503.368 168.512}}. (ZRT-763)
Warning: Cell u_datapath/u_gamma_correction/comp_phase4_reg[11] is placed overlapping with other cells at {{580.128 161.824} {585.904 163.496}}. (ZRT-763)
Warning: Cell u_datapath/u_gamma_correction/u_sr_d1kx16_f166c_compensation_table_1_wrap/A112028 is placed overlapping with other cells at {{738.208 166.840} {739.120 168.512}}. (ZRT-763)
Warning: Cell u_datapath/u_gamma_correction/u_sr_d1kx16_f166g_gamma_wrap/HFSBUF_23_157037 is placed overlapping with other cells at {{837.160 166.840} {838.376 168.512}}. (ZRT-763)
Warning: Cell u_main_controller_top/u_main_controller/u_address_fifo/u_rf_d256x17_f166_wrap/HFSBUF_4_138657 is placed overlapping with other cells at {{70.016 270.504} {71.536 272.176}}. (ZRT-763)
Warning: Cell u_flash_control/sd_count_reg[5] is placed overlapping with other cells at {{85.064 270.504} {90.536 272.176}}. (ZRT-763)
Warning: Cell u_datapath/u_color_interleaver/read_address_dly1_reg[1] is placed overlapping with other cells at {{222.928 278.864} {227.184 280.536}}. (ZRT-763)
Warning: Cell u_main_controller_top/u_rst_framesync/numlines_reg[2] is placed overlapping with other cells at {{301.208 245.424} {306.680 247.096}}. (ZRT-763)
Warning: Cell ctmi_84817 is placed overlapping with other cells at {{397.728 245.424} {399.400 247.096}}. (ZRT-763)
Warning: Cell u_main_controller_top/u_main_controller/green_parameters_reg[4] is placed overlapping with other cells at {{416.120 245.424} {421.592 247.096}}. (ZRT-763)
Warning: Cell u_main_controller_top/u_main_controller/buffer_sizes_reg[14][7] is placed overlapping with other cells at {{477.680 245.424} {483.152 247.096}}. (ZRT-763)
Warning: Cell u_datapath/u_gamma_correction/ms_pos_mem_c_reg[11][16] is placed overlapping with other cells at {{564.624 245.424} {570.096 247.096}}. (ZRT-763)
Warning: Cell u_datapath/u_gamma_correction/data_out_reg[9] is placed overlapping with other cells at {{653.696 292.240} {659.168 293.912}}. (ZRT-763)
Warning: Cell u_datapath/u_gamma_correction/u_sr_d1kx16_f166c_compensation_table_1_wrap/A120787 is placed overlapping with other cells at {{737.904 245.424} {739.880 247.096}}. (ZRT-763)
Warning: Cell u_flash_control/schedule_to_flash_reg[28] is placed overlapping with other cells at {{836.856 257.128} {842.328 258.800}}. (ZRT-763)
Warning: Cell u_datapath/u_gamma_correction/u_sr_d1kx16_f166c_compensation_table_0_wrap/A43368 is placed overlapping with other cells at {{884.736 302.272} {886.256 303.944}}. (ZRT-763)
Warning: Cell u_main_controller_top/u_main_controller/u_address_fifo/A113772 is placed overlapping with other cells at {{44.176 324.008} {45.544 325.680}}. (ZRT-763)
Warning: Cell u_main_controller_top/u_main_controller/ctmTdsLR_1_159004 is placed overlapping with other cells at {{79.744 324.008} {81.568 325.680}}. (ZRT-763)
Warning: Cell u_register_map_control/choice_S_reg[15] is placed overlapping with other cells at {{177.024 325.680} {182.496 327.352}}. (ZRT-763)
Warning: Cell u_main_controller_top/u_main_controller/buffer_sizes_reg[11][0] is placed overlapping with other cells at {{262.144 324.008} {267.616 325.680}}. (ZRT-763)
Warning: Cell u_register_map_control/choice_03_reg[1] is placed overlapping with other cells at {{339.512 318.992} {344.072 320.664}}. (ZRT-763)
Warning: Cell ctmi_65212 is placed overlapping with other cells at {{417.032 324.008} {418.552 325.680}}. (ZRT-763)
Warning: Cell u_register_map_control/choice_K_reg[0] is placed overlapping with other cells at {{482.544 325.680} {488.320 327.352}}. (ZRT-763)
Warning: Cell u_datapath/u_gamma_correction/gchecker4_reg is placed overlapping with other cells at {{566.296 324.008} {570.552 325.680}}. (ZRT-763)
Warning: Cell u_main_controller_top/u_main_controller/next_codelines_reg[8] is placed overlapping with other cells at {{647.160 324.008} {652.632 325.680}}. (ZRT-763)
Warning: Cell u_datapath/rgb_data_in2_reg[19] is placed overlapping with other cells at {{726.048 324.008} {730.304 325.680}}. (ZRT-763)
Warning: Cell u_datapath/u_gamma_correction/gamma_table_address_reg[1] is placed overlapping with other cells at {{804.632 324.008} {810.104 325.680}}. (ZRT-763)
Warning: Cell u_datapath/u_gamma_correction/ctmi_69432 is placed overlapping with other cells at {{879.264 324.008} {880.936 325.680}}. (ZRT-763)
Warning: Cell u_main_controller_top/u_main_controller/u_sr_d512x72f116_MMS0_wrap/u_sr_d512x72f116_MMS0_bist/bist_2nd_reg is placed overlapping with other cells at {{39.008 405.936} {44.480 407.608}}. (ZRT-763)
Warning: Cell u_main_controller_top/u_main_controller/A121625 is placed overlapping with other cells at {{91.144 399.248} {92.816 400.920}}. (ZRT-763)
Warning: Cell u_main_controller_top/u_main_controller/eram_write_addr_usbb_reg[14] is placed overlapping with other cells at {{176.112 405.936} {181.584 407.608}}. (ZRT-763)
Warning: Cell HFSBUF_2_139672 is placed overlapping with other cells at {{246.336 399.248} {248.616 400.920}}. (ZRT-763)
Warning: Cell u_datapath/u_rotating_cache_control/rc1/mem8_reg[14] is placed overlapping with other cells at {{324.312 402.592} {329.784 404.264}}. (ZRT-763)
Warning: Cell u_register_map_control/choice_Q_reg[9] is placed overlapping with other cells at {{415.360 405.936} {421.136 407.608}}. (ZRT-763)
Warning: Cell u_register_map_control/choice_D_reg[16] is placed overlapping with other cells at {{478.744 402.592} {484.520 404.264}}. (ZRT-763)
Warning: Cell u_datapath/u_gamma_correction/ms_pos_mem_a_reg[13][17] is placed overlapping with other cells at {{572.528 405.936} {578.000 407.608}}. (ZRT-763)
Warning: Cell u_datapath/u_gamma_correction/A119808 is placed overlapping with other cells at {{644.880 399.248} {645.944 400.920}}. (ZRT-763)
Warning: Cell u_datapath/u_gamma_correction/ms_pos_mem_b_reg[22][6] is placed overlapping with other cells at {{738.816 400.920} {744.288 402.592}}. (ZRT-763)
Warning: Cell u_datapath/u_gamma_correction/u_video_synthesis/data_syn3_reg[6] is placed overlapping with other cells at {{804.176 405.936} {809.648 407.608}}. (ZRT-763)
Warning: Cell u_datapath/u_input_line_buffer_control/u_input_line_buffer_g/u_sr_d1kx16_f166_wrap1/HFSBUF_2_133839 is placed overlapping with other cells at {{904.800 407.608} {908.448 409.280}}. (ZRT-763)
Warning: Cell u_main_controller_top/u_main_controller/u_sr_d512x72f116_MMS1_wrap/u_sr_d512x72f116_MMS1_bist/bist_addr_reg[5] is placed overlapping with other cells at {{143.432 484.520} {148.904 486.192}}. (ZRT-763)
Warning: Cell u_main_controller_top/u_rst_framesync/numlines_reg[6] is placed overlapping with other cells at {{177.328 484.520} {182.800 486.192}}. (ZRT-763)
Warning: Cell u_main_controller_top/u_main_controller/HFSINV_273_153057 is placed overlapping with other cells at {{246.184 481.176} {249.224 482.848}}. (ZRT-763)
Warning: Cell u_main_controller_top/u_main_controller/ctmi_83763 is placed overlapping with other cells at {{328.568 481.176} {330.240 482.848}}. (ZRT-763)
Warning: Cell A102419 is placed overlapping with other cells at {{403.960 482.848} {405.632 484.520}}. (ZRT-763)
Warning: Cell u_flash_control/outreg3_reg[8] is placed overlapping with other cells at {{483.152 479.504} {487.408 481.176}}. (ZRT-763)
Warning: Cell u_datapath/u_gamma_correction/ms_pos_mem_a_reg[23][10] is placed overlapping with other cells at {{588.944 481.176} {594.416 482.848}}. (ZRT-763)
Warning: Cell HFSBUF_72_153492 is placed overlapping with other cells at {{640.624 486.192} {647.008 487.864}}. (ZRT-763)
Warning: Cell u_datapath/u_rotating_cache_control/rc1/mem4_reg[15] is placed overlapping with other cells at {{754.472 484.520} {759.944 486.192}}. (ZRT-763)
Warning: Cell u_main_controller_top/u_main_controller/outorder_reg[2][2] is placed overlapping with other cells at {{801.136 484.520} {806.608 486.192}}. (ZRT-763)
Warning: Cell u_main_controller_top/u_main_controller/line_offsets_reg[4][5] is placed overlapping with other cells at {{878.048 484.520} {883.520 486.192}}. (ZRT-763)
Warning: Cell u_main_controller_top/u_main_controller/u_sr_d512x72f116_MMS2_wrap/HFSINV_771_156579 is placed overlapping with other cells at {{146.928 563.104} {152.400 564.776}}. (ZRT-763)
Warning: Cell u_main_controller_top/u_main_controller/u_sr_d512x72f116_MMS2_wrap/u_sr_d512x72f116_MMS2_bist/bist_addr_q_reg[6] is placed overlapping with other cells at {{161.216 561.432} {166.992 563.104}}. (ZRT-763)
Warning: Cell u_main_controller_top/u_main_controller/HFSBUF_155_150154 is placed overlapping with other cells at {{265.944 559.760} {268.224 561.432}}. (ZRT-763)
Warning: Cell u_main_controller_top/u_main_controller/ctmi_62854 is placed overlapping with other cells at {{321.880 566.448} {324.008 568.120}}. (ZRT-763)
Warning: Cell u_main_controller_top/u_main_controller/DIN_reg[38] is placed overlapping with other cells at {{416.120 568.120} {421.592 569.792}}. (ZRT-763)
Warning: Cell u_main_controller_top/u_main_controller/displayed_numrows_reg[1] is placed overlapping with other cells at {{493.032 568.120} {498.504 569.792}}. (ZRT-763)
Warning: Cell ctmi_65891 is placed overlapping with other cells at {{568.728 568.120} {570.248 569.792}}. (ZRT-763)
Warning: Cell u_datapath/HFSINV_135_155057 is placed overlapping with other cells at {{645.032 563.104} {648.072 564.776}}. (ZRT-763)
Warning: Cell u_datapath/ctmi_73529 is placed overlapping with other cells at {{737.752 573.136} {739.424 574.808}}. (ZRT-763)
Warning: Cell u_datapath/u_input_line_buffer_control/ctmi_77741 is placed overlapping with other cells at {{836.400 564.776} {838.376 566.448}}. (ZRT-763)
Warning: Cell u_main_controller_top/u_main_controller/ctmi_59599 is placed overlapping with other cells at {{143.432 641.688} {145.104 643.360}}. (ZRT-763)
Warning: Cell u_main_controller_top/u_main_controller/freq_adjust_reg[0] is placed overlapping with other cells at {{287.072 645.032} {292.544 646.704}}. (ZRT-763)
Warning: Cell u_main_controller_top/u_main_controller/DOUT_STATIC_NEXTCOLOR_reg[57] is placed overlapping with other cells at {{323.704 645.032} {329.176 646.704}}. (ZRT-763)
Warning: Cell u_register_map_control/choice_37_reg[6] is placed overlapping with other cells at {{412.320 643.360} {417.792 645.032}}. (ZRT-763)
Warning: Cell u_datapath/u_rotating_cache_control/rc1/Do_reg[5] is placed overlapping with other cells at {{494.704 646.704} {500.176 648.376}}. (ZRT-763)
Warning: Cell u_datapath/u_gamma_correction/ms_pos_mem_b_reg[29][9] is placed overlapping with other cells at {{575.720 643.360} {581.192 645.032}}. (ZRT-763)
Warning: Cell u_datapath/u_input_line_buffer_control/u_input_line_buffer_r/u_sr_d1kx16_f166_wrap1/HFSBUF_2_133986 is placed overlapping with other cells at {{738.360 645.032} {740.640 646.704}}. (ZRT-763)
Warning: Cell u_datapath/u_input_line_buffer_control/u_input_line_buffer_r/u_sr_d1kx16_f166_wrap0/A43845 is placed overlapping with other cells at {{838.984 643.360} {840.352 645.032}}. (ZRT-763)
Warning: Cell u_main_controller_top/u_main_controller/u_sr_d512x72f116_MMS2_wrap/HFSINV_64_139275 is placed overlapping with other cells at {{58.008 780.464} {59.832 782.136}}. (ZRT-763)
Warning: Cell u_YCrCb2RGB/ce_out_reg is placed overlapping with other cells at {{143.888 725.288} {149.360 726.960}}. (ZRT-763)
Warning: Cell u_main_controller_top/u_main_controller/u_sr_d512x72f116_MM0_wrap/HFSINV_125_138950 is placed overlapping with other cells at {{199.368 780.464} {200.584 782.136}}. (ZRT-763)
Warning: Cell u_main_controller_top/u_main_controller/u_output_buf/ctrl_shiftout1_reg[29] is placed overlapping with other cells at {{303.032 718.600} {308.504 720.272}}. (ZRT-763)
Warning: Cell u_datapath/u_gamma_correction/ctmi_72373 is placed overlapping with other cells at {{336.776 720.272} {339.512 721.944}}. (ZRT-763)
Warning: Cell u_register_map_control/choice_04_reg[16] is placed overlapping with other cells at {{410.192 725.288} {415.968 726.960}}. (ZRT-763)
Warning: Cell u_flash_control/schedule_to_flash_reg[9] is placed overlapping with other cells at {{485.888 720.272} {491.360 721.944}}. (ZRT-763)
Warning: Cell u_datapath/HFSINV_239_154496 is placed overlapping with other cells at {{565.688 725.288} {568.728 726.960}}. (ZRT-763)
Warning: Cell u_datapath/u_input_line_buffer_control/u_input_line_buffer_r/u_sr_d1kx16_f166_wrap1/ctmi_80014 is placed overlapping with other cells at {{645.336 780.464} {646.704 782.136}}. (ZRT-763)
Warning: Cell u_flash_control/u_flash_control_counter/sd_count_reg[2] is placed overlapping with other cells at {{737.144 718.600} {742.616 720.272}}. (ZRT-763)
Warning: Cell u_YCrCb2RGB/Y_reg1_reg[0] is placed overlapping with other cells at {{836.856 718.600} {842.328 720.272}}. (ZRT-763)
Warning: Cell u_datapath/u_input_line_buffer_control/addr_end_b_reg[1] is placed overlapping with other cells at {{143.888 800.528} {149.360 802.200}}. (ZRT-763)
Warning: Cell u_main_controller_top/u_main_controller/u_sr_d512x72f116_MM0_wrap/A45304 is placed overlapping with other cells at {{287.224 798.856} {288.744 800.528}}. (ZRT-763)
Warning: Cell u_datapath/u_output_fifo_control/A119705 is placed overlapping with other cells at {{352.280 800.528} {353.496 802.200}}. (ZRT-763)
Warning: Cell HFSBUF_187_149457 is placed overlapping with other cells at {{424.176 803.872} {427.824 805.544}}. (ZRT-763)
Warning: Cell ctmi_66820 is placed overlapping with other cells at {{483.456 805.544} {485.128 807.216}}. (ZRT-763)
Warning: Cell u_datapath/u_output_fifo_control/u_output_fifo_0/dout1r_reg[1] is placed overlapping with other cells at {{576.936 807.216} {582.408 808.888}}. (ZRT-763)
Warning: Cell u_YCrCb2RGB/B1_int_reg[7] is placed overlapping with other cells at {{737.448 802.200} {742.616 803.872}}. (ZRT-763)
Warning: Cell u_datapath/u_input_line_buffer_control/u_input_line_buffer_b/u_sr_d1kx16_f166_wrap1/A44773 is placed overlapping with other cells at {{836.400 798.856} {837.920 800.528}}. (ZRT-763)
Warning: Cell u_main_controller_top/u_main_controller/red_parameters_reg[44] is placed overlapping with other cells at {{291.176 880.784} {296.648 882.456}}. (ZRT-763)
Warning: Cell u_datapath/u_output_fifo_control/u_output_fifo_0/ctmi_695 is placed overlapping with other cells at {{325.224 887.472} {325.984 889.144}}. (ZRT-763)
Warning: Cell u_datapath/u_rotating_cache_control/rc2/mem1_reg[10] is placed overlapping with other cells at {{404.568 879.112} {410.040 880.784}}. (ZRT-763)
Warning: Cell u_datapath/u_SDR_controller/data_out_reg[2] is placed overlapping with other cells at {{487.104 885.800} {492.576 887.472}}. (ZRT-763)
Warning: Cell u_datapath/u_output_fifo_control/u_output_fifo_0/u_sr_d1kx32_f233_wrap/u_sr_d1kx32_f233_bist/bist_addr_q_reg[8] is placed overlapping with other cells at {{564.016 885.800} {569.488 887.472}}. (ZRT-763)
Warning: Cell u_datapath/u_input_line_buffer_control/u_input_line_buffer_r/u_sr_d1kx16_f166_wrap1/A124564 is placed overlapping with other cells at {{736.840 887.472} {738.816 889.144}}. (ZRT-763)
Warning: Cell u_YCrCb2RGB/Cb_reg1_reg[1] is placed overlapping with other cells at {{836.856 919.240} {842.328 920.912}}. (ZRT-763)
Current Stage stats:
[End of Read DB] Elapsed real time: 0:00:00 
[End of Read DB] Elapsed cpu  time: sys=0:00:00 usr=0:00:03 total=0:00:03
[End of Read DB] Stage (MB): Used  110  Alloctr  114  Proc  -32 
[End of Read DB] Total (MB): Used  117  Alloctr  122  Proc 14762 
Constructing data structure ...
Design statistics:
Design Bounding Box (0.00um,0.00um,940.01um,938.94um)
Number of routing layers = 10
layer M1, dir Hor, min width = 0.05um, min space = 0.05um pitch = 0.152um
layer M2, dir Ver, min width = 0.056um, min space = 0.056um pitch = 0.152um
layer M3, dir Hor, min width = 0.056um, min space = 0.056um pitch = 0.304um
layer M4, dir Ver, min width = 0.056um, min space = 0.056um pitch = 0.304um
layer M5, dir Hor, min width = 0.056um, min space = 0.056um pitch = 0.608um
layer M6, dir Ver, min width = 0.056um, min space = 0.056um pitch = 0.608um
layer M7, dir Hor, min width = 0.056um, min space = 0.056um pitch = 1.216um
layer M8, dir Ver, min width = 0.056um, min space = 0.056um pitch = 1.216um
layer M9, dir Hor, min width = 0.16um, min space = 0.16um pitch = 2.432um
layer MRDL, dir Ver, min width = 2um, min space = 2um pitch = 4.864um
Current Stage stats:
[End of Build Tech Data] Elapsed real time: 0:00:00 
[End of Build Tech Data] Elapsed cpu  time: sys=0:00:00 usr=0:00:00 total=0:00:00
[End of Build Tech Data] Stage (MB): Used    9  Alloctr    8  Proc    0 
[End of Build Tech Data] Total (MB): Used  126  Alloctr  131  Proc 14762 
Net statistics:
Total number of nets     = 69389
Number of nets to route  = 68328
Number of single or zero port nets = 3
1009 nets are fully connected,
 of which 1009 are detail routed and 0 are global routed.
Net length statistics: 
Net Count(Ignore Fully Rted) 68377, Total Half Perimeter Wire Length (HPWL) 4362006 microns
HPWL   0 ~   50 microns: Net Count    50923	Total HPWL       617791 microns
HPWL  50 ~  100 microns: Net Count     5908	Total HPWL       424580 microns
HPWL 100 ~  200 microns: Net Count     5461	Total HPWL       784923 microns
HPWL 200 ~  300 microns: Net Count     2477	Total HPWL       606875 microns
HPWL 300 ~  400 microns: Net Count     1343	Total HPWL       464105 microns
HPWL 400 ~  500 microns: Net Count      772	Total HPWL       343441 microns
HPWL 500 ~  600 microns: Net Count      473	Total HPWL       258580 microns
HPWL 600 ~  700 microns: Net Count      311	Total HPWL       201025 microns
HPWL 700 ~  800 microns: Net Count      232	Total HPWL       173323 microns
HPWL 800 ~  900 microns: Net Count      175	Total HPWL       148748 microns
HPWL 900 ~ 1000 microns: Net Count      120	Total HPWL       113425 microns
HPWL     > 1000 microns: Net Count      182	Total HPWL       225191 microns
Current Stage stats:
[End of Build All Nets] Elapsed real time: 0:00:00 
[End of Build All Nets] Elapsed cpu  time: sys=0:00:00 usr=0:00:00 total=0:00:00
[End of Build All Nets] Stage (MB): Used   49  Alloctr   50  Proc    0 
[End of Build All Nets] Total (MB): Used  176  Alloctr  181  Proc 14762 
Number of partitions: 1 (1 x 1)
Size of partitions: 562 gCells x 562 gCells
Average gCell capacity  2.81	 on layer (1)	 M1
Average gCell capacity  5.30	 on layer (2)	 M2
Average gCell capacity  2.98	 on layer (3)	 M3
Average gCell capacity  3.03	 on layer (4)	 M4
Average gCell capacity  1.46	 on layer (5)	 M5
Average gCell capacity  2.63	 on layer (6)	 M6
Average gCell capacity  1.09	 on layer (7)	 M7
Average gCell capacity  0.61	 on layer (8)	 M8
Average gCell capacity  0.00	 on layer (9)	 M9
Average gCell capacity  0.00	 on layer (10)	 MRDL
Average number of tracks per gCell 10.99	 on layer (1)	 M1
Average number of tracks per gCell 11.01	 on layer (2)	 M2
Average number of tracks per gCell 5.50	 on layer (3)	 M3
Average number of tracks per gCell 5.51	 on layer (4)	 M4
Average number of tracks per gCell 2.75	 on layer (5)	 M5
Average number of tracks per gCell 2.75	 on layer (6)	 M6
Average number of tracks per gCell 1.38	 on layer (7)	 M7
Average number of tracks per gCell 1.38	 on layer (8)	 M8
Average number of tracks per gCell 0.69	 on layer (9)	 M9
Average number of tracks per gCell 0.35	 on layer (10)	 MRDL
Number of gCells = 3158440
Current Stage stats:
[End of Build Congestion Map] Elapsed real time: 0:00:02 
[End of Build Congestion Map] Elapsed cpu  time: sys=0:00:00 usr=0:00:02 total=0:00:02
[End of Build Congestion Map] Stage (MB): Used   56  Alloctr   56  Proc    0 
[End of Build Congestion Map] Total (MB): Used  232  Alloctr  238  Proc 14762 
Number of partitions: 1 (1 x 1)
Size of partitions: 562 gCells x 562 gCells
Current Stage stats:
[End of Add Nets Demand] Elapsed real time: 0:00:00 
[End of Add Nets Demand] Elapsed cpu  time: sys=0:00:00 usr=0:00:00 total=0:00:00
[End of Add Nets Demand] Stage (MB): Used    3  Alloctr    3  Proc    0 
[End of Add Nets Demand] Total (MB): Used  235  Alloctr  241  Proc 14762 
Number of user frozen nets = 0
Total stats:
[End of Build Data] Elapsed real time: 0:00:02 
[End of Build Data] Elapsed cpu  time: sys=0:00:00 usr=0:00:02 total=0:00:02
[End of Build Data] Stage (MB): Used  117  Alloctr  119  Proc    0 
[End of Build Data] Total (MB): Used  235  Alloctr  241  Proc 14762 
Number of partitions: 1 (1 x 1)
Size of partitions: 562 gCells x 562 gCells
Current Stage stats:
[End of Blocked Pin Detection] Elapsed real time: 0:00:02 
[End of Blocked Pin Detection] Elapsed cpu  time: sys=0:00:00 usr=0:00:02 total=0:00:02
[End of Blocked Pin Detection] Stage (MB): Used  107  Alloctr  107  Proc    0 
[End of Blocked Pin Detection] Total (MB): Used  343  Alloctr  349  Proc 14762 
Information: Using 16 threads for routing. (ZRT-444)
Information: Placement fast mode ON
Information: Multiple gcell levels ON
Information: Buffer distance is estimated to be ~862.0000um (515 gCells)

Start GR phase 0
Number of partitions: 1 (1 x 1)
Size of partitions: 562 gCells x 562 gCells
10% of nets complete Elapsed cpu time: 0:00:00 Elapsed real time: 0:00:00
20% of nets complete Elapsed cpu time: 0:00:00 Elapsed real time: 0:00:00
30% of nets complete Elapsed cpu time: 0:00:00 Elapsed real time: 0:00:00
40% of nets complete Elapsed cpu time: 0:00:00 Elapsed real time: 0:00:00
50% of nets complete Elapsed cpu time: 0:00:01 Elapsed real time: 0:00:01
60% of nets complete Elapsed cpu time: 0:00:02 Elapsed real time: 0:00:02
70% of nets complete Elapsed cpu time: 0:00:02 Elapsed real time: 0:00:02
80% of nets complete Elapsed cpu time: 0:00:03 Elapsed real time: 0:00:03
90% of nets complete Elapsed cpu time: 0:00:11 Elapsed real time: 0:00:11
[rtAllBotParts] Elapsed real time: 0:01:15 
[rtAllBotParts] Elapsed cpu  time: sys=0:00:00 usr=0:01:15 total=0:01:16
[rtTop] Elapsed real time: 0:00:01 
[rtTop] Elapsed cpu  time: sys=0:00:00 usr=0:00:01 total=0:00:02
Current Stage stats:
[End of Initial Routing] Elapsed real time: 0:01:17 
[End of Initial Routing] Elapsed cpu  time: sys=0:00:01 usr=0:01:17 total=0:01:18
[End of Initial Routing] Stage (MB): Used   56  Alloctr   56  Proc    0 
[End of Initial Routing] Total (MB): Used  399  Alloctr  406  Proc 14762 
Initial. Routing result:
Initial. Both Dirs: Dmd-Cap  = 179186 Max = 17 GRCs = 125111 (19.81%)
Initial. H routing: Dmd-Cap  = 153209 Max = 16 (GRCs =  1) GRCs = 103839 (32.88%)
Initial. V routing: Dmd-Cap  =  25977 Max = 17 (GRCs =  1) GRCs =  21272 (6.73%)
Initial. Both Dirs: Overflow = 308533 Max = 12 GRCs = 242901 (38.45%)
Initial. H routing: Overflow = 259286 Max = 12 (GRCs =  2) GRCs = 191063 (60.49%)
Initial. V routing: Overflow =  49247 Max = 10 (GRCs =  1) GRCs =  51838 (16.41%)
Initial. M1         Overflow =      0 Max =  0 (GRCs =  0) GRCs =      0 (0.00%)
Initial. M2         Overflow =  29523 Max = 10 (GRCs =  1) GRCs =  24278 (7.69%)
Initial. M3         Overflow = 164008 Max = 12 (GRCs =  2) GRCs =  66526 (21.06%)
Initial. M4         Overflow =  11391 Max =  8 (GRCs =  1) GRCs =  10253 (3.25%)
Initial. M5         Overflow =  59023 Max =  5 (GRCs =  5) GRCs =  42939 (13.60%)
Initial. M6         Overflow =   8332 Max =  6 (GRCs =  5) GRCs =  17307 (5.48%)
Initial. M7         Overflow =  36254 Max =  4 (GRCs = 63) GRCs =  81598 (25.83%)
Initial. M8         Overflow =      0 Max =  0 (GRCs =  0) GRCs =      0 (0.00%)
Initial. M9         Overflow =      0 Max =  0 (GRCs =  0) GRCs =      0 (0.00%)
Initial. MRDL       Overflow =      0 Max =  0 (GRCs =  0) GRCs =      0 (0.00%)


Overflow over macro areas

Initial. Both Dirs: Overflow = 32976 Max = 10 GRCs = 89211 (31.51%)
Initial. H routing: Overflow = 27342 Max = 10 (GRCs =  2) GRCs = 74235 (52.44%)
Initial. V routing: Overflow =  5633 Max =  8 (GRCs =  3) GRCs = 14976 (10.58%)
Initial. M1         Overflow =     0 Max =  0 (GRCs =  0) GRCs =     0 (0.00%)
Initial. M2         Overflow =   583 Max =  8 (GRCs =  2) GRCs =   554 (0.39%)
Initial. M3         Overflow =  1925 Max = 10 (GRCs =  2) GRCs =  1807 (1.28%)
Initial. M4         Overflow =   328 Max =  8 (GRCs =  1) GRCs =   576 (0.41%)
Initial. M5         Overflow =   627 Max =  4 (GRCs =  4) GRCs =  1406 (0.99%)
Initial. M6         Overflow =  4721 Max =  6 (GRCs =  5) GRCs = 13846 (9.78%)
Initial. M7         Overflow = 24789 Max =  4 (GRCs = 63) GRCs = 71022 (50.17%)
Initial. M8         Overflow =     0 Max =  0 (GRCs =  0) GRCs =     0 (0.00%)
Initial. M9         Overflow =     0 Max =  0 (GRCs =  0) GRCs =     0 (0.00%)
Initial. MRDL       Overflow =     0 Max =  0 (GRCs =  0) GRCs =     0 (0.00%)

Initial. Total Wire Length = 4841724.75
Initial. Layer M1 wire length = 819.47
Initial. Layer M2 wire length = 1316504.05
Initial. Layer M3 wire length = 1193471.35
Initial. Layer M4 wire length = 782212.48
Initial. Layer M5 wire length = 577910.25
Initial. Layer M6 wire length = 572080.86
Initial. Layer M7 wire length = 398721.27
Initial. Layer M8 wire length = 5.02
Initial. Layer M9 wire length = 0.00
Initial. Layer MRDL wire length = 0.00
Initial. Total Number of Contacts = 560363
Initial. Via VIA12SQ_C count = 199605
Initial. Via VIA23SQ_C count = 216867
Initial. Via VIA34SQ_C count = 56328
Initial. Via VIA45SQ_C count = 44019
Initial. Via VIA56SQ_C count = 23592
Initial. Via VIA67SQ_C count = 19946
Initial. Via VIA78SQ_C count = 6
Initial. Via VIA89_C count = 0
Initial. Via VIA9RDL count = 0
Initial. completed.

Start GR phase 1
Wed Jul  1 12:14:39 2026
Number of partitions: 16 (4 x 4)
Size of partitions: 160 gCells x 160 gCells
10% of nets complete Elapsed cpu time: 0:00:32 Elapsed real time: 0:00:20
20% of nets complete Elapsed cpu time: 0:01:40 Elapsed real time: 0:01:20
30% of nets complete Elapsed cpu time: 0:01:47 Elapsed real time: 0:01:21
40% of nets complete Elapsed cpu time: 0:01:52 Elapsed real time: 0:01:21
50% of nets complete Elapsed cpu time: 0:02:00 Elapsed real time: 0:01:22
60% of nets complete Elapsed cpu time: 0:02:04 Elapsed real time: 0:01:23
70% of nets complete Elapsed cpu time: 0:02:04 Elapsed real time: 0:01:23
80% of nets complete Elapsed cpu time: 0:02:16 Elapsed real time: 0:01:25
90% of nets complete Elapsed cpu time: 0:02:22 Elapsed real time: 0:01:27
[rtAllParts] Elapsed real time: 0:01:38 
[rtAllParts] Elapsed cpu  time: sys=0:00:01 usr=0:02:44 total=0:02:46
Number of partitions: 16 (4 x 4)
Size of partitions: 160 gCells x 160 gCells
[updNetsDmd] Elapsed real time: 0:00:00 
[updNetsDmd] Elapsed cpu  time: sys=0:00:00 usr=0:00:01 total=0:00:01
Current Stage stats:
[End of Phase1 Routing] Elapsed real time: 0:01:38 
[End of Phase1 Routing] Elapsed cpu  time: sys=0:00:01 usr=0:02:45 total=0:02:47
[End of Phase1 Routing] Stage (MB): Used    5  Alloctr   23  Proc    0 
[End of Phase1 Routing] Total (MB): Used  405  Alloctr  430  Proc 14762 
phase1. Routing result:
phase1. Both Dirs: Dmd-Cap  = 148391 Max = 20 GRCs =  60900 (9.64%)
phase1. H routing: Dmd-Cap  = 126794 Max = 13 (GRCs =  1) GRCs =  47959 (15.18%)
phase1. V routing: Dmd-Cap  =  21597 Max = 20 (GRCs =  1) GRCs =  12941 (4.10%)
phase1. Both Dirs: Overflow = 263693 Max = 12 GRCs = 160100 (25.34%)
phase1. H routing: Overflow = 223645 Max =  9 (GRCs =  2) GRCs = 127117 (40.25%)
phase1. V routing: Overflow =  40048 Max = 12 (GRCs =  1) GRCs =  32983 (10.44%)
phase1. M1         Overflow =     25 Max =  2 (GRCs =  3) GRCs =     30 (0.01%)
phase1. M2         Overflow =  22837 Max = 12 (GRCs =  1) GRCs =  17482 (5.54%)
phase1. M3         Overflow = 146658 Max =  9 (GRCs =  2) GRCs =  63801 (20.20%)
phase1. M4         Overflow =  12817 Max =  6 (GRCs =  4) GRCs =  11320 (3.58%)
phase1. M5         Overflow =  53325 Max =  4 (GRCs = 25) GRCs =  41197 (13.04%)
phase1. M6         Overflow =   4394 Max =  5 (GRCs =  1) GRCs =   4181 (1.32%)
phase1. M7         Overflow =  23637 Max =  4 (GRCs =  2) GRCs =  22089 (6.99%)
phase1. M8         Overflow =      0 Max =  0 (GRCs =  0) GRCs =      0 (0.00%)
phase1. M9         Overflow =      0 Max =  0 (GRCs =  0) GRCs =      0 (0.00%)
phase1. MRDL       Overflow =      0 Max =  0 (GRCs =  0) GRCs =      0 (0.00%)


Overflow over macro areas

phase1. Both Dirs: Overflow = 17420 Max = 10 GRCs = 15457 (5.46%)
phase1. H routing: Overflow = 16033 Max =  8 (GRCs =  2) GRCs = 14386 (10.16%)
phase1. V routing: Overflow =  1387 Max = 10 (GRCs =  1) GRCs =  1071 (0.76%)
phase1. M1         Overflow =     4 Max =  2 (GRCs =  1) GRCs =     3 (0.00%)
phase1. M2         Overflow =   279 Max = 10 (GRCs =  1) GRCs =   135 (0.10%)
phase1. M3         Overflow =  1353 Max =  8 (GRCs =  2) GRCs =   746 (0.53%)
phase1. M4         Overflow =   148 Max =  6 (GRCs =  2) GRCs =   100 (0.07%)
phase1. M5         Overflow =   390 Max =  3 (GRCs =  4) GRCs =   345 (0.24%)
phase1. M6         Overflow =   960 Max =  5 (GRCs =  1) GRCs =   836 (0.59%)
phase1. M7         Overflow = 14286 Max =  4 (GRCs =  2) GRCs = 13292 (9.39%)
phase1. M8         Overflow =     0 Max =  0 (GRCs =  0) GRCs =     0 (0.00%)
phase1. M9         Overflow =     0 Max =  0 (GRCs =  0) GRCs =     0 (0.00%)
phase1. MRDL       Overflow =     0 Max =  0 (GRCs =  0) GRCs =     0 (0.00%)

phase1. Total Wire Length = 5008803.00
phase1. Layer M1 wire length = 5813.50
phase1. Layer M2 wire length = 1411249.20
phase1. Layer M3 wire length = 1194223.36
phase1. Layer M4 wire length = 844197.05
phase1. Layer M5 wire length = 574232.72
phase1. Layer M6 wire length = 583115.18
phase1. Layer M7 wire length = 395824.87
phase1. Layer M8 wire length = 147.12
phase1. Layer M9 wire length = 0.00
phase1. Layer MRDL wire length = 0.00
phase1. Total Number of Contacts = 599953
phase1. Via VIA12SQ_C count = 204032
phase1. Via VIA23SQ_C count = 223833
phase1. Via VIA34SQ_C count = 70800
phase1. Via VIA45SQ_C count = 50970
phase1. Via VIA56SQ_C count = 28189
phase1. Via VIA67SQ_C count = 22031
phase1. Via VIA78SQ_C count = 98
phase1. Via VIA89_C count = 0
phase1. Via VIA9RDL count = 0
phase1. completed.
[End of Whole Chip Routing] Elapsed real time: 0:03:01 
[End of Whole Chip Routing] Elapsed cpu  time: sys=0:00:03 usr=0:04:08 total=0:04:11
[End of Whole Chip Routing] Stage (MB): Used  287  Alloctr  308  Proc    0 
[End of Whole Chip Routing] Total (MB): Used  405  Alloctr  430  Proc 14762 

Congestion utilization per direction:
Average vertical track utilization   = 54.18 %
Peak    vertical track utilization   = 300.00 %
Average horizontal track utilization = 56.49 %
Peak    horizontal track utilization = 500.00 %

[End of Global Routing] Elapsed real time: 0:03:01 
[End of Global Routing] Elapsed cpu  time: sys=0:00:03 usr=0:04:09 total=0:04:12
[End of Global Routing] Stage (MB): Used  217  Alloctr  238  Proc    0 
[End of Global Routing] Total (MB): Used  335  Alloctr  361  Proc 14762 
Writing out congestion map...
Updating congestion ...
Updating congestion ...
[End of dbOut] Elapsed real time: 0:00:00 
[End of dbOut] Elapsed cpu  time: sys=0:00:00 usr=0:00:00 total=0:00:00
[End of dbOut] Stage (MB): Used -166  Alloctr -191  Proc    0 
[End of dbOut] Total (MB): Used   36  Alloctr   37  Proc 14762 
Using per-layer congestion maps for congestion reduction.
Information: 78.52% of design has horizontal routing density above target_routing_density of 0.80.
Information: 62.36% of design has vertical routing density above target_routing_density of 0.80.
DEBUG FLOWMSGPRINTER: HANDLER IS NULL
Completed transferring placement data.
Running placement using 16 thread(s)
Information: Enhanced Auto Density Control is used. (PLACE-098)
Information: Enhanced auto density configuration is 13179.
Information: Automatic density control has selected the following settings: max_density 0.60, congestion_driven_max_util 0.89. (PLACE-027)
Information: HFW control 'off' invoked.
coarse place 100% done.
Warning: There is insufficient area available to achieve the target routing density of 0.80. Using a value of 1.21 instead. (PLACE-029)
Information: Reducing cell density for 27.2% of the movable cells to alleviate congestion. This changes the average cell density in non-congested areas from 0.731 to 0.890. (PLACE-030)
Completed Timing-driven placement, Elapsed time =   0: 3: 5 
Moved 0 out of 79008 cells, ratio = 0.000000
----------------------------------------------------------------
----------------------------------------------------------------
----------------------------------------------------------------
Running congestion-aware direct-timing-driven placement
Information: The stitching and editing of coupling caps is turned OFF for design 'fsc_top.nlib:fsc_top/icg.design'. (TIM-125)
Information: Orientation ETCH is using reference direction: VERTICAL. (NEX-032)
Information: Orientation ETCH is using reference direction: VERTICAL. (NEX-032)
Information: Orientation ETCH is using reference direction: VERTICAL. (NEX-032)
Information: Orientation ETCH is using reference direction: VERTICAL. (NEX-032)
Information: Orientation ETCH is using reference direction: VERTICAL. (NEX-032)
Information: Orientation ETCH is using reference direction: VERTICAL. (NEX-032)
Information: Orientation ETCH is using reference direction: VERTICAL. (NEX-032)
Information: Orientation ETCH is using reference direction: VERTICAL. (NEX-032)
Information: Orientation ETCH is using reference direction: VERTICAL. (NEX-032)
Information: Orientation ETCH is using reference direction: VERTICAL. (NEX-032)
Information: Orientation ETCH is using reference direction: VERTICAL. (NEX-032)
Information: Orientation ETCH is using reference direction: VERTICAL. (NEX-032)
Information: Orientation ETCH is using reference direction: VERTICAL. (NEX-032)
Information: Orientation ETCH is using reference direction: VERTICAL. (NEX-032)
Information: Orientation ETCH is using reference direction: VERTICAL. (NEX-032)
Information: Orientation ETCH is using reference direction: VERTICAL. (NEX-032)
DEBUG FLOWMSGPRINTER: HANDLER IS NULL
Corner Scaling is off, multiplier is 1.000000
Information: Orientation ETCH is using reference direction: VERTICAL. (NEX-032)
Information: timingScenario ss0p95v125c.func timingCorner ss0p95v125c.  Using corner ss0p95v125c for worst leakage corner. (OPT-078)
Information: Using default layer M5 (OPT-079)
Information: Nominal = 0.0353099  Design MT = inf  Target = 0.1379810  MaxRC = 0.096804 Fast Target = 0.044405 (OPT-081)
nplLib: default vr hor dist = 1155
nplLib: default vr ver dist = 1155
nplLib: default vr buf size = 6
nplLib: default vr buf size = 2
Placer using max_unbuffered_distance = 1154.78

Placement Options:
Effort:                        medium_effort       
Timing Driven:                 true                
Buffering Aware Timing Driven: false               
Seed locs:                     true                
Incremental:                   false               
Congestion:                    true                
Congestion Effort:             medium              
Fix Macros:                    true                
Place Macros:                  false               
Channel Size Macros:           false               

Printing options for 'place.coarse.*' (non-default only)
place.coarse.auto_density_control                       :	 enhanced            
place.coarse.cong_restruct_effort                       :	 low                 
place.coarse.cong_restruct_iterations                   :	 1                   
place.coarse.congestion_expansion_direction             :	 both                
place.coarse.icg_auto_bound                             :	 true                
place.coarse.increased_cell_expansion                   :	 true                

Info: ICG auto bound skipping extra processing.
Info: ICG AutoBound found 510 ICGs
Info: ICG AutoBound created 0 group bounds 
Information: Activity propagation will be performed for scenario ss0p95v125c.func.
Information: Doing activity propagation for mode 'func' and corner 'ss0p95v125c' with effort level 'medium'. (POW-024)
Information: Timer-derived activity data is cached on scenario ss0p95v125c.func (POW-052)
Information: Running switching activity propagation with 16 threads!

 **** Information : No. of simulation cycles = 7 ****
****** eLpp weights (with caps) (no lengths)
Number of nets: 69338, of which 68072 non-clock nets
Number of nets with 0 toggle rate: 24209 (34.9145%)
Max toggle rate = 0.330033, average toggle rate = 0.00446486
Max non-clock toggle rate = 0.118096
eLpp weight range = (0, 56.8283)
*** 723 nets are filtered out
Start transferring placement data.
****** Net weight manager: report ******
Weights included: eLpp  Timing  
Number of nets with non-default weights: 69338
Amt power = 0.1
Timing factor = 1
Non-default weight range: (0.532992, 6.21582)
                             Min         Max         Avg       Stdev        Skew
       Toggle Rates            0    0.330033  0.00446503   0.0141545     9.99355
      Power Weights            0     56.8283    0.768833     2.43727     9.99355
     Timing Weights     0.592213     1.77664           1    0.447986    0.890823
      Final Weights     0.532992     6.21582    0.976883    0.424027      1.7705
Information: Automatic repeater spreading is enabled.
Information: Automatic timing control is enabled.
checking app option clockgate_objective_weight : none
Information: Clock gate latency aware placement is enabled. (PLACE-085)
Information: Orientation ETCH is using reference direction: VERTICAL. (NEX-032)
Information: Orientation ETCH is using reference direction: VERTICAL. (NEX-032)
Information: Orientation ETCH is using reference direction: VERTICAL. (NEX-032)
DTDP placement: scenario=ss0p95v125c.func
DEBUG FLOWMSGPRINTER: HANDLER IS NULL
Information: Orientation ETCH is using reference direction: VERTICAL. (NEX-032)
Information: Orientation ETCH is using reference direction: VERTICAL. (NEX-032)
Information: Orientation ETCH is using reference direction: VERTICAL. (NEX-032)
Information: Orientation ETCH is using reference direction: VERTICAL. (NEX-032)
Factor(1) = 1
Factor(BASE) = 1
Information: Orientation ETCH is using reference direction: VERTICAL. (NEX-032)
Information: The net parasitics of block fsc_top are cleared. (TIM-123)
Completed transferring placement data.
Running placement using 16 thread(s)
Information: Enhanced Auto Density Control is used. (PLACE-098)
Information: Enhanced auto density configuration is 13179.
Information: Automatic density control has selected the following settings: max_density 0.60, congestion_driven_max_util 0.89. (PLACE-027)
Information: HFW control 'off' invoked.
coarse place 45% done.
coarse place 55% done.
coarse place 64% done.
coarse place 73% done.
coarse place 82% done.
coarse place 91% done.
coarse place 100% done.
Information: Coarse placer wire length estimate = 4.01386e+06
Information: Coarse placer active wire length estimate = 19053.1
Information: Coarse placer weighted wire length estimate = 3.94986e+06
Information: Extraction observers are detached as design net change threshold is reached.
Information: Orientation ETCH is using reference direction: VERTICAL. (NEX-032)
Information: Orientation ETCH is using reference direction: VERTICAL. (NEX-032)
Information: Orientation ETCH is using reference direction: VERTICAL. (NEX-032)
Information: Orientation ETCH is using reference direction: VERTICAL. (NEX-032)
Information: Orientation ETCH is using reference direction: VERTICAL. (NEX-032)
Information: Orientation ETCH is using reference direction: VERTICAL. (NEX-032)
Information: Orientation ETCH is using reference direction: VERTICAL. (NEX-032)
Information: Orientation ETCH is using reference direction: VERTICAL. (NEX-032)
Information: Orientation ETCH is using reference direction: VERTICAL. (NEX-032)
Information: Orientation ETCH is using reference direction: VERTICAL. (NEX-032)
Information: Orientation ETCH is using reference direction: VERTICAL. (NEX-032)
Information: Orientation ETCH is using reference direction: VERTICAL. (NEX-032)
Information: Orientation ETCH is using reference direction: VERTICAL. (NEX-032)
Information: Orientation ETCH is using reference direction: VERTICAL. (NEX-032)
Information: Orientation ETCH is using reference direction: VERTICAL. (NEX-032)
Information: Estimating clock gate latencies for scenario 'ss0p95v125c.func'. (OPT-909)
Information: Orientation ETCH is using reference direction: VERTICAL. (NEX-032)
Information: Orientation ETCH is using reference direction: VERTICAL. (NEX-032)
Completed Timing-driven placement, Elapsed time =   0: 0:22 
Moved 67316 out of 79008 cells, ratio = 0.852015
Total displacement = 4143784.750000(um)
Max displacement = 807.648987(um), u_datapath/HFSBUF_204_151573 (819.755981, 473.046997, 0) => (454.949005, 909.505005, 6)
Displacement histogram:
  0 ~  10% cells displacement <=     14.16(um)
  0 ~  20% cells displacement <=     22.28(um)
  0 ~  30% cells displacement <=     29.65(um)
  0 ~  40% cells displacement <=     37.15(um)
  0 ~  50% cells displacement <=     45.17(um)
  0 ~  60% cells displacement <=     54.35(um)
  0 ~  70% cells displacement <=     66.75(um)
  0 ~  80% cells displacement <=     85.03(um)
  0 ~  90% cells displacement <=    125.45(um)
  0 ~ 100% cells displacement <=    807.65(um)
----------------------------------------------------------------
Warning: To enable pin track alignment feature, the advanced legalizer has to be turned on using app option "place.legalize.enable_advanced_legalizer".
Warning: Pin track alignment feature will be disabled in this run
Information: Initializing classic cellmap without advanced rules enabled and without PDC enabled
Information: The following app options are used in cellmap
        place.legalize.enable_color_aware_placement : false
        place.legalize.use_nll_query_cm : false
        place.legalize.enable_advanced_legalizer : false
        place.legalize.enable_prerouted_net_check : true
        place.legalize.enable_advanced_prerouted_net_check : false
        place.legalize.always_continue : true
        place.legalize.limit_legality_checks : false
        place.common.pnet_aware_density : 1.0000
        place.common.pnet_aware_min_width : 0.0000
        place.common.pnet_aware_layers : {}
        place.common.use_placement_model : false
        place.common.enable_advanced_placement_model : true
        cts.placement.cell_spacing_rule_style : maximum
Total 0.1102 seconds to build cellmap data
Snapped 68755 standard cells to the nearest cellrow to improve the accuracy of congestion analysis.
DEBUG FLOWMSGPRINTER: HANDLER IS NULL
Compile-fusion optimization summary            SETUP-COST    R2R-COST HOLD-COST LDRC-COST          AREA     LEAKAGE     INSTCNT            ELAPSE       MEM
Compile-fusion                                          -           -         -         -     701701.12           -       68785              0.28      3363
Information: Ending   compile_fusion / initial_opto / Timing and Congestion Driven Placement (FLW-8001)
Information: Time: 2026-07-01 12:16:43 / Session:  00:16:49 / Command:  00:12:31 / CPU:  00:19:59 / Memory: 3363 MB (FLW-8100)
Information: CPU Load: 1%, Ram Free: 157 GB, Swap Free: 13 GB, Work Disk Free: 5929 GB, Tmp Disk Free: 70 GB (MSG-3995)
Information: Starting compile_fusion / initial_opto / Scan Reordering (FLW-8000)
Information: Time: 2026-07-01 12:16:43 / Session:  00:16:49 / Command:  00:12:31 / CPU:  00:19:59 / Memory: 3363 MB (FLW-8100)
Information: CPU Load: 1%, Ram Free: 157 GB, Swap Free: 13 GB, Work Disk Free: 5929 GB, Tmp Disk Free: 70 GB (MSG-3995)
Warning: SCANDEF based Optimization skipped: No ScanDEF chains found. (DFT-1991)
Compile-fusion optimization summary            SETUP-COST    R2R-COST HOLD-COST LDRC-COST          AREA     LEAKAGE     INSTCNT            ELAPSE       MEM
Compile-fusion                                          -           -         -         -     701701.12           -       68785              0.28      3363
Information: Ending   compile_fusion / initial_opto / Scan Reordering (FLW-8001)
Information: Time: 2026-07-01 12:16:43 / Session:  00:16:49 / Command:  00:12:31 / CPU:  00:19:59 / Memory: 3363 MB (FLW-8100)
Information: CPU Load: 1%, Ram Free: 157 GB, Swap Free: 13 GB, Work Disk Free: 5929 GB, Tmp Disk Free: 70 GB (MSG-3995)
Information: Structural Congestion Optimization technology (Post-DTDP SCO) has been enabled. (SCO-0001)
Information: Starting compile_fusion / initial_opto / Optimization (2) (FLW-8000)
Information: Time: 2026-07-01 12:16:43 / Session:  00:16:49 / Command:  00:12:31 / CPU:  00:19:59 / Memory: 3363 MB (FLW-8100)
Information: CPU Load: 1%, Ram Free: 157 GB, Swap Free: 13 GB, Work Disk Free: 5929 GB, Tmp Disk Free: 70 GB (MSG-3995)
Information: Orientation ETCH is using reference direction: VERTICAL. (NEX-032)
Information: Orientation ETCH is using reference direction: VERTICAL. (NEX-032)
Information: Orientation ETCH is using reference direction: VERTICAL. (NEX-032)
Information: Orientation ETCH is using reference direction: VERTICAL. (NEX-032)
Information: Orientation ETCH is using reference direction: VERTICAL. (NEX-032)
Information: Orientation ETCH is using reference direction: VERTICAL. (NEX-032)
Information: Orientation ETCH is using reference direction: VERTICAL. (NEX-032)
Information: Orientation ETCH is using reference direction: VERTICAL. (NEX-032)
Information: Orientation ETCH is using reference direction: VERTICAL. (NEX-032)
Information: Orientation ETCH is using reference direction: VERTICAL. (NEX-032)
Information: Orientation ETCH is using reference direction: VERTICAL. (NEX-032)
Information: Orientation ETCH is using reference direction: VERTICAL. (NEX-032)
Information: Orientation ETCH is using reference direction: VERTICAL. (NEX-032)
Information: Orientation ETCH is using reference direction: VERTICAL. (NEX-032)
Information: Orientation ETCH is using reference direction: VERTICAL. (NEX-032)
Information: Estimating clock gate latencies for scenario 'ss0p95v125c.func'. (OPT-909)
Information: Orientation ETCH is using reference direction: VERTICAL. (NEX-032)
Information: Orientation ETCH is using reference direction: VERTICAL. (NEX-032)
Compile-fusion optimization summary            SETUP-COST    R2R-COST HOLD-COST LDRC-COST          AREA     LEAKAGE     INSTCNT            ELAPSE       MEM
Compile-fusion                                          -           -         -         -     701701.12           -       68785              0.28      3363
Information: Ending   compile_fusion / initial_opto / Optimization (2) (FLW-8001)
Information: Time: 2026-07-01 12:16:44 / Session:  00:16:50 / Command:  00:12:32 / CPU:  00:20:01 / Memory: 3363 MB (FLW-8100)
Information: CPU Load: 1%, Ram Free: 157 GB, Swap Free: 13 GB, Work Disk Free: 5929 GB, Tmp Disk Free: 70 GB (MSG-3995)
Information: Starting compile_fusion / initial_opto / Scan Synthesis (FLW-8000)
Information: Time: 2026-07-01 12:16:44 / Session:  00:16:50 / Command:  00:12:32 / CPU:  00:20:01 / Memory: 3363 MB (FLW-8100)
Information: CPU Load: 1%, Ram Free: 157 GB, Swap Free: 13 GB, Work Disk Free: 5929 GB, Tmp Disk Free: 70 GB (MSG-3995)
Compile-fusion optimization summary            SETUP-COST    R2R-COST HOLD-COST LDRC-COST          AREA     LEAKAGE     INSTCNT            ELAPSE       MEM
Compile-fusion                                          -           -         -         -     701701.12           -       68785              0.28      3363
Information: Ending   compile_fusion / initial_opto / Scan Synthesis (FLW-8001)
Information: Time: 2026-07-01 12:16:44 / Session:  00:16:50 / Command:  00:12:32 / CPU:  00:20:01 / Memory: 3363 MB (FLW-8100)
Information: CPU Load: 1%, Ram Free: 157 GB, Swap Free: 13 GB, Work Disk Free: 5929 GB, Tmp Disk Free: 70 GB (MSG-3995)
Information: Starting compile_fusion / initial_opto / DRC Optimization (FLW-8000)
Information: Time: 2026-07-01 12:16:44 / Session:  00:16:50 / Command:  00:12:32 / CPU:  00:20:01 / Memory: 3363 MB (FLW-8100)
Information: CPU Load: 1%, Ram Free: 157 GB, Swap Free: 13 GB, Work Disk Free: 5929 GB, Tmp Disk Free: 70 GB (MSG-3995)
Information: The stitching and editing of coupling caps is turned OFF for design 'fsc_top.nlib:fsc_top/icg.design'. (TIM-125)
Information: Orientation ETCH is using reference direction: VERTICAL. (NEX-032)
Corner Scaling is off, multiplier is 1.000000
Information: Initializing classic cellmap without advanced rules enabled and without PDC enabled
Information: The following app options are used in cellmap
        place.legalize.enable_color_aware_placement : false
        place.legalize.use_nll_query_cm : false
        place.legalize.enable_advanced_legalizer : false
        place.legalize.enable_prerouted_net_check : true
        place.legalize.enable_advanced_prerouted_net_check : false
        place.legalize.always_continue : true
        place.legalize.limit_legality_checks : false
        place.common.pnet_aware_density : 1.0000
        place.common.pnet_aware_min_width : 0.0000
        place.common.pnet_aware_layers : {}
        place.common.use_placement_model : false
        place.common.enable_advanced_placement_model : true
        cts.placement.cell_spacing_rule_style : maximum
Total 0.1079 seconds to build cellmap data
INFO: creating 188(r) x 188(c) GridCells YDim 5.016 XDim 5.016
INFO: number of GridCells (fsc_top/icg): 35344
INFO: creating 188(r) x 188(c) GridCells YDim 5.016 XDim 5.016
INFO: number of GridCells (fsc_top/icg): 35344
Total 0.5266 seconds to load 80416 cell instances into cellmap
Moveable cells: 68755; Application fixed cells: 0; Macro cells: 0; User fixed cells: 11661
Average cell width 2.7585, cell height 1.6720, cell area 4.6123 for total 68755 placed and application fixed cells
Information: Orientation ETCH is using reference direction: VERTICAL. (NEX-032)
Information: timingScenario ss0p95v125c.func timingCorner ss0p95v125c.  Using corner ss0p95v125c for worst leakage corner. (OPT-078)
Information: Using default layer M5 (OPT-079)
Information: Nominal = 0.0353099  Design MT = inf  Target = 0.1379810  MaxRC = 0.096804 Fast Target = 0.044405 (OPT-081)
Collecting Drivers ...  
Design max_transition = inf
Design max_capacitance = inf
Using layer M5 for buffering distances
GRE layer bins: None, M2
Found 3857 buffer-tree drivers

Roi-HfsDrc SN: 1798569713 435980330 0 67108865 (1169.485107)

Processing Buffer Trees Incrementally (ROI) ... 

    [386]  10% ...
    [772]  20% ...
    [1158]  30% ...
    [1544]  40% ...
    [1930]  50% ...
    [2316]  60% ...
    [2702]  70% ...
    [3088]  80% ...
    [3474]  90% ...
    [3857] 100% Done

                  Deleted        Added
------------ ------------ ------------
    Buffers:            0         2360
  Inverters:            0         1124
------------ ------------ ------------
      Total:            0         3484
------------ ------------ ------------

Number of Drivers Sized: 1774 [45.99%]

                      P: 1099 [28.49%]
                      N: 675 [17.50%]

Found 52 net drivers

Processing Buffer Trees Incrementally (ROI-INCR) ... 

    [6]  10% ...
    [12]  20% ...
    [18]  30% ...
    [24]  40% ...
    [30]  50% ...
    [36]  60% ...
    [42]  70% ...
    [48]  80% ...
    [52] 100% Done

                  Deleted        Added
------------ ------------ ------------
    Buffers:            0           45
  Inverters:            0           13
------------ ------------ ------------
      Total:            0           58
------------ ------------ ------------

Number of Drivers Sized: 19 [36.54%]

                      P: 12 [23.08%]
                      N: 7 [13.46%]

Zbuf-RUNTIME (Hr:Min:Sec)  CPU 0 hr : 0 min : 14.92 sec ELAPSE 0 hr : 0 min : 3.35 sec
Zbuf-RUNTIME         (Min) CPU 0 min ELAPSE 0 min
ZBuf-MEM(max-mem) total 3444008 K / inuse 2166960 K
Information: Result of compile_fusion / initial_opto / DRC Optimization (FLW-8500)
Information: Top 10 transition violators after high fanout synthesis (HFS-1000)
Slack     Fanout  Scenario    Driver                                                       
-0.000    1       ss0p95v125c.func  u_main_controller_top/u_main_controller/new_mptr_reg[4]/Q    

Compile-fusion optimization summary            SETUP-COST    R2R-COST HOLD-COST LDRC-COST          AREA     LEAKAGE     INSTCNT            ELAPSE       MEM
Compile-fusion                                 13527576.00  8826918.00         -       235     718879.44  48491880448.00       72327              0.28      3363
Compile-fusion optimization summary            SETUP-COST    R2R-COST HOLD-COST LDRC-COST          AREA     LEAKAGE     INSTCNT            ELAPSE       MEM
Compile-fusion                                 13527576.00  8826918.00         -       235     718879.44           -       72327              0.28      3363
Information: Ending   compile_fusion / initial_opto / DRC Optimization (FLW-8001)
Information: Time: 2026-07-01 12:16:48 / Session:  00:16:54 / Command:  00:12:36 / CPU:  00:20:22 / Memory: 3363 MB (FLW-8100)
Information: CPU Load: 1%, Ram Free: 157 GB, Swap Free: 13 GB, Work Disk Free: 5929 GB, Tmp Disk Free: 70 GB (MSG-3995)
Information: Starting compile_fusion / initial_opto / Incremental High Fanout Synthesis (FLW-8000)
Information: Time: 2026-07-01 12:16:48 / Session:  00:16:54 / Command:  00:12:36 / CPU:  00:20:22 / Memory: 3363 MB (FLW-8100)
Information: CPU Load: 1%, Ram Free: 157 GB, Swap Free: 13 GB, Work Disk Free: 5929 GB, Tmp Disk Free: 70 GB (MSG-3995)
Isolated 0 ports, skipped 0 ports
Already Isolated 0 ports, Deleted 0 existing Isolation cells 
Information: Initializing classic cellmap without advanced rules enabled and without PDC enabled
Information: The following app options are used in cellmap
        place.legalize.enable_color_aware_placement : false
        place.legalize.use_nll_query_cm : false
        place.legalize.enable_advanced_legalizer : false
        place.legalize.enable_prerouted_net_check : true
        place.legalize.enable_advanced_prerouted_net_check : false
        place.legalize.always_continue : true
        place.legalize.limit_legality_checks : false
        place.common.pnet_aware_density : 1.0000
        place.common.pnet_aware_min_width : 0.0000
        place.common.pnet_aware_layers : {}
        place.common.use_placement_model : false
        place.common.enable_advanced_placement_model : true
        cts.placement.cell_spacing_rule_style : maximum
Total 0.1165 seconds to build cellmap data
INFO: creating 188(r) x 188(c) GridCells YDim 5.016 XDim 5.016
INFO: number of GridCells (fsc_top/icg): 35344
INFO: creating 188(r) x 188(c) GridCells YDim 5.016 XDim 5.016
INFO: number of GridCells (fsc_top/icg): 35344
Total 0.5618 seconds to load 83958 cell instances into cellmap
Moveable cells: 72297; Application fixed cells: 0; Macro cells: 0; User fixed cells: 11661
Average cell width 2.7655, cell height 1.6720, cell area 4.6239 for total 72297 placed and application fixed cells
Warning: Skipping pin tapfiller!tap_cell!TAP02!0/VDD. Reason - Power/Ground pin. (OPT-069)
Warning: Skipping pin boundarycell_ENDCAP02_0/VDD. Reason - Power/Ground pin. (OPT-069)
Warning: Skipping pin boundarycell_ENDCAP02_1/VDD. Reason - Power/Ground pin. (OPT-069)
Warning: Skipping pin boundarycell_ENDCAP02_2/VDD. Reason - Power/Ground pin. (OPT-069)
Warning: Skipping pin boundarycell_ENDCAP02_3/VDD. Reason - Power/Ground pin. (OPT-069)
Warning: Skipping pin boundarycell_ENDCAP02_4/VDD. Reason - Power/Ground pin. (OPT-069)
Warning: Skipping pin boundarycell_ENDCAP02_5/VDD. Reason - Power/Ground pin. (OPT-069)
Warning: Skipping pin boundarycell_ENDCAP02_6/VDD. Reason - Power/Ground pin. (OPT-069)
Warning: Skipping pin boundarycell_ENDCAP02_7/VDD. Reason - Power/Ground pin. (OPT-069)
Warning: Skipping pin boundarycell_ENDCAP02_8/VDD. Reason - Power/Ground pin. (OPT-069)
Note - message 'OPT-069' limit (10) exceeded. Remainder will be suppressed.
INFO: total number of constant pins: 26055
INFO: constant pins which are scan-pins: 23300
INFO: constant pins that are not scan-pins: 2755
Compile-fusion optimization summary            SETUP-COST    R2R-COST HOLD-COST LDRC-COST          AREA     LEAKAGE     INSTCNT            ELAPSE       MEM
Compile-fusion                                 13527576.00  8826918.00         -       235     720124.75           -       73307              0.28      3363
Information: Ending   compile_fusion / initial_opto / Incremental High Fanout Synthesis (FLW-8001)
Information: Time: 2026-07-01 12:16:51 / Session:  00:16:57 / Command:  00:12:39 / CPU:  00:20:26 / Memory: 3363 MB (FLW-8100)
Information: CPU Load: 1%, Ram Free: 157 GB, Swap Free: 13 GB, Work Disk Free: 5929 GB, Tmp Disk Free: 70 GB (MSG-3995)
Information: Starting compile_fusion / initial_opto / Optimization (3) (FLW-8000)
Information: Time: 2026-07-01 12:16:51 / Session:  00:16:57 / Command:  00:12:39 / CPU:  00:20:26 / Memory: 3363 MB (FLW-8100)
Information: CPU Load: 1%, Ram Free: 157 GB, Swap Free: 13 GB, Work Disk Free: 5929 GB, Tmp Disk Free: 70 GB (MSG-3995)
Disable clock slack update for ideal clocks
 Iter  1                                       19249740.00  12560704.00         -         -     720124.75  48491880448.00       73307              0.28      3363
Warning: Restoring scoped app option 'ropt.rbuf_subtree_crit_range' to original value 'unset' (from current value '-1', which is different from the scoped value '-1.0'). (FLW-2892)
Information: Starting compile_fusion / initial_opto / Optimization (3) / Global Sizing and Buffering (FLW-8000)
Information: Time: 2026-07-01 12:16:56 / Session:  00:17:02 / Command:  00:12:43 / CPU:  00:21:06 / Memory: 3363 MB (FLW-8100)
Information: CPU Load: 2%, Ram Free: 157 GB, Swap Free: 13 GB, Work Disk Free: 5929 GB, Tmp Disk Free: 70 GB (MSG-3995)
Disable clock slack update for ideal clocks
bmap: stepx = stepy = 18801
creating bmap
DB units per micron : 1000
 Iter  1                                       19248846.00  12559934.00         -         -     708415.56  49005391872.00       73307              0.28      3363
Warning: Restoring scoped app option 'ropt.rbuf_subtree_crit_range' to original value 'unset' (from current value '-1', which is different from the scoped value '-1.0'). (FLW-2892)
Compile-fusion optimization summary            SETUP-COST    R2R-COST HOLD-COST LDRC-COST          AREA     LEAKAGE     INSTCNT            ELAPSE       MEM
Compile-fusion                                          -           -         -         -     706686.88           -       73075              0.29      3363
Information: Ending   compile_fusion / initial_opto / Optimization (3) / Global Sizing and Buffering (FLW-8001)
Information: Time: 2026-07-01 12:17:00 / Session:  00:17:06 / Command:  00:12:48 / CPU:  00:21:47 / Memory: 3363 MB (FLW-8100)
Information: CPU Load: 2%, Ram Free: 157 GB, Swap Free: 13 GB, Work Disk Free: 5929 GB, Tmp Disk Free: 70 GB (MSG-3995)
Information: Starting compile_fusion / initial_opto / Optimization (3) / Macro Skewing (FLW-8000)
Information: Time: 2026-07-01 12:17:00 / Session:  00:17:06 / Command:  00:12:48 / CPU:  00:21:47 / Memory: 3363 MB (FLW-8100)
Information: CPU Load: 2%, Ram Free: 157 GB, Swap Free: 13 GB, Work Disk Free: 5929 GB, Tmp Disk Free: 70 GB (MSG-3995)
Compile-fusion optimization summary            SETUP-COST    R2R-COST HOLD-COST LDRC-COST          AREA     LEAKAGE     INSTCNT            ELAPSE       MEM
Compile-fusion                                          -           -         -         -     706686.88           -       73075              0.29      3363
Compile-fusion optimization summary            SETUP-COST    R2R-COST HOLD-COST LDRC-COST          AREA     LEAKAGE     INSTCNT            ELAPSE       MEM
Compile-fusion                                          -           -         -         -     706686.88           -       73075              0.29      3363
Information: Ending   compile_fusion / initial_opto / Optimization (3) / Macro Skewing (FLW-8001)
Information: Time: 2026-07-01 12:17:00 / Session:  00:17:06 / Command:  00:12:48 / CPU:  00:21:47 / Memory: 3363 MB (FLW-8100)
Information: CPU Load: 2%, Ram Free: 157 GB, Swap Free: 13 GB, Work Disk Free: 5929 GB, Tmp Disk Free: 70 GB (MSG-3995)
Information: Orientation ETCH is using reference direction: VERTICAL. (NEX-032)
Information: Orientation ETCH is using reference direction: VERTICAL. (NEX-032)
Information: Orientation ETCH is using reference direction: VERTICAL. (NEX-032)
Information: Orientation ETCH is using reference direction: VERTICAL. (NEX-032)
Information: Orientation ETCH is using reference direction: VERTICAL. (NEX-032)
Information: Orientation ETCH is using reference direction: VERTICAL. (NEX-032)
Information: Orientation ETCH is using reference direction: VERTICAL. (NEX-032)
Information: Orientation ETCH is using reference direction: VERTICAL. (NEX-032)
Information: Orientation ETCH is using reference direction: VERTICAL. (NEX-032)
Information: Orientation ETCH is using reference direction: VERTICAL. (NEX-032)
Information: Orientation ETCH is using reference direction: VERTICAL. (NEX-032)
Information: Orientation ETCH is using reference direction: VERTICAL. (NEX-032)
Information: Orientation ETCH is using reference direction: VERTICAL. (NEX-032)
Information: Orientation ETCH is using reference direction: VERTICAL. (NEX-032)
Information: Orientation ETCH is using reference direction: VERTICAL. (NEX-032)
Information: Estimating clock gate latencies for scenario 'ss0p95v125c.func'. (OPT-909)
Information: Orientation ETCH is using reference direction: VERTICAL. (NEX-032)
Information: Orientation ETCH is using reference direction: VERTICAL. (NEX-032)
Compile-fusion optimization summary            SETUP-COST    R2R-COST HOLD-COST LDRC-COST          AREA     LEAKAGE     INSTCNT            ELAPSE       MEM
Compile-fusion                                 13526632.00  8826089.00         -       236     706686.88  50027544576.00       73075              0.29      3363
Information: Result of compile_fusion / initial_opto / Clock Gate Re-structuring (FLW-8500)
--------------------------------------------------------------------------------
|                             Clock Gating Options                             |
--------------------------------------------------------------------------------
|         Objects         |    Minimum Bitwidth     |      Maximum Fanout      |
--------------------------+-------------------------+---------------------------
|   top-level (design)    |          3 (d)          |      Unlimited (d)       |
--------------------------------------------------------------------------------

Number of Pre-Existing Clock Gates with dont touch attribute: 0
Number of ICG library cells with CTS purpose: 6
---------------------------------------------------------------------------------------------
                          Tool Gated Register Summary                                        
---------------------------------------------------------------------------------------------
Clock Gating Type                   | Number of   | Register Count | Equivalent | % of Gated 
                                    | Clock Gates |                | Bitwidth   | Bits       
---------------------------------------------------------------------------------------------
Regular Clock Gating                |         510 |           7779 |       7779 |    58.10%
---------------------------------------------------------------------------------------------
--------------------------------------------------------------------------------
                 Regular Clock Gating Ungated Register Summary                  
--------------------------------------------------------------------------------
 Ungated Reason                                            | Count | Bitwidth   
--------------------------------------------------------------------------------
 Enable is Constant One.                                   |  5017 |     5017
 Enable is Constant Zero.                                  |   363 |      363
 Minimum Bitwidth Not Met.                                 |   200 |      200
 Partial Minimum Bitwidth Not Met.                         |     5 |        5
 Register Model Issue.                                     |    25 |       25
--------------------------------------------------------------------------------
Information: Orientation ETCH is using reference direction: VERTICAL. (NEX-032)
Information: Orientation ETCH is using reference direction: VERTICAL. (NEX-032)
Information: Orientation ETCH is using reference direction: VERTICAL. (NEX-032)
Information: Orientation ETCH is using reference direction: VERTICAL. (NEX-032)
Information: Orientation ETCH is using reference direction: VERTICAL. (NEX-032)
Information: Orientation ETCH is using reference direction: VERTICAL. (NEX-032)
Information: Orientation ETCH is using reference direction: VERTICAL. (NEX-032)
Information: Orientation ETCH is using reference direction: VERTICAL. (NEX-032)
Information: Orientation ETCH is using reference direction: VERTICAL. (NEX-032)
Information: Orientation ETCH is using reference direction: VERTICAL. (NEX-032)
Information: Orientation ETCH is using reference direction: VERTICAL. (NEX-032)
Information: Orientation ETCH is using reference direction: VERTICAL. (NEX-032)
Information: Orientation ETCH is using reference direction: VERTICAL. (NEX-032)
Information: Orientation ETCH is using reference direction: VERTICAL. (NEX-032)
Information: Orientation ETCH is using reference direction: VERTICAL. (NEX-032)
Information: Estimating clock gate latencies for scenario 'ss0p95v125c.func'. (OPT-909)
Information: Orientation ETCH is using reference direction: VERTICAL. (NEX-032)
Information: Orientation ETCH is using reference direction: VERTICAL. (NEX-032)
Information: Starting compile_fusion / initial_opto / Optimization (3) / Timing Optimization (FLW-8000)
Information: Time: 2026-07-01 12:17:01 / Session:  00:17:08 / Command:  00:12:49 / CPU:  00:21:53 / Memory: 3363 MB (FLW-8100)
Information: CPU Load: 2%, Ram Free: 157 GB, Swap Free: 13 GB, Work Disk Free: 5929 GB, Tmp Disk Free: 70 GB (MSG-3995)
Information: Starting compile_fusion / initial_opto / Optimization (3) / Timing Optimization / Clock and Data Optimization (FLW-8000)
Information: Time: 2026-07-01 12:17:01 / Session:  00:17:08 / Command:  00:12:49 / CPU:  00:21:53 / Memory: 3363 MB (FLW-8100)
Information: CPU Load: 2%, Ram Free: 157 GB, Swap Free: 13 GB, Work Disk Free: 5929 GB, Tmp Disk Free: 70 GB (MSG-3995)
Warning: Cannot find any default max transition constraint on the design. (OPT-070)
INFO: Leakage Power Aware Optimization Enabled
Information: The automatic clock gate timing flow is activated. Clock latencies set on clock gate cells will be automatically adjusted by an estimate for latency. (CGT-4005)
Information: CCD will use corner ss0p95v125c for honoring max prepone/postpone limits

Summary of messages during CTS:
===============================================================
  Tag   Count  Type           Description
---------------------------------------------------------------
 No error or warning message.

Information: Initializing classic cellmap without advanced rules enabled and without PDC enabled
Information: The following app options are used in cellmap
        place.legalize.enable_color_aware_placement : false
        place.legalize.use_nll_query_cm : false
        place.legalize.enable_advanced_legalizer : false
        place.legalize.enable_prerouted_net_check : false
        place.legalize.enable_advanced_prerouted_net_check : false
        place.legalize.always_continue : true
        place.legalize.limit_legality_checks : false
        place.common.pnet_aware_density : 1.0000
        place.common.pnet_aware_min_width : 0.0000
        place.common.pnet_aware_layers : {}
        place.common.use_placement_model : false
        place.common.enable_advanced_placement_model : true
        cts.placement.cell_spacing_rule_style : maximum
Total 0.1182 seconds to build cellmap data
INFO: creating 188(r) x 188(c) GridCells YDim 5.016 XDim 5.016
INFO: number of GridCells (fsc_top/icg): 35344
INFO: creating 188(r) x 188(c) GridCells YDim 5.016 XDim 5.016
INFO: number of GridCells (fsc_top/icg): 35344
Total 0.5533 seconds to load 84706 cell instances into cellmap
Moveable cells: 73045; Application fixed cells: 0; Macro cells: 0; User fixed cells: 11661
Average cell width 2.6373, cell height 1.6720, cell area 4.4096 for total 73045 placed and application fixed cells
Number of Site types in the design = 1
INFO: Skipping activation of hold scenarios prior to CUS.
Information: CCD will use corner ss0p95v125c for honoring max prepone/postpone limits
INFO: Global useful skew is skipped because initial qor is too bad.

Summary of messages during CTS:
===============================================================
  Tag   Count  Type           Description
---------------------------------------------------------------
 No error or warning message.
Information: Orientation ETCH is using reference direction: VERTICAL. (NEX-032)
Information: Orientation ETCH is using reference direction: VERTICAL. (NEX-032)
Information: Orientation ETCH is using reference direction: VERTICAL. (NEX-032)
Information: Orientation ETCH is using reference direction: VERTICAL. (NEX-032)
Information: Orientation ETCH is using reference direction: VERTICAL. (NEX-032)
Information: Orientation ETCH is using reference direction: VERTICAL. (NEX-032)
Information: Orientation ETCH is using reference direction: VERTICAL. (NEX-032)
Information: Orientation ETCH is using reference direction: VERTICAL. (NEX-032)
Information: Orientation ETCH is using reference direction: VERTICAL. (NEX-032)
Information: Orientation ETCH is using reference direction: VERTICAL. (NEX-032)
Information: Orientation ETCH is using reference direction: VERTICAL. (NEX-032)
Information: Orientation ETCH is using reference direction: VERTICAL. (NEX-032)
Information: Orientation ETCH is using reference direction: VERTICAL. (NEX-032)
Information: Orientation ETCH is using reference direction: VERTICAL. (NEX-032)
Information: Orientation ETCH is using reference direction: VERTICAL. (NEX-032)
Information: Estimating clock gate latencies for scenario 'ss0p95v125c.func'. (OPT-909)
Information: Orientation ETCH is using reference direction: VERTICAL. (NEX-032)
Information: Orientation ETCH is using reference direction: VERTICAL. (NEX-032)
INFO: Skipping deactivation of hold scenarios after CUS.
Number of Site types in the design = 1
DEBUG FLOWMSGPRINTER: HANDLER IS NULL
DEBUG FLOWMSGPRINTER: HANDLER IS NULL
Compile-fusion optimization summary            SETUP-COST    R2R-COST HOLD-COST LDRC-COST          AREA     LEAKAGE     INSTCNT            ELAPSE       MEM
Compile-fusion optimization summary            SETUP-COST    R2R-COST HOLD-COST LDRC-COST          AREA     LEAKAGE     INSTCNT            ELAPSE       MEM
Compile-fusion                                          -           -         -         -     706686.88           -       73075              0.29      3363
Information: Ending   compile_fusion / initial_opto / Optimization (3) / Timing Optimization / Clock and Data Optimization (FLW-8001)
Information: Time: 2026-07-01 12:17:04 / Session:  00:17:10 / Command:  00:12:52 / CPU:  00:22:03 / Memory: 3363 MB (FLW-8100)
Information: CPU Load: 1%, Ram Free: 157 GB, Swap Free: 13 GB, Work Disk Free: 5929 GB, Tmp Disk Free: 70 GB (MSG-3995)
Disable clock slack update for ideal clocks
 Iter  1                                       19248398.00  12559524.00         -         -     706686.88  50027544576.00       73075              0.29      3363
Warning: Restoring scoped app option 'ropt.rbuf_subtree_crit_range' to original value 'unset' (from current value '-1', which is different from the scoped value '-1.0'). (FLW-2892)
 Iter  1                                       19248146.00  12559281.00         -         -     705868.06  49013133312.00       73193              0.29      3363
Warning: Restoring scoped app option 'ropt.rbuf_subtree_crit_range' to original value 'unset' (from current value '-1', which is different from the scoped value '-1.0'). (FLW-2892)
Compile-fusion optimization summary            SETUP-COST    R2R-COST HOLD-COST LDRC-COST          AREA     LEAKAGE     INSTCNT            ELAPSE       MEM
Compile-fusion                                          -           -         -         -     692295.50           -       74775              0.29      3363
Information: Ending   compile_fusion / initial_opto / Optimization (3) / Timing Optimization (FLW-8001)
Information: Time: 2026-07-01 12:17:17 / Session:  00:17:23 / Command:  00:13:05 / CPU:  00:24:06 / Memory: 3363 MB (FLW-8100)
Information: CPU Load: 1%, Ram Free: 157 GB, Swap Free: 13 GB, Work Disk Free: 5929 GB, Tmp Disk Free: 70 GB (MSG-3995)
Information: Starting compile_fusion / initial_opto / Optimization (3) / Area Optimization (FLW-8000)
Information: Time: 2026-07-01 12:17:17 / Session:  00:17:23 / Command:  00:13:05 / CPU:  00:24:06 / Memory: 3363 MB (FLW-8100)
Information: CPU Load: 1%, Ram Free: 157 GB, Swap Free: 13 GB, Work Disk Free: 5929 GB, Tmp Disk Free: 70 GB (MSG-3995)
 Iter  1                                       19247482.00  12558622.00         -         -     692295.50  44308418560.00       74775              0.29      3363
Warning: Restoring scoped app option 'xform.commit_density_threshold' to original value 'unset' (from current value '1.1', which is different from the scoped value '1.100000'). (FLW-2892)
Warning: Restoring scoped app option 'ropt.rutil_density_threshold' to original value 'unset' (from current value '1.1', which is different from the scoped value '1.100000'). (FLW-2892)
Warning: Restoring scoped app option 'opt.internal.levfilter_arec_slack' to original value 'unset' (from current value '-1', which is different from the scoped value '-1.0'). (FLW-2892)
Compile-fusion optimization summary            SETUP-COST    R2R-COST HOLD-COST LDRC-COST          AREA     LEAKAGE     INSTCNT            ELAPSE       MEM
Compile-fusion                                          -           -         -         -     639444.69           -       68023              0.29      3363
Information: Ending   compile_fusion / initial_opto / Optimization (3) / Area Optimization (FLW-8001)
Information: Time: 2026-07-01 12:17:34 / Session:  00:17:40 / Command:  00:13:21 / CPU:  00:26:19 / Memory: 3363 MB (FLW-8100)
Information: CPU Load: 4%, Ram Free: 157 GB, Swap Free: 13 GB, Work Disk Free: 5929 GB, Tmp Disk Free: 70 GB (MSG-3995)
Compile-fusion optimization summary            SETUP-COST    R2R-COST HOLD-COST LDRC-COST          AREA     LEAKAGE     INSTCNT            ELAPSE       MEM
Compile-fusion                                          -           -         -         -     639444.69           -       68023              0.29      3363
Information: Ending   compile_fusion / initial_opto / Optimization (3) (FLW-8001)
Information: Time: 2026-07-01 12:17:34 / Session:  00:17:40 / Command:  00:13:21 / CPU:  00:26:19 / Memory: 3363 MB (FLW-8100)
Information: CPU Load: 4%, Ram Free: 157 GB, Swap Free: 13 GB, Work Disk Free: 5929 GB, Tmp Disk Free: 70 GB (MSG-3995)
Information: Starting compile_fusion / initial_opto / Additional Preconditioning Placement (FLW-8000)
Information: Time: 2026-07-01 12:17:34 / Session:  00:17:40 / Command:  00:13:22 / CPU:  00:26:19 / Memory: 3363 MB (FLW-8100)
Information: CPU Load: 4%, Ram Free: 157 GB, Swap Free: 13 GB, Work Disk Free: 5929 GB, Tmp Disk Free: 70 GB (MSG-3995)
Compile-fusion optimization summary            SETUP-COST    R2R-COST HOLD-COST LDRC-COST          AREA     LEAKAGE     INSTCNT            ELAPSE       MEM
Compile-fusion                                          -           -         -         -     639444.69           -       68023              0.29      3363
Information: Ending   compile_fusion / initial_opto / Additional Preconditioning Placement (FLW-8001)
Information: Time: 2026-07-01 12:17:34 / Session:  00:17:40 / Command:  00:13:22 / CPU:  00:26:19 / Memory: 3363 MB (FLW-8100)
Information: CPU Load: 4%, Ram Free: 157 GB, Swap Free: 13 GB, Work Disk Free: 5929 GB, Tmp Disk Free: 70 GB (MSG-3995)
Information: Starting compile_fusion / initial_opto / Additional Timing Driven Placement (FLW-8000)
Information: Time: 2026-07-01 12:17:34 / Session:  00:17:40 / Command:  00:13:22 / CPU:  00:26:19 / Memory: 3363 MB (FLW-8100)
Information: CPU Load: 4%, Ram Free: 157 GB, Swap Free: 13 GB, Work Disk Free: 5929 GB, Tmp Disk Free: 70 GB (MSG-3995)
Compile-fusion optimization summary            SETUP-COST    R2R-COST HOLD-COST LDRC-COST          AREA     LEAKAGE     INSTCNT            ELAPSE       MEM
Compile-fusion                                          -           -         -         -     639444.69           -       68023              0.29      3363
Information: Ending   compile_fusion / initial_opto / Additional Timing Driven Placement (FLW-8001)
Information: Time: 2026-07-01 12:17:34 / Session:  00:17:40 / Command:  00:13:22 / CPU:  00:26:19 / Memory: 3363 MB (FLW-8100)
Information: CPU Load: 4%, Ram Free: 157 GB, Swap Free: 13 GB, Work Disk Free: 5929 GB, Tmp Disk Free: 70 GB (MSG-3995)
Information: Starting compile_fusion / initial_opto / Additional Incremental High Fanout Synthesis (FLW-8000)
Information: Time: 2026-07-01 12:17:34 / Session:  00:17:40 / Command:  00:13:22 / CPU:  00:26:19 / Memory: 3363 MB (FLW-8100)
Information: CPU Load: 4%, Ram Free: 157 GB, Swap Free: 13 GB, Work Disk Free: 5929 GB, Tmp Disk Free: 70 GB (MSG-3995)
Isolated 0 ports, skipped 0 ports
Already Isolated 0 ports, Deleted 0 existing Isolation cells 
Compile-fusion optimization summary            SETUP-COST    R2R-COST HOLD-COST LDRC-COST          AREA     LEAKAGE     INSTCNT            ELAPSE       MEM
Compile-fusion                                 13525793.00  8825287.00         -      3135     639444.69           -       68023              0.29      3363
Information: Ending   compile_fusion / initial_opto / Additional Incremental High Fanout Synthesis (FLW-8001)
Information: Time: 2026-07-01 12:17:34 / Session:  00:17:40 / Command:  00:13:22 / CPU:  00:26:20 / Memory: 3363 MB (FLW-8100)
Information: CPU Load: 4%, Ram Free: 157 GB, Swap Free: 13 GB, Work Disk Free: 5929 GB, Tmp Disk Free: 70 GB (MSG-3995)
Information: Starting compile_fusion / initial_opto / Additional Optimization (FLW-8000)
Information: Time: 2026-07-01 12:17:34 / Session:  00:17:40 / Command:  00:13:22 / CPU:  00:26:20 / Memory: 3363 MB (FLW-8100)
Information: CPU Load: 4%, Ram Free: 157 GB, Swap Free: 13 GB, Work Disk Free: 5929 GB, Tmp Disk Free: 70 GB (MSG-3995)
Compile-fusion optimization summary            SETUP-COST    R2R-COST HOLD-COST LDRC-COST          AREA     LEAKAGE     INSTCNT            ELAPSE       MEM
Compile-fusion                                 13525793.00  8825287.00         -      3135     639444.69  54737330176.00       68023              0.29      3363
Information: Starting compile_fusion / initial_opto / Additional Optimization / Timing Optimization (FLW-8000)
Information: Time: 2026-07-01 12:17:34 / Session:  00:17:40 / Command:  00:13:22 / CPU:  00:26:21 / Memory: 3363 MB (FLW-8100)
Information: CPU Load: 4%, Ram Free: 157 GB, Swap Free: 13 GB, Work Disk Free: 5929 GB, Tmp Disk Free: 70 GB (MSG-3995)
Compile-fusion optimization summary            SETUP-COST    R2R-COST HOLD-COST LDRC-COST          AREA     LEAKAGE     INSTCNT            ELAPSE       MEM
Compile-fusion                                 13525793.00  8825287.00         -      3135     639444.69           -       68023              0.29      3363
Information: Ending   compile_fusion / initial_opto / Additional Optimization / Timing Optimization (FLW-8001)
Information: Time: 2026-07-01 12:17:34 / Session:  00:17:40 / Command:  00:13:22 / CPU:  00:26:21 / Memory: 3363 MB (FLW-8100)
Information: CPU Load: 4%, Ram Free: 157 GB, Swap Free: 13 GB, Work Disk Free: 5929 GB, Tmp Disk Free: 70 GB (MSG-3995)
Compile-fusion optimization summary            SETUP-COST    R2R-COST HOLD-COST LDRC-COST          AREA     LEAKAGE     INSTCNT            ELAPSE       MEM
Compile-fusion                                 13525793.00  8825287.00         -      3135     639444.69           -       68023              0.29      3363
Information: Ending   compile_fusion / initial_opto / Additional Optimization (FLW-8001)
Information: Time: 2026-07-01 12:17:34 / Session:  00:17:40 / Command:  00:13:22 / CPU:  00:26:21 / Memory: 3363 MB (FLW-8100)
Information: CPU Load: 4%, Ram Free: 157 GB, Swap Free: 13 GB, Work Disk Free: 5929 GB, Tmp Disk Free: 70 GB (MSG-3995)
Information: The net parasitics of block fsc_top are cleared. (TIM-123)
Information: Timer using 16 threads
Warning: Cannot find any default max transition constraint on the design. (OPT-070)
INFO: Leakage Power Aware Optimization Enabled
Information: The automatic clock gate timing flow is activated. Clock latencies set on clock gate cells will be automatically adjusted by an estimate for latency. (CGT-4005)
Warning: Timing Arc from 'u_clk_gen/u_clock_gen/C383/ctmi_32/S0' to 'u_clk_gen/u_clock_gen/C383/ctmi_32/Y' has been disabled to break loops in network of clock 'system_clk' (GRF-013)
Information: The stitching and editing of coupling caps is turned OFF for design 'fsc_top.nlib:fsc_top/icg.design'. (TIM-125)
Information: Orientation ETCH is using reference direction: VERTICAL. (NEX-032)
************************************************************
Timer Settings:
Delay Calculation Style:                   auto
Signal Integrity Analysis:                 disabled
Timing Window Analysis:                    disabled
Advanced Waveform Propagation:             disabled
Variation Type:                            fixed_derate
Clock Reconvergence Pessimism Removal:     disabled
Advanced Receiver Model:                   disabled
LLE:                                       disabled
ML Acceleration:                           off
Smart Arc Optimization:                    enabled
************************************************************
Information: CCD will use corner ss0p95v125c for honoring max prepone/postpone limits

Summary of messages during CTS:
===============================================================
  Tag   Count  Type           Description
---------------------------------------------------------------
 No error or warning message.

DEBUG FLOWMSGPRINTER: HANDLER IS NULL

DEBUG FLOWMSGPRINTER: HANDLER IS NULL

DEBUG FLOWMSGPRINTER: HANDLER IS NULL
INFO: Skipping FTB cleanup in end of npo flow.
Enable dominated scenarios
Co-efficient Ratio Summary:
compile command statistics  CPU=887 sec (0.25 hr) ELAPSED=285 sec (0.08 hr) MEM-PEAK=3.284 GB
INFO: compile_fusion is running in balanced flow mode
Warning: Cannot find any default max transition constraint on the design. (OPT-070)
INFO: Leakage Power Aware Optimization Enabled
Information: The automatic clock gate timing flow is activated. Clock latencies set on clock gate cells will be automatically adjusted by an estimate for latency. (CGT-4005)
DEBUG FLOWMSGPRINTER: HANDLER IS NULL
INFO: disable CRPR-based timing. 
Number of Site types in the design = 1
Setting up Chip Core
Chip Core shape: (8000 8000) (932008 930944)
Number of VARs = 1
Number of unique PDs = 1
Number of Power Domains = 1
Number of Voltage Areas = 1
Number of supply Nets = 2
Number of used supplies = 0
Blocked VAs: 
DEBUG FLOWMSGPRINTER: HANDLER IS NULL
CCD app option: ccd.targeted_ccd_path_groups:  **clock_gating_default**
Target path group: scenario ss0p95v125c.func pathgroup **clock_gating_default**
Information: CCD will use corner ss0p95v125c for honoring max prepone/postpone limits

Summary of messages during CTS:
===============================================================
  Tag   Count  Type           Description
---------------------------------------------------------------
 No error or warning message.

Information: The net parasitics of block fsc_top are cleared. (TIM-123)
DEBUG FLOWMSGPRINTER: HANDLER IS NULL
Compile-fusion command begin                   CPU:  3032 s (  0.84 hr )  ELAPSE:  1066 s (  0.30 hr )  MEM-PEAK:  3363 MB
Warning: Cannot find any default max transition constraint on the design. (OPT-070)
Information: The stitching and editing of coupling caps is turned OFF for design 'fsc_top.nlib:fsc_top/icg.design'. (TIM-125)
Information: Orientation ETCH is using reference direction: VERTICAL. (NEX-032)
Info: update em.

Compile-fusion timing update complete          CPU:  3038 s (  0.84 hr )  ELAPSE:  1067 s (  0.30 hr )  MEM-PEAK:  3363 MB

Compile-fusion initial QoR
__________________________
Scenario Mapping Table
1: ss0p95v125c.func

Pathgroup Mapping Table
1: **default**
2: **async_default**
3: **clock_gating_default**
4: **in2reg_default**
5: **reg2out_default**
6: **in2out_default**
7: pll1_clk_in
8: pll2_clk_in
9: pixel_clk
10: system_clk
11: comp_clk
12: i2c_scl
13: test_clk
14: system_clk_div2
15: panel_clk_inv_gate
16: panel_clk_dly
17: panel_clk_gate
18: system_clk_int
19: flash_clk_gate
20: i2c_clk
21: sdram_clk_gate
22: sdram_clk
23: pixel_comp_clk_pix

-------------------------------------------------------------------------------------------------------------------------------------------------------------
PATHGROUP QOR 
-------------------------------------------------------------------------------------------------------------------------------------------------------------
Scene  PG      WNS        TNS    NSV      WHV        THV    NHV
    1   1   0.0000     0.0000      0        -          -      -
    1   2   0.0000     0.0000      0        -          -      -
    1   3   0.0000     0.0000      0        -          -      -
    1   4 1990.4922 4668957.5000   2406        -          -      -
    1   5 1940.8383 27168.7695     14        -          -      -
    1   6 1981.1674 23767.4258     12        -          -      -
    1   7 148.3072  1313.2396      9        -          -      -
    1   8 147.9109   872.0513      6        -          -      -
    1   9 490.9908  3385.6785      7        -          -      -
    1  10 591.4409 22014.0742     38        -          -      -
    1  11 592.2922  3507.6133      6        -          -      -
    1  12   0.0000     0.0000      0        -          -      -
    1  13 1950.2454 4618529.5000   2430        -          -      -
    1  14 1182.3207 2805299.2500   2435        -          -      -
    1  15   0.0000     0.0000      0        -          -      -
    1  16   0.0000     0.0000      0        -          -      -
    1  17 116.6761 82899.1562    717        -          -      -
    1  18 576.5450 21903.8105     38        -          -      -
    1  19 577.0832 634348.8750   1101        -          -      -
    1  20 577.0937 2526100.2500   4383        -          -      -
    1  21 145.5876 737015.1875   5106        -          -      -
    1  22   0.0000     0.0000      0        -          -      -
    1  23 478.1780 180926.5312    379        -          -      -
----------------------------------------------------------------------------------------------------------------------------------------------------------------------
SCENARIO QOR 
----------------------------------------------------------------------------------------------------------------------------------------------------------------------
Scene  PG      WNS        TNS   R2RTNS    NSV      WHV        THV    NHV  MaxTrnV   MaxTranC  MaxCapV    Leakage
    1   * 1990.4922 13525799.0000 8825292.0000  16630        -          -      -       10     0.0812     3155 54737330176
----------------------------------------------------------------------------------------------------------------------------------------------------------------------
DESIGN QOR 
----------------------------------------------------------------------------------------------------------------------------------------------------------------------
Scene  PG      WNS        TNS   R2RTNS    NSV      WHV        THV    NHV  MaxTrnV   MaxTranC  MaxCapV    Leakage         Area    InstCnt     BufCnt     InvCnt
    *   * 1990.4922 13525799.0000 8825292.0000  16630   0.0000     0.0000      0       10     0.0812     3155 54737330176    639444.69      68023      16775      11404
----------------------------------------------------------------------------------------------------------------------------------------------------------------------

Compile-fusion initial QoR Summary       WNS        TNS   R2RTNS    NSV      WHV        THV    NHV  MaxTrnV  MaxCapV    Leakage         Area    InstCnt
Compile-fusion initial QoR Summary  1990.4922 13525799.0000 8825292.0000  16630   0.0000     0.0000      0       10     3155 54737330176    639444.69      68023
Information: The netlist change observers are disabled for incremental extraction. (TIM-126)
INFO: using 16 threads
Information: Orientation ETCH is using reference direction: VERTICAL. (NEX-032)
Compile-fusion initialization complete         CPU:  3047 s (  0.85 hr )  ELAPSE:  1068 s (  0.30 hr )  MEM-PEAK:  3363 MB
Compile-fusion optimization summary            SETUP-COST    R2R-COST HOLD-COST LDRC-COST          AREA     LEAKAGE     INSTCNT            ELAPSE       MEM
Warning: Cannot find any default max transition constraint on the design. (OPT-070)
Information: The netlist change observers are enabled for incremental extraction. (TIM-127)
DEBUG FLOWMSGPRINTER: HANDLER IS NULL

Information: Starting compile_fusion / initial_opto / Optimization (4) (FLW-8000)
Information: Time: 2026-07-01 12:17:42 / Session:  00:17:48 / Command:  00:13:30 / CPU:  00:26:57 / Memory: 3363 MB (FLW-8100)
Information: CPU Load: 4%, Ram Free: 157 GB, Swap Free: 13 GB, Work Disk Free: 5929 GB, Tmp Disk Free: 70 GB (MSG-3995)

Compile-fusion optimization summary            SETUP-COST    R2R-COST HOLD-COST LDRC-COST          AREA     LEAKAGE     INSTCNT            ELAPSE       MEM
Compile-fusion                                 13525799.00  8825292.00      0.00      3164     639444.69  54737330176.00       68023              0.30      3363
Information: Ending   compile_fusion / initial_opto / Optimization (4) (FLW-8001)
Information: Time: 2026-07-01 12:17:42 / Session:  00:17:48 / Command:  00:13:30 / CPU:  00:26:57 / Memory: 3363 MB (FLW-8100)
Information: CPU Load: 4%, Ram Free: 157 GB, Swap Free: 13 GB, Work Disk Free: 5929 GB, Tmp Disk Free: 70 GB (MSG-3995)

Information: Starting compile_fusion / initial_opto / Optimization (5) (FLW-8000)
Information: Time: 2026-07-01 12:17:42 / Session:  00:17:48 / Command:  00:13:30 / CPU:  00:26:58 / Memory: 3363 MB (FLW-8100)
Information: CPU Load: 4%, Ram Free: 157 GB, Swap Free: 13 GB, Work Disk Free: 5929 GB, Tmp Disk Free: 70 GB (MSG-3995)

Information: Initializing classic cellmap without advanced rules enabled and without PDC enabled
Information: The following app options are used in cellmap
        place.legalize.enable_color_aware_placement : false
        place.legalize.use_nll_query_cm : false
        place.legalize.enable_advanced_legalizer : false
        place.legalize.enable_prerouted_net_check : false
        place.legalize.enable_advanced_prerouted_net_check : false
        place.legalize.always_continue : true
        place.legalize.limit_legality_checks : false
        place.common.pnet_aware_density : 1.0000
        place.common.pnet_aware_min_width : 0.0000
        place.common.pnet_aware_layers : {}
        place.common.use_placement_model : false
        place.common.enable_advanced_placement_model : true
        cts.placement.cell_spacing_rule_style : maximum
Total 0.1173 seconds to build cellmap data
INFO: creating 188(r) x 188(c) GridCells YDim 5.016 XDim 5.016
INFO: number of GridCells (fsc_top/icg): 35344
INFO: creating 188(r) x 188(c) GridCells YDim 5.016 XDim 5.016
INFO: number of GridCells (fsc_top/icg): 35344
Total 0.5125 seconds to load 79654 cell instances into cellmap
Moveable cells: 67993; Application fixed cells: 0; Macro cells: 0; User fixed cells: 11661
Average cell width 2.2418, cell height 1.6720, cell area 3.7483 for total 67993 placed and application fixed cells
Compile-fusion optimization Phase 5 Iter  1    13525799.00  8825292.00      0.00      3164     639444.69  54737330176.00       68023              0.30      3363
INFO: total number of constant pins: 26055
INFO: constant pins which are scan-pins: 23300
INFO: constant pins that are not scan-pins: 2755
DEBUG FLOWMSGPRINTER: HANDLER IS NULL
DEBUG FLOWMSGPRINTER: HANDLER IS NULL

Compile-fusion optimization Phase 6 Iter  1    13525799.00  8825292.00      0.00      3164     639965.69  54737330176.00       68433              0.30      3363
Isolated 0 ports, skipped 0 ports
Already Isolated 0 ports, Deleted 0 existing Isolation cells 
DEBUG FLOWMSGPRINTER: HANDLER IS NULL

Compile-fusion optimization Phase 7 Iter  1    13525799.00  8825292.00      0.00      3164     639965.69  54737330176.00       68433              0.30      3363
DEBUG FLOWMSGPRINTER: HANDLER IS NULL

Disable clock slack update for ideal clocks
Compile-fusion optimization Phase 8 Iter  1    13525799.00  8825292.00      0.00      3164     639965.69  54737330176.00       68433              0.30      3363
Warning: Restoring scoped app option 'ropt.rbuf_subtree_crit_range' to original value 'unset' (from current value '-1', which is different from the scoped value '-1.0'). (FLW-2892)
Disable clock slack update for ideal clocks
Corner Scaling is off, multiplier is 1.000000
Information: Using default layer M5 (OPT-079)
bmap: stepx = stepy = 18801
creating bmap
DB units per micron : 1000
Compile-fusion optimization Phase 8 Iter  2    13525799.00  8825292.00      0.00      3164     639996.19  55373701120.00       68433              0.30      3363
Warning: Restoring scoped app option 'ropt.rbuf_subtree_crit_range' to original value 'unset' (from current value '-1', which is different from the scoped value '-1.0'). (FLW-2892)
Compile-fusion optimization Phase 8 Iter  3    13525799.00  8825292.00      0.00      3164     639965.69  55373701120.00       68433              0.30      3363
Compile-fusion optimization Phase 8 Iter  4    13525799.00  8825292.00      0.00      3164     639965.69  55373701120.00       68433              0.30      3363
Compile-fusion optimization Phase 8 Iter  5    13525799.00  8825292.00      0.00      3164     639965.69  55373701120.00       68433              0.31      3363
DEBUG FLOWMSGPRINTER: HANDLER IS NULL

Disable clock slack update for ideal clocks
Compile-fusion optimization Phase 9 Iter  1    13525799.00  8825292.00      0.00      2884     635120.44  55114719232.00       66744              0.31      3363
Warning: Restoring scoped app option 'ropt.rbuf_subtree_crit_range' to original value 'unset' (from current value '-1', which is different from the scoped value '-1.0'). (FLW-2892)
Disable clock slack update for ideal clocks
Compile-fusion optimization Phase 9 Iter  2    13525799.00  8825292.00      0.00      2884     636563.50  56858234880.00       66744              0.31      3363
Warning: Restoring scoped app option 'ropt.rbuf_subtree_crit_range' to original value 'unset' (from current value '-1', which is different from the scoped value '-1.0'). (FLW-2892)
Compile-fusion optimization Phase 9 Iter  3    13525799.00  8825292.00      0.00      2884     638038.31  59048521728.00       66744              0.31      3363
Number of Site types in the design = 1
INFO: Skipping activation of hold scenarios prior to CUS.
CCD app option: ccd.targeted_ccd_path_groups:  **clock_gating_default**
Target path group: scenario ss0p95v125c.func pathgroup **clock_gating_default**
Information: CCD will use corner ss0p95v125c for honoring max prepone/postpone limits
INFO: Global useful skew is skipped because initial qor is too bad.

Summary of messages during CTS:
===============================================================
  Tag   Count  Type           Description
---------------------------------------------------------------
 No error or warning message.
Information: Orientation ETCH is using reference direction: VERTICAL. (NEX-032)
Information: Orientation ETCH is using reference direction: VERTICAL. (NEX-032)
Information: Orientation ETCH is using reference direction: VERTICAL. (NEX-032)
Information: Orientation ETCH is using reference direction: VERTICAL. (NEX-032)
Information: Orientation ETCH is using reference direction: VERTICAL. (NEX-032)
Information: Orientation ETCH is using reference direction: VERTICAL. (NEX-032)
Information: Orientation ETCH is using reference direction: VERTICAL. (NEX-032)
Information: Orientation ETCH is using reference direction: VERTICAL. (NEX-032)
Information: Orientation ETCH is using reference direction: VERTICAL. (NEX-032)
Information: Orientation ETCH is using reference direction: VERTICAL. (NEX-032)
Information: Orientation ETCH is using reference direction: VERTICAL. (NEX-032)
Information: Orientation ETCH is using reference direction: VERTICAL. (NEX-032)
Information: Orientation ETCH is using reference direction: VERTICAL. (NEX-032)
Information: Orientation ETCH is using reference direction: VERTICAL. (NEX-032)
Information: Orientation ETCH is using reference direction: VERTICAL. (NEX-032)
Information: Estimating clock gate latencies for scenario 'ss0p95v125c.func'. (OPT-909)
Information: Orientation ETCH is using reference direction: VERTICAL. (NEX-032)
Information: Orientation ETCH is using reference direction: VERTICAL. (NEX-032)
INFO: Skipping deactivation of hold scenarios after CUS.
Number of Site types in the design = 1
DEBUG FLOWMSGPRINTER: HANDLER IS NULL
DEBUG FLOWMSGPRINTER: HANDLER IS NULL

Disable clock slack update for ideal clocks
Compile-fusion optimization Phase 10 Iter  1   13525065.00  8824647.00      0.00      2884     638038.31  59048521728.00       68227              0.31      3363
INFO: cellmap features:  adv-rules=(N), pdc=(N), clock-rules=(Y)
DEBUG FLOWMSGPRINTER: HANDLER IS NULL

Disable clock slack update for ideal clocks
Compile-fusion optimization summary            SETUP-COST    R2R-COST HOLD-COST LDRC-COST          AREA     LEAKAGE     INSTCNT            ELAPSE       MEM
Compile-fusion optimization Phase 11 Iter  1   13525065.00  8824647.00      0.00      2884     637973.75  59208347648.00       68227              0.32      3363
Information: 4 register's output was inverted. Use report_transformed_registers for a list. (SQM-2014)
INFO: cellmap features:  adv-rules=(N), pdc=(N), clock-rules=(Y)
DEBUG FLOWMSGPRINTER: HANDLER IS NULL
Information: 1904 out of 1914 SQM-1042 messages were not printed due to limit 10 (after 'compile_fusion' at run_all_icg.tcl:70) (MSG-3913)
Information: 6 out of 16 SQM-1061 messages were not printed due to limit 10 (after 'compile_fusion' at run_all_icg.tcl:70) (MSG-3913)
Information: 55 out of 56 SQM-2014 messages were not printed due to limit 1 (after 'compile_fusion' at run_all_icg.tcl:70) (MSG-3913)

Compile-fusion optimization Phase 12 Iter  1   13525065.00  8824647.00      0.00      2884     638058.12  59219845120.00       68302              0.34      3363
INFO: New Levelizer turned on
DEBUG FLOWMSGPRINTER: HANDLER IS NULL

Warning: Design timing is over-constrained. Turning off dirty timing handling will cause optimization to run with regular effort with potentially high runtime. (OPT-916)
Disable clock slack update for ideal clocks
Compile-fusion optimization Phase 13 Iter  1   13525065.00  8824647.00      0.00      2884     638058.12  59219845120.00       68302              0.34      3363
Warning: Restoring scoped app option 'ropt.rbuf_subtree_crit_range' to original value 'unset' (from current value '-1', which is different from the scoped value '-1.0'). (FLW-2892)
Disable clock slack update for ideal clocks
Corner Scaling is off, multiplier is 1.000000
Information: Using default layer M5 (OPT-079)
bmap: stepx = stepy = 18801
creating bmap
DB units per micron : 1000
Compile-fusion optimization Phase 13 Iter  2   13525065.00  8824647.00      0.00      2884     638126.75  62729244672.00       68302              0.34      3363
Warning: Restoring scoped app option 'ropt.rbuf_subtree_crit_range' to original value 'unset' (from current value '-1', which is different from the scoped value '-1.0'). (FLW-2892)
Compile-fusion optimization Phase 13 Iter  3   13525065.00  8824647.00      0.00      2884     636378.19  61578616832.00       68302              0.34      3363
Warning: Restoring scoped app option 'ropt.rbuf_subtree_crit_range' to original value 'unset' (from current value '-1', which is different from the scoped value '-1.0'). (FLW-2892)
Compile-fusion optimization Phase 13 Iter  4   13525065.00  8824647.00      0.00      2884     638058.12  61578616832.00       68302              0.34      3363
Compile-fusion optimization Phase 13 Iter  5   13525065.00  8824647.00      0.00      2884     638058.12  61578616832.00       68302              0.34      3363
Compile-fusion optimization Phase 13 Iter  6   13525065.00  8824647.00      0.00      2884     638058.12  61578616832.00       68302              0.35      3363
Compile-fusion optimization Phase 13 Iter  7   13525065.00  8824647.00      0.00      2884     638058.12  61578616832.00       68302              0.36      3363
Compile-fusion optimization Phase 13 Iter  8   13525065.00  8824647.00      0.00      2884     638058.12  61578616832.00       68302              0.36      3363
Compile-fusion optimization Phase 13 Iter  9   13525065.00  8824647.00      0.00      2884     638058.12  61578616832.00       68302              0.37      3363
Compile-fusion optimization Phase 13 Iter 10   13525065.00  8824647.00      0.00      2884     638058.12  61578616832.00       68302              0.37      3363
Compile-fusion optimization Phase 13 Iter 11   13525065.00  8824647.00      0.00      2884     638058.12  61578616832.00       68302              0.37      3363
Compile-fusion optimization Phase 13 Iter 12   13525065.00  8824647.00      0.00      2884     638058.12  61578616832.00       68302              0.37      3363
Compile-fusion optimization Phase 13 Iter 13   13525065.00  8824647.00      0.00      2884     638058.12  61578616832.00       68302              0.37      3363
Compile-fusion optimization Phase 13 Iter 14   13525065.00  8824647.00      0.00      2884     638058.12  61578616832.00       68302              0.38      3363
Compile-fusion optimization Phase 13 Iter 15   13525065.00  8824647.00      0.00      2884     638058.12  61578616832.00       68302              0.38      3363
Compile-fusion optimization Phase 13 Iter 16   13525065.00  8824647.00      0.00      2884     638058.12  61578616832.00       68302              0.39      3363
Compile-fusion optimization Phase 13 Iter 17   13525065.00  8824647.00      0.00      2884     638058.12  61578616832.00       68302              0.39      3363
DEBUG FLOWMSGPRINTER: HANDLER IS NULL

Compile-fusion optimization Phase 14 Iter  1   13510519.00  8810234.00      0.00      2810     642279.44  74290044928.00       69514              0.39      3363
INFO: New Levelizer turned on
DEBUG FLOWMSGPRINTER: HANDLER IS NULL

Compile-fusion optimization Phase 15 Iter  1   13510519.00  8810234.00      0.00      2674     635876.81  68903608320.00       66097              0.39      3363
INFO: New Levelizer turned on
Compile-fusion optimization Phase 15 Iter  2   13510519.00  8810234.00      0.00      2674     635698.12  68701315072.00       66097              0.39      3363
INFO: New Levelizer turned on
DEBUG FLOWMSGPRINTER: HANDLER IS NULL

Disable clock slack update for ideal clocks
Compile-fusion optimization Phase 16 Iter  1   13510518.00  8810233.00      0.00      2664     635698.12  68701315072.00       66097              0.39      3363
INFO: cellmap features:  adv-rules=(N), pdc=(N), clock-rules=(Y)
DEBUG FLOWMSGPRINTER: HANDLER IS NULL

Compile-fusion optimization Phase 17 Iter  1   13510517.00  8810233.00      0.00      2664     635683.88  68691140608.00       66097              0.39      3363
Compile-fusion optimization Phase 17 Iter  2   13510517.00  8810233.00      0.00      2664     635683.88  68691140608.00       66097              0.39      3363
Warning: Restoring scoped app option 'xform.commit_density_threshold' to original value 'unset' (from current value '1.1', which is different from the scoped value '1.100000'). (FLW-2892)
Warning: Restoring scoped app option 'ropt.rutil_density_threshold' to original value 'unset' (from current value '1.1', which is different from the scoped value '1.100000'). (FLW-2892)
Warning: Restoring scoped app option 'opt.internal.levfilter_arec_slack' to original value 'unset' (from current value '-1', which is different from the scoped value '-1.0'). (FLW-2892)
DEBUG FLOWMSGPRINTER: HANDLER IS NULL

Disable clock slack update for ideal clocks
Compile-fusion optimization Phase 18 Iter  1   13510516.00  8810231.00      0.00      2664     633147.81  68139487232.00       64557              0.40      3363
INFO: cellmap features:  adv-rules=(N), pdc=(N), clock-rules=(Y)
DEBUG FLOWMSGPRINTER: HANDLER IS NULL

Compile-fusion optimization Phase 19 Iter  1   13510516.00  8810231.00      0.00      2664     633152.62  68111732736.00       64557              0.40      3363
[ISR-TRACE] Potential Bucket: Pass 1  Index 0  #Total-cands   1373 (23.79%) SumPotEst 2.21170688 (95.24%) 
[ISR-TRACE] Potential Bucket: Pass 1  Index 1  #Total-cands   4398 (76.21%) SumPotEst 0.11061980 ( 4.76%) 
[ISR-TRACE] Pass 1  Bucket 1  #Batches    5  #Initial-Cands   1373  #PostFilter-Cands   1373  #Comitted  190 (13.84%)
[ISR-TRACE] Pass 1  Bucket 2  #Batches    4  #Initial-Cands   4398  #PostFilter-Cands    309  #Comitted  242 (78.32%)  #isDownsizable-filter  3118  #lowRoi-filter   971
[ISR-TRACE] Pass 1    Filter stats     #static   #dynamic
[ISR-TRACE]            bufrem-filter       0 |      0 
[ISR-TRACE]          holdviol-filter       0 |      0 
[ISR-TRACE]     isDownsizable-filter       0 |   3118 
[ISR-TRACE]            lowRoi-filter       0 |    971 
[ISR-TRACE]         ok-driver-filter   39663 |      0 
[ISR-TRACE]             slack-filter       0 |      0 

DEBUG FLOWMSGPRINTER: HANDLER IS NULL

Compile-fusion optimization Phase 20 Iter  1   13510516.00  8810231.00      0.00      2664     633141.69  67926011904.00       64557              0.40      3363
LAO is disable, refresh para
Information: The net parasitics of block fsc_top are cleared. (TIM-123)
Information: The stitching and editing of coupling caps is turned OFF for design 'fsc_top.nlib:fsc_top/icg.design'. (TIM-125)
Information: Orientation ETCH is using reference direction: VERTICAL. (NEX-032)
DEBUG FLOWMSGPRINTER: HANDLER IS NULL

Compile-fusion optimization Phase 21 Iter  1   13510516.00  8810231.00      0.00      2664     633141.69  67926011904.00       64557              0.40      3363
INFO: New Levelizer turned on
DEBUG FLOWMSGPRINTER: HANDLER IS NULL

Compile-fusion optimization summary            SETUP-COST    R2R-COST HOLD-COST LDRC-COST          AREA     LEAKAGE     INSTCNT            ELAPSE       MEM
Compile-fusion optimization Phase 22 Iter  1   13510516.00  8810231.00      0.00      2664     633141.69  67926011904.00       64557              0.40      3363
DEBUG FLOWMSGPRINTER: HANDLER IS NULL

Disable clock slack update for ideal clocks
Corner Scaling is off, multiplier is 1.000000
Information: Using default layer M5 (OPT-079)
Compile-fusion optimization Phase 23 Iter  1   13510516.00  8810231.00      0.00      2664     633141.69  67926011904.00       64557              0.40      3363
Warning: Restoring scoped app option 'ropt.rbuf_subtree_crit_range' to original value 'unset' (from current value '-1', which is different from the scoped value '-1.0'). (FLW-2892)
Warning: Restoring scoped app option 'ropt.lr_estimation_composite_factor_area_leakage' to original value 'unset' (from current value '1', which is different from the scoped value '1.0'). (FLW-2892)
Compile-fusion optimization Phase 23 Iter  2   13510516.00  8810231.00      0.00      2664     633141.69  67926011904.00       64557              0.40      3363
bmap: stepx = stepy = 18801
creating bmap
DB units per micron : 1000
Compile-fusion optimization Phase 23 Iter  3   13510516.00  8810231.00      0.00      2664     633141.69  67926011904.00       64557              0.40      3363
Compile-fusion optimization Phase 23 Iter  4   13510516.00  8810231.00      0.00      2664     633141.69  67926011904.00       64557              0.41      3363
Compile-fusion optimization Phase 23 Iter  5   13510516.00  8810231.00      0.00      2664     633141.69  67926011904.00       64557              0.41      3363
Compile-fusion optimization Phase 23 Iter  6   13510516.00  8810231.00      0.00      2664     633141.69  67926011904.00       64557              0.41      3363
Compile-fusion optimization Phase 23 Iter  7   13510516.00  8810231.00      0.00      2664     633141.69  67926011904.00       64557              0.42      3363
Compile-fusion optimization Phase 23 Iter  8   13510516.00  8810231.00      0.00      2664     633141.69  67926011904.00       64557              0.42      3363
DEBUG FLOWMSGPRINTER: HANDLER IS NULL

Disable clock slack update for ideal clocks
INFO:  SEQ DEL WNS is protecting TNS
INFO:  SEQ DEL WNS is protecting TNS
Compile-fusion optimization Phase 24 Iter  1   13510497.00  8810209.00      0.00      2664     635971.56  69835014144.00       65574              0.42      3363
INFO: cellmap features:  adv-rules=(N), pdc=(N), clock-rules=(Y)
DEBUG FLOWMSGPRINTER: HANDLER IS NULL

Compile-fusion optimization Phase 25 Iter  1   13510497.00  8810209.00      0.00      2664     635951.00  69839863808.00       65574              0.43      3363
INFO: New Levelizer turned on
Compile-fusion optimization Phase 25 Iter  2   13510497.00  8810209.00      0.00      2664     635951.00  69839863808.00       65574              0.43      3363
Compile-fusion optimization Phase 25 Iter  3   13510497.00  8810209.00      0.00       872     638243.12  68221153280.00       65574              0.43      3363
Compile-fusion optimization Phase 25 Iter  4   13510497.00  8810209.00      0.00       862     638250.75  68200509440.00       65574              0.43      3363
Compile-fusion optimization Phase 25 Iter  5   13510497.00  8810209.00      0.00       763     638441.88  68458221568.00       65574              0.43      3363
DEBUG FLOWMSGPRINTER: HANDLER IS NULL

Compile-fusion optimization Phase 26 Iter  1   13510491.00  8810201.00      0.00       756     638455.06  68475572224.00       65574              0.43      3363
DEBUG FLOWMSGPRINTER: HANDLER IS NULL

Compile-fusion optimization summary            SETUP-COST    R2R-COST HOLD-COST LDRC-COST          AREA     LEAKAGE     INSTCNT            ELAPSE       MEM
Compile-fusion                                 13510491.00  8810201.00      0.00       756     638453.81  68475424768.00       65573              0.43      3363
Information: Ending   compile_fusion / initial_opto / Optimization (5) (FLW-8001)
Information: Time: 2026-07-01 12:25:39 / Session:  00:25:45 / Command:  00:21:27 / CPU:  01:47:52 / Memory: 3363 MB (FLW-8100)
Information: CPU Load: 8%, Ram Free: 156 GB, Swap Free: 13 GB, Work Disk Free: 5929 GB, Tmp Disk Free: 70 GB (MSG-3995)

Compile-fusion optimization Phase 28 Iter  1   13510491.00  8810201.00      0.00       759     638453.81  68475424768.00       65573              0.43      3363
DEBUG FLOWMSGPRINTER: HANDLER IS NULL


Compile-fusion optimization complete           13510491.00  8810201.00      0.00       756     638453.81  68475424768.00       65573              0.43      3363
Information: The net parasitics of block fsc_top are cleared. (TIM-123)
Co-efficient Ratio Summary:
4.193510644364  7.820507073730  2.251158487277  7.745740540401  0.485050000353  3.179565833784  5.567214754587  2.894455387461  6.565921215971  9.017242005874  8577.303817533986  3.492443219357  8.129766385274  4.209918623831  8.116744307969
9.225115022455  5.975429964138  2.152740426938  7.185682619314  2.429406669096  8.752789964661  3.180723294414  6.578794224787  6.358918110327  1.135418196096  8107.874001870014  8.406725742795  0.060242675020  6.054736266345  8.843339021220
1.167049714176  9.725436686224  3.838236240238  7.978713003284  5.095897059611  1.512371470128  7.396892720513  5.512160827835  1.398268116480  5.190202833443  1871.977593360973  1.685651747188  5.360768281999  9.762326648734  7.088803610639
3.266856946015  4.678452031428  8.412606080581  7.929986007234  3.539122627003  7.326705045049  4.780240392817  3.631614985254  4.054410029114  6.110432971858  4028.180081265306  3.525321248532  0.788487025367  8.476580841826  3.541042192637
7.260071304492  5.314183153867  4.410686865291  9.919300402249  5.051365679662  1.502757061856  2.611981344610  3.618148231210  7.158167534685  6.748919682210  2321.189253575620  4.135624279689  2.112829033806  5.049435734594  7.246930640933
6.848528438657  0.063623802068  6.896443645220  0.011068169190  9.534590768921  9.704170951209  1.590006744354  6.609231842681  4.269005586454  0.719631022482  9819.002463335048  7.033431674577  1.607021171734  3.372428599395  6.271977736178
5.277357328676  8.515234111699  6.735799945299  4.666289230909  7.940979555807  2.613699311313  9.776351007217  0.962526475159  4.741769004501  2.220242610170  8577.084365715196  6.689844725058  8.330086793832  9.244179662169  1.832836521424
2.252862158164  9.562958135191  4.944307961612  8.660943220195  6.928426031325  8.584450248025  5.136313593595  2.135354875634  5.120128047407  7.751099353000  0731.475090803135  3.371840767300  8.160059977371  8.849904531125  4.820485210550
3.386803988018  3.894629553166  1.872430972701  1.234644071784  5.256074711099  8.585147436404  2.327646769794  3.493243069387  7.015511938823  9.723292882026  7401.398922101791  9.677017947112  7.819855114183  3.554255656509  4.370154736029
1.367115463691  1.554590784649  9.566179251177  4.675130340473  1.712747214219  8.159207400444  3.314146371380  4.135241843613  3.099101925264  4.527179761031  4948.003909095623  4.035282742269  3.636808663367  4.032531947093  6.416213827411
3.361653704186  3.710875305239  5.430286174802  1.897033223894  4.014638324531  6.104193421605  1.556578038173  7.302471139287  2.777744131112  4.010785050000  8454.053077833784  5.520019566087  2.890284587461  6.566425317863  9.018096605874
3.104769848175  0.114548309851  6.859199264085  2.745868741123  8.318115604907  9.699225026083  2.464623950064  1.382372721226  9.387184073281  3.142729406669  5889.636291964661  3.143528006914  6.574523424787  6.359412212219  1.136262796096
3.734230036406  1.499494781384  0.231087840375  0.207613569766  3.458842299621  2.201167950775  9.678473967786  2.243059217040  2.387977276315  2.845262497059  3530.516763270128  7.350019663263  5.518010227835  1.399431718372  5.191083533443
6.408333528996  0.082673617389  4.166387266981  9.990321159148  7.347087763210  6.393266767907  8.063326983131  4.288633487880  5.817928430236  2.343793322627  6827.686537045049  4.743727973067  3.637212685254  4.054396121006  6.111269471858
9.655546016891  4.314513287880  8.601705985725  3.679035313341  8.263540902792  6.377260982365  2.834062614253  8.674631467665  2.919918854631  2.495214565679  2491.633254261856  2.674440156110  3.614746931210  7.158043636577  6.749746182210
7.958545288101  7.555123438711  9.173139386733  8.066608268234  5.947245890240  9.336848439499  4.489711154902  0.686017224445  2.200010512398  1.909797790768  5078.818130751209  1.553564021854  6.605839542681  4.269981688346  0.710468522482
4.446468498961  1.738021145116  8.052624388871  7.344931251099  3.956270837336  1.785277268389  4.677263765211  6.996956570745  2.994665730506  9.097109379555  4885.551312511313  9.739665788467  0.968970175159  4.741633906493  2.221908110170
3.104440398789  2.217677558267  3.869357443493  8.320803902162  1.691831796121  4.242252773111  5.678210408235  1.914165103561  6.128669494596  1.956187726031  9069.657623848025  5.199628755095  2.131709775634  5.120092941234  7.752883653000
5.220193117277  2.604369938724  6.389187685577  3.719408883731  1.254829368010  5.503386714941  2.422542123053  1.661093376272  7.011233195238  7.845415274711  6680.186237836404  2.380950827444  3.499697869387  7.015485899899  9.724076082026
2.507635890097  8.260666014116  9.408837033414  1.834113151556  5.094379098936  0.291367026425  4.590202092084  6.499788914951  1.774674683064  4.731984847214  8880.750397800444  3.377450439030  4.131694543613  3.099075886197  4.528953061031
9.028368285981  7.585024395477  2.474654086963  3.675691437847  0.936415157027  4.113361564766  9.442469766505  2.395653410874  8.021896589547  8.944286738324  1008.705283821605  1.519882196823  7.308824339287  2.777618087540  4.011456050000
3.533268505529  8.196519014754  5.653818454387  4.617125321217  8.639017937505  8.743104670800  9.339863439509  8.516072323964  0.852744314065  1.238580215604  5761.290315426083  2.427937018714  1.388725921226  9.387058929619  3.143490406669
0.968841721471  7.964129423294  4.927598693224  7.877918318112  2.191135103696  0.963734141094  2.700148443881  3.840453964440  3.750206164132  7.663611442299  2195.702571350775  9.631960013936  2.249503117040  2.387859150003  2.846083797059
6.111601313987  2.538334692720  5.916532269827  8.352958668118  3.725190997333  4.436408244586  7.609731622717  3.894388264966  9.819999872722  1.487500787763  8089.279546567907  8.026811083131  4.284187587880  5.817800323007  2.344527022627
0.037415747513  1.745729340392  8.954651713985  2.545614810021  0.066110127471  8.589655457074  6.653063562487  8.808822882685  7.253678461658  3.418236140902  3763.824482382365  2.897807110403  8.670185567665  2.919890747402  2.496049265679
6.621691799539  9.813650081344  6.984638247231  2.108718567536  5.776748604182  2.107958456246  9.756204172738  7.119394216086  7.338065034503  2.345910845890  8246.878214239499  4.442556435152  0.682561224445  2.200992405169  1.900522390768
9.219893112429  3.342539106744  3.327629330842  6.815829405588  3.460719326522  4.824446379456  7.350487070545  1.168273701288  8.717343367596  0.993929870837  9108.227643068389  4.630008046461  6.992400570745  2.994547626230  9.098938779555
8.072702631889  4.480715451007  2.951982625475  1.595301169006  4.932220937110  1.703104351358  1.151966626958  2.673080434243  4.938329239247  1.621664431796  7051.784628573111  5.631055789485  1.910619103561  6.128541380220  1.957916226031
Information: The stitching and editing of coupling caps is turned OFF for design 'fsc_top.nlib:fsc_top/icg.design'. (TIM-125)
Information: Orientation ETCH is using reference direction: VERTICAL. (NEX-032)
DEBUG FLOWMSGPRINTER: HANDLER IS NULL

Compile-fusion final QoR
________________________
Scenario Mapping Table
1: ss0p95v125c.func

Pathgroup Mapping Table
1: **default**
2: **async_default**
3: **clock_gating_default**
4: **in2reg_default**
5: **reg2out_default**
6: **in2out_default**
7: pll1_clk_in
8: pll2_clk_in
9: pixel_clk
10: system_clk
11: comp_clk
12: i2c_scl
13: test_clk
14: system_clk_div2
15: panel_clk_inv_gate
16: panel_clk_dly
17: panel_clk_gate
18: system_clk_int
19: flash_clk_gate
20: i2c_clk
21: sdram_clk_gate
22: sdram_clk
23: pixel_comp_clk_pix

-------------------------------------------------------------------------------------------------------------------------------------------------------------
PATHGROUP QOR 
-------------------------------------------------------------------------------------------------------------------------------------------------------------
Scene  PG      WNS        TNS    NSV      WHV        THV    NHV
    1   1   0.0000     0.0000      0        -          -      -
    1   2   0.0000     0.0000      0        -          -      -
    1   3   0.0000     0.0000      0        -          -      -
    1   4 1990.4263 4668809.5000   2406        -          -      -
    1   5 1940.5941 27166.9023     14        -          -      -
    1   6 1980.9127 23765.8730     12        -          -      -
    1   7 148.2113  1312.3691      9        -          -      -
    1   8 147.8745   871.8799      6        -          -      -
    1   9 490.9389  3385.0300      7        -          -      -
    1  10 591.4405 22011.1367     38        -          -      -
    1  11 592.2928  3507.1968      6        -          -      -
    1  12   0.0000     0.0000      0        -          -      -
    1  13 1950.2688 4618252.0000   2430        -          -      -
    1  14 1182.3207 2805006.0000   2435        -          -      -
    1  15   0.0000     0.0000      0        -          -      -
    1  16   0.0000     0.0000      0        -          -      -
    1  17 116.3270 82847.5391    717        -          -      -
    1  18 576.4237 21898.1328     38        -          -      -
    1  19 576.6769 634270.5625   1101        -          -      -
    1  20 576.7377 2517101.2500   4368        -          -      -
    1  21 145.1922 736667.3750   5106        -          -      -
    1  22   0.0000     0.0000      0        -          -      -
    1  23 477.9182 175654.1250    368        -          -      -
----------------------------------------------------------------------------------------------------------------------------------------------------------------------
SCENARIO QOR 
----------------------------------------------------------------------------------------------------------------------------------------------------------------------
Scene  PG      WNS        TNS   R2RTNS    NSV      WHV        THV    NHV  MaxTrnV   MaxTranC  MaxCapV    Leakage
    1   * 1990.4263 13510492.0000 8810202.0000  16604        -          -      -       21     0.9693      744 68475424768
----------------------------------------------------------------------------------------------------------------------------------------------------------------------
DESIGN QOR 
----------------------------------------------------------------------------------------------------------------------------------------------------------------------
Scene  PG      WNS        TNS   R2RTNS    NSV      WHV        THV    NHV  MaxTrnV   MaxTranC  MaxCapV    Leakage         Area    InstCnt     BufCnt     InvCnt
    *   * 1990.4263 13510492.0000 8810202.0000  16604   0.0000     0.0000      0       21     0.9693      744 68475424768    638453.81      65573       9820      10988
----------------------------------------------------------------------------------------------------------------------------------------------------------------------

Compile-fusion final QoR Summary         WNS        TNS   R2RTNS    NSV      WHV        THV    NHV  MaxTrnV  MaxCapV    Leakage         Area    InstCnt
Compile-fusion final QoR Summary    1990.4263 13510492.0000 8810202.0000  16604   0.0000     0.0000      0       21      744 68475424768    638453.81      65573

Compile-fusion command complete                CPU:  7923 s (  2.20 hr )  ELAPSE:  1549 s (  0.43 hr )  MEM-PEAK:  3363 MB
Compile-fusion command statistics  CPU=4890 sec (1.36 hr) ELAPSED=483 sec (0.13 hr) MEM-PEAK=3.284 GB
DEBUG FLOWMSGPRINTER: HANDLER IS NULL

DEBUG FLOWMSGPRINTER: HANDLER IS NULL
Information: Total 2 MV-099 violations. (MV-080)
Information: Please run check_mv_design for more details. (UPF-535)
Information: Summary of UPF Cells (UPF-532)
*******************************************************************************
                            Summary of UPF Cells                               
*******************************************************************************
This is a UPF design.
UPF is loaded.
UPF is committed.
-------------------------------------------------------------------------------
Number of power domains:        1
Number of supply nets:          2
-------------------------------------------------------------------------------
                             Voltage Area Info                                 
-------------------------------------------------------------------------------
Name                            X           Y           Power Domain Name
-------------------------------------------------------------------------------
DEFAULT_VA                                              TOP
                                8.0000      8.0000
                                8.0000      930.9440
                                932.0080    930.9440
                                932.0080    8.0000

-------------------------------------------------------------------------------
MV Cells                        Total Number
-------------------------------------------------------------------------------
Level Shifter:                  0
Enable Level Shifter:           0
Isolation Cell:                 0
Retention Cell:                 0
Retention Clamp Cell:           0
Switch Cell:                    0
Always-On Cell:                 0
Repeater Cell:                  0

-------------------------------------------------------------------------------
Unmapped MV Cells
-------------------------------------------------------------------------------
No unmapped MV cell found
*******************************************************************************
                        End of Summary of UPF Cells                            
*******************************************************************************

Information: Runtime Summary (compile_fusion / initial_opto)  (FLW-9001)
----------------------------------------------------------------------------
     Elapse(Hr:Min:Sec)     Elapse(%)     Category
----------------------------------------------------------------------------
       00:00:00              0.0%         Optimization (1) 
       00:00:08              1.1%         Optimization (1)/Timing Optimization 
       00:03:29             27.1%         Timing and Congestion Driven Placement 
       00:00:00              0.0%         Scan Reordering 
       00:00:00              0.1%         Optimization (2) 
       00:00:00              0.0%         Scan Synthesis 
       00:00:04              0.6%         DRC Optimization 
       00:00:02              0.3%         Incremental High Fanout Synthesis 
       00:00:06              0.9%         Optimization (3) 
       00:00:04              0.5%         Optimization (3)/Global Sizing and Buffering 
       00:00:00              0.0%         Optimization (3)/Macro Skewing 
       00:00:13              1.7%         Optimization (3)/Timing Optimization 
       00:00:02              0.3%         Optimization (3)/Timing Optimization/Clock and Data Optimization 
       00:00:16              2.1%         Optimization (3)/Area Optimization 
       00:00:00              0.0%         Additional Preconditioning Placement 
       00:00:00              0.0%         Additional Timing Driven Placement 
       00:00:00              0.0%         Additional Incremental High Fanout Synthesis 
       00:00:00              0.0%         Additional Optimization 
       00:00:00              0.0%         Additional Optimization/Timing Optimization 
       00:00:00              0.0%         Optimization (4) 
       00:07:56             61.6%         Optimization (5) 
       00:00:28              3.7%         Other 
----------------------------------------------------------------------------
       00:12:54            100.0%         Total 
----------------------------------------------------------------------------

Host Options:
-------------
Max cores: 16

Machine Spec:
-------------
INTEL(R) XEON(R) GOLD 6548Y+ / 128 CPUs  
Sockets: 2, Cores: 32, HT/SMT, not-VM
----------------------------------------------------------------------------

Information: Ending   compile_fusion / initial_opto (FLW-8001)
Information: Time: 2026-07-01 12:25:43 / Session:  00:25:50 / Command:  00:21:31 / CPU:  01:48:15 / Memory: 3363 MB (FLW-8100)
Information: CPU Load: 7%, Ram Free: 156 GB, Swap Free: 13 GB, Work Disk Free: 5929 GB, Tmp Disk Free: 70 GB (MSG-3995)

Information: >>>>>>> 11 unique error and warning message tags while observing compile_fusion / initial_opto: (MSG-3100)
Information: #prnt #trgr #lmt    Tag  Level     Format (or last printed message)                                (MSG-3036)
Information:     1     1  0 DFT-1991  WARNING   Warning: SCANDEF based Optimization skipped: No ScanDEF chai... (MSG-3032)
Information:    22    22  0 FLW-2892  WARNING   Warning: Restoring scoped app option 'ropt.lr_estimation_com... (MSG-3032)
Information:     2     1  0 ZRT-704   WARNING   Warning: The value of route.common.extra_nonpreferred_direct... (MSG-3032)
Information:     2     1  0 ZRT-511   WARNING   Warning: Cell contains tie connections which are not connect... (MSG-3032)
Information:     2     1  0 ZRT-022   WARNING   Warning: Cannot find a default contact code for layer CO. (Z... (MSG-3032)
Information:     1     1  0 PLACE-029 WARNING   Warning: There is insufficient area available to achieve the... (MSG-3032)
Information:    10    10  0 OPT-069   WARNING   Warning: Skipping pin boundarycell_ENDCAP02_8/VDD. Reason - ... (MSG-3032)
Information:   234   119  0 ZRT-763   WARNING   Warning: Cell u_YCrCb2RGB/Cb_reg1_reg[1] is placed overlappi... (MSG-3032)
Information:     6     1  0 GRF-013   WARNING   Warning: Timing Arc from 'u_clk_gen/u_clock_gen/C383/ctmi_32... (MSG-3032)
Information:     8     8  0 OPT-070   WARNING   Warning: Cannot find any default max transition constraint o... (MSG-3032)
Information:     1     1  0 OPT-916   WARNING   Warning: Design timing is over-constrained. Turning off dirt... (MSG-3032)
Information:   289   166  0       11  <------   Total sum of messages (MSG-3038)
Information: >>>>>>> Summary: 166 error&warning MSGs observed during compile_fusion / initial_opto (MSG-3103)

Information: The net parasitics of block fsc_top are cleared. (TIM-123)
INFO: End environment monitoring: recipes
INFO: Restored 0 timer status, 5 app options, 0 tcl gvars, 0 env vars
Information: >>>>>>> 13 unique error and warning message tags while observing fusion: (MSG-3100)
Information: #prnt #trgr #lmt    Tag  Level     Format (or last printed message)                                (MSG-3036)
Information:     3     1  0 FLW-3502  WARNING   Warning: The app option 'compile.flow.high_effort_timing' wi... (MSG-3032)
Information:     1     1 10 SQM-1061  WARNING   Warning: Cannot infer functionality of libcell 'saed32pll/PL... (MSG-3032)
Information:     1     1  0 DFT-1991  WARNING   Warning: SCANDEF based Optimization skipped: No ScanDEF chai... (MSG-3032)
Information:    22    22  0 FLW-2892  WARNING   Warning: Restoring scoped app option 'ropt.lr_estimation_com... (MSG-3032)
Information:     2     2  0 ZRT-704   WARNING   Warning: The value of route.common.extra_nonpreferred_direct... (MSG-3032)
Information:     2     2  0 ZRT-511   WARNING   Warning: Cell contains tie connections which are not connect... (MSG-3032)
Information:     2     2  0 ZRT-022   WARNING   Warning: Cannot find a default contact code for layer CO. (Z... (MSG-3032)
Information:     1     1  0 PLACE-029 WARNING   Warning: There is insufficient area available to achieve the... (MSG-3032)
Information:    10    10  0 OPT-069   WARNING   Warning: Skipping pin boundarycell_ENDCAP02_8/VDD. Reason - ... (MSG-3032)
Information:   234   234  0 ZRT-763   WARNING   Warning: Cell u_YCrCb2RGB/Cb_reg1_reg[1] is placed overlappi... (MSG-3032)
Information:     6     1  0 GRF-013   WARNING   Warning: Timing Arc from 'u_clk_gen/u_clock_gen/C383/ctmi_32... (MSG-3032)
Information:     8     8  0 OPT-070   WARNING   Warning: Cannot find any default max transition constraint o... (MSG-3032)
Information:     1     1  0 OPT-916   WARNING   Warning: Design timing is over-constrained. Turning off dirt... (MSG-3032)
Information:   293   286  1       13  <------   Total sum of messages (MSG-3038)
Information: >>>>>>> Summary: 286 error&warning MSGs observed during fusion (MSG-3103)

  Block: fsc_top.nlib:fsc_top/icg.design
  Current State: is mapped; is placed; 
  Events:
	- initial_map             	07/01/26 12:00 -->     0.012 hours
	- logic_opto              	07/01/26 12:01 -->     0.047 hours
	- initial_place           	07/01/26 12:04 -->     0.009 hours
	- initial_drc             	07/01/26 12:04 -->     0.134 hours
	- initial_opto            	07/01/26 12:12 -->     0.215 hours

Information: Ending   'compile_fusion -from initial_place -to initial_opto' (FLW-8001)
Information: Time: 2026-07-01 12:25:43 / Session:  00:25:50 / Command:  00:21:31 / CPU:  01:48:15 / Memory: 3363 MB (FLW-8100)
Information: CPU Load: 7%, Ram Free: 156 GB, Swap Free: 13 GB, Work Disk Free: 5929 GB, Tmp Disk Free: 70 GB (MSG-3995)
1
