#-----------------------------------------------------------
# Vivado v2022.2 (64-bit)
# SW Build 3671981 on Fri Oct 14 04:59:54 MDT 2022
# IP Build 3669848 on Fri Oct 14 08:30:02 MDT 2022
# Start of session at: Fri Jul 31 08:31:53 2026
# Process ID: 6955
# Current directory: /home/sogang/ppe_fpga_ho
# Command line: vivado
# Log file: /home/sogang/ppe_fpga_ho/vivado.log
# Journal file: /home/sogang/ppe_fpga_ho/vivado.jou
# Running On: sogang-500TGA-500SGA, OS: Linux, CPU Frequency: 799.784 MHz, CPU Physical cores: 10, Host memory: 16429 MB
#-----------------------------------------------------------
start_gui
WARNING: [Board 49-26] cannot add Board Part xilinx.com:vek280_es:part0:1.0 available at /tools/Xilinx/Vivado/2022.2/data/xhub/boards/XilinxBoardStore/boards/Xilinx/vek280/es/1.0/board.xml as part xcve2802-vsvh1760-2lp-e-s-es1 specified in board_part file is either invalid or not available
WARNING: [Board 49-26] cannot add Board Part xilinx.com:vhk158_es:part0:1.0 available at /tools/Xilinx/Vivado/2022.2/data/xhub/boards/XilinxBoardStore/boards/Xilinx/vhk158/es/1.0/board.xml as part xcvh1582-vsva3697-2mp-e-s-es1 specified in board_part file is either invalid or not available
WARNING: [Board 49-26] cannot add Board Part xilinx.com:vpk120_es:part0:1.2 available at /tools/Xilinx/Vivado/2022.2/data/xhub/boards/XilinxBoardStore/boards/Xilinx/vpk120/es/1.2/board.xml as part xcvp1202-vsva2785-2mp-e-s-es1 specified in board_part file is either invalid or not available
WARNING: [Board 49-26] cannot add Board Part xilinx.com:vpk120_es_revb:part0:1.0 available at /tools/Xilinx/Vivado/2022.2/data/xhub/boards/XilinxBoardStore/boards/Xilinx/vpk120_revb/es/1.0/board.xml as part xcvp1202-vsva2785-2mp-e-s-es1 specified in board_part file is either invalid or not available
WARNING: [Board 49-26] cannot add Board Part xilinx.com:vpk180_es:part0:1.0 available at /tools/Xilinx/Vivado/2022.2/data/xhub/boards/XilinxBoardStore/boards/Xilinx/vpk180/es/1.0/board.xml as part xcvp1802-lsvc4072-2mp-e-s-es1 specified in board_part file is either invalid or not available
WARNING: [Board 49-26] cannot add Board Part xilinx.com:zcu208ld:part0:2.0 available at /tools/Xilinx/Vivado/2022.2/data/xhub/boards/XilinxBoardStore/boards/Xilinx/zcu208ld/production/2.0/board.xml as part xczu58dr-fsvg1517-2-i specified in board_part file is either invalid or not available
WARNING: [Board 49-26] cannot add Board Part xilinx.com:zcu216ld:part0:2.0 available at /tools/Xilinx/Vivado/2022.2/data/xhub/boards/XilinxBoardStore/boards/Xilinx/zcu216ld/production/2.0/board.xml as part xczu59dr-ffvf1760-2-i specified in board_part file is either invalid or not available
WARNING: [Board 49-26] cannot add Board Part xilinx.com:zcu670:part0:2.0 available at /tools/Xilinx/Vivado/2022.2/data/xhub/boards/XilinxBoardStore/boards/Xilinx/zcu670/2.0/board.xml as part xczu67dr-fsve1156-2-i specified in board_part file is either invalid or not available
WARNING: [Board 49-26] cannot add Board Part xilinx.com:zcu670ld:part0:1.0 available at /tools/Xilinx/Vivado/2022.2/data/xhub/boards/XilinxBoardStore/boards/Xilinx/zcu670ld/1.0/board.xml as part xczu57dr-fsve1156-2-i specified in board_part file is either invalid or not available
WARNING: [Board 49-26] cannot add Board Part xilinx.com:vek280_es:part0:1.0 available at /tools/Xilinx/Vivado/2022.2/data/xhub/boards/XilinxBoardStore/boards/Xilinx/vek280/es/1.0/board.xml as part xcve2802-vsvh1760-2lp-e-s-es1 specified in board_part file is either invalid or not available
WARNING: [Board 49-26] cannot add Board Part xilinx.com:vhk158_es:part0:1.0 available at /tools/Xilinx/Vivado/2022.2/data/xhub/boards/XilinxBoardStore/boards/Xilinx/vhk158/es/1.0/board.xml as part xcvh1582-vsva3697-2mp-e-s-es1 specified in board_part file is either invalid or not available
WARNING: [Board 49-26] cannot add Board Part xilinx.com:vpk120_es:part0:1.2 available at /tools/Xilinx/Vivado/2022.2/data/xhub/boards/XilinxBoardStore/boards/Xilinx/vpk120/es/1.2/board.xml as part xcvp1202-vsva2785-2mp-e-s-es1 specified in board_part file is either invalid or not available
WARNING: [Board 49-26] cannot add Board Part xilinx.com:vpk120_es_revb:part0:1.0 available at /tools/Xilinx/Vivado/2022.2/data/xhub/boards/XilinxBoardStore/boards/Xilinx/vpk120_revb/es/1.0/board.xml as part xcvp1202-vsva2785-2mp-e-s-es1 specified in board_part file is either invalid or not available
WARNING: [Board 49-26] cannot add Board Part xilinx.com:vpk180_es:part0:1.0 available at /tools/Xilinx/Vivado/2022.2/data/xhub/boards/XilinxBoardStore/boards/Xilinx/vpk180/es/1.0/board.xml as part xcvp1802-lsvc4072-2mp-e-s-es1 specified in board_part file is either invalid or not available
WARNING: [Board 49-26] cannot add Board Part xilinx.com:zcu208ld:part0:2.0 available at /tools/Xilinx/Vivado/2022.2/data/xhub/boards/XilinxBoardStore/boards/Xilinx/zcu208ld/production/2.0/board.xml as part xczu58dr-fsvg1517-2-i specified in board_part file is either invalid or not available
WARNING: [Board 49-26] cannot add Board Part xilinx.com:zcu216ld:part0:2.0 available at /tools/Xilinx/Vivado/2022.2/data/xhub/boards/XilinxBoardStore/boards/Xilinx/zcu216ld/production/2.0/board.xml as part xczu59dr-ffvf1760-2-i specified in board_part file is either invalid or not available
WARNING: [Board 49-26] cannot add Board Part xilinx.com:zcu670:part0:2.0 available at /tools/Xilinx/Vivado/2022.2/data/xhub/boards/XilinxBoardStore/boards/Xilinx/zcu670/2.0/board.xml as part xczu67dr-fsve1156-2-i specified in board_part file is either invalid or not available
WARNING: [Board 49-26] cannot add Board Part xilinx.com:zcu670ld:part0:1.0 available at /tools/Xilinx/Vivado/2022.2/data/xhub/boards/XilinxBoardStore/boards/Xilinx/zcu670ld/1.0/board.xml as part xczu57dr-fsve1156-2-i specified in board_part file is either invalid or not available
WARNING: [Board 49-26] cannot add Board Part xilinx.com:vek280_es:part0:1.0 available at /tools/Xilinx/Vivado/2022.2/data/xhub/boards/XilinxBoardStore/boards/Xilinx/vek280/es/1.0/board.xml as part xcve2802-vsvh1760-2lp-e-s-es1 specified in board_part file is either invalid or not available
WARNING: [Board 49-26] cannot add Board Part xilinx.com:vhk158_es:part0:1.0 available at /tools/Xilinx/Vivado/2022.2/data/xhub/boards/XilinxBoardStore/boards/Xilinx/vhk158/es/1.0/board.xml as part xcvh1582-vsva3697-2mp-e-s-es1 specified in board_part file is either invalid or not available
WARNING: [Board 49-26] cannot add Board Part xilinx.com:vpk120_es:part0:1.2 available at /tools/Xilinx/Vivado/2022.2/data/xhub/boards/XilinxBoardStore/boards/Xilinx/vpk120/es/1.2/board.xml as part xcvp1202-vsva2785-2mp-e-s-es1 specified in board_part file is either invalid or not available
WARNING: [Board 49-26] cannot add Board Part xilinx.com:vpk120_es_revb:part0:1.0 available at /tools/Xilinx/Vivado/2022.2/data/xhub/boards/XilinxBoardStore/boards/Xilinx/vpk120_revb/es/1.0/board.xml as part xcvp1202-vsva2785-2mp-e-s-es1 specified in board_part file is either invalid or not available
WARNING: [Board 49-26] cannot add Board Part xilinx.com:vpk180_es:part0:1.0 available at /tools/Xilinx/Vivado/2022.2/data/xhub/boards/XilinxBoardStore/boards/Xilinx/vpk180/es/1.0/board.xml as part xcvp1802-lsvc4072-2mp-e-s-es1 specified in board_part file is either invalid or not available
WARNING: [Board 49-26] cannot add Board Part xilinx.com:zcu208ld:part0:2.0 available at /tools/Xilinx/Vivado/2022.2/data/xhub/boards/XilinxBoardStore/boards/Xilinx/zcu208ld/production/2.0/board.xml as part xczu58dr-fsvg1517-2-i specified in board_part file is either invalid or not available
WARNING: [Board 49-26] cannot add Board Part xilinx.com:zcu216ld:part0:2.0 available at /tools/Xilinx/Vivado/2022.2/data/xhub/boards/XilinxBoardStore/boards/Xilinx/zcu216ld/production/2.0/board.xml as part xczu59dr-ffvf1760-2-i specified in board_part file is either invalid or not available
WARNING: [Board 49-26] cannot add Board Part xilinx.com:zcu670:part0:2.0 available at /tools/Xilinx/Vivado/2022.2/data/xhub/boards/XilinxBoardStore/boards/Xilinx/zcu670/2.0/board.xml as part xczu67dr-fsve1156-2-i specified in board_part file is either invalid or not available
WARNING: [Board 49-26] cannot add Board Part xilinx.com:zcu670ld:part0:1.0 available at /tools/Xilinx/Vivado/2022.2/data/xhub/boards/XilinxBoardStore/boards/Xilinx/zcu670ld/1.0/board.xml as part xczu57dr-fsve1156-2-i specified in board_part file is either invalid or not available
WARNING: [Board 49-26] cannot add Board Part xilinx.com:vek280_es:part0:1.0 available at /tools/Xilinx/Vivado/2022.2/data/xhub/boards/XilinxBoardStore/boards/Xilinx/vek280/es/1.0/board.xml as part xcve2802-vsvh1760-2lp-e-s-es1 specified in board_part file is either invalid or not available
WARNING: [Board 49-26] cannot add Board Part xilinx.com:vhk158_es:part0:1.0 available at /tools/Xilinx/Vivado/2022.2/data/xhub/boards/XilinxBoardStore/boards/Xilinx/vhk158/es/1.0/board.xml as part xcvh1582-vsva3697-2mp-e-s-es1 specified in board_part file is either invalid or not available
WARNING: [Board 49-26] cannot add Board Part xilinx.com:vpk120_es:part0:1.2 available at /tools/Xilinx/Vivado/2022.2/data/xhub/boards/XilinxBoardStore/boards/Xilinx/vpk120/es/1.2/board.xml as part xcvp1202-vsva2785-2mp-e-s-es1 specified in board_part file is either invalid or not available
WARNING: [Board 49-26] cannot add Board Part xilinx.com:vpk120_es_revb:part0:1.0 available at /tools/Xilinx/Vivado/2022.2/data/xhub/boards/XilinxBoardStore/boards/Xilinx/vpk120_revb/es/1.0/board.xml as part xcvp1202-vsva2785-2mp-e-s-es1 specified in board_part file is either invalid or not available
WARNING: [Board 49-26] cannot add Board Part xilinx.com:vpk180_es:part0:1.0 available at /tools/Xilinx/Vivado/2022.2/data/xhub/boards/XilinxBoardStore/boards/Xilinx/vpk180/es/1.0/board.xml as part xcvp1802-lsvc4072-2mp-e-s-es1 specified in board_part file is either invalid or not available
WARNING: [Board 49-26] cannot add Board Part xilinx.com:zcu208ld:part0:2.0 available at /tools/Xilinx/Vivado/2022.2/data/xhub/boards/XilinxBoardStore/boards/Xilinx/zcu208ld/production/2.0/board.xml as part xczu58dr-fsvg1517-2-i specified in board_part file is either invalid or not available
WARNING: [Board 49-26] cannot add Board Part xilinx.com:zcu216ld:part0:2.0 available at /tools/Xilinx/Vivado/2022.2/data/xhub/boards/XilinxBoardStore/boards/Xilinx/zcu216ld/production/2.0/board.xml as part xczu59dr-ffvf1760-2-i specified in board_part file is either invalid or not available
WARNING: [Board 49-26] cannot add Board Part xilinx.com:zcu670:part0:2.0 available at /tools/Xilinx/Vivado/2022.2/data/xhub/boards/XilinxBoardStore/boards/Xilinx/zcu670/2.0/board.xml as part xczu67dr-fsve1156-2-i specified in board_part file is either invalid or not available
WARNING: [Board 49-26] cannot add Board Part xilinx.com:zcu670ld:part0:1.0 available at /tools/Xilinx/Vivado/2022.2/data/xhub/boards/XilinxBoardStore/boards/Xilinx/zcu670ld/1.0/board.xml as part xczu57dr-fsve1156-2-i specified in board_part file is either invalid or not available
WARNING: [Board 49-26] cannot add Board Part xilinx.com:vek280_es:part0:1.0 available at /tools/Xilinx/Vivado/2022.2/data/xhub/boards/XilinxBoardStore/boards/Xilinx/vek280/es/1.0/board.xml as part xcve2802-vsvh1760-2lp-e-s-es1 specified in board_part file is either invalid or not available
WARNING: [Board 49-26] cannot add Board Part xilinx.com:vhk158_es:part0:1.0 available at /tools/Xilinx/Vivado/2022.2/data/xhub/boards/XilinxBoardStore/boards/Xilinx/vhk158/es/1.0/board.xml as part xcvh1582-vsva3697-2mp-e-s-es1 specified in board_part file is either invalid or not available
WARNING: [Board 49-26] cannot add Board Part xilinx.com:vpk120_es:part0:1.2 available at /tools/Xilinx/Vivado/2022.2/data/xhub/boards/XilinxBoardStore/boards/Xilinx/vpk120/es/1.2/board.xml as part xcvp1202-vsva2785-2mp-e-s-es1 specified in board_part file is either invalid or not available
WARNING: [Board 49-26] cannot add Board Part xilinx.com:vpk120_es_revb:part0:1.0 available at /tools/Xilinx/Vivado/2022.2/data/xhub/boards/XilinxBoardStore/boards/Xilinx/vpk120_revb/es/1.0/board.xml as part xcvp1202-vsva2785-2mp-e-s-es1 specified in board_part file is either invalid or not available
WARNING: [Board 49-26] cannot add Board Part xilinx.com:vpk180_es:part0:1.0 available at /tools/Xilinx/Vivado/2022.2/data/xhub/boards/XilinxBoardStore/boards/Xilinx/vpk180/es/1.0/board.xml as part xcvp1802-lsvc4072-2mp-e-s-es1 specified in board_part file is either invalid or not available
WARNING: [Board 49-26] cannot add Board Part xilinx.com:zcu208ld:part0:2.0 available at /tools/Xilinx/Vivado/2022.2/data/xhub/boards/XilinxBoardStore/boards/Xilinx/zcu208ld/production/2.0/board.xml as part xczu58dr-fsvg1517-2-i specified in board_part file is either invalid or not available
WARNING: [Board 49-26] cannot add Board Part xilinx.com:zcu216ld:part0:2.0 available at /tools/Xilinx/Vivado/2022.2/data/xhub/boards/XilinxBoardStore/boards/Xilinx/zcu216ld/production/2.0/board.xml as part xczu59dr-ffvf1760-2-i specified in board_part file is either invalid or not available
WARNING: [Board 49-26] cannot add Board Part xilinx.com:zcu670:part0:2.0 available at /tools/Xilinx/Vivado/2022.2/data/xhub/boards/XilinxBoardStore/boards/Xilinx/zcu670/2.0/board.xml as part xczu67dr-fsve1156-2-i specified in board_part file is either invalid or not available
WARNING: [Board 49-26] cannot add Board Part xilinx.com:zcu670ld:part0:1.0 available at /tools/Xilinx/Vivado/2022.2/data/xhub/boards/XilinxBoardStore/boards/Xilinx/zcu670ld/1.0/board.xml as part xczu57dr-fsve1156-2-i specified in board_part file is either invalid or not available
create_project ppe_dma_passthrough /home/sogang/ppe_fpga_ho/ppe_dma_passthrough -part xck26-sfvc784-2LV-c
INFO: [IP_Flow 19-234] Refreshing IP repositories
INFO: [IP_Flow 19-1704] No user IP repositories specified
INFO: [IP_Flow 19-2313] Loaded Vivado IP repository '/tools/Xilinx/Vivado/2022.2/data/ip'.
set_property board_part xilinx.com:kv260_som:part0:1.4 [current_project]
set_property board_connections {som240_1_connector xilinx.com:kv260_carrier:som240_1_connector:1.3} [current_project]
set_property platform.extensible true [current_project]
set_property  ip_repo_paths  /home/sogang/ppe_fpga_ho/axis/passthrough/axis_passthrough_hls/solution1/impl/ip [current_project]
update_ip_catalog
INFO: [IP_Flow 19-234] Refreshing IP repositories
INFO: [IP_Flow 19-1700] Loaded user IP repository '/home/sogang/ppe_fpga_ho/axis/passthrough/axis_passthrough_hls/solution1/impl/ip'.
set_property dataflow_viewer_settings "min_width=16"   [current_fileset]
create_bd_design "dma_passthrough"
Wrote  : </home/sogang/ppe_fpga_ho/ppe_dma_passthrough/ppe_dma_passthrough.srcs/sources_1/bd/dma_passthrough/dma_passthrough.bd> 
create_bd_design: Time (s): cpu = 00:00:03 ; elapsed = 00:00:06 . Memory (MB): peak = 6989.023 ; gain = 30.020 ; free physical = 6667 ; free virtual = 44608
update_compile_order -fileset sources_1
startgroup
create_bd_cell -type ip -vlnv xilinx.com:ip:zynq_ultra_ps_e:3.4 zynq_ultra_ps_e_0
endgroup
apply_bd_automation -rule xilinx.com:bd_rule:zynq_ultra_ps_e -config {apply_board_preset "1" }  [get_bd_cells zynq_ultra_ps_e_0]
INFO: [PSU-1]  DP_AUDIO clock source: RPLL is also being used by other peripheral clocks. Their outputs may get impacted if any driver changes DP_AUDIO PLL source to support runtime audio change 
INFO: [PSU-1]  DP_AUDIO clock source: RPLL is also being used by other peripheral clocks. Their outputs may get impacted if any driver changes DP_AUDIO PLL source to support runtime audio change 
WARNING: [IP_Flow 19-474] Invalid Parameter 'Component_Name'
INFO: [PSU-1]  DP_AUDIO clock source: RPLL is also being used by other peripheral clocks. Their outputs may get impacted if any driver changes DP_AUDIO PLL source to support runtime audio change 
set_property CONFIG.PSU__USE__S_AXI_GP2 {1} [get_bd_cells zynq_ultra_ps_e_0]
INFO: [PSU-1]  DP_AUDIO clock source: RPLL is also being used by other peripheral clocks. Their outputs may get impacted if any driver changes DP_AUDIO PLL source to support runtime audio change 
startgroup
create_bd_cell -type ip -vlnv xilinx.com:ip:axi_dma:7.1 axi_dma_0
endgroup
set_property -dict [list \
  CONFIG.c_include_mm2s {1} \
  CONFIG.c_include_s2mm {1} \
  CONFIG.c_include_sg {0} \
  CONFIG.c_micro_dma {0} \
] [get_bd_cells axi_dma_0]
startgroup
create_bd_cell -type ip -vlnv xilinx.com:hls:axis_passthrough:1.0 axis_passthrough_0
endgroup
startgroup
create_bd_cell -type ip -vlnv xilinx.com:ip:proc_sys_reset:5.0 proc_sys_reset_0
INFO: [Ipptcl 7-1463] No Compatible Board Interface found. Board Tab not created in customize GUI
endgroup
startgroup
create_bd_cell -type ip -vlnv xilinx.com:ip:smartconnect:1.0 smartconnect_0
endgroup
startgroup
create_bd_cell -type ip -vlnv xilinx.com:ip:smartconnect:1.0 smartconnect_1
endgroup
set_property -dict [list \
  CONFIG.NUM_MI {2} \
  CONFIG.NUM_SI {1} \
] [get_bd_cells smartconnect_0]
set_property location {3 759 -145} [get_bd_cells zynq_ultra_ps_e_0]
INFO: [PSU-1]  DP_AUDIO clock source: RPLL is also being used by other peripheral clocks. Their outputs may get impacted if any driver changes DP_AUDIO PLL source to support runtime audio change 
WARNING: [IP_Flow 19-474] Invalid Parameter 'Component_Name'
INFO: [PSU-1]  DP_AUDIO clock source: RPLL is also being used by other peripheral clocks. Their outputs may get impacted if any driver changes DP_AUDIO PLL source to support runtime audio change 
INFO: [PSU-1]  DP_AUDIO clock source: RPLL is also being used by other peripheral clocks. Their outputs may get impacted if any driver changes DP_AUDIO PLL source to support runtime audio change 
set_property -dict [list \
  CONFIG.PSU__FPGA_PL1_ENABLE {0} \
  CONFIG.PSU__USE__M_AXI_GP1 {0} \
] [get_bd_cells zynq_ultra_ps_e_0]
INFO: [PSU-1]  DP_AUDIO clock source: RPLL is also being used by other peripheral clocks. Their outputs may get impacted if any driver changes DP_AUDIO PLL source to support runtime audio change 
regenerate_bd_layout
regenerate_bd_layout
open_bd_design {/home/sogang/ppe_fpga_ho/ppe_dma_passthrough/ppe_dma_passthrough.srcs/sources_1/bd/dma_passthrough/dma_passthrough.bd}
INFO: [PSU-1]  DP_AUDIO clock source: RPLL is also being used by other peripheral clocks. Their outputs may get impacted if any driver changes DP_AUDIO PLL source to support runtime audio change 
WARNING: [IP_Flow 19-474] Invalid Parameter 'Component_Name'
startgroup
make_bd_pins_external  [get_bd_cells zynq_ultra_ps_e_0]
make_bd_intf_pins_external  [get_bd_cells zynq_ultra_ps_e_0]
endgroup
undo
INFO: [Common 17-17] undo 'endgroup'
INFO: [Common 17-17] undo 'make_bd_intf_pins_external  [get_bd_cells zynq_ultra_ps_e_0]'
INFO: [Common 17-17] undo 'make_bd_pins_external  [get_bd_cells zynq_ultra_ps_e_0]'
INFO: [Common 17-17] undo 'startgroup'
connect_bd_net [get_bd_pins zynq_ultra_ps_e_0/pl_clk0] [get_bd_pins zynq_ultra_ps_e_0/maxihpm0_fpd_aclk]
connect_bd_net [get_bd_pins zynq_ultra_ps_e_0/pl_clk0] [get_bd_pins zynq_ultra_ps_e_0/saxihp0_fpd_aclk]
WARNING: [Board 49-26] cannot add Board Part xilinx.com:vek280_es:part0:1.0 available at /tools/Xilinx/Vivado/2022.2/data/xhub/boards/XilinxBoardStore/boards/Xilinx/vek280/es/1.0/board.xml as part xcve2802-vsvh1760-2lp-e-s-es1 specified in board_part file is either invalid or not available
WARNING: [Board 49-26] cannot add Board Part xilinx.com:vhk158_es:part0:1.0 available at /tools/Xilinx/Vivado/2022.2/data/xhub/boards/XilinxBoardStore/boards/Xilinx/vhk158/es/1.0/board.xml as part xcvh1582-vsva3697-2mp-e-s-es1 specified in board_part file is either invalid or not available
WARNING: [Board 49-26] cannot add Board Part xilinx.com:vpk120_es:part0:1.2 available at /tools/Xilinx/Vivado/2022.2/data/xhub/boards/XilinxBoardStore/boards/Xilinx/vpk120/es/1.2/board.xml as part xcvp1202-vsva2785-2mp-e-s-es1 specified in board_part file is either invalid or not available
WARNING: [Board 49-26] cannot add Board Part xilinx.com:vpk120_es_revb:part0:1.0 available at /tools/Xilinx/Vivado/2022.2/data/xhub/boards/XilinxBoardStore/boards/Xilinx/vpk120_revb/es/1.0/board.xml as part xcvp1202-vsva2785-2mp-e-s-es1 specified in board_part file is either invalid or not available
WARNING: [Board 49-26] cannot add Board Part xilinx.com:vpk180_es:part0:1.0 available at /tools/Xilinx/Vivado/2022.2/data/xhub/boards/XilinxBoardStore/boards/Xilinx/vpk180/es/1.0/board.xml as part xcvp1802-lsvc4072-2mp-e-s-es1 specified in board_part file is either invalid or not available
WARNING: [Board 49-26] cannot add Board Part xilinx.com:zcu208ld:part0:2.0 available at /tools/Xilinx/Vivado/2022.2/data/xhub/boards/XilinxBoardStore/boards/Xilinx/zcu208ld/production/2.0/board.xml as part xczu58dr-fsvg1517-2-i specified in board_part file is either invalid or not available
WARNING: [Board 49-26] cannot add Board Part xilinx.com:zcu216ld:part0:2.0 available at /tools/Xilinx/Vivado/2022.2/data/xhub/boards/XilinxBoardStore/boards/Xilinx/zcu216ld/production/2.0/board.xml as part xczu59dr-ffvf1760-2-i specified in board_part file is either invalid or not available
WARNING: [Board 49-26] cannot add Board Part xilinx.com:zcu670:part0:2.0 available at /tools/Xilinx/Vivado/2022.2/data/xhub/boards/XilinxBoardStore/boards/Xilinx/zcu670/2.0/board.xml as part xczu67dr-fsve1156-2-i specified in board_part file is either invalid or not available
WARNING: [Board 49-26] cannot add Board Part xilinx.com:zcu670ld:part0:1.0 available at /tools/Xilinx/Vivado/2022.2/data/xhub/boards/XilinxBoardStore/boards/Xilinx/zcu670ld/1.0/board.xml as part xczu57dr-fsve1156-2-i specified in board_part file is either invalid or not available
WARNING: [Board 49-26] cannot add Board Part xilinx.com:vek280_es:part0:1.0 available at /tools/Xilinx/Vivado/2022.2/data/xhub/boards/XilinxBoardStore/boards/Xilinx/vek280/es/1.0/board.xml as part xcve2802-vsvh1760-2lp-e-s-es1 specified in board_part file is either invalid or not available
WARNING: [Board 49-26] cannot add Board Part xilinx.com:vhk158_es:part0:1.0 available at /tools/Xilinx/Vivado/2022.2/data/xhub/boards/XilinxBoardStore/boards/Xilinx/vhk158/es/1.0/board.xml as part xcvh1582-vsva3697-2mp-e-s-es1 specified in board_part file is either invalid or not available
WARNING: [Board 49-26] cannot add Board Part xilinx.com:vpk120_es:part0:1.2 available at /tools/Xilinx/Vivado/2022.2/data/xhub/boards/XilinxBoardStore/boards/Xilinx/vpk120/es/1.2/board.xml as part xcvp1202-vsva2785-2mp-e-s-es1 specified in board_part file is either invalid or not available
WARNING: [Board 49-26] cannot add Board Part xilinx.com:vpk120_es_revb:part0:1.0 available at /tools/Xilinx/Vivado/2022.2/data/xhub/boards/XilinxBoardStore/boards/Xilinx/vpk120_revb/es/1.0/board.xml as part xcvp1202-vsva2785-2mp-e-s-es1 specified in board_part file is either invalid or not available
WARNING: [Board 49-26] cannot add Board Part xilinx.com:vpk180_es:part0:1.0 available at /tools/Xilinx/Vivado/2022.2/data/xhub/boards/XilinxBoardStore/boards/Xilinx/vpk180/es/1.0/board.xml as part xcvp1802-lsvc4072-2mp-e-s-es1 specified in board_part file is either invalid or not available
WARNING: [Board 49-26] cannot add Board Part xilinx.com:zcu208ld:part0:2.0 available at /tools/Xilinx/Vivado/2022.2/data/xhub/boards/XilinxBoardStore/boards/Xilinx/zcu208ld/production/2.0/board.xml as part xczu58dr-fsvg1517-2-i specified in board_part file is either invalid or not available
WARNING: [Board 49-26] cannot add Board Part xilinx.com:zcu216ld:part0:2.0 available at /tools/Xilinx/Vivado/2022.2/data/xhub/boards/XilinxBoardStore/boards/Xilinx/zcu216ld/production/2.0/board.xml as part xczu59dr-ffvf1760-2-i specified in board_part file is either invalid or not available
WARNING: [Board 49-26] cannot add Board Part xilinx.com:zcu670:part0:2.0 available at /tools/Xilinx/Vivado/2022.2/data/xhub/boards/XilinxBoardStore/boards/Xilinx/zcu670/2.0/board.xml as part xczu67dr-fsve1156-2-i specified in board_part file is either invalid or not available
WARNING: [Board 49-26] cannot add Board Part xilinx.com:zcu670ld:part0:1.0 available at /tools/Xilinx/Vivado/2022.2/data/xhub/boards/XilinxBoardStore/boards/Xilinx/zcu670ld/1.0/board.xml as part xczu57dr-fsve1156-2-i specified in board_part file is either invalid or not available
WARNING: [Board 49-26] cannot add Board Part xilinx.com:vek280_es:part0:1.0 available at /tools/Xilinx/Vivado/2022.2/data/xhub/boards/XilinxBoardStore/boards/Xilinx/vek280/es/1.0/board.xml as part xcve2802-vsvh1760-2lp-e-s-es1 specified in board_part file is either invalid or not available
WARNING: [Board 49-26] cannot add Board Part xilinx.com:vhk158_es:part0:1.0 available at /tools/Xilinx/Vivado/2022.2/data/xhub/boards/XilinxBoardStore/boards/Xilinx/vhk158/es/1.0/board.xml as part xcvh1582-vsva3697-2mp-e-s-es1 specified in board_part file is either invalid or not available
WARNING: [Board 49-26] cannot add Board Part xilinx.com:vpk120_es:part0:1.2 available at /tools/Xilinx/Vivado/2022.2/data/xhub/boards/XilinxBoardStore/boards/Xilinx/vpk120/es/1.2/board.xml as part xcvp1202-vsva2785-2mp-e-s-es1 specified in board_part file is either invalid or not available
WARNING: [Board 49-26] cannot add Board Part xilinx.com:vpk120_es_revb:part0:1.0 available at /tools/Xilinx/Vivado/2022.2/data/xhub/boards/XilinxBoardStore/boards/Xilinx/vpk120_revb/es/1.0/board.xml as part xcvp1202-vsva2785-2mp-e-s-es1 specified in board_part file is either invalid or not available
WARNING: [Board 49-26] cannot add Board Part xilinx.com:vpk180_es:part0:1.0 available at /tools/Xilinx/Vivado/2022.2/data/xhub/boards/XilinxBoardStore/boards/Xilinx/vpk180/es/1.0/board.xml as part xcvp1802-lsvc4072-2mp-e-s-es1 specified in board_part file is either invalid or not available
WARNING: [Board 49-26] cannot add Board Part xilinx.com:zcu208ld:part0:2.0 available at /tools/Xilinx/Vivado/2022.2/data/xhub/boards/XilinxBoardStore/boards/Xilinx/zcu208ld/production/2.0/board.xml as part xczu58dr-fsvg1517-2-i specified in board_part file is either invalid or not available
WARNING: [Board 49-26] cannot add Board Part xilinx.com:zcu216ld:part0:2.0 available at /tools/Xilinx/Vivado/2022.2/data/xhub/boards/XilinxBoardStore/boards/Xilinx/zcu216ld/production/2.0/board.xml as part xczu59dr-ffvf1760-2-i specified in board_part file is either invalid or not available
WARNING: [Board 49-26] cannot add Board Part xilinx.com:zcu670:part0:2.0 available at /tools/Xilinx/Vivado/2022.2/data/xhub/boards/XilinxBoardStore/boards/Xilinx/zcu670/2.0/board.xml as part xczu67dr-fsve1156-2-i specified in board_part file is either invalid or not available
WARNING: [Board 49-26] cannot add Board Part xilinx.com:zcu670ld:part0:1.0 available at /tools/Xilinx/Vivado/2022.2/data/xhub/boards/XilinxBoardStore/boards/Xilinx/zcu670ld/1.0/board.xml as part xczu57dr-fsve1156-2-i specified in board_part file is either invalid or not available
get_bd_intf_ports
WARNING: [BD 5-233] No interface ports matched 'get_bd_intf_ports'
get_bd_intf_pins -of_objects [get_bd_cells zynq_ultra_ps_e_0]
/zynq_ultra_ps_e_0/M_AXI_HPM0_FPD /zynq_ultra_ps_e_0/S_AXI_HP0_FPD
make_bd_intf_pins_external [get_bd_intf_pins zynq_ultra_ps_e_0/DDR]
WARNING: [BD 5-232] No interface pins matched 'get_bd_intf_pins zynq_ultra_ps_e_0/DDR'
make_bd_intf_pins_external [get_bd_intf_pins zynq_ultra_ps_e_0/FIXED_IO]
WARNING: [BD 5-232] No interface pins matched 'get_bd_intf_pins zynq_ultra_ps_e_0/FIXED_IO'
save_bd_design
Wrote  : </home/sogang/ppe_fpga_ho/ppe_dma_passthrough/ppe_dma_passthrough.srcs/sources_1/bd/dma_passthrough/dma_passthrough.bd> 
Wrote  : </home/sogang/ppe_fpga_ho/ppe_dma_passthrough/ppe_dma_passthrough.srcs/sources_1/bd/dma_passthrough/ui/bd_6765764d.ui> 
regenerate_bd_layout
startgroup
create_bd_cell -type ip -vlnv xilinx.com:ip:axi_dma:7.1 axi_dma_1
endgroup
undo
INFO: [Common 17-17] undo 'endgroup'
INFO: [Common 17-17] undo 'create_bd_cell -type ip -vlnv xilinx.com:ip:axi_dma:7.1 axi_dma_1'
INFO: [Common 17-17] undo 'startgroup'
set_property location {2 685 -123} [get_bd_cells axis_passthrough_0]
connect_bd_intf_net [get_bd_intf_pins axi_dma_0/M_AXIS_MM2S] [get_bd_intf_pins axis_passthrough_0/input_stream]
connect_bd_intf_net [get_bd_intf_pins axis_passthrough_0/output_stream] [get_bd_intf_pins axi_dma_0/S_AXIS_S2MM]
regenerate_bd_layout
save_bd_design
Wrote  : </home/sogang/ppe_fpga_ho/ppe_dma_passthrough/ppe_dma_passthrough.srcs/sources_1/bd/dma_passthrough/dma_passthrough.bd> 
Wrote  : </home/sogang/ppe_fpga_ho/ppe_dma_passthrough/ppe_dma_passthrough.srcs/sources_1/bd/dma_passthrough/ui/bd_6765764d.ui> 
get_bd_intf_nets -of_objects [get_bd_intf_pins axi_dma_0/M_AXIS_MM2S]
/axi_dma_0_M_AXIS_MM2S
get_bd_intf_nets -of_objects [get_bd_intf_pins axis_passthrough_0/
  output_stream]
WARNING: [BD 5-232] No interface pins matched 'get_bd_intf_pins axis_passthrough_0/'
invalid command name "output_stream"
get_bd_intf_nets
/axi_dma_0_M_AXIS_MM2S /axis_passthrough_0_output_stream
connect_bd_intf_net [get_bd_intf_pins zynq_ultra_ps_e_0/M_AXI_HPM0_FPD] [get_bd_intf_pins smartconnect_0/S00_AXI]
connect_bd_intf_net [get_bd_intf_pins smartconnect_0/M00_AXI] [get_bd_intf_pins axi_dma_0/S_AXI_LITE]
connect_bd_intf_net [get_bd_intf_pins smartconnect_0/M01_AXI] [get_bd_intf_pins axis_passthrough_0/s_axi_control]
get_bd_intf_nets -of_objects [get_bd_intf_pins zynq_ultra_ps_e_0/M_AXI_HPM0_FPD]
/zynq_ultra_ps_e_0_M_AXI_HPM0_FPD
get_bd_intf_nets -of_objects [get_bd_intf_pins axi_dma_0/S_AXI_LITE]
/smartconnect_0_M00_AXI
get_bd_intf_nets -of_objects [get_bd_intf_pins axis_passthrough_0/s_axi_control]
/smartconnect_0_M01_AXI
get_bd_intf_nets
/axi_dma_0_M_AXIS_MM2S /axis_passthrough_0_output_stream /smartconnect_0_M00_AXI /smartconnect_0_M01_AXI /zynq_ultra_ps_e_0_M_AXI_HPM0_FPD
save_bd_design
Wrote  : </home/sogang/ppe_fpga_ho/ppe_dma_passthrough/ppe_dma_passthrough.srcs/sources_1/bd/dma_passthrough/dma_passthrough.bd> 
Wrote  : </home/sogang/ppe_fpga_ho/ppe_dma_passthrough/ppe_dma_passthrough.srcs/sources_1/bd/dma_passthrough/ui/bd_6765764d.ui> 
connect_bd_intf_net [get_bd_intf_pins axi_dma_0/M_AXI_MM2S] [get_bd_intf_pins smartconnect_1/S00_AXI]
connect_bd_intf_net [get_bd_intf_pins axi_dma_0/M_AXI_S2MM] [get_bd_intf_pins smartconnect_1/S01_AXI]
connect_bd_intf_net [get_bd_intf_pins smartconnect_1/M00_AXI] [get_bd_intf_pins zynq_ultra_ps_e_0/S_AXI_HP0_FPD]
get_bd_intf_nets -of_objects [get_bd_intf_pins axi_dma_0/M_AXI_MM2S]
/axi_dma_0_M_AXI_MM2S
get_bd_intf_nets -of_objects [get_bd_intf_pins axi_dma_0/M_AXI_S2MM]
/axi_dma_0_M_AXI_S2MM
get_bd_intf_nets -of_objects [get_bd_intf_pins zynq_ultra_ps_e_0/S_AXI_HP0_FPD]
/smartconnect_1_M00_AXI
get_bd_intf_nets
/axi_dma_0_M_AXIS_MM2S /axi_dma_0_M_AXI_MM2S /axi_dma_0_M_AXI_S2MM /axis_passthrough_0_output_stream /smartconnect_0_M00_AXI /smartconnect_0_M01_AXI /smartconnect_1_M00_AXI /zynq_ultra_ps_e_0_M_AXI_HPM0_FPD
save_bd_design
Wrote  : </home/sogang/ppe_fpga_ho/ppe_dma_passthrough/ppe_dma_passthrough.srcs/sources_1/bd/dma_passthrough/dma_passthrough.bd> 
Wrote  : </home/sogang/ppe_fpga_ho/ppe_dma_passthrough/ppe_dma_passthrough.srcs/sources_1/bd/dma_passthrough/ui/bd_6765764d.ui> 
get_bd_pins -of_objects [get_bd_cells zynq_ultra_ps_e_0] -filter {TYPE == clk}
/zynq_ultra_ps_e_0/maxihpm0_fpd_aclk /zynq_ultra_ps_e_0/pl_clk0 /zynq_ultra_ps_e_0/saxihp0_fpd_aclk
get_bd_pins -of_objects [get_bd_cells axi_dma_0] -filter {TYPE == clk}
/axi_dma_0/m_axi_mm2s_aclk /axi_dma_0/m_axi_s2mm_aclk /axi_dma_0/s_axi_lite_aclk
get_bd_pins -of_objects [get_bd_cells smartconnect_0] -filter {TYPE == clk}
/smartconnect_0/aclk
get_bd_pins -of_objects [get_bd_cells smartconnect_1] -filter {TYPE == clk}
/smartconnect_1/aclk
get_bd_pins -of_objects [get_bd_cells axis_passthrough_0] -filter {TYPE ==clk}
/axis_passthrough_0/ap_clk
get_bd_pins -of_objects [get_bd_cells rst_ps8_0_100M] -filter {TYPE == clk}
WARNING: [BD 5-230] No cells matched 'get_bd_cells rst_ps8_0_100M'
WARNING: [BD 5-235] No pins matched 'get_bd_pins -of_objects {} -filter {TYPE == clk}'
connect_bd_net [get_bd_pins zynq_ultra_ps_e_0/pl_clk0]
ERROR: [BD 41-701] connect_bd_net requires at least two pins/ports, or one pin/port and a net
ERROR: [BD 5-4] Error: running connect_bd_net.
ERROR: [Common 17-39] 'connect_bd_net' failed due to earlier errors.
connect_bd_net [get_bd_pins zynq_ultra_ps_e_0/pl_clk0] [get_bd_pinszynq_ultra_ps_e_0/maxihpm0_fpd_aclk]
invalid command name "get_bd_pinszynq_ultra_ps_e_0/maxihpm0_fpd_aclk"
[get_bd_pins zynq_ultra_ps_e_0/maxihpm0_fpd_aclk]
invalid command name "/zynq_ultra_ps_e_0/maxihpm0_fpd_aclk"
set clk_src [get_bd_pins zynq_ultra_ps_e_0/pl_clk0]
/zynq_ultra_ps_e_0/pl_clk0
set clk_dst [get_bd_pins zynq_ultra_ps_e_0/maxihpm0_fpd_aclk]
/zynq_ultra_ps_e_0/maxihpm0_fpd_aclk
connect_bd_net $clk_src $clk_dst
WARNING: [BD 41-395] Exec TCL: all ports/pins are already connected to '/zynq_ultra_ps_e_0_pl_clk0'
ERROR: [BD 5-4] Error: running connect_bd_net.
ERROR: [Common 17-39] 'connect_bd_net' failed due to earlier errors.
get_bd_nets -of_objects $clk_dst
/zynq_ultra_ps_e_0_pl_clk0
connect_bd_net $clk_src [get_bd_pins axi_dma_0/m_axi_s2mm_aclk]
connect_bd_net $clk_src [get_bd_pins axi_dma_0/s_axi_lite_aclk]
connect_bd_net $clk_src [get_bd_pins smartconnect_1/aclk]
connect_bd_net $clk_src [get_bd_pins axis_passthrough_0/ap_clk]
get_bd_pins -hier -filter {TYPE == clk && DIR == I && IS_CONNECTED == 0}
WARNING: [BD 5-235] No pins matched 'get_bd_pins -hier -filter {TYPE == clk && DIR == I && IS_CONNECTED == 0}'
get_bd_cells -filter {VLNV =~ "*proc_sys_reset*"}
/proc_sys_reset_0
get_bd_pins -of_objects [get_bd_cells proc_sys_reset_0]
/proc_sys_reset_0/aux_reset_in /proc_sys_reset_0/bus_struct_reset /proc_sys_reset_0/dcm_locked /proc_sys_reset_0/ext_reset_in /proc_sys_reset_0/interconnect_aresetn /proc_sys_reset_0/mb_debug_sys_rst /proc_sys_reset_0/mb_reset /proc_sys_reset_0/peripheral_aresetn /proc_sys_reset_0/peripheral_reset /proc_sys_reset_0/slowest_sync_clk
get_property CONFIG.C_EXT_RESET_HIGH [get_bd_cells proc_sys_reset_0]
1
set_property CONFIG.C_EXT_RESET_HIGH 0 [get_bd_cells proc_sys_reset_0]
CRITICAL WARNING: [BD 41-737] Cannot set the parameter C_EXT_RESET_HIGH on /proc_sys_reset_0. It is read-only.
0
get_property CONFIG.C_EXT_RESET_HIGH [get_bd_cells proc_sys_reset_0]
1
create_bd_cell -type ip -vlnv xilinx.com:ip:util_vector_logic:2.0 reset_inverter_0
/reset_inverter_0
set_property -dict [list CONFIG.C_OPERATION {not} CONFIG.C_SIZE {1}] [get_bd_cells reset_inverter_0]
get_bd_pins -of_objects [get_bd_cells reset_inverter_0]
/reset_inverter_0/Op1 /reset_inverter_0/Res
get_bd_pins -hier -filter {TYPE == rst}
/axi_dma_0/axi_resetn /axi_dma_0/mm2s_prmry_reset_out_n /axi_dma_0/s2mm_prmry_reset_out_n /axis_passthrough_0/ap_rst_n /proc_sys_reset_0/aux_reset_in /proc_sys_reset_0/bus_struct_reset /proc_sys_reset_0/ext_reset_in /proc_sys_reset_0/interconnect_aresetn /proc_sys_reset_0/mb_debug_sys_rst /proc_sys_reset_0/mb_reset /proc_sys_reset_0/peripheral_aresetn /proc_sys_reset_0/peripheral_reset /smartconnect_0/aresetn /smartconnect_1/aresetn /zynq_ultra_ps_e_0/pl_resetn0
get_bd_pins -hier -filter {TYPE == rst && DIR == I && IS_CONNECTED == 0}
WARNING: [BD 5-235] No pins matched 'get_bd_pins -hier -filter {TYPE == rst && DIR == I && IS_CONNECTED == 0}'
save_bd_design
Wrote  : </home/sogang/ppe_fpga_ho/ppe_dma_passthrough/ppe_dma_passthrough.srcs/sources_1/bd/dma_passthrough/dma_passthrough.bd> 
Wrote  : </home/sogang/ppe_fpga_ho/ppe_dma_passthrough/ppe_dma_passthrough.srcs/sources_1/bd/dma_passthrough/ui/bd_6765764d.ui> 
get_bd_nets -of_objects [get_bd_pins zynq_ultra_ps_e_0/pl_resetn0]
WARNING: [BD 5-234] No nets matched 'get_bd_nets -of_objects /zynq_ultra_ps_e_0/pl_resetn0'
get_bd_nets -of_objects [get_bd_pins reset_inverter_0/Op1]
WARNING: [BD 5-234] No nets matched 'get_bd_nets -of_objects /reset_inverter_0/Op1'
get_bd_nets -of_objects [get_bd_pins reset_inverter_0/Res]
WARNING: [BD 5-234] No nets matched 'get_bd_nets -of_objects /reset_inverter_0/Res'
get_bd_nets -of_objects [get_bd_pins proc_sys_reset_0/ext_reset_in]
WARNING: [BD 5-234] No nets matched 'get_bd_nets -of_objects /proc_sys_reset_0/ext_reset_in'
get_bd_nets -of_objects [get_bd_pins proc_sys_reset_0/peripheral_aresetn]
WARNING: [BD 5-234] No nets matched 'get_bd_nets -of_objects /proc_sys_reset_0/peripheral_aresetn'
get_bd_nets -of_objects [get_bd_pins proc_sys_reset_0/interconnect_aresetn]
WARNING: [BD 5-234] No nets matched 'get_bd_nets -of_objects /proc_sys_reset_0/interconnect_aresetn'
connect_bd_net [get_bd_pins zynq_ultra_ps_e_0/pl_resetn0] [get_bd_pins reset_inverter_0/Op1]
connect_bd_net [get_bd_pins reset_inverter_0/Res] [get_bd_pins proc_sys_reset_0/ext_reset_in]
connect_bd_net [get_bd_pins zynq_ultra_ps_e_0/pl_clk0] [get_bd_pins proc_sys_reset_0/slowest_sync_clk]
connect_bd_net [get_bd_pins proc_sys_reset_0/peripheral_aresetn] [get_bd_pins axi_dma_0/axi_resetn]
connect_bd_net [get_bd_pins proc_sys_reset_0/peripheral_aresetn] [get_bd_pins axis_passthrough_0/ap_rst_n]
connect_bd_net [get_bd_pins proc_sys_reset_0/interconnect_aresetn] [get_bd_pins smartconnect_0/aresetn]
connect_bd_net [get_bd_pins proc_sys_reset_0/interconnect_aresetn] [get_bd_pins smartconnect_1/aresetn]
get_bd_nets -of_objects [get_bd_pins proc_sys_reset_0/ext_reset_in]
/reset_inverter_0_Res
get_bd_nets -of_objects [get_bd_pins axi_dma_0/axi_resetn]
/proc_sys_reset_0_peripheral_aresetn
get_bd_nets -of_objects [get_bd_pins axis_passthrough_0/ap_rst_n]
/proc_sys_reset_0_peripheral_aresetn
get_bd_nets -of_objects [get_bd_pins smartconnect_0/aresetn]
/proc_sys_reset_0_interconnect_aresetn
get_bd_nets -of_objects [get_bd_pins smartconnect_1/aresetn]
/proc_sys_reset_0_interconnect_aresetn
get_bd_nets -of_objects [get_bd_pins proc_sys_reset_0/dcm_locked]
WARNING: [BD 5-234] No nets matched 'get_bd_nets -of_objects /proc_sys_reset_0/dcm_locked'
get_bd_nets -of_objects [get_bd_pins proc_sys_reset_0/aux_reset_in]
WARNING: [BD 5-234] No nets matched 'get_bd_nets -of_objects /proc_sys_reset_0/aux_reset_in'
get_bd_nets -of_objects [get_bd_pins proc_sys_reset_0/mb_debug_sys_rst]
WARNING: [BD 5-234] No nets matched 'get_bd_nets -of_objects /proc_sys_reset_0/mb_debug_sys_rst'
create_bd_cell -type ip -vlnv xilinx.com:ip:xlconstant:1.1 reset_const_high
/reset_const_high
set_property -dict [list CONFIG.CONST_WIDTH {1} CONFIG.CONST_VAL {1}] [get_bd_cells reset_const_high]
connect_bd_net [get_bd_pins reset_const_high/dout] [get_bd_pins proc_sys_reset_0/dcm_locked]
create_bd_cell -type ip -vlnv xilinx.com:ip:xlconstant:1.1 reset_const_low
/reset_const_low
set_property -dict [list CONFIG.CONST_WIDTH {1} CONFIG.CONST_VAL {0}] [get_bd_cells reset_const_low]
connect_bd_net [get_bd_pins reset_const_low/dout] [get_bd_pins proc_sys_reset_0/aux_reset_in]
connect_bd_net [get_bd_pins reset_const_low/dout] [get_bd_pins proc_sys_reset_0/mb_debug_sys_rst]
save_bd_design
Wrote  : </home/sogang/ppe_fpga_ho/ppe_dma_passthrough/ppe_dma_passthrough.srcs/sources_1/bd/dma_passthrough/dma_passthrough.bd> 
Wrote  : </home/sogang/ppe_fpga_ho/ppe_dma_passthrough/ppe_dma_passthrough.srcs/sources_1/bd/dma_passthrough/ui/bd_6765764d.ui> 
save_bd_design
validate_bd_design
CRITICAL WARNING: [BD 41-1356] Slave segment </zynq_ultra_ps_e_0/SAXIGP2/HP0_DDR_LOW> is not assigned into address space </axi_dma_0/Data_S2MM>. Please use Address Editor to either assign or exclude it.
CRITICAL WARNING: [BD 41-1356] Slave segment </zynq_ultra_ps_e_0/SAXIGP2/HP0_QSPI> is not assigned into address space </axi_dma_0/Data_S2MM>. Please use Address Editor to either assign or exclude it.
CRITICAL WARNING: [BD 41-1356] Slave segment </zynq_ultra_ps_e_0/SAXIGP2/HP0_LPS_OCM> is not assigned into address space </axi_dma_0/Data_S2MM>. Please use Address Editor to either assign or exclude it.
CRITICAL WARNING: [BD 41-1356] Slave segment </zynq_ultra_ps_e_0/SAXIGP2/HP0_DDR_HIGH> is not assigned into address space </axi_dma_0/Data_S2MM>. Please use Address Editor to either assign or exclude it.
CRITICAL WARNING: [BD 41-1356] Slave segment </zynq_ultra_ps_e_0/SAXIGP2/HP0_DDR_LOW> is not assigned into address space </axi_dma_0/Data_MM2S>. Please use Address Editor to either assign or exclude it.
CRITICAL WARNING: [BD 41-1356] Slave segment </zynq_ultra_ps_e_0/SAXIGP2/HP0_QSPI> is not assigned into address space </axi_dma_0/Data_MM2S>. Please use Address Editor to either assign or exclude it.
CRITICAL WARNING: [BD 41-1356] Slave segment </zynq_ultra_ps_e_0/SAXIGP2/HP0_LPS_OCM> is not assigned into address space </axi_dma_0/Data_MM2S>. Please use Address Editor to either assign or exclude it.
CRITICAL WARNING: [BD 41-1356] Slave segment </zynq_ultra_ps_e_0/SAXIGP2/HP0_DDR_HIGH> is not assigned into address space </axi_dma_0/Data_MM2S>. Please use Address Editor to either assign or exclude it.
CRITICAL WARNING: [BD 41-1356] Slave segment </axis_passthrough_0/s_axi_control/Reg> is not assigned into address space </zynq_ultra_ps_e_0/Data>. Please use Address Editor to either assign or exclude it.
CRITICAL WARNING: [BD 41-1356] Slave segment </axi_dma_0/S_AXI_LITE/Reg> is not assigned into address space </zynq_ultra_ps_e_0/Data>. Please use Address Editor to either assign or exclude it.
WARNING: [BD 5-616] The -include_pfm switch should be used to validate a block design as a platform for use in SDx
ERROR: [BD 41-758] The following clock pins are not connected to a valid clock source: 
/axi_dma_0/m_axi_mm2s_aclk
/smartconnect_0/aclk

ERROR: [Common 17-39] 'validate_bd_design' failed due to earlier errors.
set mm2s_clk_net [get_bd_nets -of_objects [get_bd_pins axi_dma_0/m_axi_mm2s_aclk]]
WARNING: [BD 5-234] No nets matched 'get_bd_nets -of_objects /axi_dma_0/m_axi_mm2s_aclk'
puts $mm2s_clk_net

get_bd_pins -of_objects $mm2s_clk_net
WARNING: [BD 5-235] No pins matched 'get_bd_pins -of_objects {}'
set control_clk_net [get_bd_nets -of_objects [get_bd_pins smartconnect_0/aclk]]
WARNING: [BD 5-234] No nets matched 'get_bd_nets -of_objects /smartconnect_0/aclk'
puts $control_clk_net

get_bd_pins -of_objects $control_clk_net
WARNING: [BD 5-235] No pins matched 'get_bd_pins -of_objects {}'
connect_bd_net [get_bd_pins zynq_ultra_ps_e_0/pl_clk0] [get_bd_pins axi_dma_0/m_axi_mm2s_aclk]
connect_bd_net [get_bd_pins zynq_ultra_ps_e_0/pl_clk0] [get_bd_pins smartconnect_0/aclk]
get_bd_nets -of_objects [get_bd_pins axi_dma_0/m_axi_mm2s_aclk]
/zynq_ultra_ps_e_0_pl_clk0
get_bd_nets -of_objects [get_bd_pins smartconnect_0/aclk]
/zynq_ultra_ps_e_0_pl_clk0
save_bd_design
Wrote  : </home/sogang/ppe_fpga_ho/ppe_dma_passthrough/ppe_dma_passthrough.srcs/sources_1/bd/dma_passthrough/dma_passthrough.bd> 
validate_bd_design
CRITICAL WARNING: [BD 41-1356] Slave segment </zynq_ultra_ps_e_0/SAXIGP2/HP0_DDR_LOW> is not assigned into address space </axi_dma_0/Data_S2MM>. Please use Address Editor to either assign or exclude it.
CRITICAL WARNING: [BD 41-1356] Slave segment </zynq_ultra_ps_e_0/SAXIGP2/HP0_QSPI> is not assigned into address space </axi_dma_0/Data_S2MM>. Please use Address Editor to either assign or exclude it.
CRITICAL WARNING: [BD 41-1356] Slave segment </zynq_ultra_ps_e_0/SAXIGP2/HP0_LPS_OCM> is not assigned into address space </axi_dma_0/Data_S2MM>. Please use Address Editor to either assign or exclude it.
CRITICAL WARNING: [BD 41-1356] Slave segment </zynq_ultra_ps_e_0/SAXIGP2/HP0_DDR_HIGH> is not assigned into address space </axi_dma_0/Data_S2MM>. Please use Address Editor to either assign or exclude it.
CRITICAL WARNING: [BD 41-1356] Slave segment </zynq_ultra_ps_e_0/SAXIGP2/HP0_DDR_LOW> is not assigned into address space </axi_dma_0/Data_MM2S>. Please use Address Editor to either assign or exclude it.
CRITICAL WARNING: [BD 41-1356] Slave segment </zynq_ultra_ps_e_0/SAXIGP2/HP0_QSPI> is not assigned into address space </axi_dma_0/Data_MM2S>. Please use Address Editor to either assign or exclude it.
CRITICAL WARNING: [BD 41-1356] Slave segment </zynq_ultra_ps_e_0/SAXIGP2/HP0_LPS_OCM> is not assigned into address space </axi_dma_0/Data_MM2S>. Please use Address Editor to either assign or exclude it.
CRITICAL WARNING: [BD 41-1356] Slave segment </zynq_ultra_ps_e_0/SAXIGP2/HP0_DDR_HIGH> is not assigned into address space </axi_dma_0/Data_MM2S>. Please use Address Editor to either assign or exclude it.
CRITICAL WARNING: [BD 41-1356] Slave segment </axis_passthrough_0/s_axi_control/Reg> is not assigned into address space </zynq_ultra_ps_e_0/Data>. Please use Address Editor to either assign or exclude it.
CRITICAL WARNING: [BD 41-1356] Slave segment </axi_dma_0/S_AXI_LITE/Reg> is not assigned into address space </zynq_ultra_ps_e_0/Data>. Please use Address Editor to either assign or exclude it.
WARNING: [BD 5-616] The -include_pfm switch should be used to validate a block design as a platform for use in SDx
INFO: [PSU-1]  DP_AUDIO clock source: RPLL is also being used by other peripheral clocks. Their outputs may get impacted if any driver changes DP_AUDIO PLL source to support runtime audio change 
INFO: [xilinx.com:ip:smartconnect:1.0-1] dma_passthrough_smartconnect_0_0: SmartConnect dma_passthrough_smartconnect_0_0 is in Low-Area Mode.
INFO: [Ipptcl 7-1463] No Compatible Board Interface found. Board Tab not created in customize GUI
INFO: [xilinx.com:ip:smartconnect:1.0-1] dma_passthrough_smartconnect_1_0: SmartConnect dma_passthrough_smartconnect_1_0 is in High-performance Mode.
WARNING: [BD 41-237] Bus Interface property AWUSER_WIDTH does not match between /zynq_ultra_ps_e_0/S_AXI_HP0_FPD(1) and /smartconnect_1/M00_AXI(0)
WARNING: [BD 41-237] Bus Interface property ARUSER_WIDTH does not match between /zynq_ultra_ps_e_0/S_AXI_HP0_FPD(1) and /smartconnect_1/M00_AXI(0)
validate_bd_design: Time (s): cpu = 00:00:07 ; elapsed = 00:00:07 . Memory (MB): peak = 9041.613 ; gain = 0.000 ; free physical = 3284 ; free virtual = 43028
assign_bd_address
WARNING: [BD 41-1743] Cannot assign slave segment '/zynq_ultra_ps_e_0/SAXIGP2/HP0_DDR_HIGH' into address space '/axi_dma_0/Data_S2MM' because no valid addressing path exists. The addressing path from slave segment '/zynq_ultra_ps_e_0/SAXIGP2/HP0_DDR_HIGH' to address space '/axi_dma_0/Data_S2MM' terminates at master interface '/axi_dma_0/M_AXI_S2MM'. The apertures for this interface {<0x0_0000_0000 [ 4G ]>} do not intersect with previous path apertures {<0x8_0000_0000 [ 32G ]>}. This assignment will be automatically excluded.
WARNING: [BD 41-1743] Cannot assign slave segment '/zynq_ultra_ps_e_0/SAXIGP2/HP0_DDR_HIGH' into address space '/axi_dma_0/Data_MM2S' because no valid addressing path exists. The addressing path from slave segment '/zynq_ultra_ps_e_0/SAXIGP2/HP0_DDR_HIGH' to address space '/axi_dma_0/Data_MM2S' terminates at master interface '/axi_dma_0/M_AXI_MM2S'. The apertures for this interface {<0x0_0000_0000 [ 4G ]>} do not intersect with previous path apertures {<0x8_0000_0000 [ 32G ]>}. This assignment will be automatically excluded.
Slave segment '/zynq_ultra_ps_e_0/SAXIGP2/HP0_DDR_LOW' is being assigned into address space '/axi_dma_0/Data_MM2S' at <0x0000_0000 [ 2G ]>.
Slave segment '/zynq_ultra_ps_e_0/SAXIGP2/HP0_DDR_LOW' is being assigned into address space '/axi_dma_0/Data_S2MM' at <0x0000_0000 [ 2G ]>.
Slave segment '/zynq_ultra_ps_e_0/SAXIGP2/HP0_QSPI' is being assigned into address space '/axi_dma_0/Data_MM2S' at <0xC000_0000 [ 512M ]>.
Slave segment '/zynq_ultra_ps_e_0/SAXIGP2/HP0_QSPI' is being assigned into address space '/axi_dma_0/Data_S2MM' at <0xC000_0000 [ 512M ]>.
Slave segment '/axi_dma_0/S_AXI_LITE/Reg' is being assigned into address space '/zynq_ultra_ps_e_0/Data' at <0xA000_0000 [ 64K ]>.
Slave segment '/axis_passthrough_0/s_axi_control/Reg' is being assigned into address space '/zynq_ultra_ps_e_0/Data' at <0xA001_0000 [ 64K ]>.
Slave segment '/zynq_ultra_ps_e_0/SAXIGP2/HP0_LPS_OCM' is being assigned into address space '/axi_dma_0/Data_MM2S' at <0xFF00_0000 [ 16M ]>.
WARNING: [BD 41-1051] Slave segment '/zynq_ultra_ps_e_0/SAXIGP2/HP0_LPS_OCM' with 'register' usage does not match address space '/axi_dma_0/Data_MM2S' with 'memory' usage so will be excluded from this address space. Please use the 'include_bd_addr_seg' command to override this precaution if required.
Excluding slave segment /zynq_ultra_ps_e_0/SAXIGP2/HP0_LPS_OCM from address space /axi_dma_0/Data_MM2S.
Slave segment '/zynq_ultra_ps_e_0/SAXIGP2/HP0_LPS_OCM' is being assigned into address space '/axi_dma_0/Data_S2MM' at <0xFF00_0000 [ 16M ]>.
WARNING: [BD 41-1051] Slave segment '/zynq_ultra_ps_e_0/SAXIGP2/HP0_LPS_OCM' with 'register' usage does not match address space '/axi_dma_0/Data_S2MM' with 'memory' usage so will be excluded from this address space. Please use the 'include_bd_addr_seg' command to override this precaution if required.
Excluding slave segment /zynq_ultra_ps_e_0/SAXIGP2/HP0_LPS_OCM from address space /axi_dma_0/Data_S2MM.
Excluding slave segment /zynq_ultra_ps_e_0/SAXIGP2/HP0_DDR_HIGH from address space /axi_dma_0/Data_S2MM.
Excluding slave segment /zynq_ultra_ps_e_0/SAXIGP2/HP0_DDR_HIGH from address space /axi_dma_0/Data_MM2S.
save_bd_design
Wrote  : </home/sogang/ppe_fpga_ho/ppe_dma_passthrough/ppe_dma_passthrough.srcs/sources_1/bd/dma_passthrough/dma_passthrough.bd> 
get_bd_addr_spaces
/axi_dma_0/Data_MM2S /axi_dma_0/Data_S2MM /axi_dma_0/S_AXI_LITE /axis_passthrough_0/s_axi_control /zynq_ultra_ps_e_0/Data /zynq_ultra_ps_e_0/SAXIGP2
get_bd_addr_segs
/axi_dma_0/Data_MM2S/SEG_zynq_ultra_ps_e_0_HP0_DDR_LOW /axi_dma_0/Data_MM2S/SEG_zynq_ultra_ps_e_0_HP0_QSPI /axi_dma_0/Data_S2MM/SEG_zynq_ultra_ps_e_0_HP0_DDR_LOW /axi_dma_0/Data_S2MM/SEG_zynq_ultra_ps_e_0_HP0_QSPI /axi_dma_0/S_AXI_LITE/Reg /axis_passthrough_0/s_axi_control/Reg /zynq_ultra_ps_e_0/Data/SEG_axi_dma_0_Reg /zynq_ultra_ps_e_0/Data/SEG_axis_passthrough_0_Reg /zynq_ultra_ps_e_0/SAXIGP2/HP0_DDR_HIGH /zynq_ultra_ps_e_0/SAXIGP2/HP0_DDR_LOW /zynq_ultra_ps_e_0/SAXIGP2/HP0_LPS_OCM /zynq_ultra_ps_e_0/SAXIGP2/HP0_QSPI
validate_bd_design
WARNING: [BD 41-1629] Slave segment </zynq_ultra_ps_e_0/SAXIGP2/HP0_LPS_OCM> is excluded from all addressing paths.
WARNING: [BD 41-1629] Slave segment </zynq_ultra_ps_e_0/SAXIGP2/HP0_DDR_HIGH> is excluded from all addressing paths.
WARNING: [BD 5-616] The -include_pfm switch should be used to validate a block design as a platform for use in SDx
Excluding slave segment /zynq_ultra_ps_e_0/SAXIGP2/HP0_DDR_HIGH from address space /axi_dma_0/Data_MM2S.
Excluding slave segment /zynq_ultra_ps_e_0/SAXIGP2/HP0_DDR_HIGH from address space /axi_dma_0/Data_S2MM.
Excluding slave segment /zynq_ultra_ps_e_0/SAXIGP2/HP0_LPS_OCM from address space /axi_dma_0/Data_MM2S.
Excluding slave segment /zynq_ultra_ps_e_0/SAXIGP2/HP0_LPS_OCM from address space /axi_dma_0/Data_S2MM.
INFO: [xilinx.com:ip:smartconnect:1.0-1] dma_passthrough_smartconnect_0_0: SmartConnect dma_passthrough_smartconnect_0_0 is in Low-Area Mode.
WARNING: [xilinx.com:ip:smartconnect:1.0-1] dma_passthrough_smartconnect_0_0: IP dma_passthrough_smartconnect_0_0 is configured in Low-area mode as all propagated traffic is low-bandwidth (AXI4LITE). SI S00_AXI has property HAS_BURST == 1. WRAP bursts are not supported in Low-area mode and will result in DECERR if received.
WARNING: [xilinx.com:ip:smartconnect:1.0-1] dma_passthrough_smartconnect_0_0: If WRAP transactions are required then turn off Low-area mode using ADVANCED_PROPERTIES. Execute following: set_property CONFIG.ADVANCED_PROPERTIES {__experimental_features__ {disable_low_area_mode 1}} [get_bd_cells /dma_passthrough_smartconnect_0_0]
INFO: [Ipptcl 7-1463] No Compatible Board Interface found. Board Tab not created in customize GUI
INFO: [xilinx.com:ip:smartconnect:1.0-1] dma_passthrough_smartconnect_1_0: SmartConnect dma_passthrough_smartconnect_1_0 is in High-performance Mode.
WARNING: [BD 41-237] Bus Interface property AWUSER_WIDTH does not match between /zynq_ultra_ps_e_0/S_AXI_HP0_FPD(1) and /smartconnect_1/M00_AXI(0)
WARNING: [BD 41-237] Bus Interface property ARUSER_WIDTH does not match between /zynq_ultra_ps_e_0/S_AXI_HP0_FPD(1) and /smartconnect_1/M00_AXI(0)
set bd_file [get_files dma_passthrough.bd]
/home/sogang/ppe_fpga_ho/ppe_dma_passthrough/ppe_dma_passthrough.srcs/sources_1/bd/dma_passthrough/dma_passthrough.bd
puts $bd_file
/home/sogang/ppe_fpga_ho/ppe_dma_passthrough/ppe_dma_passthrough.srcs/sources_1/bd/dma_passthrough/dma_passthrough.bd
save_bd_design
Wrote  : </home/sogang/ppe_fpga_ho/ppe_dma_passthrough/ppe_dma_passthrough.srcs/sources_1/bd/dma_passthrough/dma_passthrough.bd> 
generate_target all $bd_file
INFO: [BD 41-1662] The design 'dma_passthrough.bd' is already validated. Therefore parameter propagation will not be re-run.
Wrote  : </home/sogang/ppe_fpga_ho/ppe_dma_passthrough/ppe_dma_passthrough.srcs/sources_1/bd/dma_passthrough/ui/bd_6765764d.ui> 
Verilog Output written to : /home/sogang/ppe_fpga_ho/ppe_dma_passthrough/ppe_dma_passthrough.gen/sources_1/bd/dma_passthrough/synth/dma_passthrough.v
Verilog Output written to : /home/sogang/ppe_fpga_ho/ppe_dma_passthrough/ppe_dma_passthrough.gen/sources_1/bd/dma_passthrough/sim/dma_passthrough.v
Verilog Output written to : /home/sogang/ppe_fpga_ho/ppe_dma_passthrough/ppe_dma_passthrough.gen/sources_1/bd/dma_passthrough/hdl/dma_passthrough_wrapper.v
INFO: [xilinx.com:ip:zynq_ultra_ps_e:3.4-0] dma_passthrough_zynq_ultra_ps_e_0_0: 
Changes in your design (including the PCW configuration settings) are not automatically exported from Vivado to Xilinx's SDK, Petalinux or Yocto.
This is by design to avoid disrupting existing embedded development efforts. To have any changes of your design taking effect in the embedded software flow please export your
design by going through Vivado's main menu, click on File, then Export finally select Export Hardware, please ensure you click on the Include BitStream option.
The auto-generated HDF file is all you need to import in Xilinx's SDK, Petalinux or Yocto for your changes to be reflected in the Embedded Software Flow.
For more information, please consult PG201, section: Exporting PCW Settings to Embedded Software Flows
INFO: [PSU-0] Address Range of DDR (0x7ff00000 to 0x7fffffff) is reserved by PMU for internal purpose.
INFO: [IP_Flow 19-5611] Unable to find an associated reset port for the interface 'M_AXI_HPM0_FPD'. A default connection has been created.
INFO: [IP_Flow 19-5611] Unable to find an associated reset port for the interface 'S_AXI_HP0_FPD'. A default connection has been created.
INFO: [BD 41-1029] Generation completed for the IP Integrator block zynq_ultra_ps_e_0 .
INFO: [BD 41-1029] Generation completed for the IP Integrator block axi_dma_0 .
INFO: [BD 41-1029] Generation completed for the IP Integrator block axis_passthrough_0 .
INFO: [BD 41-1029] Generation completed for the IP Integrator block proc_sys_reset_0 .
WARNING: [BD 41-2384] Width mismatch when connecting pin: '/s00_nodes/s00_ar_node/s_sc_payld'(170) to pin: '/s00_nodes/S_SC_AR_payld'(166) - Only lower order bits will be connected.
WARNING: [BD 41-2384] Width mismatch when connecting pin: '/s00_nodes/s00_aw_node/s_sc_payld'(170) to pin: '/s00_nodes/S_SC_AW_payld'(166) - Only lower order bits will be connected.
WARNING: [BD 41-2384] Width mismatch when connecting pin: '/m00_nodes/m00_r_node/s_sc_payld'(56) to pin: '/m00_nodes/S_SC_R_payld'(54) - Only lower order bits will be connected.
WARNING: [BD 41-2384] Width mismatch when connecting pin: '/m00_nodes/m00_b_node/s_sc_payld'(10) to pin: '/m00_nodes/S_SC_B_payld'(8) - Only lower order bits will be connected.
WARNING: [BD 41-2384] Width mismatch when connecting pin: '/m01_nodes/m01_r_node/s_sc_payld'(56) to pin: '/m01_nodes/S_SC_R_payld'(54) - Only lower order bits will be connected.
WARNING: [BD 41-2384] Width mismatch when connecting pin: '/m01_nodes/m01_b_node/s_sc_payld'(10) to pin: '/m01_nodes/S_SC_B_payld'(8) - Only lower order bits will be connected.
WARNING: [BD 41-2384] Width mismatch when connecting pin: '/s00_axi2sc/s_sc_r_payld'(54) to pin: '/s00_nodes/M_SC_R_payld'(56) - Only lower order bits will be connected.
WARNING: [BD 41-2384] Width mismatch when connecting pin: '/s00_axi2sc/s_sc_b_payld'(8) to pin: '/s00_nodes/M_SC_B_payld'(10) - Only lower order bits will be connected.
WARNING: [BD 41-2384] Width mismatch when connecting pin: '/m00_sc2axi/s_sc_ar_payld'(166) to pin: '/m00_nodes/M_SC_AR_payld'(170) - Only lower order bits will be connected.
WARNING: [BD 41-2384] Width mismatch when connecting pin: '/m00_sc2axi/s_sc_aw_payld'(166) to pin: '/m00_nodes/M_SC_AW_payld'(170) - Only lower order bits will be connected.
WARNING: [BD 41-2384] Width mismatch when connecting pin: '/m01_sc2axi/s_sc_ar_payld'(166) to pin: '/m01_nodes/M_SC_AR_payld'(170) - Only lower order bits will be connected.
WARNING: [BD 41-2384] Width mismatch when connecting pin: '/m01_sc2axi/s_sc_aw_payld'(166) to pin: '/m01_nodes/M_SC_AW_payld'(170) - Only lower order bits will be connected.
WARNING: [BD 41-2384] Width mismatch when connecting pin: '/s00_nodes/s00_ar_node/s_sc_payld'(170) to pin: '/s00_nodes/S_SC_AR_payld'(166) - Only lower order bits will be connected.
WARNING: [BD 41-2384] Width mismatch when connecting pin: '/s00_nodes/s00_aw_node/s_sc_payld'(170) to pin: '/s00_nodes/S_SC_AW_payld'(166) - Only lower order bits will be connected.
WARNING: [BD 41-2384] Width mismatch when connecting pin: '/m00_nodes/m00_r_node/s_sc_payld'(56) to pin: '/m00_nodes/S_SC_R_payld'(54) - Only lower order bits will be connected.
WARNING: [BD 41-2384] Width mismatch when connecting pin: '/m00_nodes/m00_b_node/s_sc_payld'(10) to pin: '/m00_nodes/S_SC_B_payld'(8) - Only lower order bits will be connected.
WARNING: [BD 41-2384] Width mismatch when connecting pin: '/m01_nodes/m01_r_node/s_sc_payld'(56) to pin: '/m01_nodes/S_SC_R_payld'(54) - Only lower order bits will be connected.
WARNING: [BD 41-2384] Width mismatch when connecting pin: '/m01_nodes/m01_b_node/s_sc_payld'(10) to pin: '/m01_nodes/S_SC_B_payld'(8) - Only lower order bits will be connected.
WARNING: [BD 41-2384] Width mismatch when connecting pin: '/s00_axi2sc/s_sc_r_payld'(54) to pin: '/s00_nodes/M_SC_R_payld'(56) - Only lower order bits will be connected.
WARNING: [BD 41-2384] Width mismatch when connecting pin: '/s00_axi2sc/s_sc_b_payld'(8) to pin: '/s00_nodes/M_SC_B_payld'(10) - Only lower order bits will be connected.
WARNING: [BD 41-2384] Width mismatch when connecting pin: '/m00_sc2axi/s_sc_ar_payld'(166) to pin: '/m00_nodes/M_SC_AR_payld'(170) - Only lower order bits will be connected.
WARNING: [BD 41-2384] Width mismatch when connecting pin: '/m00_sc2axi/s_sc_aw_payld'(166) to pin: '/m00_nodes/M_SC_AW_payld'(170) - Only lower order bits will be connected.
WARNING: [BD 41-2384] Width mismatch when connecting pin: '/m01_sc2axi/s_sc_ar_payld'(166) to pin: '/m01_nodes/M_SC_AR_payld'(170) - Only lower order bits will be connected.
WARNING: [BD 41-2384] Width mismatch when connecting pin: '/m01_sc2axi/s_sc_aw_payld'(166) to pin: '/m01_nodes/M_SC_AW_payld'(170) - Only lower order bits will be connected.
Exporting to file /home/sogang/ppe_fpga_ho/ppe_dma_passthrough/ppe_dma_passthrough.gen/sources_1/bd/dma_passthrough/ip/dma_passthrough_smartconnect_0_0/bd_0/hw_handoff/dma_passthrough_smartconnect_0_0.hwh
Generated Hardware Definition File /home/sogang/ppe_fpga_ho/ppe_dma_passthrough/ppe_dma_passthrough.gen/sources_1/bd/dma_passthrough/ip/dma_passthrough_smartconnect_0_0/bd_0/synth/dma_passthrough_smartconnect_0_0.hwdef
INFO: [BD 41-1029] Generation completed for the IP Integrator block smartconnect_0 .
Exporting to file /home/sogang/ppe_fpga_ho/ppe_dma_passthrough/ppe_dma_passthrough.gen/sources_1/bd/dma_passthrough/ip/dma_passthrough_smartconnect_1_0/bd_0/hw_handoff/dma_passthrough_smartconnect_1_0.hwh
Generated Hardware Definition File /home/sogang/ppe_fpga_ho/ppe_dma_passthrough/ppe_dma_passthrough.gen/sources_1/bd/dma_passthrough/ip/dma_passthrough_smartconnect_1_0/bd_0/synth/dma_passthrough_smartconnect_1_0.hwdef
INFO: [BD 41-1029] Generation completed for the IP Integrator block smartconnect_1 .
INFO: [BD 41-1029] Generation completed for the IP Integrator block reset_inverter_0 .
INFO: [BD 41-1029] Generation completed for the IP Integrator block reset_const_high .
INFO: [BD 41-1029] Generation completed for the IP Integrator block reset_const_low .
Exporting to file /home/sogang/ppe_fpga_ho/ppe_dma_passthrough/ppe_dma_passthrough.gen/sources_1/bd/dma_passthrough/hw_handoff/dma_passthrough.hwh
Generated Hardware Definition File /home/sogang/ppe_fpga_ho/ppe_dma_passthrough/ppe_dma_passthrough.gen/sources_1/bd/dma_passthrough/synth/dma_passthrough.hwdef
generate_target: Time (s): cpu = 00:00:18 ; elapsed = 00:00:21 . Memory (MB): peak = 9274.312 ; gain = 167.039 ; free physical = 2323 ; free virtual = 42745
set wrapper_file [make_wrapper -files $bd_file -top]
/home/sogang/ppe_fpga_ho/ppe_dma_passthrough/ppe_dma_passthrough.gen/sources_1/bd/dma_passthrough/hdl/dma_passthrough_wrapper.v
puts $wrapper_file
/home/sogang/ppe_fpga_ho/ppe_dma_passthrough/ppe_dma_passthrough.gen/sources_1/bd/dma_passthrough/hdl/dma_passthrough_wrapper.v
add_files -norecurse $wrapper_file
/home/sogang/ppe_fpga_ho/ppe_dma_passthrough/ppe_dma_passthrough.gen/sources_1/bd/dma_passthrough/hdl/dma_passthrough_wrapper.v
update_compile_order -fileset sources_1
INFO: [Vivado 12-3458] The update_compile_order command is not intended for use in the GUI, where compile order updates occur based on project changes and the hierarchy update settings. No update performed.
set_property top dma_passthrough_wrapper [get_filesets sources_1]
get_property top [get_filesets sources_1]
dma_passthrough_wrapper
get_files *dma_passthrough_wrapper*
/home/sogang/ppe_fpga_ho/ppe_dma_passthrough/ppe_dma_passthrough.gen/sources_1/bd/dma_passthrough/hdl/dma_passthrough_wrapper.v
save_bd_design
report_property [get_bd_cells axi_dma_0]
Property                           Type     Read-only  Value
ALLOWED_SIM_MODELS                 string*  true       rtl
CLASS                              string   true       bd_cell
CONFIG.Component_Name              string   false      dma_passthrough_axi_dma_0_0
CONFIG.c_addr_width                string   false      32
CONFIG.c_dlytmr_resolution         string   false      125
CONFIG.c_enable_multi_channel      string   false      0
CONFIG.c_include_mm2s              string   false      1
CONFIG.c_include_mm2s_dre          string   false      0
CONFIG.c_include_mm2s_sf           string   false      1
CONFIG.c_include_s2mm              string   false      1
CONFIG.c_include_s2mm_dre          string   false      0
CONFIG.c_include_s2mm_sf           string   false      1
CONFIG.c_include_sg                string   false      0
CONFIG.c_increase_throughput       string   false      0
CONFIG.c_m_axi_mm2s_data_width     string   false      32
CONFIG.c_m_axi_s2mm_data_width     string   false      32
CONFIG.c_m_axis_mm2s_tdata_width   string   false      32
CONFIG.c_micro_dma                 string   false      0
CONFIG.c_mm2s_burst_size           string   false      16
CONFIG.c_num_mm2s_channels         string   false      1
CONFIG.c_num_s2mm_channels         string   false      1
CONFIG.c_prmry_is_aclk_async       string   true       0
CONFIG.c_s2mm_burst_size           string   false      16
CONFIG.c_s_axis_s2mm_tdata_width   string   false      32
CONFIG.c_sg_include_stscntrl_strm  string   false      0
CONFIG.c_sg_length_width           string   false      14
CONFIG.c_sg_use_stsapp_length      string   false      0
CONFIG.c_single_interface          string   false      0
LOCATION                           string   false      2 890 180
NAME                               string   false      axi_dma_0
PATH                               string   true       /axi_dma_0
SCREENSIZE                         string   false      320 196
SELECTED_SIM_MODEL                 enum     false      rtl
TYPE                               string   true       ip
VLNV                               string   true       xilinx.com:ip:axi_dma:7.1
report_property [get_bd_intf_pins axi_dma_0/M_AXIS_MM2S]
Property                 Type    Read-only  Value
CLASS                    string  true       bd_intf_pin
CONFIG.CLK_DOMAIN        string  true       dma_passthrough_zynq_ultra_ps_e_0_0_pl_clk0
CONFIG.FREQ_HZ           string  true       99999001
CONFIG.HAS_BURST         string  true       0
CONFIG.HAS_TKEEP         string  true       1
CONFIG.HAS_TLAST         string  true       1
CONFIG.HAS_TREADY        string  true       1
CONFIG.HAS_TSTRB         string  true       0
CONFIG.INSERT_VIP        string  false      0
CONFIG.LAYERED_METADATA  string  true       undef
CONFIG.PHASE             string  true       0.0
CONFIG.TDATA_NUM_BYTES   string  true       4
CONFIG.TDEST_WIDTH       string  true       0
CONFIG.TID_WIDTH         string  true       0
CONFIG.TUSER_WIDTH       string  true       0
LOCATION                 string  false      
MODE                     string  true       Master
NAME                     string  false      M_AXIS_MM2S
PATH                     string  true       /axi_dma_0/M_AXIS_MM2S
TYPE                     string  true       ip
VLNV                     string  true       xilinx.com:interface:axis_rtl:1.0
report_property [get_bd_intf_pins axis_passthrough_0/input_stream]
Property                 Type    Read-only  Value
CLASS                    string  true       bd_intf_pin
CONFIG.CLK_DOMAIN        string  false      dma_passthrough_zynq_ultra_ps_e_0_0_pl_clk0
CONFIG.FREQ_HZ           string  false      99999001
CONFIG.HAS_TKEEP         string  true       1
CONFIG.HAS_TLAST         string  true       1
CONFIG.HAS_TREADY        string  true       1
CONFIG.HAS_TSTRB         string  true       1
CONFIG.INSERT_VIP        string  false      0
CONFIG.LAYERED_METADATA  string  true       
CONFIG.PHASE             string  false      0.0
CONFIG.TDATA_NUM_BYTES   string  true       4
CONFIG.TDEST_WIDTH       string  true       0
CONFIG.TID_WIDTH         string  true       0
CONFIG.TUSER_WIDTH       string  true       0
LOCATION                 string  false      
MODE                     string  true       Slave
NAME                     string  false      input_stream
PATH                     string  true       /axis_passthrough_0/input_stream
TYPE                     string  true       ip
VLNV                     string  true       xilinx.com:interface:axis_rtl:1.0
report_property [get_bd_intf_pins axis_passthrough_0/output_stream]
Property                 Type    Read-only  Value
CLASS                    string  true       bd_intf_pin
CONFIG.CLK_DOMAIN        string  false      dma_passthrough_zynq_ultra_ps_e_0_0_pl_clk0
CONFIG.FREQ_HZ           string  false      99999001
CONFIG.HAS_TKEEP         string  true       1
CONFIG.HAS_TLAST         string  true       1
CONFIG.HAS_TREADY        string  true       1
CONFIG.HAS_TSTRB         string  true       1
CONFIG.INSERT_VIP        string  false      0
CONFIG.LAYERED_METADATA  string  true       
CONFIG.PHASE             string  false      0.0
CONFIG.TDATA_NUM_BYTES   string  true       4
CONFIG.TDEST_WIDTH       string  true       0
CONFIG.TID_WIDTH         string  true       0
CONFIG.TUSER_WIDTH       string  true       0
LOCATION                 string  false      
MODE                     string  true       Master
NAME                     string  false      output_stream
PATH                     string  true       /axis_passthrough_0/output_stream
TYPE                     string  true       ip
VLNV                     string  true       xilinx.com:interface:axis_rtl:1.0
report_property [get_bd_intf_pins axi_dma_0/S_AXIS_S2MM]
Property                 Type    Read-only  Value
CLASS                    string  true       bd_intf_pin
CONFIG.CLK_DOMAIN        string  true       dma_passthrough_zynq_ultra_ps_e_0_0_pl_clk0
CONFIG.FREQ_HZ           string  true       99999001
CONFIG.HAS_TKEEP         string  true       1
CONFIG.HAS_TLAST         string  true       1
CONFIG.HAS_TREADY        string  true       1
CONFIG.HAS_TSTRB         string  true       0
CONFIG.INSERT_VIP        string  false      0
CONFIG.LAYERED_METADATA  string  true       undef
CONFIG.PHASE             string  true       0.0
CONFIG.TDATA_NUM_BYTES   string  true       4
CONFIG.TDEST_WIDTH       string  true       0
CONFIG.TID_WIDTH         string  true       0
CONFIG.TUSER_WIDTH       string  true       0
LOCATION                 string  false      
MODE                     string  true       Slave
NAME                     string  false      S_AXIS_S2MM
PATH                     string  true       /axi_dma_0/S_AXIS_S2MM
TYPE                     string  true       ip
VLNV                     string  true       xilinx.com:interface:axis_rtl:1.0
get_property STATUS [get_runs synth_1]
Not started
launch_runs synth_1 -jobs 2
INFO: [IP_Flow 19-6930] IPCACHE: runCacheChecks() number of threads = 8
INFO: [IP_Flow 19-6921] IPCACHE: Adding cache check func to thread queue for IP dma_passthrough_axi_dma_0_0
INFO: [IP_Flow 19-6921] IPCACHE: Adding cache check func to thread queue for IP dma_passthrough_axis_passthrough_0_0
INFO: [IP_Flow 19-6921] IPCACHE: Adding cache check func to thread queue for IP dma_passthrough_proc_sys_reset_0_0
INFO: [IP_Flow 19-6921] IPCACHE: Adding cache check func to thread queue for IP dma_passthrough_reset_inverter_0_0
INFO: [IP_Flow 19-6921] IPCACHE: Adding cache check func to thread queue for IP dma_passthrough_smartconnect_0_0
INFO: [IP_Flow 19-6921] IPCACHE: Adding cache check func to thread queue for IP dma_passthrough_smartconnect_1_0
INFO: [IP_Flow 19-6921] IPCACHE: Adding cache check func to thread queue for IP dma_passthrough_zynq_ultra_ps_e_0_0
INFO: [IP_Flow 19-8020] IPCACHE: runCacheChecks() calling threadPool finishWork()
INFO: [IP_Flow 19-6924] IPCACHE: Running cache check for IP inst: dma_passthrough_axi_dma_0_0
INFO: [IP_Flow 19-6924] IPCACHE: Running cache check for IP inst: dma_passthrough_reset_inverter_0_0
INFO: [IP_Flow 19-6924] IPCACHE: Running cache check for IP inst: dma_passthrough_proc_sys_reset_0_0
INFO: [IP_Flow 19-6924] IPCACHE: Running cache check for IP inst: dma_passthrough_axis_passthrough_0_0
INFO: [IP_Flow 19-6924] IPCACHE: Running cache check for IP inst: dma_passthrough_smartconnect_0_0
INFO: [IP_Flow 19-6924] IPCACHE: Running cache check for IP inst: dma_passthrough_smartconnect_1_0
INFO: [IP_Flow 19-6924] IPCACHE: Running cache check for IP inst: dma_passthrough_zynq_ultra_ps_e_0_0
WARNING: [Vivado 12-7122] Auto Incremental Compile:: No reference checkpoint was found in run synth_1. Auto-incremental flow will not be run, the standard flow will be run instead.
[Fri Jul 31 10:47:43 2026] Launched dma_passthrough_axis_passthrough_0_0_synth_1, dma_passthrough_proc_sys_reset_0_0_synth_1, dma_passthrough_axi_dma_0_0_synth_1, dma_passthrough_reset_inverter_0_0_synth_1, dma_passthrough_zynq_ultra_ps_e_0_0_synth_1, dma_passthrough_smartconnect_1_0_synth_1, dma_passthrough_smartconnect_0_0_synth_1...
Run output will be captured here:
dma_passthrough_axis_passthrough_0_0_synth_1: /home/sogang/ppe_fpga_ho/ppe_dma_passthrough/ppe_dma_passthrough.runs/dma_passthrough_axis_passthrough_0_0_synth_1/runme.log
dma_passthrough_proc_sys_reset_0_0_synth_1: /home/sogang/ppe_fpga_ho/ppe_dma_passthrough/ppe_dma_passthrough.runs/dma_passthrough_proc_sys_reset_0_0_synth_1/runme.log
dma_passthrough_axi_dma_0_0_synth_1: /home/sogang/ppe_fpga_ho/ppe_dma_passthrough/ppe_dma_passthrough.runs/dma_passthrough_axi_dma_0_0_synth_1/runme.log
dma_passthrough_reset_inverter_0_0_synth_1: /home/sogang/ppe_fpga_ho/ppe_dma_passthrough/ppe_dma_passthrough.runs/dma_passthrough_reset_inverter_0_0_synth_1/runme.log
dma_passthrough_zynq_ultra_ps_e_0_0_synth_1: /home/sogang/ppe_fpga_ho/ppe_dma_passthrough/ppe_dma_passthrough.runs/dma_passthrough_zynq_ultra_ps_e_0_0_synth_1/runme.log
dma_passthrough_smartconnect_1_0_synth_1: /home/sogang/ppe_fpga_ho/ppe_dma_passthrough/ppe_dma_passthrough.runs/dma_passthrough_smartconnect_1_0_synth_1/runme.log
dma_passthrough_smartconnect_0_0_synth_1: /home/sogang/ppe_fpga_ho/ppe_dma_passthrough/ppe_dma_passthrough.runs/dma_passthrough_smartconnect_0_0_synth_1/runme.log
[Fri Jul 31 10:47:43 2026] Launched synth_1...
Run output will be captured here: /home/sogang/ppe_fpga_ho/ppe_dma_passthrough/ppe_dma_passthrough.runs/synth_1/runme.log
0
wait_on_run synth_1
[Fri Jul 31 10:52:14 2026] Waiting for synth_1 to finish...

*** Running vivado
    with args -log dma_passthrough_wrapper.vds -m64 -product Vivado -mode batch -messageDb vivado.pb -notrace -source dma_passthrough_wrapper.tcl


****** Vivado v2022.2 (64-bit)
  **** SW Build 3671981 on Fri Oct 14 04:59:54 MDT 2022
  **** IP Build 3669848 on Fri Oct 14 08:30:02 MDT 2022
    ** Copyright 1986-2022 Xilinx, Inc. All Rights Reserved.

source dma_passthrough_wrapper.tcl -notrace
INFO: [IP_Flow 19-234] Refreshing IP repositories
INFO: [IP_Flow 19-1700] Loaded user IP repository '/home/sogang/ppe_fpga_ho/axis/passthrough/axis_passthrough_hls/solution1/impl/ip'.
INFO: [IP_Flow 19-2313] Loaded Vivado IP repository '/tools/Xilinx/Vivado/2022.2/data/ip'.
Command: synth_design -top dma_passthrough_wrapper -part xck26-sfvc784-2LV-c
Starting synth_design
Attempting to get a license for feature 'Synthesis' and/or device 'xck26'
INFO: [Common 17-349] Got license for feature 'Synthesis' and/or device 'xck26'
INFO: [Device 21-403] Loading part xck26-sfvc784-2LV-c
INFO: [Synth 8-7079] Multithreading enabled for synth_design using a maximum of 4 processes.
INFO: [Synth 8-7078] Launching helper process for spawning children vivado processes
INFO: [Synth 8-7075] Helper process launched with PID 26766
INFO: [Synth 8-11241] undeclared symbol 'REGCCE', assumed default net type 'wire' [/tools/Xilinx/Vivado/2022.2/data/verilog/src/unimacro/BRAM_SINGLE_MACRO.v:2170]
---------------------------------------------------------------------------------
Starting RTL Elaboration : Time (s): cpu = 00:00:02 ; elapsed = 00:00:02 . Memory (MB): peak = 2960.980 ; gain = 236.801 ; free physical = 3268 ; free virtual = 40459
Synthesis current peak Physical Memory [PSS] (MB): peak = 2381.941; parent = 2177.386; children = 204.556
Synthesis current peak Virtual Memory [VSS] (MB): peak = 3941.848; parent = 2964.953; children = 976.895
---------------------------------------------------------------------------------
INFO: [Synth 8-6157] synthesizing module 'dma_passthrough_wrapper' [/home/sogang/ppe_fpga_ho/ppe_dma_passthrough/ppe_dma_passthrough.gen/sources_1/bd/dma_passthrough/hdl/dma_passthrough_wrapper.v:12]
INFO: [Synth 8-6157] synthesizing module 'dma_passthrough' [/home/sogang/ppe_fpga_ho/ppe_dma_passthrough/ppe_dma_passthrough.gen/sources_1/bd/dma_passthrough/synth/dma_passthrough.v:12]
INFO: [Synth 8-6157] synthesizing module 'dma_passthrough_axi_dma_0_0' [/home/sogang/ppe_fpga_ho/ppe_dma_passthrough/ppe_dma_passthrough.runs/synth_1/.Xil/Vivado-26743-sogang-500TGA-500SGA/realtime/dma_passthrough_axi_dma_0_0_stub.v:5]
INFO: [Synth 8-6155] done synthesizing module 'dma_passthrough_axi_dma_0_0' (0#1) [/home/sogang/ppe_fpga_ho/ppe_dma_passthrough/ppe_dma_passthrough.runs/synth_1/.Xil/Vivado-26743-sogang-500TGA-500SGA/realtime/dma_passthrough_axi_dma_0_0_stub.v:5]
WARNING: [Synth 8-7071] port 'mm2s_prmry_reset_out_n' of module 'dma_passthrough_axi_dma_0_0' is unconnected for instance 'axi_dma_0' [/home/sogang/ppe_fpga_ho/ppe_dma_passthrough/ppe_dma_passthrough.gen/sources_1/bd/dma_passthrough/synth/dma_passthrough.v:168]
WARNING: [Synth 8-7071] port 's2mm_prmry_reset_out_n' of module 'dma_passthrough_axi_dma_0_0' is unconnected for instance 'axi_dma_0' [/home/sogang/ppe_fpga_ho/ppe_dma_passthrough/ppe_dma_passthrough.gen/sources_1/bd/dma_passthrough/synth/dma_passthrough.v:168]
WARNING: [Synth 8-7071] port 'mm2s_introut' of module 'dma_passthrough_axi_dma_0_0' is unconnected for instance 'axi_dma_0' [/home/sogang/ppe_fpga_ho/ppe_dma_passthrough/ppe_dma_passthrough.gen/sources_1/bd/dma_passthrough/synth/dma_passthrough.v:168]
WARNING: [Synth 8-7071] port 's2mm_introut' of module 'dma_passthrough_axi_dma_0_0' is unconnected for instance 'axi_dma_0' [/home/sogang/ppe_fpga_ho/ppe_dma_passthrough/ppe_dma_passthrough.gen/sources_1/bd/dma_passthrough/synth/dma_passthrough.v:168]
WARNING: [Synth 8-7071] port 'axi_dma_tstvec' of module 'dma_passthrough_axi_dma_0_0' is unconnected for instance 'axi_dma_0' [/home/sogang/ppe_fpga_ho/ppe_dma_passthrough/ppe_dma_passthrough.gen/sources_1/bd/dma_passthrough/synth/dma_passthrough.v:168]
WARNING: [Synth 8-7023] instance 'axi_dma_0' of module 'dma_passthrough_axi_dma_0_0' has 64 connections declared, but only 59 given [/home/sogang/ppe_fpga_ho/ppe_dma_passthrough/ppe_dma_passthrough.gen/sources_1/bd/dma_passthrough/synth/dma_passthrough.v:168]
INFO: [Synth 8-6157] synthesizing module 'dma_passthrough_axis_passthrough_0_0' [/home/sogang/ppe_fpga_ho/ppe_dma_passthrough/ppe_dma_passthrough.runs/synth_1/.Xil/Vivado-26743-sogang-500TGA-500SGA/realtime/dma_passthrough_axis_passthrough_0_0_stub.v:5]
INFO: [Synth 8-6155] done synthesizing module 'dma_passthrough_axis_passthrough_0_0' (0#1) [/home/sogang/ppe_fpga_ho/ppe_dma_passthrough/ppe_dma_passthrough.runs/synth_1/.Xil/Vivado-26743-sogang-500TGA-500SGA/realtime/dma_passthrough_axis_passthrough_0_0_stub.v:5]
WARNING: [Synth 8-7071] port 'interrupt' of module 'dma_passthrough_axis_passthrough_0_0' is unconnected for instance 'axis_passthrough_0' [/home/sogang/ppe_fpga_ho/ppe_dma_passthrough/ppe_dma_passthrough.gen/sources_1/bd/dma_passthrough/synth/dma_passthrough.v:228]
WARNING: [Synth 8-7071] port 'output_stream_TSTRB' of module 'dma_passthrough_axis_passthrough_0_0' is unconnected for instance 'axis_passthrough_0' [/home/sogang/ppe_fpga_ho/ppe_dma_passthrough/ppe_dma_passthrough.gen/sources_1/bd/dma_passthrough/synth/dma_passthrough.v:228]
WARNING: [Synth 8-7023] instance 'axis_passthrough_0' of module 'dma_passthrough_axis_passthrough_0_0' has 32 connections declared, but only 30 given [/home/sogang/ppe_fpga_ho/ppe_dma_passthrough/ppe_dma_passthrough.gen/sources_1/bd/dma_passthrough/synth/dma_passthrough.v:228]
INFO: [Synth 8-6157] synthesizing module 'dma_passthrough_proc_sys_reset_0_0' [/home/sogang/ppe_fpga_ho/ppe_dma_passthrough/ppe_dma_passthrough.runs/synth_1/.Xil/Vivado-26743-sogang-500TGA-500SGA/realtime/dma_passthrough_proc_sys_reset_0_0_stub.v:5]
INFO: [Synth 8-6155] done synthesizing module 'dma_passthrough_proc_sys_reset_0_0' (0#1) [/home/sogang/ppe_fpga_ho/ppe_dma_passthrough/ppe_dma_passthrough.runs/synth_1/.Xil/Vivado-26743-sogang-500TGA-500SGA/realtime/dma_passthrough_proc_sys_reset_0_0_stub.v:5]
WARNING: [Synth 8-7071] port 'mb_reset' of module 'dma_passthrough_proc_sys_reset_0_0' is unconnected for instance 'proc_sys_reset_0' [/home/sogang/ppe_fpga_ho/ppe_dma_passthrough/ppe_dma_passthrough.gen/sources_1/bd/dma_passthrough/synth/dma_passthrough.v:259]
WARNING: [Synth 8-7071] port 'bus_struct_reset' of module 'dma_passthrough_proc_sys_reset_0_0' is unconnected for instance 'proc_sys_reset_0' [/home/sogang/ppe_fpga_ho/ppe_dma_passthrough/ppe_dma_passthrough.gen/sources_1/bd/dma_passthrough/synth/dma_passthrough.v:259]
WARNING: [Synth 8-7071] port 'peripheral_reset' of module 'dma_passthrough_proc_sys_reset_0_0' is unconnected for instance 'proc_sys_reset_0' [/home/sogang/ppe_fpga_ho/ppe_dma_passthrough/ppe_dma_passthrough.gen/sources_1/bd/dma_passthrough/synth/dma_passthrough.v:259]
WARNING: [Synth 8-7023] instance 'proc_sys_reset_0' of module 'dma_passthrough_proc_sys_reset_0_0' has 10 connections declared, but only 7 given [/home/sogang/ppe_fpga_ho/ppe_dma_passthrough/ppe_dma_passthrough.gen/sources_1/bd/dma_passthrough/synth/dma_passthrough.v:259]
INFO: [Synth 8-6157] synthesizing module 'dma_passthrough_reset_const_high_0' [/home/sogang/ppe_fpga_ho/ppe_dma_passthrough/ppe_dma_passthrough.gen/sources_1/bd/dma_passthrough/ip/dma_passthrough_reset_const_high_0/synth/dma_passthrough_reset_const_high_0.v:53]
INFO: [Synth 8-6157] synthesizing module 'xlconstant_v1_1_7_xlconstant' [/home/sogang/ppe_fpga_ho/ppe_dma_passthrough/ppe_dma_passthrough.gen/sources_1/bd/dma_passthrough/ipshared/badb/hdl/xlconstant_v1_1_vl_rfs.v:23]
INFO: [Synth 8-6155] done synthesizing module 'xlconstant_v1_1_7_xlconstant' (0#1) [/home/sogang/ppe_fpga_ho/ppe_dma_passthrough/ppe_dma_passthrough.gen/sources_1/bd/dma_passthrough/ipshared/badb/hdl/xlconstant_v1_1_vl_rfs.v:23]
INFO: [Synth 8-6155] done synthesizing module 'dma_passthrough_reset_const_high_0' (0#1) [/home/sogang/ppe_fpga_ho/ppe_dma_passthrough/ppe_dma_passthrough.gen/sources_1/bd/dma_passthrough/ip/dma_passthrough_reset_const_high_0/synth/dma_passthrough_reset_const_high_0.v:53]
INFO: [Synth 8-6157] synthesizing module 'dma_passthrough_reset_const_low_0' [/home/sogang/ppe_fpga_ho/ppe_dma_passthrough/ppe_dma_passthrough.gen/sources_1/bd/dma_passthrough/ip/dma_passthrough_reset_const_low_0/synth/dma_passthrough_reset_const_low_0.v:53]
INFO: [Synth 8-6157] synthesizing module 'xlconstant_v1_1_7_xlconstant__parameterized0' [/home/sogang/ppe_fpga_ho/ppe_dma_passthrough/ppe_dma_passthrough.gen/sources_1/bd/dma_passthrough/ipshared/badb/hdl/xlconstant_v1_1_vl_rfs.v:23]
INFO: [Synth 8-6155] done synthesizing module 'xlconstant_v1_1_7_xlconstant__parameterized0' (0#1) [/home/sogang/ppe_fpga_ho/ppe_dma_passthrough/ppe_dma_passthrough.gen/sources_1/bd/dma_passthrough/ipshared/badb/hdl/xlconstant_v1_1_vl_rfs.v:23]
INFO: [Synth 8-6155] done synthesizing module 'dma_passthrough_reset_const_low_0' (0#1) [/home/sogang/ppe_fpga_ho/ppe_dma_passthrough/ppe_dma_passthrough.gen/sources_1/bd/dma_passthrough/ip/dma_passthrough_reset_const_low_0/synth/dma_passthrough_reset_const_low_0.v:53]
INFO: [Synth 8-6157] synthesizing module 'dma_passthrough_reset_inverter_0_0' [/home/sogang/ppe_fpga_ho/ppe_dma_passthrough/ppe_dma_passthrough.runs/synth_1/.Xil/Vivado-26743-sogang-500TGA-500SGA/realtime/dma_passthrough_reset_inverter_0_0_stub.v:5]
INFO: [Synth 8-6155] done synthesizing module 'dma_passthrough_reset_inverter_0_0' (0#1) [/home/sogang/ppe_fpga_ho/ppe_dma_passthrough/ppe_dma_passthrough.runs/synth_1/.Xil/Vivado-26743-sogang-500TGA-500SGA/realtime/dma_passthrough_reset_inverter_0_0_stub.v:5]
INFO: [Synth 8-6157] synthesizing module 'dma_passthrough_smartconnect_0_0' [/home/sogang/ppe_fpga_ho/ppe_dma_passthrough/ppe_dma_passthrough.runs/synth_1/.Xil/Vivado-26743-sogang-500TGA-500SGA/realtime/dma_passthrough_smartconnect_0_0_stub.v:5]
INFO: [Synth 8-6155] done synthesizing module 'dma_passthrough_smartconnect_0_0' (0#1) [/home/sogang/ppe_fpga_ho/ppe_dma_passthrough/ppe_dma_passthrough.runs/synth_1/.Xil/Vivado-26743-sogang-500TGA-500SGA/realtime/dma_passthrough_smartconnect_0_0_stub.v:5]
WARNING: [Synth 8-7071] port 'M00_AXI_awprot' of module 'dma_passthrough_smartconnect_0_0' is unconnected for instance 'smartconnect_0' [/home/sogang/ppe_fpga_ho/ppe_dma_passthrough/ppe_dma_passthrough.gen/sources_1/bd/dma_passthrough/synth/dma_passthrough.v:274]
WARNING: [Synth 8-7071] port 'M00_AXI_wstrb' of module 'dma_passthrough_smartconnect_0_0' is unconnected for instance 'smartconnect_0' [/home/sogang/ppe_fpga_ho/ppe_dma_passthrough/ppe_dma_passthrough.gen/sources_1/bd/dma_passthrough/synth/dma_passthrough.v:274]
WARNING: [Synth 8-7071] port 'M00_AXI_arprot' of module 'dma_passthrough_smartconnect_0_0' is unconnected for instance 'smartconnect_0' [/home/sogang/ppe_fpga_ho/ppe_dma_passthrough/ppe_dma_passthrough.gen/sources_1/bd/dma_passthrough/synth/dma_passthrough.v:274]
WARNING: [Synth 8-7071] port 'M01_AXI_awprot' of module 'dma_passthrough_smartconnect_0_0' is unconnected for instance 'smartconnect_0' [/home/sogang/ppe_fpga_ho/ppe_dma_passthrough/ppe_dma_passthrough.gen/sources_1/bd/dma_passthrough/synth/dma_passthrough.v:274]
WARNING: [Synth 8-7071] port 'M01_AXI_arprot' of module 'dma_passthrough_smartconnect_0_0' is unconnected for instance 'smartconnect_0' [/home/sogang/ppe_fpga_ho/ppe_dma_passthrough/ppe_dma_passthrough.gen/sources_1/bd/dma_passthrough/synth/dma_passthrough.v:274]
WARNING: [Synth 8-7023] instance 'smartconnect_0' of module 'dma_passthrough_smartconnect_0_0' has 79 connections declared, but only 74 given [/home/sogang/ppe_fpga_ho/ppe_dma_passthrough/ppe_dma_passthrough.gen/sources_1/bd/dma_passthrough/synth/dma_passthrough.v:274]
INFO: [Synth 8-6157] synthesizing module 'dma_passthrough_smartconnect_1_0' [/home/sogang/ppe_fpga_ho/ppe_dma_passthrough/ppe_dma_passthrough.runs/synth_1/.Xil/Vivado-26743-sogang-500TGA-500SGA/realtime/dma_passthrough_smartconnect_1_0_stub.v:5]
INFO: [Synth 8-6155] done synthesizing module 'dma_passthrough_smartconnect_1_0' (0#1) [/home/sogang/ppe_fpga_ho/ppe_dma_passthrough/ppe_dma_passthrough.runs/synth_1/.Xil/Vivado-26743-sogang-500TGA-500SGA/realtime/dma_passthrough_smartconnect_1_0_stub.v:5]
INFO: [Synth 8-6157] synthesizing module 'dma_passthrough_zynq_ultra_ps_e_0_0' [/home/sogang/ppe_fpga_ho/ppe_dma_passthrough/ppe_dma_passthrough.runs/synth_1/.Xil/Vivado-26743-sogang-500TGA-500SGA/realtime/dma_passthrough_zynq_ultra_ps_e_0_0_stub.v:5]
INFO: [Synth 8-6155] done synthesizing module 'dma_passthrough_zynq_ultra_ps_e_0_0' (0#1) [/home/sogang/ppe_fpga_ho/ppe_dma_passthrough/ppe_dma_passthrough.runs/synth_1/.Xil/Vivado-26743-sogang-500TGA-500SGA/realtime/dma_passthrough_zynq_ultra_ps_e_0_0_stub.v:5]
WARNING: [Synth 8-7071] port 'saxigp2_bid' of module 'dma_passthrough_zynq_ultra_ps_e_0_0' is unconnected for instance 'zynq_ultra_ps_e_0' [/home/sogang/ppe_fpga_ho/ppe_dma_passthrough/ppe_dma_passthrough.gen/sources_1/bd/dma_passthrough/synth/dma_passthrough.v:418]
WARNING: [Synth 8-7071] port 'saxigp2_rid' of module 'dma_passthrough_zynq_ultra_ps_e_0_0' is unconnected for instance 'zynq_ultra_ps_e_0' [/home/sogang/ppe_fpga_ho/ppe_dma_passthrough/ppe_dma_passthrough.gen/sources_1/bd/dma_passthrough/synth/dma_passthrough.v:418]
WARNING: [Synth 8-7023] instance 'zynq_ultra_ps_e_0' of module 'dma_passthrough_zynq_ultra_ps_e_0_0' has 83 connections declared, but only 81 given [/home/sogang/ppe_fpga_ho/ppe_dma_passthrough/ppe_dma_passthrough.gen/sources_1/bd/dma_passthrough/synth/dma_passthrough.v:418]
INFO: [Synth 8-6155] done synthesizing module 'dma_passthrough' (0#1) [/home/sogang/ppe_fpga_ho/ppe_dma_passthrough/ppe_dma_passthrough.gen/sources_1/bd/dma_passthrough/synth/dma_passthrough.v:12]
INFO: [Synth 8-6155] done synthesizing module 'dma_passthrough_wrapper' (0#1) [/home/sogang/ppe_fpga_ho/ppe_dma_passthrough/ppe_dma_passthrough.gen/sources_1/bd/dma_passthrough/hdl/dma_passthrough_wrapper.v:12]
---------------------------------------------------------------------------------
Finished RTL Elaboration : Time (s): cpu = 00:00:03 ; elapsed = 00:00:03 . Memory (MB): peak = 3031.918 ; gain = 307.738 ; free physical = 3280 ; free virtual = 40475
Synthesis current peak Physical Memory [PSS] (MB): peak = 2381.941; parent = 2177.386; children = 204.556
Synthesis current peak Virtual Memory [VSS] (MB): peak = 4008.816; parent = 3031.922; children = 976.895
---------------------------------------------------------------------------------
---------------------------------------------------------------------------------
Start Handling Custom Attributes
---------------------------------------------------------------------------------
---------------------------------------------------------------------------------
Finished Handling Custom Attributes : Time (s): cpu = 00:00:03 ; elapsed = 00:00:03 . Memory (MB): peak = 3049.730 ; gain = 325.551 ; free physical = 3279 ; free virtual = 40475
Synthesis current peak Physical Memory [PSS] (MB): peak = 2381.941; parent = 2177.386; children = 204.556
Synthesis current peak Virtual Memory [VSS] (MB): peak = 4026.629; parent = 3049.734; children = 976.895
---------------------------------------------------------------------------------
---------------------------------------------------------------------------------
Finished RTL Optimization Phase 1 : Time (s): cpu = 00:00:03 ; elapsed = 00:00:03 . Memory (MB): peak = 3049.730 ; gain = 325.551 ; free physical = 3279 ; free virtual = 40475
Synthesis current peak Physical Memory [PSS] (MB): peak = 2381.941; parent = 2177.386; children = 204.556
Synthesis current peak Virtual Memory [VSS] (MB): peak = 4026.629; parent = 3049.734; children = 976.895
---------------------------------------------------------------------------------
Netlist sorting complete. Time (s): cpu = 00:00:00 ; elapsed = 00:00:00 . Memory (MB): peak = 3049.730 ; gain = 0.000 ; free physical = 3279 ; free virtual = 40475
INFO: [Project 1-570] Preparing netlist for logic optimization

Processing XDC Constraints
Initializing timing engine
Parsing XDC File [/home/sogang/ppe_fpga_ho/ppe_dma_passthrough/ppe_dma_passthrough.gen/sources_1/bd/dma_passthrough/ip/dma_passthrough_zynq_ultra_ps_e_0_0/dma_passthrough_zynq_ultra_ps_e_0_0/dma_passthrough_zynq_ultra_ps_e_0_0_in_context.xdc] for cell 'dma_passthrough_i/zynq_ultra_ps_e_0'
Finished Parsing XDC File [/home/sogang/ppe_fpga_ho/ppe_dma_passthrough/ppe_dma_passthrough.gen/sources_1/bd/dma_passthrough/ip/dma_passthrough_zynq_ultra_ps_e_0_0/dma_passthrough_zynq_ultra_ps_e_0_0/dma_passthrough_zynq_ultra_ps_e_0_0_in_context.xdc] for cell 'dma_passthrough_i/zynq_ultra_ps_e_0'
Parsing XDC File [/home/sogang/ppe_fpga_ho/ppe_dma_passthrough/ppe_dma_passthrough.gen/sources_1/bd/dma_passthrough/ip/dma_passthrough_axi_dma_0_0/dma_passthrough_axi_dma_0_0/dma_passthrough_axi_dma_0_0_in_context.xdc] for cell 'dma_passthrough_i/axi_dma_0'
Finished Parsing XDC File [/home/sogang/ppe_fpga_ho/ppe_dma_passthrough/ppe_dma_passthrough.gen/sources_1/bd/dma_passthrough/ip/dma_passthrough_axi_dma_0_0/dma_passthrough_axi_dma_0_0/dma_passthrough_axi_dma_0_0_in_context.xdc] for cell 'dma_passthrough_i/axi_dma_0'
Parsing XDC File [/home/sogang/ppe_fpga_ho/ppe_dma_passthrough/ppe_dma_passthrough.gen/sources_1/bd/dma_passthrough/ip/dma_passthrough_axis_passthrough_0_0/dma_passthrough_axis_passthrough_0_0/dma_passthrough_axis_passthrough_0_0_in_context.xdc] for cell 'dma_passthrough_i/axis_passthrough_0'
Finished Parsing XDC File [/home/sogang/ppe_fpga_ho/ppe_dma_passthrough/ppe_dma_passthrough.gen/sources_1/bd/dma_passthrough/ip/dma_passthrough_axis_passthrough_0_0/dma_passthrough_axis_passthrough_0_0/dma_passthrough_axis_passthrough_0_0_in_context.xdc] for cell 'dma_passthrough_i/axis_passthrough_0'
Parsing XDC File [/home/sogang/ppe_fpga_ho/ppe_dma_passthrough/ppe_dma_passthrough.gen/sources_1/bd/dma_passthrough/ip/dma_passthrough_proc_sys_reset_0_0/dma_passthrough_proc_sys_reset_0_0/dma_passthrough_proc_sys_reset_0_0_in_context.xdc] for cell 'dma_passthrough_i/proc_sys_reset_0'
Finished Parsing XDC File [/home/sogang/ppe_fpga_ho/ppe_dma_passthrough/ppe_dma_passthrough.gen/sources_1/bd/dma_passthrough/ip/dma_passthrough_proc_sys_reset_0_0/dma_passthrough_proc_sys_reset_0_0/dma_passthrough_proc_sys_reset_0_0_in_context.xdc] for cell 'dma_passthrough_i/proc_sys_reset_0'
Parsing XDC File [/home/sogang/ppe_fpga_ho/ppe_dma_passthrough/ppe_dma_passthrough.gen/sources_1/bd/dma_passthrough/ip/dma_passthrough_smartconnect_0_0/dma_passthrough_smartconnect_0_0/dma_passthrough_smartconnect_0_0_in_context.xdc] for cell 'dma_passthrough_i/smartconnect_0'
Finished Parsing XDC File [/home/sogang/ppe_fpga_ho/ppe_dma_passthrough/ppe_dma_passthrough.gen/sources_1/bd/dma_passthrough/ip/dma_passthrough_smartconnect_0_0/dma_passthrough_smartconnect_0_0/dma_passthrough_smartconnect_0_0_in_context.xdc] for cell 'dma_passthrough_i/smartconnect_0'
Parsing XDC File [/home/sogang/ppe_fpga_ho/ppe_dma_passthrough/ppe_dma_passthrough.gen/sources_1/bd/dma_passthrough/ip/dma_passthrough_smartconnect_1_0/dma_passthrough_smartconnect_1_0/dma_passthrough_smartconnect_1_0_in_context.xdc] for cell 'dma_passthrough_i/smartconnect_1'
Finished Parsing XDC File [/home/sogang/ppe_fpga_ho/ppe_dma_passthrough/ppe_dma_passthrough.gen/sources_1/bd/dma_passthrough/ip/dma_passthrough_smartconnect_1_0/dma_passthrough_smartconnect_1_0/dma_passthrough_smartconnect_1_0_in_context.xdc] for cell 'dma_passthrough_i/smartconnect_1'
Parsing XDC File [/home/sogang/ppe_fpga_ho/ppe_dma_passthrough/ppe_dma_passthrough.gen/sources_1/bd/dma_passthrough/ip/dma_passthrough_reset_inverter_0_0/dma_passthrough_reset_inverter_0_0/dma_passthrough_reset_inverter_0_0_in_context.xdc] for cell 'dma_passthrough_i/reset_inverter_0'
Finished Parsing XDC File [/home/sogang/ppe_fpga_ho/ppe_dma_passthrough/ppe_dma_passthrough.gen/sources_1/bd/dma_passthrough/ip/dma_passthrough_reset_inverter_0_0/dma_passthrough_reset_inverter_0_0/dma_passthrough_reset_inverter_0_0_in_context.xdc] for cell 'dma_passthrough_i/reset_inverter_0'
Parsing XDC File [/home/sogang/ppe_fpga_ho/ppe_dma_passthrough/ppe_dma_passthrough.runs/synth_1/dont_touch.xdc]
Finished Parsing XDC File [/home/sogang/ppe_fpga_ho/ppe_dma_passthrough/ppe_dma_passthrough.runs/synth_1/dont_touch.xdc]
Completed Processing XDC Constraints

Netlist sorting complete. Time (s): cpu = 00:00:00 ; elapsed = 00:00:00 . Memory (MB): peak = 3132.574 ; gain = 0.000 ; free physical = 3309 ; free virtual = 40514
INFO: [Project 1-111] Unisim Transformation Summary:
No Unisim elements were transformed.

Constraint Validation Runtime : Time (s): cpu = 00:00:00 ; elapsed = 00:00:00 . Memory (MB): peak = 3132.574 ; gain = 0.000 ; free physical = 3309 ; free virtual = 40514
INFO: [Synth 8-11241] undeclared symbol 'REGCCE', assumed default net type 'wire' [/tools/Xilinx/Vivado/2022.2/data/verilog/src/unimacro/BRAM_SINGLE_MACRO.v:2170]
---------------------------------------------------------------------------------
Finished Constraint Validation : Time (s): cpu = 00:00:09 ; elapsed = 00:00:10 . Memory (MB): peak = 3132.574 ; gain = 408.395 ; free physical = 3317 ; free virtual = 40528
Synthesis current peak Physical Memory [PSS] (MB): peak = 2381.941; parent = 2177.386; children = 204.556
Synthesis current peak Virtual Memory [VSS] (MB): peak = 4077.457; parent = 3100.562; children = 976.895
---------------------------------------------------------------------------------
---------------------------------------------------------------------------------
Start Loading Part and Timing Information
---------------------------------------------------------------------------------
Loading part: xck26-sfvc784-2LV-c
INFO: [Synth 8-6742] Reading net delay rules and data
---------------------------------------------------------------------------------
Finished Loading Part and Timing Information : Time (s): cpu = 00:00:09 ; elapsed = 00:00:10 . Memory (MB): peak = 3132.574 ; gain = 408.395 ; free physical = 3317 ; free virtual = 40528
Synthesis current peak Physical Memory [PSS] (MB): peak = 2381.941; parent = 2177.386; children = 204.556
Synthesis current peak Virtual Memory [VSS] (MB): peak = 4077.457; parent = 3100.562; children = 976.895
---------------------------------------------------------------------------------
---------------------------------------------------------------------------------
Start Applying 'set_property' XDC Constraints
---------------------------------------------------------------------------------
Applied set_property KEEP_HIERARCHY = SOFT for dma_passthrough_i. (constraint file  auto generated constraint).
Applied set_property KEEP_HIERARCHY = SOFT for dma_passthrough_i/zynq_ultra_ps_e_0. (constraint file  auto generated constraint).
Applied set_property KEEP_HIERARCHY = SOFT for dma_passthrough_i/axi_dma_0. (constraint file  auto generated constraint).
Applied set_property KEEP_HIERARCHY = SOFT for dma_passthrough_i/axis_passthrough_0. (constraint file  auto generated constraint).
Applied set_property KEEP_HIERARCHY = SOFT for dma_passthrough_i/proc_sys_reset_0. (constraint file  auto generated constraint).
Applied set_property KEEP_HIERARCHY = SOFT for dma_passthrough_i/smartconnect_0. (constraint file  auto generated constraint).
Applied set_property KEEP_HIERARCHY = SOFT for dma_passthrough_i/smartconnect_1. (constraint file  auto generated constraint).
Applied set_property KEEP_HIERARCHY = SOFT for dma_passthrough_i/reset_inverter_0. (constraint file  auto generated constraint).
Applied set_property KEEP_HIERARCHY = SOFT for dma_passthrough_i/reset_const_high. (constraint file  auto generated constraint).
Applied set_property KEEP_HIERARCHY = SOFT for dma_passthrough_i/reset_const_low. (constraint file  auto generated constraint).
---------------------------------------------------------------------------------
Finished applying 'set_property' XDC Constraints : Time (s): cpu = 00:00:09 ; elapsed = 00:00:10 . Memory (MB): peak = 3132.574 ; gain = 408.395 ; free physical = 3317 ; free virtual = 40528
Synthesis current peak Physical Memory [PSS] (MB): peak = 2381.941; parent = 2177.386; children = 204.556
Synthesis current peak Virtual Memory [VSS] (MB): peak = 4077.457; parent = 3100.562; children = 976.895
---------------------------------------------------------------------------------
---------------------------------------------------------------------------------
Finished RTL Optimization Phase 2 : Time (s): cpu = 00:00:09 ; elapsed = 00:00:10 . Memory (MB): peak = 3132.574 ; gain = 408.395 ; free physical = 3317 ; free virtual = 40529
Synthesis current peak Physical Memory [PSS] (MB): peak = 2381.941; parent = 2177.386; children = 204.556
Synthesis current peak Virtual Memory [VSS] (MB): peak = 4077.457; parent = 3100.562; children = 976.895
---------------------------------------------------------------------------------
---------------------------------------------------------------------------------
Start RTL Component Statistics 
---------------------------------------------------------------------------------
Detailed RTL Component Info : 
---------------------------------------------------------------------------------
Finished RTL Component Statistics 
---------------------------------------------------------------------------------
---------------------------------------------------------------------------------
Start Part Resource Summary
---------------------------------------------------------------------------------
Part Resources:
DSPs: 1248 (col length:96)
BRAMs: 288 (col length: RAMB18 96 RAMB36 48)
---------------------------------------------------------------------------------
Finished Part Resource Summary
---------------------------------------------------------------------------------
---------------------------------------------------------------------------------
Start Cross Boundary and Area Optimization
---------------------------------------------------------------------------------
WARNING: [Synth 8-7080] Parallel synthesis criteria is not met
---------------------------------------------------------------------------------
Finished Cross Boundary and Area Optimization : Time (s): cpu = 00:00:10 ; elapsed = 00:00:11 . Memory (MB): peak = 3132.574 ; gain = 408.395 ; free physical = 3315 ; free virtual = 40532
Synthesis current peak Physical Memory [PSS] (MB): peak = 2381.941; parent = 2177.386; children = 204.556
Synthesis current peak Virtual Memory [VSS] (MB): peak = 4077.457; parent = 3100.562; children = 976.895
---------------------------------------------------------------------------------
---------------------------------------------------------------------------------
Start Applying XDC Timing Constraints
---------------------------------------------------------------------------------
---------------------------------------------------------------------------------
Finished Applying XDC Timing Constraints : Time (s): cpu = 00:00:17 ; elapsed = 00:00:19 . Memory (MB): peak = 3580.090 ; gain = 855.910 ; free physical = 2847 ; free virtual = 40082
Synthesis current peak Physical Memory [PSS] (MB): peak = 2941.592; parent = 2737.067; children = 204.556
Synthesis current peak Virtual Memory [VSS] (MB): peak = 4556.988; parent = 3580.094; children = 976.895
---------------------------------------------------------------------------------
---------------------------------------------------------------------------------
Start Timing Optimization
---------------------------------------------------------------------------------
---------------------------------------------------------------------------------
Finished Timing Optimization : Time (s): cpu = 00:00:17 ; elapsed = 00:00:19 . Memory (MB): peak = 3581.090 ; gain = 856.910 ; free physical = 2847 ; free virtual = 40082
Synthesis current peak Physical Memory [PSS] (MB): peak = 2941.736; parent = 2737.212; children = 204.556
Synthesis current peak Virtual Memory [VSS] (MB): peak = 4557.988; parent = 3581.094; children = 976.895
---------------------------------------------------------------------------------
---------------------------------------------------------------------------------
Start Technology Mapping
---------------------------------------------------------------------------------
---------------------------------------------------------------------------------
Finished Technology Mapping : Time (s): cpu = 00:00:17 ; elapsed = 00:00:19 . Memory (MB): peak = 3600.121 ; gain = 875.941 ; free physical = 2833 ; free virtual = 40069
Synthesis current peak Physical Memory [PSS] (MB): peak = 2942.666; parent = 2738.142; children = 204.556
Synthesis current peak Virtual Memory [VSS] (MB): peak = 4577.020; parent = 3600.125; children = 976.895
---------------------------------------------------------------------------------
---------------------------------------------------------------------------------
Start IO Insertion
---------------------------------------------------------------------------------
---------------------------------------------------------------------------------
Start Flattening Before IO Insertion
---------------------------------------------------------------------------------
---------------------------------------------------------------------------------
Finished Flattening Before IO Insertion
---------------------------------------------------------------------------------
---------------------------------------------------------------------------------
Start Final Netlist Cleanup
---------------------------------------------------------------------------------
---------------------------------------------------------------------------------
Finished Final Netlist Cleanup
---------------------------------------------------------------------------------
---------------------------------------------------------------------------------
Finished IO Insertion : Time (s): cpu = 00:00:19 ; elapsed = 00:00:21 . Memory (MB): peak = 3606.059 ; gain = 881.879 ; free physical = 2845 ; free virtual = 40086
Synthesis current peak Physical Memory [PSS] (MB): peak = 2942.877; parent = 2738.353; children = 204.556
Synthesis current peak Virtual Memory [VSS] (MB): peak = 4582.957; parent = 3606.062; children = 976.895
---------------------------------------------------------------------------------
---------------------------------------------------------------------------------
Start Renaming Generated Instances
---------------------------------------------------------------------------------
---------------------------------------------------------------------------------
Finished Renaming Generated Instances : Time (s): cpu = 00:00:19 ; elapsed = 00:00:21 . Memory (MB): peak = 3606.059 ; gain = 881.879 ; free physical = 2845 ; free virtual = 40086
Synthesis current peak Physical Memory [PSS] (MB): peak = 2942.877; parent = 2738.353; children = 204.556
Synthesis current peak Virtual Memory [VSS] (MB): peak = 4582.957; parent = 3606.062; children = 976.895
---------------------------------------------------------------------------------
---------------------------------------------------------------------------------
Start Rebuilding User Hierarchy
---------------------------------------------------------------------------------
---------------------------------------------------------------------------------
Finished Rebuilding User Hierarchy : Time (s): cpu = 00:00:19 ; elapsed = 00:00:21 . Memory (MB): peak = 3606.059 ; gain = 881.879 ; free physical = 2845 ; free virtual = 40086
Synthesis current peak Physical Memory [PSS] (MB): peak = 2942.986; parent = 2738.462; children = 204.556
Synthesis current peak Virtual Memory [VSS] (MB): peak = 4582.957; parent = 3606.062; children = 976.895
---------------------------------------------------------------------------------
---------------------------------------------------------------------------------
Start Renaming Generated Ports
---------------------------------------------------------------------------------
---------------------------------------------------------------------------------
Finished Renaming Generated Ports : Time (s): cpu = 00:00:19 ; elapsed = 00:00:21 . Memory (MB): peak = 3606.059 ; gain = 881.879 ; free physical = 2847 ; free virtual = 40088
Synthesis current peak Physical Memory [PSS] (MB): peak = 2943.049; parent = 2738.524; children = 204.556
Synthesis current peak Virtual Memory [VSS] (MB): peak = 4582.957; parent = 3606.062; children = 976.895
---------------------------------------------------------------------------------
---------------------------------------------------------------------------------
Start Handling Custom Attributes
---------------------------------------------------------------------------------
---------------------------------------------------------------------------------
Finished Handling Custom Attributes : Time (s): cpu = 00:00:19 ; elapsed = 00:00:21 . Memory (MB): peak = 3606.059 ; gain = 881.879 ; free physical = 2846 ; free virtual = 40088
Synthesis current peak Physical Memory [PSS] (MB): peak = 2943.049; parent = 2738.524; children = 204.556
Synthesis current peak Virtual Memory [VSS] (MB): peak = 4582.957; parent = 3606.062; children = 976.895
---------------------------------------------------------------------------------
---------------------------------------------------------------------------------
Start Renaming Generated Nets
---------------------------------------------------------------------------------
---------------------------------------------------------------------------------
Finished Renaming Generated Nets : Time (s): cpu = 00:00:19 ; elapsed = 00:00:21 . Memory (MB): peak = 3606.059 ; gain = 881.879 ; free physical = 2846 ; free virtual = 40088
Synthesis current peak Physical Memory [PSS] (MB): peak = 2943.049; parent = 2738.524; children = 204.556
Synthesis current peak Virtual Memory [VSS] (MB): peak = 4582.957; parent = 3606.062; children = 976.895
---------------------------------------------------------------------------------
---------------------------------------------------------------------------------
Start Writing Synthesis Report
---------------------------------------------------------------------------------

Report BlackBoxes: 
+------+-------------------------------------+----------+
|      |BlackBox name                        |Instances |
+------+-------------------------------------+----------+
|1     |dma_passthrough_axi_dma_0_0          |         1|
|2     |dma_passthrough_axis_passthrough_0_0 |         1|
|3     |dma_passthrough_proc_sys_reset_0_0   |         1|
|4     |dma_passthrough_reset_inverter_0_0   |         1|
|5     |dma_passthrough_smartconnect_0_0     |         1|
|6     |dma_passthrough_smartconnect_1_0     |         1|
|7     |dma_passthrough_zynq_ultra_ps_e_0_0  |         1|
+------+-------------------------------------+----------+

Report Cell Usage: 
+------+-----------------------------------+------+
|      |Cell                               |Count |
+------+-----------------------------------+------+
|1     |dma_passthrough_axi_dma_0          |     1|
|2     |dma_passthrough_axis_passthrough_0 |     1|
|3     |dma_passthrough_proc_sys_reset_0   |     1|
|4     |dma_passthrough_reset_inverter_0   |     1|
|5     |dma_passthrough_smartconnect_0     |     1|
|6     |dma_passthrough_smartconnect_1     |     1|
|7     |dma_passthrough_zynq_ultra_ps_e_0  |     1|
+------+-----------------------------------+------+
---------------------------------------------------------------------------------
Finished Writing Synthesis Report : Time (s): cpu = 00:00:19 ; elapsed = 00:00:21 . Memory (MB): peak = 3606.059 ; gain = 881.879 ; free physical = 2846 ; free virtual = 40088
Synthesis current peak Physical Memory [PSS] (MB): peak = 2943.080; parent = 2738.556; children = 204.556
Synthesis current peak Virtual Memory [VSS] (MB): peak = 4582.957; parent = 3606.062; children = 976.895
---------------------------------------------------------------------------------
Synthesis finished with 0 errors, 0 critical warnings and 1 warnings.
Synthesis Optimization Runtime : Time (s): cpu = 00:00:16 ; elapsed = 00:00:17 . Memory (MB): peak = 3606.059 ; gain = 799.035 ; free physical = 2846 ; free virtual = 40088
Synthesis Optimization Complete : Time (s): cpu = 00:00:19 ; elapsed = 00:00:21 . Memory (MB): peak = 3606.066 ; gain = 881.879 ; free physical = 2846 ; free virtual = 40088
INFO: [Project 1-571] Translating synthesized netlist
Netlist sorting complete. Time (s): cpu = 00:00:00 ; elapsed = 00:00:00 . Memory (MB): peak = 3606.066 ; gain = 0.000 ; free physical = 2846 ; free virtual = 40088
INFO: [Project 1-570] Preparing netlist for logic optimization
INFO: [Opt 31-138] Pushed 0 inverter(s) to 0 load pin(s).
Netlist sorting complete. Time (s): cpu = 00:00:00 ; elapsed = 00:00:00 . Memory (MB): peak = 3642.746 ; gain = 0.000 ; free physical = 2932 ; free virtual = 40175
INFO: [Project 1-111] Unisim Transformation Summary:
No Unisim elements were transformed.

Synth Design complete, checksum: ff8bb0c6
INFO: [Common 17-83] Releasing license: Synthesis
44 Infos, 23 Warnings, 0 Critical Warnings and 0 Errors encountered.
synth_design completed successfully
synth_design: Time (s): cpu = 00:00:25 ; elapsed = 00:00:25 . Memory (MB): peak = 3656.684 ; gain = 1873.012 ; free physical = 3037 ; free virtual = 40280
INFO: [Common 17-1381] The checkpoint '/home/sogang/ppe_fpga_ho/ppe_dma_passthrough/ppe_dma_passthrough.runs/synth_1/dma_passthrough_wrapper.dcp' has been generated.
INFO: [runtcl-4] Executing : report_utilization -file dma_passthrough_wrapper_utilization_synth.rpt -pb dma_passthrough_wrapper_utilization_synth.pb
INFO: [Common 17-206] Exiting Vivado at Fri Jul 31 10:51:41 2026...
[Fri Jul 31 10:52:14 2026] synth_1 finished
get_property STATUS [get_runs synth_1]
synth_design Complete!
get_property PROGRESS [get_runs synth_1]
100%
open_run synth_1
Design is defaulting to impl run constrset: constrs_1
Design is defaulting to synth run part: xck26-sfvc784-2LV-c
INFO: [Device 21-403] Loading part xck26-sfvc784-2LV-c
INFO: [Project 1-454] Reading design checkpoint '/home/sogang/ppe_fpga_ho/ppe_dma_passthrough/ppe_dma_passthrough.gen/sources_1/bd/dma_passthrough/ip/dma_passthrough_axi_dma_0_0/dma_passthrough_axi_dma_0_0.dcp' for cell 'dma_passthrough_i/axi_dma_0'
INFO: [Project 1-454] Reading design checkpoint '/home/sogang/ppe_fpga_ho/ppe_dma_passthrough/ppe_dma_passthrough.gen/sources_1/bd/dma_passthrough/ip/dma_passthrough_axis_passthrough_0_0/dma_passthrough_axis_passthrough_0_0.dcp' for cell 'dma_passthrough_i/axis_passthrough_0'
INFO: [Project 1-454] Reading design checkpoint '/home/sogang/ppe_fpga_ho/ppe_dma_passthrough/ppe_dma_passthrough.gen/sources_1/bd/dma_passthrough/ip/dma_passthrough_proc_sys_reset_0_0/dma_passthrough_proc_sys_reset_0_0.dcp' for cell 'dma_passthrough_i/proc_sys_reset_0'
INFO: [Project 1-454] Reading design checkpoint '/home/sogang/ppe_fpga_ho/ppe_dma_passthrough/ppe_dma_passthrough.gen/sources_1/bd/dma_passthrough/ip/dma_passthrough_reset_inverter_0_0/dma_passthrough_reset_inverter_0_0.dcp' for cell 'dma_passthrough_i/reset_inverter_0'
INFO: [Project 1-454] Reading design checkpoint '/home/sogang/ppe_fpga_ho/ppe_dma_passthrough/ppe_dma_passthrough.gen/sources_1/bd/dma_passthrough/ip/dma_passthrough_smartconnect_0_0/dma_passthrough_smartconnect_0_0.dcp' for cell 'dma_passthrough_i/smartconnect_0'
INFO: [Project 1-454] Reading design checkpoint '/home/sogang/ppe_fpga_ho/ppe_dma_passthrough/ppe_dma_passthrough.gen/sources_1/bd/dma_passthrough/ip/dma_passthrough_smartconnect_1_0/dma_passthrough_smartconnect_1_0.dcp' for cell 'dma_passthrough_i/smartconnect_1'
INFO: [Project 1-454] Reading design checkpoint '/home/sogang/ppe_fpga_ho/ppe_dma_passthrough/ppe_dma_passthrough.gen/sources_1/bd/dma_passthrough/ip/dma_passthrough_zynq_ultra_ps_e_0_0/dma_passthrough_zynq_ultra_ps_e_0_0.dcp' for cell 'dma_passthrough_i/zynq_ultra_ps_e_0'
Netlist sorting complete. Time (s): cpu = 00:00:00.22 ; elapsed = 00:00:00.21 . Memory (MB): peak = 10203.996 ; gain = 0.000 ; free physical = 4619 ; free virtual = 42108
INFO: [Netlist 29-17] Analyzing 94 Unisim elements for replacement
INFO: [Netlist 29-28] Unisim Transformation completed in 0 CPU seconds
INFO: [Project 1-479] Netlist was created with Vivado 2022.2
INFO: [Project 1-570] Preparing netlist for logic optimization
Parsing XDC File [/home/sogang/ppe_fpga_ho/ppe_dma_passthrough/ppe_dma_passthrough.gen/sources_1/bd/dma_passthrough/ip/dma_passthrough_zynq_ultra_ps_e_0_0/dma_passthrough_zynq_ultra_ps_e_0_0.xdc] for cell 'dma_passthrough_i/zynq_ultra_ps_e_0/inst'
Finished Parsing XDC File [/home/sogang/ppe_fpga_ho/ppe_dma_passthrough/ppe_dma_passthrough.gen/sources_1/bd/dma_passthrough/ip/dma_passthrough_zynq_ultra_ps_e_0_0/dma_passthrough_zynq_ultra_ps_e_0_0.xdc] for cell 'dma_passthrough_i/zynq_ultra_ps_e_0/inst'
Parsing XDC File [/home/sogang/ppe_fpga_ho/ppe_dma_passthrough/ppe_dma_passthrough.gen/sources_1/bd/dma_passthrough/ip/dma_passthrough_axi_dma_0_0/dma_passthrough_axi_dma_0_0.xdc] for cell 'dma_passthrough_i/axi_dma_0/U0'
WARNING: [Vivado_Tcl 4-921] Waiver ID 'CDC-1' -to list should not be empty. [/home/sogang/ppe_fpga_ho/ppe_dma_passthrough/ppe_dma_passthrough.gen/sources_1/bd/dma_passthrough/ip/dma_passthrough_axi_dma_0_0/dma_passthrough_axi_dma_0_0.xdc:52]
WARNING: [Vivado_Tcl 4-921] Waiver ID 'CDC-1' -to list should not be empty. [/home/sogang/ppe_fpga_ho/ppe_dma_passthrough/ppe_dma_passthrough.gen/sources_1/bd/dma_passthrough/ip/dma_passthrough_axi_dma_0_0/dma_passthrough_axi_dma_0_0.xdc:56]
WARNING: [Vivado_Tcl 4-919] Waiver ID 'CDC-1' -from list should not be empty. [/home/sogang/ppe_fpga_ho/ppe_dma_passthrough/ppe_dma_passthrough.gen/sources_1/bd/dma_passthrough/ip/dma_passthrough_axi_dma_0_0/dma_passthrough_axi_dma_0_0.xdc:61]
Finished Parsing XDC File [/home/sogang/ppe_fpga_ho/ppe_dma_passthrough/ppe_dma_passthrough.gen/sources_1/bd/dma_passthrough/ip/dma_passthrough_axi_dma_0_0/dma_passthrough_axi_dma_0_0.xdc] for cell 'dma_passthrough_i/axi_dma_0/U0'
Parsing XDC File [/home/sogang/ppe_fpga_ho/ppe_dma_passthrough/ppe_dma_passthrough.gen/sources_1/bd/dma_passthrough/ip/dma_passthrough_proc_sys_reset_0_0/dma_passthrough_proc_sys_reset_0_0_board.xdc] for cell 'dma_passthrough_i/proc_sys_reset_0/U0'
Finished Parsing XDC File [/home/sogang/ppe_fpga_ho/ppe_dma_passthrough/ppe_dma_passthrough.gen/sources_1/bd/dma_passthrough/ip/dma_passthrough_proc_sys_reset_0_0/dma_passthrough_proc_sys_reset_0_0_board.xdc] for cell 'dma_passthrough_i/proc_sys_reset_0/U0'
Parsing XDC File [/home/sogang/ppe_fpga_ho/ppe_dma_passthrough/ppe_dma_passthrough.gen/sources_1/bd/dma_passthrough/ip/dma_passthrough_proc_sys_reset_0_0/dma_passthrough_proc_sys_reset_0_0.xdc] for cell 'dma_passthrough_i/proc_sys_reset_0/U0'
Finished Parsing XDC File [/home/sogang/ppe_fpga_ho/ppe_dma_passthrough/ppe_dma_passthrough.gen/sources_1/bd/dma_passthrough/ip/dma_passthrough_proc_sys_reset_0_0/dma_passthrough_proc_sys_reset_0_0.xdc] for cell 'dma_passthrough_i/proc_sys_reset_0/U0'
Parsing XDC File [/home/sogang/ppe_fpga_ho/ppe_dma_passthrough/ppe_dma_passthrough.gen/sources_1/bd/dma_passthrough/ip/dma_passthrough_smartconnect_0_0/bd_0/ip/ip_1/bd_22eb_psr_aclk_0_board.xdc] for cell 'dma_passthrough_i/smartconnect_0/inst/clk_map/psr_aclk/U0'
Finished Parsing XDC File [/home/sogang/ppe_fpga_ho/ppe_dma_passthrough/ppe_dma_passthrough.gen/sources_1/bd/dma_passthrough/ip/dma_passthrough_smartconnect_0_0/bd_0/ip/ip_1/bd_22eb_psr_aclk_0_board.xdc] for cell 'dma_passthrough_i/smartconnect_0/inst/clk_map/psr_aclk/U0'
Parsing XDC File [/home/sogang/ppe_fpga_ho/ppe_dma_passthrough/ppe_dma_passthrough.gen/sources_1/bd/dma_passthrough/ip/dma_passthrough_smartconnect_0_0/bd_0/ip/ip_1/bd_22eb_psr_aclk_0.xdc] for cell 'dma_passthrough_i/smartconnect_0/inst/clk_map/psr_aclk/U0'
Finished Parsing XDC File [/home/sogang/ppe_fpga_ho/ppe_dma_passthrough/ppe_dma_passthrough.gen/sources_1/bd/dma_passthrough/ip/dma_passthrough_smartconnect_0_0/bd_0/ip/ip_1/bd_22eb_psr_aclk_0.xdc] for cell 'dma_passthrough_i/smartconnect_0/inst/clk_map/psr_aclk/U0'
Parsing XDC File [/home/sogang/ppe_fpga_ho/ppe_dma_passthrough/ppe_dma_passthrough.gen/sources_1/bd/dma_passthrough/ip/dma_passthrough_smartconnect_1_0/bd_0/ip/ip_1/bd_e2ba_psr_aclk_0_board.xdc] for cell 'dma_passthrough_i/smartconnect_1/inst/clk_map/psr_aclk/U0'
Finished Parsing XDC File [/home/sogang/ppe_fpga_ho/ppe_dma_passthrough/ppe_dma_passthrough.gen/sources_1/bd/dma_passthrough/ip/dma_passthrough_smartconnect_1_0/bd_0/ip/ip_1/bd_e2ba_psr_aclk_0_board.xdc] for cell 'dma_passthrough_i/smartconnect_1/inst/clk_map/psr_aclk/U0'
Parsing XDC File [/home/sogang/ppe_fpga_ho/ppe_dma_passthrough/ppe_dma_passthrough.gen/sources_1/bd/dma_passthrough/ip/dma_passthrough_smartconnect_1_0/bd_0/ip/ip_1/bd_e2ba_psr_aclk_0.xdc] for cell 'dma_passthrough_i/smartconnect_1/inst/clk_map/psr_aclk/U0'
Finished Parsing XDC File [/home/sogang/ppe_fpga_ho/ppe_dma_passthrough/ppe_dma_passthrough.gen/sources_1/bd/dma_passthrough/ip/dma_passthrough_smartconnect_1_0/bd_0/ip/ip_1/bd_e2ba_psr_aclk_0.xdc] for cell 'dma_passthrough_i/smartconnect_1/inst/clk_map/psr_aclk/U0'
Parsing XDC File [/home/sogang/ppe_fpga_ho/ppe_dma_passthrough/ppe_dma_passthrough.gen/sources_1/bd/dma_passthrough/ip/dma_passthrough_axi_dma_0_0/dma_passthrough_axi_dma_0_0_clocks.xdc] for cell 'dma_passthrough_i/axi_dma_0/U0'
Finished Parsing XDC File [/home/sogang/ppe_fpga_ho/ppe_dma_passthrough/ppe_dma_passthrough.gen/sources_1/bd/dma_passthrough/ip/dma_passthrough_axi_dma_0_0/dma_passthrough_axi_dma_0_0_clocks.xdc] for cell 'dma_passthrough_i/axi_dma_0/U0'
INFO: [Project 1-1714] 89 XPM XDC files have been applied to the design.
INFO: [Opt 31-138] Pushed 0 inverter(s) to 0 load pin(s).
Netlist sorting complete. Time (s): cpu = 00:00:00 ; elapsed = 00:00:00 . Memory (MB): peak = 10265.023 ; gain = 0.000 ; free physical = 4460 ; free virtual = 41972
INFO: [Project 1-111] Unisim Transformation Summary:
  A total of 76 instances were transformed.
  RAM16X1D => RAM32X1D (RAMD32(x2)): 1 instance 
  RAM32M => RAM32M (RAMD32(x6), RAMS32(x2)): 1 instance 
  RAM32M16 => RAM32M16 (RAMD32(x14), RAMS32(x2)): 74 instances

open_run: Time (s): cpu = 00:00:21 ; elapsed = 00:00:12 . Memory (MB): peak = 10464.414 ; gain = 899.965 ; free physical = 4261 ; free virtual = 41785
design_1
get_cells -hier -filter {IS_BLACKBOX == 1}
WARNING: [Vivado 12-180] No cells matched 'get_cells -hier -filter {IS_BLACKBOX == 1}'.
report_utilization
Copyright 1986-2022 Xilinx, Inc. All Rights Reserved.
------------------------------------------------------------------------------------
| Tool Version : Vivado v.2022.2 (lin64) Build 3671981 Fri Oct 14 04:59:54 MDT 2022
| Date         : Fri Jul 31 10:53:56 2026
| Host         : sogang-500TGA-500SGA running 64-bit Ubuntu 22.04.5 LTS
| Command      : report_utilization
| Design       : dma_passthrough_wrapper
| Device       : xck26-sfvc784-2LV-c
| Speed File   : -2LV
| Design State : Synthesized
------------------------------------------------------------------------------------

Utilization Design Information

Table of Contents
-----------------
1. CLB Logic
1.1 Summary of Registers by Type
2. BLOCKRAM
3. ARITHMETIC
4. I/O
5. CLOCK
6. ADVANCED
7. CONFIGURATION
8. Primitives
9. Black Boxes
10. Instantiated Netlists

1. CLB Logic
------------

+----------------------------+------+-------+------------+-----------+-------+
|          Site Type         | Used | Fixed | Prohibited | Available | Util% |
+----------------------------+------+-------+------------+-----------+-------+
| CLB LUTs*                  | 4791 |     0 |          0 |    117120 |  4.09 |
|   LUT as Logic             | 4007 |     0 |          0 |    117120 |  3.42 |
|   LUT as Memory            |  784 |     0 |          0 |     57600 |  1.36 |
|     LUT as Distributed RAM |  598 |     0 |            |           |       |
|     LUT as Shift Register  |  186 |     0 |            |           |       |
| CLB Registers              | 6993 |     0 |          0 |    234240 |  2.99 |
|   Register as Flip Flop    | 6993 |     0 |          0 |    234240 |  2.99 |
|   Register as Latch        |    0 |     0 |          0 |    234240 |  0.00 |
| CARRY8                     |   18 |     0 |          0 |     14640 |  0.12 |
| F7 Muxes                   |    0 |     0 |          0 |     58560 |  0.00 |
| F8 Muxes                   |    0 |     0 |          0 |     29280 |  0.00 |
| F9 Muxes                   |    0 |     0 |          0 |     14640 |  0.00 |
+----------------------------+------+-------+------------+-----------+-------+
* Warning! The Final LUT count, after physical optimizations and full implementation, is typically lower. Run opt_design after synthesis, if not already completed, for a more realistic count.
Warning! LUT value is adjusted to account for LUT combining.


1.1 Summary of Registers by Type
--------------------------------

+-------+--------------+-------------+--------------+
| Total | Clock Enable | Synchronous | Asynchronous |
+-------+--------------+-------------+--------------+
| 0     |            _ |           - |            - |
| 0     |            _ |           - |          Set |
| 0     |            _ |           - |        Reset |
| 0     |            _ |         Set |            - |
| 0     |            _ |       Reset |            - |
| 0     |          Yes |           - |            - |
| 0     |          Yes |           - |          Set |
| 216   |          Yes |           - |        Reset |
| 254   |          Yes |         Set |            - |
| 6523  |          Yes |       Reset |            - |
+-------+--------------+-------------+--------------+


2. BLOCKRAM
-----------

+-------------------+------+-------+------------+-----------+-------+
|     Site Type     | Used | Fixed | Prohibited | Available | Util% |
+-------------------+------+-------+------------+-----------+-------+
| Block RAM Tile    |    2 |     0 |          0 |       144 |  1.39 |
|   RAMB36/FIFO*    |    2 |     0 |          0 |       144 |  1.39 |
|     RAMB36E2 only |    2 |       |            |           |       |
|   RAMB18          |    0 |     0 |          0 |       288 |  0.00 |
| URAM              |    0 |     0 |          0 |        64 |  0.00 |
+-------------------+------+-------+------------+-----------+-------+
* Note: Each Block RAM Tile only has one FIFO logic available and therefore can accommodate only one FIFO36E2 or one FIFO18E2. However, if a FIFO18E2 occupies a Block RAM Tile, that tile can still accommodate a RAMB18E2


3. ARITHMETIC
-------------

+-----------+------+-------+------------+-----------+-------+
| Site Type | Used | Fixed | Prohibited | Available | Util% |
+-----------+------+-------+------------+-----------+-------+
| DSPs      |    0 |     0 |          0 |      1248 |  0.00 |
+-----------+------+-------+------------+-----------+-------+


4. I/O
------

+------------+------+-------+------------+-----------+-------+
|  Site Type | Used | Fixed | Prohibited | Available | Util% |
+------------+------+-------+------------+-----------+-------+
| Bonded IOB |    0 |     0 |          0 |       189 |  0.00 |
+------------+------+-------+------------+-----------+-------+


5. CLOCK
--------

+----------------------+------+-------+------------+-----------+-------+
|       Site Type      | Used | Fixed | Prohibited | Available | Util% |
+----------------------+------+-------+------------+-----------+-------+
| GLOBAL CLOCK BUFFERs |    1 |     0 |          0 |       352 |  0.28 |
|   BUFGCE             |    0 |     0 |          0 |       112 |  0.00 |
|   BUFGCE_DIV         |    0 |     0 |          0 |        16 |  0.00 |
|   BUFG_GT            |    0 |     0 |          0 |        96 |  0.00 |
|   BUFG_PS            |    1 |     0 |          0 |        96 |  1.04 |
|   BUFGCTRL*          |    0 |     0 |          0 |        32 |  0.00 |
| PLL                  |    0 |     0 |          0 |         8 |  0.00 |
| MMCM                 |    0 |     0 |          0 |         4 |  0.00 |
+----------------------+------+-------+------------+-----------+-------+
* Note: Each used BUFGCTRL counts as two GLOBAL CLOCK BUFFERs. This table does not include global clocking resources, only buffer cell usage. See the Clock Utilization Report (report_clock_utilization) for detailed accounting of global clocking resource availability.


6. ADVANCED
-----------

+-----------------+------+-------+------------+-----------+--------+
|    Site Type    | Used | Fixed | Prohibited | Available |  Util% |
+-----------------+------+-------+------------+-----------+--------+
| GTHE4_CHANNEL   |    0 |     0 |          0 |         4 |   0.00 |
| GTHE4_COMMON    |    0 |     0 |          0 |         1 |   0.00 |
| OBUFDS_GTE4     |    0 |     0 |          0 |         2 |   0.00 |
| OBUFDS_GTE4_ADV |    0 |     0 |          0 |         2 |   0.00 |
| PCIE40E4        |    0 |     0 |          0 |         2 |   0.00 |
| PS8             |    1 |     0 |          0 |         1 | 100.00 |
| SYSMONE4        |    0 |     0 |          0 |         1 |   0.00 |
| VCU             |    0 |     0 |          0 |         1 |   0.00 |
+-----------------+------+-------+------------+-----------+--------+


7. CONFIGURATION
----------------

+-------------+------+-------+------------+-----------+-------+
|  Site Type  | Used | Fixed | Prohibited | Available | Util% |
+-------------+------+-------+------------+-----------+-------+
| BSCANE2     |    0 |     0 |          0 |         4 |  0.00 |
| DNA_PORTE2  |    0 |     0 |          0 |         1 |  0.00 |
| EFUSE_USR   |    0 |     0 |          0 |         1 |  0.00 |
| FRAME_ECCE4 |    0 |     0 |          0 |         1 |  0.00 |
| ICAPE3      |    0 |     0 |          0 |         2 |  0.00 |
| MASTER_JTAG |    0 |     0 |          0 |         1 |  0.00 |
| STARTUPE3   |    0 |     0 |          0 |         1 |  0.00 |
+-------------+------+-------+------------+-----------+-------+


8. Primitives
-------------

+----------+------+---------------------+
| Ref Name | Used | Functional Category |
+----------+------+---------------------+
| FDRE     | 6523 |            Register |
| LUT3     | 1615 |                 CLB |
| RAMD32   | 1044 |                 CLB |
| LUT6     |  944 |                 CLB |
| LUT4     |  718 |                 CLB |
| LUT5     |  684 |                 CLB |
| LUT1     |  636 |                 CLB |
| LUT2     |  590 |                 CLB |
| FDSE     |  254 |            Register |
| FDCE     |  216 |            Register |
| SRL16E   |  186 |                 CLB |
| RAMS32   |  150 |                 CLB |
| CARRY8   |   18 |                 CLB |
| RAMB36E2 |    2 |            BLOCKRAM |
| PS8      |    1 |            Advanced |
| BUFG_PS  |    1 |               Clock |
+----------+------+---------------------+


9. Black Boxes
--------------

+----------+------+
| Ref Name | Used |
+----------+------+


10. Instantiated Netlists
-------------------------

+--------------------------------------+------+
|               Ref Name               | Used |
+--------------------------------------+------+
| dma_passthrough_zynq_ultra_ps_e_0_0  |    1 |
| dma_passthrough_smartconnect_1_0     |    1 |
| dma_passthrough_smartconnect_0_0     |    1 |
| dma_passthrough_reset_inverter_0_0   |    1 |
| dma_passthrough_proc_sys_reset_0_0   |    1 |
| dma_passthrough_axis_passthrough_0_0 |    1 |
| dma_passthrough_axi_dma_0_0          |    1 |
+--------------------------------------+------+


report_timing_summary -max_paths 5
INFO: [Timing 38-35] Done setting XDC timing constraints.
INFO: [Timing 38-91] UpdateTimingParams: Speed grade: -2LV, Temperature grade: C, Delay Type: min_max.
INFO: [Timing 38-191] Multithreading enabled for timing update using a maximum of 8 CPUs
Copyright 1986-2022 Xilinx, Inc. All Rights Reserved.
-----------------------------------------------------------------------------------------
| Tool Version      : Vivado v.2022.2 (lin64) Build 3671981 Fri Oct 14 04:59:54 MDT 2022
| Date              : Fri Jul 31 10:54:24 2026
| Host              : sogang-500TGA-500SGA running 64-bit Ubuntu 22.04.5 LTS
| Command           : report_timing_summary -max_paths 5
| Design            : dma_passthrough_wrapper
| Device            : xck26-sfvc784
| Speed File        : -2LV  PRODUCTION 1.30 05-15-2022
| Temperature Grade : C
-----------------------------------------------------------------------------------------

Timing Summary Report

------------------------------------------------------------------------------------------------
| Timer Settings
| --------------
------------------------------------------------------------------------------------------------

  Enable Multi Corner Analysis               :  Yes
  Enable Pessimism Removal                   :  Yes
  Pessimism Removal Resolution               :  Nearest Common Node
  Enable Input Delay Default Clock           :  No
  Enable Preset / Clear Arcs                 :  No
  Disable Flight Delays                      :  No
  Ignore I/O Paths                           :  No
  Timing Early Launch at Borrowing Latches   :  No
  Borrow Time for Max Delay Exceptions       :  Yes
  Merge Timing Exceptions                    :  Yes

  Corner  Analyze    Analyze    
  Name    Max Paths  Min Paths  
  ------  ---------  ---------  
  Slow    Yes        Yes        
  Fast    Yes        Yes        


------------------------------------------------------------------------------------------------
| Report Methodology
| ------------------
------------------------------------------------------------------------------------------------

No report available as report_methodology has not been run prior. Run report_methodology on the current design for the summary of methodology violations.



check_timing report

Table of Contents
-----------------
1. checking no_clock (8)
2. checking constant_clock (0)
3. checking pulse_width_clock (0)
4. checking unconstrained_internal_endpoints (0)
5. checking no_input_delay (0)
6. checking no_output_delay (0)
7. checking multiple_clock (0)
8. checking generated_clocks (0)
9. checking loops (0)
10. checking partial_input_delay (0)
11. checking partial_output_delay (0)
12. checking latch_loops (0)

1. checking no_clock (8)
------------------------
 There are 8 register/latch pins with no clock (HIGH)


2. checking constant_clock (0)
------------------------------
 There are 0 register/latch pins with constant_clock.


3. checking pulse_width_clock (0)
---------------------------------
 There are 0 register/latch pins which need pulse_width check


4. checking unconstrained_internal_endpoints (0)
------------------------------------------------
 There are 0 pins that are not constrained for maximum delay.

 There are 0 pins that are not constrained for maximum delay due to constant clock.


5. checking no_input_delay (0)
------------------------------
 There are 0 input ports with no input delay specified.

 There are 0 input ports with no input delay but user has a false path constraint.


6. checking no_output_delay (0)
-------------------------------
 There are 0 ports with no output delay specified.

 There are 0 ports with no output delay but user has a false path constraint

 There are 0 ports with no output delay but with a timing clock defined on it or propagating through it


7. checking multiple_clock (0)
------------------------------
 There are 0 register/latch pins with multiple clocks.


8. checking generated_clocks (0)
--------------------------------
 There are 0 generated clocks that are not connected to a clock source.


9. checking loops (0)
---------------------
 There are 0 combinational loops in the design.


10. checking partial_input_delay (0)
------------------------------------
 There are 0 input ports with partial input delay specified.


11. checking partial_output_delay (0)
-------------------------------------
 There are 0 ports with partial output delay specified.


12. checking latch_loops (0)
----------------------------
 There are 0 combinational latch loops in the design through latch input



------------------------------------------------------------------------------------------------
| Design Timing Summary
| ---------------------
------------------------------------------------------------------------------------------------

    WNS(ns)      TNS(ns)  TNS Failing Endpoints  TNS Total Endpoints      WHS(ns)      THS(ns)  THS Failing Endpoints  THS Total Endpoints     WPWS(ns)     TPWS(ns)  TPWS Failing Endpoints  TPWS Total Endpoints  
    -------      -------  ---------------------  -------------------      -------      -------  ---------------------  -------------------     --------     --------  ----------------------  --------------------  
      7.270        0.000                      0                25018       -0.082     -353.106                  10326                25018        3.500        0.000                       0                  8380  


Timing constraints are not met.


------------------------------------------------------------------------------------------------
| Clock Summary
| -------------
------------------------------------------------------------------------------------------------

Clock     Waveform(ns)       Period(ns)      Frequency(MHz)
-----     ------------       ----------      --------------
clk_pl_0  {0.000 5.000}      10.000          100.000         


------------------------------------------------------------------------------------------------
| Intra Clock Table
| -----------------
------------------------------------------------------------------------------------------------

Clock             WNS(ns)      TNS(ns)  TNS Failing Endpoints  TNS Total Endpoints      WHS(ns)      THS(ns)  THS Failing Endpoints  THS Total Endpoints     WPWS(ns)     TPWS(ns)  TPWS Failing Endpoints  TPWS Total Endpoints  
-----             -------      -------  ---------------------  -------------------      -------      -------  ---------------------  -------------------     --------     --------  ----------------------  --------------------  
clk_pl_0            7.270        0.000                      0                25018       -0.082     -353.106                  10326                25018        3.500        0.000                       0                  8380  


------------------------------------------------------------------------------------------------
| Inter Clock Table
| -----------------
------------------------------------------------------------------------------------------------

From Clock    To Clock          WNS(ns)      TNS(ns)  TNS Failing Endpoints  TNS Total Endpoints      WHS(ns)      THS(ns)  THS Failing Endpoints  THS Total Endpoints  
----------    --------          -------      -------  ---------------------  -------------------      -------      -------  ---------------------  -------------------  


------------------------------------------------------------------------------------------------
| Other Path Groups Table
| -----------------------
------------------------------------------------------------------------------------------------

Path Group    From Clock    To Clock          WNS(ns)      TNS(ns)  TNS Failing Endpoints  TNS Total Endpoints      WHS(ns)      THS(ns)  THS Failing Endpoints  THS Total Endpoints  
----------    ----------    --------          -------      -------  ---------------------  -------------------      -------      -------  ---------------------  -------------------  


------------------------------------------------------------------------------------------------
| Timing Details
| --------------
------------------------------------------------------------------------------------------------


---------------------------------------------------------------------------------------------------
From Clock:  clk_pl_0
  To Clock:  clk_pl_0

Setup :            0  Failing Endpoints,  Worst Slack        7.270ns,  Total Violation        0.000ns
Hold  :        10326  Failing Endpoints,  Worst Slack       -0.082ns,  Total Violation     -353.106ns
PW    :            0  Failing Endpoints,  Worst Slack        3.500ns,  Total Violation        0.000ns
---------------------------------------------------------------------------------------------------


Max Delay Paths
--------------------------------------------------------------------------------------
Slack (MET) :             7.270ns  (required time - arrival time)
  Source:                 dma_passthrough_i/axi_dma_0/U0/I_PRMRY_DATAMOVER/GEN_S2MM_FULL.I_S2MM_FULL_WRAPPER/GEN_INCLUDE_REALIGNER.I_S2MM_REALIGNER/GEN_INCLUDE_SCATTER.I_S2MM_SCATTER/sig_max_first_increment_reg[0]/C
                            (rising edge-triggered cell FDRE clocked by clk_pl_0  {rise@0.000ns fall@5.000ns period=10.000ns})
  Destination:            dma_passthrough_i/axi_dma_0/U0/I_PRMRY_DATAMOVER/GEN_S2MM_FULL.I_S2MM_FULL_WRAPPER/GEN_INCLUDE_REALIGNER.I_S2MM_REALIGNER/GEN_INCLUDE_SCATTER.I_S2MM_SCATTER/sig_btt_eq_0_reg/D
                            (rising edge-triggered cell FDRE clocked by clk_pl_0  {rise@0.000ns fall@5.000ns period=10.000ns})
  Path Group:             clk_pl_0
  Path Type:              Setup (Max at Slow Process Corner)
  Requirement:            10.000ns  (clk_pl_0 rise@10.000ns - clk_pl_0 rise@0.000ns)
  Data Path Delay:        2.499ns  (logic 1.285ns (51.421%)  route 1.214ns (48.579%))
  Logic Levels:           8  (CARRY8=3 LUT4=3 LUT6=2)
  Clock Path Skew:        -0.145ns (DCD - SCD + CPR)
    Destination Clock Delay (DCD):    2.655ns = ( 12.655 - 10.000 ) 
    Source Clock Delay      (SCD):    2.851ns
    Clock Pessimism Removal (CPR):    0.051ns
  Clock Uncertainty:      0.130ns  ((TSJ^2 + DJ^2)^1/2) / 2 + PE
    Total System Jitter     (TSJ):    0.071ns
    Discrete Jitter          (DJ):    0.250ns
    Phase Error              (PE):    0.000ns

    Location             Delay type                Incr(ns)  Path(ns)    Netlist Resource(s)
  -------------------------------------------------------------------    -------------------
                         (clock clk_pl_0 rise edge)
                                                      0.000     0.000 r  
                         PS8                          0.000     0.000 r  dma_passthrough_i/zynq_ultra_ps_e_0/inst/PS8_i/PLCLK[0]
                         net (fo=1, unplaced)         0.229     0.229    dma_passthrough_i/zynq_ultra_ps_e_0/inst/pl_clk_unbuffered[0]
                         BUFG_PS (Prop_BUFG_PS_I_O)
                                                      0.038     0.267 r  dma_passthrough_i/zynq_ultra_ps_e_0/inst/buffer_pl_clk_0.PL_CLK_0_BUFG/O
                         net (fo=8380, unplaced)      2.584     2.851    dma_passthrough_i/axi_dma_0/U0/I_PRMRY_DATAMOVER/GEN_S2MM_FULL.I_S2MM_FULL_WRAPPER/GEN_INCLUDE_REALIGNER.I_S2MM_REALIGNER/GEN_INCLUDE_SCATTER.I_S2MM_SCATTER/m_axi_s2mm_aclk
                         FDRE                                         r  dma_passthrough_i/axi_dma_0/U0/I_PRMRY_DATAMOVER/GEN_S2MM_FULL.I_S2MM_FULL_WRAPPER/GEN_INCLUDE_REALIGNER.I_S2MM_REALIGNER/GEN_INCLUDE_SCATTER.I_S2MM_SCATTER/sig_max_first_increment_reg[0]/C
  -------------------------------------------------------------------    -------------------
                         FDRE (Prop_FDRE_C_Q)         0.114     2.965 r  dma_passthrough_i/axi_dma_0/U0/I_PRMRY_DATAMOVER/GEN_S2MM_FULL.I_S2MM_FULL_WRAPPER/GEN_INCLUDE_REALIGNER.I_S2MM_REALIGNER/GEN_INCLUDE_SCATTER.I_S2MM_SCATTER/sig_max_first_increment_reg[0]/Q
                         net (fo=3, unplaced)         0.113     3.078    dma_passthrough_i/axi_dma_0/U0/I_PRMRY_DATAMOVER/GEN_S2MM_FULL.I_S2MM_FULL_WRAPPER/GEN_INCLUDE_REALIGNER.I_S2MM_REALIGNER/GEN_INCLUDE_SCATTER.I_S2MM_SCATTER/SLICE_INSERTION/Q[0]
                         LUT4 (Prop_LUT4_I0_O)        0.192     3.270 r  dma_passthrough_i/axi_dma_0/U0/I_PRMRY_DATAMOVER/GEN_S2MM_FULL.I_S2MM_FULL_WRAPPER/GEN_INCLUDE_REALIGNER.I_S2MM_REALIGNER/GEN_INCLUDE_SCATTER.I_S2MM_SCATTER/SLICE_INSERTION/sig_btt_lteq_max_first_incr0_carry_i_2/O
                         net (fo=1, unplaced)         0.227     3.497    dma_passthrough_i/axi_dma_0/U0/I_PRMRY_DATAMOVER/GEN_S2MM_FULL.I_S2MM_FULL_WRAPPER/GEN_INCLUDE_REALIGNER.I_S2MM_REALIGNER/GEN_INCLUDE_SCATTER.I_S2MM_SCATTER/SLICE_INSERTION_n_12
                         CARRY8 (Prop_CARRY8_DI[0]_CO[6])
                                                      0.263     3.760 r  dma_passthrough_i/axi_dma_0/U0/I_PRMRY_DATAMOVER/GEN_S2MM_FULL.I_S2MM_FULL_WRAPPER/GEN_INCLUDE_REALIGNER.I_S2MM_REALIGNER/GEN_INCLUDE_SCATTER.I_S2MM_SCATTER/sig_btt_lteq_max_first_incr0_carry/CO[6]
                         net (fo=20, unplaced)        0.200     3.960    dma_passthrough_i/axi_dma_0/U0/I_PRMRY_DATAMOVER/GEN_S2MM_FULL.I_S2MM_FULL_WRAPPER/GEN_INCLUDE_REALIGNER.I_S2MM_REALIGNER/GEN_INCLUDE_SCATTER.I_S2MM_SCATTER/sig_btt_lteq_max_first_incr
                         LUT4 (Prop_LUT4_I1_O)        0.058     4.018 r  dma_passthrough_i/axi_dma_0/U0/I_PRMRY_DATAMOVER/GEN_S2MM_FULL.I_S2MM_FULL_WRAPPER/GEN_INCLUDE_REALIGNER.I_S2MM_REALIGNER/GEN_INCLUDE_SCATTER.I_S2MM_SCATTER/sig_btt_cntr_prv0_carry_i_8/O
                         net (fo=1, unplaced)         0.022     4.040    dma_passthrough_i/axi_dma_0/U0/I_PRMRY_DATAMOVER/GEN_S2MM_FULL.I_S2MM_FULL_WRAPPER/GEN_INCLUDE_REALIGNER.I_S2MM_REALIGNER/GEN_INCLUDE_SCATTER.I_S2MM_SCATTER/sig_btt_cntr_prv0_carry_i_8_n_0
                         CARRY8 (Prop_CARRY8_S[0]_CO[7])
                                                      0.286     4.326 r  dma_passthrough_i/axi_dma_0/U0/I_PRMRY_DATAMOVER/GEN_S2MM_FULL.I_S2MM_FULL_WRAPPER/GEN_INCLUDE_REALIGNER.I_S2MM_REALIGNER/GEN_INCLUDE_SCATTER.I_S2MM_SCATTER/sig_btt_cntr_prv0_carry/CO[7]
                         net (fo=1, unplaced)         0.006     4.332    dma_passthrough_i/axi_dma_0/U0/I_PRMRY_DATAMOVER/GEN_S2MM_FULL.I_S2MM_FULL_WRAPPER/GEN_INCLUDE_REALIGNER.I_S2MM_REALIGNER/GEN_INCLUDE_SCATTER.I_S2MM_SCATTER/sig_btt_cntr_prv0_carry_n_0
                         CARRY8 (Prop_CARRY8_CI_O[4])
                                                      0.119     4.451 f  dma_passthrough_i/axi_dma_0/U0/I_PRMRY_DATAMOVER/GEN_S2MM_FULL.I_S2MM_FULL_WRAPPER/GEN_INCLUDE_REALIGNER.I_S2MM_REALIGNER/GEN_INCLUDE_SCATTER.I_S2MM_SCATTER/sig_btt_cntr_prv0_carry__0/O[4]
                         net (fo=1, unplaced)         0.209     4.660    dma_passthrough_i/axi_dma_0/U0/I_PRMRY_DATAMOVER/GEN_S2MM_FULL.I_S2MM_FULL_WRAPPER/GEN_INCLUDE_REALIGNER.I_S2MM_REALIGNER/GEN_INCLUDE_SCATTER.I_S2MM_SCATTER/sig_btt_cntr_prv0[12]
                         LUT4 (Prop_LUT4_I3_O)        0.058     4.718 f  dma_passthrough_i/axi_dma_0/U0/I_PRMRY_DATAMOVER/GEN_S2MM_FULL.I_S2MM_FULL_WRAPPER/GEN_INCLUDE_REALIGNER.I_S2MM_REALIGNER/GEN_INCLUDE_SCATTER.I_S2MM_SCATTER/sig_btt_cntr[12]_i_1/O
                         net (fo=3, unplaced)         0.217     4.935    dma_passthrough_i/axi_dma_0/U0/I_PRMRY_DATAMOVER/GEN_S2MM_FULL.I_S2MM_FULL_WRAPPER/GEN_INCLUDE_REALIGNER.I_S2MM_REALIGNER/GEN_INCLUDE_SCATTER.I_S2MM_SCATTER/sel0[12]
                         LUT6 (Prop_LUT6_I0_O)        0.058     4.993 f  dma_passthrough_i/axi_dma_0/U0/I_PRMRY_DATAMOVER/GEN_S2MM_FULL.I_S2MM_FULL_WRAPPER/GEN_INCLUDE_REALIGNER.I_S2MM_REALIGNER/GEN_INCLUDE_SCATTER.I_S2MM_SCATTER/sig_btt_eq_0_i_2/O
                         net (fo=1, unplaced)         0.153     5.146    dma_passthrough_i/axi_dma_0/U0/I_PRMRY_DATAMOVER/GEN_S2MM_FULL.I_S2MM_FULL_WRAPPER/GEN_INCLUDE_REALIGNER.I_S2MM_REALIGNER/GEN_INCLUDE_SCATTER.I_S2MM_SCATTER/I_MSSAI_SKID_BUF/sig_btt_eq_0_reg_1
                         LUT6 (Prop_LUT6_I2_O)        0.137     5.283 r  dma_passthrough_i/axi_dma_0/U0/I_PRMRY_DATAMOVER/GEN_S2MM_FULL.I_S2MM_FULL_WRAPPER/GEN_INCLUDE_REALIGNER.I_S2MM_REALIGNER/GEN_INCLUDE_SCATTER.I_S2MM_SCATTER/I_MSSAI_SKID_BUF/sig_btt_eq_0_i_1/O
                         net (fo=1, unplaced)         0.067     5.350    dma_passthrough_i/axi_dma_0/U0/I_PRMRY_DATAMOVER/GEN_S2MM_FULL.I_S2MM_FULL_WRAPPER/GEN_INCLUDE_REALIGNER.I_S2MM_REALIGNER/GEN_INCLUDE_SCATTER.I_S2MM_SCATTER/I_MSSAI_SKID_BUF_n_6
                         FDRE                                         r  dma_passthrough_i/axi_dma_0/U0/I_PRMRY_DATAMOVER/GEN_S2MM_FULL.I_S2MM_FULL_WRAPPER/GEN_INCLUDE_REALIGNER.I_S2MM_REALIGNER/GEN_INCLUDE_SCATTER.I_S2MM_SCATTER/sig_btt_eq_0_reg/D
  -------------------------------------------------------------------    -------------------

                         (clock clk_pl_0 rise edge)
                                                     10.000    10.000 r  
                         PS8                          0.000    10.000 r  dma_passthrough_i/zynq_ultra_ps_e_0/inst/PS8_i/PLCLK[0]
                         net (fo=1, unplaced)         0.181    10.181    dma_passthrough_i/zynq_ultra_ps_e_0/inst/pl_clk_unbuffered[0]
                         BUFG_PS (Prop_BUFG_PS_I_O)
                                                      0.035    10.216 r  dma_passthrough_i/zynq_ultra_ps_e_0/inst/buffer_pl_clk_0.PL_CLK_0_BUFG/O
                         net (fo=8380, unplaced)      2.439    12.655    dma_passthrough_i/axi_dma_0/U0/I_PRMRY_DATAMOVER/GEN_S2MM_FULL.I_S2MM_FULL_WRAPPER/GEN_INCLUDE_REALIGNER.I_S2MM_REALIGNER/GEN_INCLUDE_SCATTER.I_S2MM_SCATTER/m_axi_s2mm_aclk
                         FDRE                                         r  dma_passthrough_i/axi_dma_0/U0/I_PRMRY_DATAMOVER/GEN_S2MM_FULL.I_S2MM_FULL_WRAPPER/GEN_INCLUDE_REALIGNER.I_S2MM_REALIGNER/GEN_INCLUDE_SCATTER.I_S2MM_SCATTER/sig_btt_eq_0_reg/C
                         clock pessimism              0.051    12.706    
                         clock uncertainty           -0.130    12.576    
                         FDRE (Setup_FDRE_C_D)        0.044    12.620    dma_passthrough_i/axi_dma_0/U0/I_PRMRY_DATAMOVER/GEN_S2MM_FULL.I_S2MM_FULL_WRAPPER/GEN_INCLUDE_REALIGNER.I_S2MM_REALIGNER/GEN_INCLUDE_SCATTER.I_S2MM_SCATTER/sig_btt_eq_0_reg
  -------------------------------------------------------------------
                         required time                         12.620    
                         arrival time                          -5.350    
  -------------------------------------------------------------------
                         slack                                  7.270    

Slack (MET) :             7.371ns  (required time - arrival time)
  Source:                 dma_passthrough_i/smartconnect_0/inst/s00_entry_pipeline/s00_si_converter/inst/gen_axilite_conv.axilite_conv_inst/r_beats_reg[4]/C
                            (rising edge-triggered cell FDRE clocked by clk_pl_0  {rise@0.000ns fall@5.000ns period=10.000ns})
  Destination:            dma_passthrough_i/zynq_ultra_ps_e_0/inst/PS8_i/MAXIGP0RLAST
                            (rising edge-triggered cell PS8 clocked by clk_pl_0  {rise@0.000ns fall@5.000ns period=10.000ns})
  Path Group:             clk_pl_0
  Path Type:              Setup (Max at Slow Process Corner)
  Requirement:            10.000ns  (clk_pl_0 rise@10.000ns - clk_pl_0 rise@0.000ns)
  Data Path Delay:        1.609ns  (logic 0.547ns (33.996%)  route 1.062ns (66.004%))
  Logic Levels:           4  (LUT1=1 LUT3=2 LUT6=1)
  Clock Path Skew:        -0.145ns (DCD - SCD + CPR)
    Destination Clock Delay (DCD):    2.655ns = ( 12.655 - 10.000 ) 
    Source Clock Delay      (SCD):    2.851ns
    Clock Pessimism Removal (CPR):    0.051ns
  Clock Uncertainty:      0.130ns  ((TSJ^2 + DJ^2)^1/2) / 2 + PE
    Total System Jitter     (TSJ):    0.071ns
    Discrete Jitter          (DJ):    0.250ns
    Phase Error              (PE):    0.000ns

    Location             Delay type                Incr(ns)  Path(ns)    Netlist Resource(s)
  -------------------------------------------------------------------    -------------------
                         (clock clk_pl_0 rise edge)
                                                      0.000     0.000 r  
                         PS8                          0.000     0.000 r  dma_passthrough_i/zynq_ultra_ps_e_0/inst/PS8_i/PLCLK[0]
                         net (fo=1, unplaced)         0.229     0.229    dma_passthrough_i/zynq_ultra_ps_e_0/inst/pl_clk_unbuffered[0]
                         BUFG_PS (Prop_BUFG_PS_I_O)
                                                      0.038     0.267 r  dma_passthrough_i/zynq_ultra_ps_e_0/inst/buffer_pl_clk_0.PL_CLK_0_BUFG/O
                         net (fo=8380, unplaced)      2.584     2.851    dma_passthrough_i/smartconnect_0/inst/s00_entry_pipeline/s00_si_converter/inst/gen_axilite_conv.axilite_conv_inst/aclk
                         FDRE                                         r  dma_passthrough_i/smartconnect_0/inst/s00_entry_pipeline/s00_si_converter/inst/gen_axilite_conv.axilite_conv_inst/r_beats_reg[4]/C
  -------------------------------------------------------------------    -------------------
                         FDRE (Prop_FDRE_C_Q)         0.114     2.965 f  dma_passthrough_i/smartconnect_0/inst/s00_entry_pipeline/s00_si_converter/inst/gen_axilite_conv.axilite_conv_inst/r_beats_reg[4]/Q
                         net (fo=3, unplaced)         0.180     3.145    dma_passthrough_i/smartconnect_0/inst/s00_entry_pipeline/s00_si_converter/inst/gen_axilite_conv.axilite_conv_inst/r_beats_reg_n_0_[4]
                         LUT6 (Prop_LUT6_I0_O)        0.225     3.370 f  dma_passthrough_i/smartconnect_0/inst/s00_entry_pipeline/s00_si_converter/inst/gen_axilite_conv.axilite_conv_inst/s_axi_rlast_INST_0_i_2/O
                         net (fo=4, unplaced)         0.223     3.593    dma_passthrough_i/smartconnect_0/inst/s00_entry_pipeline/s00_si_converter/inst/gen_axilite_conv.axilite_conv_inst/s_axi_rlast_INST_0_i_2_n_0
                         LUT3 (Prop_LUT3_I1_O)        0.092     3.685 f  dma_passthrough_i/smartconnect_0/inst/s00_entry_pipeline/s00_si_converter/inst/gen_axilite_conv.axilite_conv_inst/s_axi_rlast_INST_0_i_1/O
                         net (fo=8, unplaced)         0.239     3.924    dma_passthrough_i/smartconnect_0/inst/s00_entry_pipeline/s00_si_converter/inst/gen_axilite_conv.axilite_conv_inst/s_axi_rlast_INST_0_i_1_n_0
                         LUT1 (Prop_LUT1_I0_O)        0.058     3.982 r  dma_passthrough_i/smartconnect_0/inst/s00_entry_pipeline/s00_si_converter/inst/gen_axilite_conv.axilite_conv_inst/s_axi_rlast_INST_0/O
                         net (fo=3, unplaced)         0.217     4.199    dma_passthrough_i/smartconnect_0/inst/s00_entry_pipeline/s00_mmu/inst/gen_endpoint.decerr_slave_inst/m_axi_rlast
                         LUT3 (Prop_LUT3_I2_O)        0.058     4.257 r  dma_passthrough_i/smartconnect_0/inst/s00_entry_pipeline/s00_mmu/inst/gen_endpoint.decerr_slave_inst/s_axi_rlast_INST_0/O
                         net (fo=1, unplaced)         0.203     4.460    dma_passthrough_i/zynq_ultra_ps_e_0/inst/maxigp0_rlast
                         PS8                                          r  dma_passthrough_i/zynq_ultra_ps_e_0/inst/PS8_i/MAXIGP0RLAST
  -------------------------------------------------------------------    -------------------

                         (clock clk_pl_0 rise edge)
                                                     10.000    10.000 r  
                         PS8                          0.000    10.000 r  dma_passthrough_i/zynq_ultra_ps_e_0/inst/PS8_i/PLCLK[0]
                         net (fo=1, unplaced)         0.181    10.181    dma_passthrough_i/zynq_ultra_ps_e_0/inst/pl_clk_unbuffered[0]
                         BUFG_PS (Prop_BUFG_PS_I_O)
                                                      0.035    10.216 r  dma_passthrough_i/zynq_ultra_ps_e_0/inst/buffer_pl_clk_0.PL_CLK_0_BUFG/O
                         net (fo=8380, unplaced)      2.439    12.655    dma_passthrough_i/zynq_ultra_ps_e_0/inst/maxihpm0_fpd_aclk
                         PS8                                          r  dma_passthrough_i/zynq_ultra_ps_e_0/inst/PS8_i/MAXIGP0ACLK
                         clock pessimism              0.051    12.706    
                         clock uncertainty           -0.130    12.576    
                         PS8 (Setup_PS8_MAXIGP0ACLK_MAXIGP0RLAST)
                                                     -0.745    11.831    dma_passthrough_i/zynq_ultra_ps_e_0/inst/PS8_i
  -------------------------------------------------------------------
                         required time                         11.831    
                         arrival time                          -4.460    
  -------------------------------------------------------------------
                         slack                                  7.371    

Slack (MET) :             7.419ns  (required time - arrival time)
  Source:                 dma_passthrough_i/axi_dma_0/U0/I_PRMRY_DATAMOVER/GEN_S2MM_FULL.I_S2MM_FULL_WRAPPER/GEN_INCLUDE_REALIGNER.I_S2MM_REALIGNER/GEN_INCLUDE_SCATTER.I_S2MM_SCATTER/I_TSTRB_FIFO/USE_SRL_FIFO.I_SYNC_FIFO/I_SRL_FIFO_RBU_F/DYNSHREG_F_I/INFERRED_GEN.data_reg[15][4]_srl16/CLK
                            (rising edge-triggered cell SRL16E clocked by clk_pl_0  {rise@0.000ns fall@5.000ns period=10.000ns})
  Destination:            dma_passthrough_i/axi_dma_0/U0/I_PRMRY_DATAMOVER/GEN_S2MM_FULL.I_S2MM_FULL_WRAPPER/GEN_ENABLE_INDET_BTT_SF.I_INDET_BTT/sig_burst_dbeat_cntr_reg[0]/R
                            (rising edge-triggered cell FDRE clocked by clk_pl_0  {rise@0.000ns fall@5.000ns period=10.000ns})
  Path Group:             clk_pl_0
  Path Type:              Setup (Max at Slow Process Corner)
  Requirement:            10.000ns  (clk_pl_0 rise@10.000ns - clk_pl_0 rise@0.000ns)
  Data Path Delay:        2.188ns  (logic 0.964ns (44.059%)  route 1.224ns (55.941%))
  Logic Levels:           5  (LUT2=1 LUT3=1 LUT5=1 LUT6=2)
  Clock Path Skew:        -0.145ns (DCD - SCD + CPR)
    Destination Clock Delay (DCD):    2.655ns = ( 12.655 - 10.000 ) 
    Source Clock Delay      (SCD):    2.851ns
    Clock Pessimism Removal (CPR):    0.051ns
  Clock Uncertainty:      0.130ns  ((TSJ^2 + DJ^2)^1/2) / 2 + PE
    Total System Jitter     (TSJ):    0.071ns
    Discrete Jitter          (DJ):    0.250ns
    Phase Error              (PE):    0.000ns

    Location             Delay type                Incr(ns)  Path(ns)    Netlist Resource(s)
  -------------------------------------------------------------------    -------------------
                         (clock clk_pl_0 rise edge)
                                                      0.000     0.000 r  
                         PS8                          0.000     0.000 r  dma_passthrough_i/zynq_ultra_ps_e_0/inst/PS8_i/PLCLK[0]
                         net (fo=1, unplaced)         0.229     0.229    dma_passthrough_i/zynq_ultra_ps_e_0/inst/pl_clk_unbuffered[0]
                         BUFG_PS (Prop_BUFG_PS_I_O)
                                                      0.038     0.267 r  dma_passthrough_i/zynq_ultra_ps_e_0/inst/buffer_pl_clk_0.PL_CLK_0_BUFG/O
                         net (fo=8380, unplaced)      2.584     2.851    dma_passthrough_i/axi_dma_0/U0/I_PRMRY_DATAMOVER/GEN_S2MM_FULL.I_S2MM_FULL_WRAPPER/GEN_INCLUDE_REALIGNER.I_S2MM_REALIGNER/GEN_INCLUDE_SCATTER.I_S2MM_SCATTER/I_TSTRB_FIFO/USE_SRL_FIFO.I_SYNC_FIFO/I_SRL_FIFO_RBU_F/DYNSHREG_F_I/m_axi_s2mm_aclk
                         SRL16E                                       r  dma_passthrough_i/axi_dma_0/U0/I_PRMRY_DATAMOVER/GEN_S2MM_FULL.I_S2MM_FULL_WRAPPER/GEN_INCLUDE_REALIGNER.I_S2MM_REALIGNER/GEN_INCLUDE_SCATTER.I_S2MM_SCATTER/I_TSTRB_FIFO/USE_SRL_FIFO.I_SYNC_FIFO/I_SRL_FIFO_RBU_F/DYNSHREG_F_I/INFERRED_GEN.data_reg[15][4]_srl16/CLK
  -------------------------------------------------------------------    -------------------
                         SRL16E (Prop_SRL16E_CLK_Q)
                                                      0.544     3.395 r  dma_passthrough_i/axi_dma_0/U0/I_PRMRY_DATAMOVER/GEN_S2MM_FULL.I_S2MM_FULL_WRAPPER/GEN_INCLUDE_REALIGNER.I_S2MM_REALIGNER/GEN_INCLUDE_SCATTER.I_S2MM_SCATTER/I_TSTRB_FIFO/USE_SRL_FIFO.I_SYNC_FIFO/I_SRL_FIFO_RBU_F/DYNSHREG_F_I/INFERRED_GEN.data_reg[15][4]_srl16/Q
                         net (fo=1, unplaced)         0.111     3.506    dma_passthrough_i/axi_dma_0/U0/I_PRMRY_DATAMOVER/GEN_S2MM_FULL.I_S2MM_FULL_WRAPPER/GEN_INCLUDE_REALIGNER.I_S2MM_REALIGNER/GEN_INCLUDE_SCATTER.I_S2MM_SCATTER/I_MSSAI_SKID_BUF/gen_wr_a.gen_word_narrow.mem_reg[4]
                         LUT6 (Prop_LUT6_I1_O)        0.188     3.694 r  dma_passthrough_i/axi_dma_0/U0/I_PRMRY_DATAMOVER/GEN_S2MM_FULL.I_S2MM_FULL_WRAPPER/GEN_INCLUDE_REALIGNER.I_S2MM_REALIGNER/GEN_INCLUDE_SCATTER.I_S2MM_SCATTER/I_MSSAI_SKID_BUF/xpm_fifo_instance.xpm_fifo_sync_inst_i_10__0/O
                         net (fo=3, unplaced)         0.217     3.911    dma_passthrough_i/axi_dma_0/U0/I_PRMRY_DATAMOVER/GEN_S2MM_FULL.I_S2MM_FULL_WRAPPER/GEN_INCLUDE_REALIGNER.I_S2MM_REALIGNER/GEN_INCLUDE_SCATTER.I_S2MM_SCATTER/I_MSSAI_SKID_BUF/xpm_fifo_instance.xpm_fifo_sync_inst_i_10__0_n_0
                         LUT3 (Prop_LUT3_I0_O)        0.058     3.969 r  dma_passthrough_i/axi_dma_0/U0/I_PRMRY_DATAMOVER/GEN_S2MM_FULL.I_S2MM_FULL_WRAPPER/GEN_INCLUDE_REALIGNER.I_S2MM_REALIGNER/GEN_INCLUDE_SCATTER.I_S2MM_SCATTER/I_MSSAI_SKID_BUF/xpm_fifo_instance.xpm_fifo_sync_inst_i_2__0/O
                         net (fo=7, unplaced)         0.236     4.205    dma_passthrough_i/axi_dma_0/U0/I_PRMRY_DATAMOVER/GEN_S2MM_FULL.I_S2MM_FULL_WRAPPER/GEN_INCLUDE_REALIGNER.I_S2MM_REALIGNER/GEN_INCLUDE_SCATTER.I_S2MM_SCATTER/I_MSSAI_SKID_BUF/INFERRED_GEN.cnt_i_reg[4]
                         LUT5 (Prop_LUT5_I0_O)        0.058     4.263 r  dma_passthrough_i/axi_dma_0/U0/I_PRMRY_DATAMOVER/GEN_S2MM_FULL.I_S2MM_FULL_WRAPPER/GEN_INCLUDE_REALIGNER.I_S2MM_REALIGNER/GEN_INCLUDE_SCATTER.I_S2MM_SCATTER/I_MSSAI_SKID_BUF/xpm_fifo_instance.xpm_fifo_sync_inst_i_3__0/O
                         net (fo=3, unplaced)         0.217     4.480    dma_passthrough_i/axi_dma_0/U0/I_PRMRY_DATAMOVER/GEN_S2MM_FULL.I_S2MM_FULL_WRAPPER/GEN_ENABLE_INDET_BTT_SF.I_INDET_BTT/I_XD_FIFO/NON_BLK_MEM.I_SYNC_FIFOGEN_FIFO/sig_clr_dbc_reg_reg_0[0]
                         LUT6 (Prop_LUT6_I4_O)        0.058     4.538 r  dma_passthrough_i/axi_dma_0/U0/I_PRMRY_DATAMOVER/GEN_S2MM_FULL.I_S2MM_FULL_WRAPPER/GEN_ENABLE_INDET_BTT_SF.I_INDET_BTT/I_XD_FIFO/NON_BLK_MEM.I_SYNC_FIFOGEN_FIFO/sig_clr_dbc_reg_i_1/O
                         net (fo=2, unplaced)         0.211     4.749    dma_passthrough_i/axi_dma_0/U0/I_PRMRY_DATAMOVER/GEN_S2MM_FULL.I_S2MM_FULL_WRAPPER/GEN_ENABLE_INDET_BTT_SF.I_INDET_BTT/I_XD_FIFO/NON_BLK_MEM.I_SYNC_FIFOGEN_FIFO/sig_clr_dbeat_cntr0_out
                         LUT2 (Prop_LUT2_I0_O)        0.058     4.807 r  dma_passthrough_i/axi_dma_0/U0/I_PRMRY_DATAMOVER/GEN_S2MM_FULL.I_S2MM_FULL_WRAPPER/GEN_ENABLE_INDET_BTT_SF.I_INDET_BTT/I_XD_FIFO/NON_BLK_MEM.I_SYNC_FIFOGEN_FIFO/sig_burst_dbeat_cntr[3]_i_1/O
                         net (fo=4, unplaced)         0.232     5.039    dma_passthrough_i/axi_dma_0/U0/I_PRMRY_DATAMOVER/GEN_S2MM_FULL.I_S2MM_FULL_WRAPPER/GEN_ENABLE_INDET_BTT_SF.I_INDET_BTT/I_XD_FIFO_n_34
                         FDRE                                         r  dma_passthrough_i/axi_dma_0/U0/I_PRMRY_DATAMOVER/GEN_S2MM_FULL.I_S2MM_FULL_WRAPPER/GEN_ENABLE_INDET_BTT_SF.I_INDET_BTT/sig_burst_dbeat_cntr_reg[0]/R
  -------------------------------------------------------------------    -------------------

                         (clock clk_pl_0 rise edge)
                                                     10.000    10.000 r  
                         PS8                          0.000    10.000 r  dma_passthrough_i/zynq_ultra_ps_e_0/inst/PS8_i/PLCLK[0]
                         net (fo=1, unplaced)         0.181    10.181    dma_passthrough_i/zynq_ultra_ps_e_0/inst/pl_clk_unbuffered[0]
                         BUFG_PS (Prop_BUFG_PS_I_O)
                                                      0.035    10.216 r  dma_passthrough_i/zynq_ultra_ps_e_0/inst/buffer_pl_clk_0.PL_CLK_0_BUFG/O
                         net (fo=8380, unplaced)      2.439    12.655    dma_passthrough_i/axi_dma_0/U0/I_PRMRY_DATAMOVER/GEN_S2MM_FULL.I_S2MM_FULL_WRAPPER/GEN_ENABLE_INDET_BTT_SF.I_INDET_BTT/m_axi_s2mm_aclk
                         FDRE                                         r  dma_passthrough_i/axi_dma_0/U0/I_PRMRY_DATAMOVER/GEN_S2MM_FULL.I_S2MM_FULL_WRAPPER/GEN_ENABLE_INDET_BTT_SF.I_INDET_BTT/sig_burst_dbeat_cntr_reg[0]/C
                         clock pessimism              0.051    12.706    
                         clock uncertainty           -0.130    12.576    
                         FDRE (Setup_FDRE_C_R)       -0.118    12.458    dma_passthrough_i/axi_dma_0/U0/I_PRMRY_DATAMOVER/GEN_S2MM_FULL.I_S2MM_FULL_WRAPPER/GEN_ENABLE_INDET_BTT_SF.I_INDET_BTT/sig_burst_dbeat_cntr_reg[0]
  -------------------------------------------------------------------
                         required time                         12.458    
                         arrival time                          -5.039    
  -------------------------------------------------------------------
                         slack                                  7.419    

Slack (MET) :             7.419ns  (required time - arrival time)
  Source:                 dma_passthrough_i/axi_dma_0/U0/I_PRMRY_DATAMOVER/GEN_S2MM_FULL.I_S2MM_FULL_WRAPPER/GEN_INCLUDE_REALIGNER.I_S2MM_REALIGNER/GEN_INCLUDE_SCATTER.I_S2MM_SCATTER/I_TSTRB_FIFO/USE_SRL_FIFO.I_SYNC_FIFO/I_SRL_FIFO_RBU_F/DYNSHREG_F_I/INFERRED_GEN.data_reg[15][4]_srl16/CLK
                            (rising edge-triggered cell SRL16E clocked by clk_pl_0  {rise@0.000ns fall@5.000ns period=10.000ns})
  Destination:            dma_passthrough_i/axi_dma_0/U0/I_PRMRY_DATAMOVER/GEN_S2MM_FULL.I_S2MM_FULL_WRAPPER/GEN_ENABLE_INDET_BTT_SF.I_INDET_BTT/sig_burst_dbeat_cntr_reg[1]/R
                            (rising edge-triggered cell FDRE clocked by clk_pl_0  {rise@0.000ns fall@5.000ns period=10.000ns})
  Path Group:             clk_pl_0
  Path Type:              Setup (Max at Slow Process Corner)
  Requirement:            10.000ns  (clk_pl_0 rise@10.000ns - clk_pl_0 rise@0.000ns)
  Data Path Delay:        2.188ns  (logic 0.964ns (44.059%)  route 1.224ns (55.941%))
  Logic Levels:           5  (LUT2=1 LUT3=1 LUT5=1 LUT6=2)
  Clock Path Skew:        -0.145ns (DCD - SCD + CPR)
    Destination Clock Delay (DCD):    2.655ns = ( 12.655 - 10.000 ) 
    Source Clock Delay      (SCD):    2.851ns
    Clock Pessimism Removal (CPR):    0.051ns
  Clock Uncertainty:      0.130ns  ((TSJ^2 + DJ^2)^1/2) / 2 + PE
    Total System Jitter     (TSJ):    0.071ns
    Discrete Jitter          (DJ):    0.250ns
    Phase Error              (PE):    0.000ns

    Location             Delay type                Incr(ns)  Path(ns)    Netlist Resource(s)
  -------------------------------------------------------------------    -------------------
                         (clock clk_pl_0 rise edge)
                                                      0.000     0.000 r  
                         PS8                          0.000     0.000 r  dma_passthrough_i/zynq_ultra_ps_e_0/inst/PS8_i/PLCLK[0]
                         net (fo=1, unplaced)         0.229     0.229    dma_passthrough_i/zynq_ultra_ps_e_0/inst/pl_clk_unbuffered[0]
                         BUFG_PS (Prop_BUFG_PS_I_O)
                                                      0.038     0.267 r  dma_passthrough_i/zynq_ultra_ps_e_0/inst/buffer_pl_clk_0.PL_CLK_0_BUFG/O
                         net (fo=8380, unplaced)      2.584     2.851    dma_passthrough_i/axi_dma_0/U0/I_PRMRY_DATAMOVER/GEN_S2MM_FULL.I_S2MM_FULL_WRAPPER/GEN_INCLUDE_REALIGNER.I_S2MM_REALIGNER/GEN_INCLUDE_SCATTER.I_S2MM_SCATTER/I_TSTRB_FIFO/USE_SRL_FIFO.I_SYNC_FIFO/I_SRL_FIFO_RBU_F/DYNSHREG_F_I/m_axi_s2mm_aclk
                         SRL16E                                       r  dma_passthrough_i/axi_dma_0/U0/I_PRMRY_DATAMOVER/GEN_S2MM_FULL.I_S2MM_FULL_WRAPPER/GEN_INCLUDE_REALIGNER.I_S2MM_REALIGNER/GEN_INCLUDE_SCATTER.I_S2MM_SCATTER/I_TSTRB_FIFO/USE_SRL_FIFO.I_SYNC_FIFO/I_SRL_FIFO_RBU_F/DYNSHREG_F_I/INFERRED_GEN.data_reg[15][4]_srl16/CLK
  -------------------------------------------------------------------    -------------------
                         SRL16E (Prop_SRL16E_CLK_Q)
                                                      0.544     3.395 r  dma_passthrough_i/axi_dma_0/U0/I_PRMRY_DATAMOVER/GEN_S2MM_FULL.I_S2MM_FULL_WRAPPER/GEN_INCLUDE_REALIGNER.I_S2MM_REALIGNER/GEN_INCLUDE_SCATTER.I_S2MM_SCATTER/I_TSTRB_FIFO/USE_SRL_FIFO.I_SYNC_FIFO/I_SRL_FIFO_RBU_F/DYNSHREG_F_I/INFERRED_GEN.data_reg[15][4]_srl16/Q
                         net (fo=1, unplaced)         0.111     3.506    dma_passthrough_i/axi_dma_0/U0/I_PRMRY_DATAMOVER/GEN_S2MM_FULL.I_S2MM_FULL_WRAPPER/GEN_INCLUDE_REALIGNER.I_S2MM_REALIGNER/GEN_INCLUDE_SCATTER.I_S2MM_SCATTER/I_MSSAI_SKID_BUF/gen_wr_a.gen_word_narrow.mem_reg[4]
                         LUT6 (Prop_LUT6_I1_O)        0.188     3.694 r  dma_passthrough_i/axi_dma_0/U0/I_PRMRY_DATAMOVER/GEN_S2MM_FULL.I_S2MM_FULL_WRAPPER/GEN_INCLUDE_REALIGNER.I_S2MM_REALIGNER/GEN_INCLUDE_SCATTER.I_S2MM_SCATTER/I_MSSAI_SKID_BUF/xpm_fifo_instance.xpm_fifo_sync_inst_i_10__0/O
                         net (fo=3, unplaced)         0.217     3.911    dma_passthrough_i/axi_dma_0/U0/I_PRMRY_DATAMOVER/GEN_S2MM_FULL.I_S2MM_FULL_WRAPPER/GEN_INCLUDE_REALIGNER.I_S2MM_REALIGNER/GEN_INCLUDE_SCATTER.I_S2MM_SCATTER/I_MSSAI_SKID_BUF/xpm_fifo_instance.xpm_fifo_sync_inst_i_10__0_n_0
                         LUT3 (Prop_LUT3_I0_O)        0.058     3.969 r  dma_passthrough_i/axi_dma_0/U0/I_PRMRY_DATAMOVER/GEN_S2MM_FULL.I_S2MM_FULL_WRAPPER/GEN_INCLUDE_REALIGNER.I_S2MM_REALIGNER/GEN_INCLUDE_SCATTER.I_S2MM_SCATTER/I_MSSAI_SKID_BUF/xpm_fifo_instance.xpm_fifo_sync_inst_i_2__0/O
                         net (fo=7, unplaced)         0.236     4.205    dma_passthrough_i/axi_dma_0/U0/I_PRMRY_DATAMOVER/GEN_S2MM_FULL.I_S2MM_FULL_WRAPPER/GEN_INCLUDE_REALIGNER.I_S2MM_REALIGNER/GEN_INCLUDE_SCATTER.I_S2MM_SCATTER/I_MSSAI_SKID_BUF/INFERRED_GEN.cnt_i_reg[4]
                         LUT5 (Prop_LUT5_I0_O)        0.058     4.263 r  dma_passthrough_i/axi_dma_0/U0/I_PRMRY_DATAMOVER/GEN_S2MM_FULL.I_S2MM_FULL_WRAPPER/GEN_INCLUDE_REALIGNER.I_S2MM_REALIGNER/GEN_INCLUDE_SCATTER.I_S2MM_SCATTER/I_MSSAI_SKID_BUF/xpm_fifo_instance.xpm_fifo_sync_inst_i_3__0/O
                         net (fo=3, unplaced)         0.217     4.480    dma_passthrough_i/axi_dma_0/U0/I_PRMRY_DATAMOVER/GEN_S2MM_FULL.I_S2MM_FULL_WRAPPER/GEN_ENABLE_INDET_BTT_SF.I_INDET_BTT/I_XD_FIFO/NON_BLK_MEM.I_SYNC_FIFOGEN_FIFO/sig_clr_dbc_reg_reg_0[0]
                         LUT6 (Prop_LUT6_I4_O)        0.058     4.538 r  dma_passthrough_i/axi_dma_0/U0/I_PRMRY_DATAMOVER/GEN_S2MM_FULL.I_S2MM_FULL_WRAPPER/GEN_ENABLE_INDET_BTT_SF.I_INDET_BTT/I_XD_FIFO/NON_BLK_MEM.I_SYNC_FIFOGEN_FIFO/sig_clr_dbc_reg_i_1/O
                         net (fo=2, unplaced)         0.211     4.749    dma_passthrough_i/axi_dma_0/U0/I_PRMRY_DATAMOVER/GEN_S2MM_FULL.I_S2MM_FULL_WRAPPER/GEN_ENABLE_INDET_BTT_SF.I_INDET_BTT/I_XD_FIFO/NON_BLK_MEM.I_SYNC_FIFOGEN_FIFO/sig_clr_dbeat_cntr0_out
                         LUT2 (Prop_LUT2_I0_O)        0.058     4.807 r  dma_passthrough_i/axi_dma_0/U0/I_PRMRY_DATAMOVER/GEN_S2MM_FULL.I_S2MM_FULL_WRAPPER/GEN_ENABLE_INDET_BTT_SF.I_INDET_BTT/I_XD_FIFO/NON_BLK_MEM.I_SYNC_FIFOGEN_FIFO/sig_burst_dbeat_cntr[3]_i_1/O
                         net (fo=4, unplaced)         0.232     5.039    dma_passthrough_i/axi_dma_0/U0/I_PRMRY_DATAMOVER/GEN_S2MM_FULL.I_S2MM_FULL_WRAPPER/GEN_ENABLE_INDET_BTT_SF.I_INDET_BTT/I_XD_FIFO_n_34
                         FDRE                                         r  dma_passthrough_i/axi_dma_0/U0/I_PRMRY_DATAMOVER/GEN_S2MM_FULL.I_S2MM_FULL_WRAPPER/GEN_ENABLE_INDET_BTT_SF.I_INDET_BTT/sig_burst_dbeat_cntr_reg[1]/R
  -------------------------------------------------------------------    -------------------

                         (clock clk_pl_0 rise edge)
                                                     10.000    10.000 r  
                         PS8                          0.000    10.000 r  dma_passthrough_i/zynq_ultra_ps_e_0/inst/PS8_i/PLCLK[0]
                         net (fo=1, unplaced)         0.181    10.181    dma_passthrough_i/zynq_ultra_ps_e_0/inst/pl_clk_unbuffered[0]
                         BUFG_PS (Prop_BUFG_PS_I_O)
                                                      0.035    10.216 r  dma_passthrough_i/zynq_ultra_ps_e_0/inst/buffer_pl_clk_0.PL_CLK_0_BUFG/O
                         net (fo=8380, unplaced)      2.439    12.655    dma_passthrough_i/axi_dma_0/U0/I_PRMRY_DATAMOVER/GEN_S2MM_FULL.I_S2MM_FULL_WRAPPER/GEN_ENABLE_INDET_BTT_SF.I_INDET_BTT/m_axi_s2mm_aclk
                         FDRE                                         r  dma_passthrough_i/axi_dma_0/U0/I_PRMRY_DATAMOVER/GEN_S2MM_FULL.I_S2MM_FULL_WRAPPER/GEN_ENABLE_INDET_BTT_SF.I_INDET_BTT/sig_burst_dbeat_cntr_reg[1]/C
                         clock pessimism              0.051    12.706    
                         clock uncertainty           -0.130    12.576    
                         FDRE (Setup_FDRE_C_R)       -0.118    12.458    dma_passthrough_i/axi_dma_0/U0/I_PRMRY_DATAMOVER/GEN_S2MM_FULL.I_S2MM_FULL_WRAPPER/GEN_ENABLE_INDET_BTT_SF.I_INDET_BTT/sig_burst_dbeat_cntr_reg[1]
  -------------------------------------------------------------------
                         required time                         12.458    
                         arrival time                          -5.039    
  -------------------------------------------------------------------
                         slack                                  7.419    

Slack (MET) :             7.419ns  (required time - arrival time)
  Source:                 dma_passthrough_i/axi_dma_0/U0/I_PRMRY_DATAMOVER/GEN_S2MM_FULL.I_S2MM_FULL_WRAPPER/GEN_INCLUDE_REALIGNER.I_S2MM_REALIGNER/GEN_INCLUDE_SCATTER.I_S2MM_SCATTER/I_TSTRB_FIFO/USE_SRL_FIFO.I_SYNC_FIFO/I_SRL_FIFO_RBU_F/DYNSHREG_F_I/INFERRED_GEN.data_reg[15][4]_srl16/CLK
                            (rising edge-triggered cell SRL16E clocked by clk_pl_0  {rise@0.000ns fall@5.000ns period=10.000ns})
  Destination:            dma_passthrough_i/axi_dma_0/U0/I_PRMRY_DATAMOVER/GEN_S2MM_FULL.I_S2MM_FULL_WRAPPER/GEN_ENABLE_INDET_BTT_SF.I_INDET_BTT/sig_burst_dbeat_cntr_reg[2]/R
                            (rising edge-triggered cell FDRE clocked by clk_pl_0  {rise@0.000ns fall@5.000ns period=10.000ns})
  Path Group:             clk_pl_0
  Path Type:              Setup (Max at Slow Process Corner)
  Requirement:            10.000ns  (clk_pl_0 rise@10.000ns - clk_pl_0 rise@0.000ns)
  Data Path Delay:        2.188ns  (logic 0.964ns (44.059%)  route 1.224ns (55.941%))
  Logic Levels:           5  (LUT2=1 LUT3=1 LUT5=1 LUT6=2)
  Clock Path Skew:        -0.145ns (DCD - SCD + CPR)
    Destination Clock Delay (DCD):    2.655ns = ( 12.655 - 10.000 ) 
    Source Clock Delay      (SCD):    2.851ns
    Clock Pessimism Removal (CPR):    0.051ns
  Clock Uncertainty:      0.130ns  ((TSJ^2 + DJ^2)^1/2) / 2 + PE
    Total System Jitter     (TSJ):    0.071ns
    Discrete Jitter          (DJ):    0.250ns
    Phase Error              (PE):    0.000ns

    Location             Delay type                Incr(ns)  Path(ns)    Netlist Resource(s)
  -------------------------------------------------------------------    -------------------
                         (clock clk_pl_0 rise edge)
                                                      0.000     0.000 r  
                         PS8                          0.000     0.000 r  dma_passthrough_i/zynq_ultra_ps_e_0/inst/PS8_i/PLCLK[0]
                         net (fo=1, unplaced)         0.229     0.229    dma_passthrough_i/zynq_ultra_ps_e_0/inst/pl_clk_unbuffered[0]
                         BUFG_PS (Prop_BUFG_PS_I_O)
                                                      0.038     0.267 r  dma_passthrough_i/zynq_ultra_ps_e_0/inst/buffer_pl_clk_0.PL_CLK_0_BUFG/O
                         net (fo=8380, unplaced)      2.584     2.851    dma_passthrough_i/axi_dma_0/U0/I_PRMRY_DATAMOVER/GEN_S2MM_FULL.I_S2MM_FULL_WRAPPER/GEN_INCLUDE_REALIGNER.I_S2MM_REALIGNER/GEN_INCLUDE_SCATTER.I_S2MM_SCATTER/I_TSTRB_FIFO/USE_SRL_FIFO.I_SYNC_FIFO/I_SRL_FIFO_RBU_F/DYNSHREG_F_I/m_axi_s2mm_aclk
                         SRL16E                                       r  dma_passthrough_i/axi_dma_0/U0/I_PRMRY_DATAMOVER/GEN_S2MM_FULL.I_S2MM_FULL_WRAPPER/GEN_INCLUDE_REALIGNER.I_S2MM_REALIGNER/GEN_INCLUDE_SCATTER.I_S2MM_SCATTER/I_TSTRB_FIFO/USE_SRL_FIFO.I_SYNC_FIFO/I_SRL_FIFO_RBU_F/DYNSHREG_F_I/INFERRED_GEN.data_reg[15][4]_srl16/CLK
  -------------------------------------------------------------------    -------------------
                         SRL16E (Prop_SRL16E_CLK_Q)
                                                      0.544     3.395 r  dma_passthrough_i/axi_dma_0/U0/I_PRMRY_DATAMOVER/GEN_S2MM_FULL.I_S2MM_FULL_WRAPPER/GEN_INCLUDE_REALIGNER.I_S2MM_REALIGNER/GEN_INCLUDE_SCATTER.I_S2MM_SCATTER/I_TSTRB_FIFO/USE_SRL_FIFO.I_SYNC_FIFO/I_SRL_FIFO_RBU_F/DYNSHREG_F_I/INFERRED_GEN.data_reg[15][4]_srl16/Q
                         net (fo=1, unplaced)         0.111     3.506    dma_passthrough_i/axi_dma_0/U0/I_PRMRY_DATAMOVER/GEN_S2MM_FULL.I_S2MM_FULL_WRAPPER/GEN_INCLUDE_REALIGNER.I_S2MM_REALIGNER/GEN_INCLUDE_SCATTER.I_S2MM_SCATTER/I_MSSAI_SKID_BUF/gen_wr_a.gen_word_narrow.mem_reg[4]
                         LUT6 (Prop_LUT6_I1_O)        0.188     3.694 r  dma_passthrough_i/axi_dma_0/U0/I_PRMRY_DATAMOVER/GEN_S2MM_FULL.I_S2MM_FULL_WRAPPER/GEN_INCLUDE_REALIGNER.I_S2MM_REALIGNER/GEN_INCLUDE_SCATTER.I_S2MM_SCATTER/I_MSSAI_SKID_BUF/xpm_fifo_instance.xpm_fifo_sync_inst_i_10__0/O
                         net (fo=3, unplaced)         0.217     3.911    dma_passthrough_i/axi_dma_0/U0/I_PRMRY_DATAMOVER/GEN_S2MM_FULL.I_S2MM_FULL_WRAPPER/GEN_INCLUDE_REALIGNER.I_S2MM_REALIGNER/GEN_INCLUDE_SCATTER.I_S2MM_SCATTER/I_MSSAI_SKID_BUF/xpm_fifo_instance.xpm_fifo_sync_inst_i_10__0_n_0
                         LUT3 (Prop_LUT3_I0_O)        0.058     3.969 r  dma_passthrough_i/axi_dma_0/U0/I_PRMRY_DATAMOVER/GEN_S2MM_FULL.I_S2MM_FULL_WRAPPER/GEN_INCLUDE_REALIGNER.I_S2MM_REALIGNER/GEN_INCLUDE_SCATTER.I_S2MM_SCATTER/I_MSSAI_SKID_BUF/xpm_fifo_instance.xpm_fifo_sync_inst_i_2__0/O
                         net (fo=7, unplaced)         0.236     4.205    dma_passthrough_i/axi_dma_0/U0/I_PRMRY_DATAMOVER/GEN_S2MM_FULL.I_S2MM_FULL_WRAPPER/GEN_INCLUDE_REALIGNER.I_S2MM_REALIGNER/GEN_INCLUDE_SCATTER.I_S2MM_SCATTER/I_MSSAI_SKID_BUF/INFERRED_GEN.cnt_i_reg[4]
                         LUT5 (Prop_LUT5_I0_O)        0.058     4.263 r  dma_passthrough_i/axi_dma_0/U0/I_PRMRY_DATAMOVER/GEN_S2MM_FULL.I_S2MM_FULL_WRAPPER/GEN_INCLUDE_REALIGNER.I_S2MM_REALIGNER/GEN_INCLUDE_SCATTER.I_S2MM_SCATTER/I_MSSAI_SKID_BUF/xpm_fifo_instance.xpm_fifo_sync_inst_i_3__0/O
                         net (fo=3, unplaced)         0.217     4.480    dma_passthrough_i/axi_dma_0/U0/I_PRMRY_DATAMOVER/GEN_S2MM_FULL.I_S2MM_FULL_WRAPPER/GEN_ENABLE_INDET_BTT_SF.I_INDET_BTT/I_XD_FIFO/NON_BLK_MEM.I_SYNC_FIFOGEN_FIFO/sig_clr_dbc_reg_reg_0[0]
                         LUT6 (Prop_LUT6_I4_O)        0.058     4.538 r  dma_passthrough_i/axi_dma_0/U0/I_PRMRY_DATAMOVER/GEN_S2MM_FULL.I_S2MM_FULL_WRAPPER/GEN_ENABLE_INDET_BTT_SF.I_INDET_BTT/I_XD_FIFO/NON_BLK_MEM.I_SYNC_FIFOGEN_FIFO/sig_clr_dbc_reg_i_1/O
                         net (fo=2, unplaced)         0.211     4.749    dma_passthrough_i/axi_dma_0/U0/I_PRMRY_DATAMOVER/GEN_S2MM_FULL.I_S2MM_FULL_WRAPPER/GEN_ENABLE_INDET_BTT_SF.I_INDET_BTT/I_XD_FIFO/NON_BLK_MEM.I_SYNC_FIFOGEN_FIFO/sig_clr_dbeat_cntr0_out
                         LUT2 (Prop_LUT2_I0_O)        0.058     4.807 r  dma_passthrough_i/axi_dma_0/U0/I_PRMRY_DATAMOVER/GEN_S2MM_FULL.I_S2MM_FULL_WRAPPER/GEN_ENABLE_INDET_BTT_SF.I_INDET_BTT/I_XD_FIFO/NON_BLK_MEM.I_SYNC_FIFOGEN_FIFO/sig_burst_dbeat_cntr[3]_i_1/O
                         net (fo=4, unplaced)         0.232     5.039    dma_passthrough_i/axi_dma_0/U0/I_PRMRY_DATAMOVER/GEN_S2MM_FULL.I_S2MM_FULL_WRAPPER/GEN_ENABLE_INDET_BTT_SF.I_INDET_BTT/I_XD_FIFO_n_34
                         FDRE                                         r  dma_passthrough_i/axi_dma_0/U0/I_PRMRY_DATAMOVER/GEN_S2MM_FULL.I_S2MM_FULL_WRAPPER/GEN_ENABLE_INDET_BTT_SF.I_INDET_BTT/sig_burst_dbeat_cntr_reg[2]/R
  -------------------------------------------------------------------    -------------------

                         (clock clk_pl_0 rise edge)
                                                     10.000    10.000 r  
                         PS8                          0.000    10.000 r  dma_passthrough_i/zynq_ultra_ps_e_0/inst/PS8_i/PLCLK[0]
                         net (fo=1, unplaced)         0.181    10.181    dma_passthrough_i/zynq_ultra_ps_e_0/inst/pl_clk_unbuffered[0]
                         BUFG_PS (Prop_BUFG_PS_I_O)
                                                      0.035    10.216 r  dma_passthrough_i/zynq_ultra_ps_e_0/inst/buffer_pl_clk_0.PL_CLK_0_BUFG/O
                         net (fo=8380, unplaced)      2.439    12.655    dma_passthrough_i/axi_dma_0/U0/I_PRMRY_DATAMOVER/GEN_S2MM_FULL.I_S2MM_FULL_WRAPPER/GEN_ENABLE_INDET_BTT_SF.I_INDET_BTT/m_axi_s2mm_aclk
                         FDRE                                         r  dma_passthrough_i/axi_dma_0/U0/I_PRMRY_DATAMOVER/GEN_S2MM_FULL.I_S2MM_FULL_WRAPPER/GEN_ENABLE_INDET_BTT_SF.I_INDET_BTT/sig_burst_dbeat_cntr_reg[2]/C
                         clock pessimism              0.051    12.706    
                         clock uncertainty           -0.130    12.576    
                         FDRE (Setup_FDRE_C_R)       -0.118    12.458    dma_passthrough_i/axi_dma_0/U0/I_PRMRY_DATAMOVER/GEN_S2MM_FULL.I_S2MM_FULL_WRAPPER/GEN_ENABLE_INDET_BTT_SF.I_INDET_BTT/sig_burst_dbeat_cntr_reg[2]
  -------------------------------------------------------------------
                         required time                         12.458    
                         arrival time                          -5.039    
  -------------------------------------------------------------------
                         slack                                  7.419    





Min Delay Paths
--------------------------------------------------------------------------------------
Slack (VIOLATED) :        -0.082ns  (arrival time - required time)
  Source:                 dma_passthrough_i/smartconnect_1/inst/m00_nodes/m00_b_node/inst/inst_mi_handler/gen_normal_area.gen_fifo_req.inst_fifo_req/gen_xpm_memory_fifo.inst_fifo/gen_mem_rep[0].inst_wr_addra/count_r_reg[3]/C
                            (rising edge-triggered cell FDRE clocked by clk_pl_0  {rise@0.000ns fall@5.000ns period=10.000ns})
  Destination:            dma_passthrough_i/smartconnect_1/inst/m00_nodes/m00_b_node/inst/inst_mi_handler/gen_normal_area.gen_fifo_req.inst_fifo_req/gen_xpm_memory_fifo.inst_fifo/gen_mem_rep[0].inst_xpm_memory/xpm_memory_base_inst/gen_wr_a.gen_word_narrow.mem_reg_0_31_0_13/RAMA/WADR3
                            (rising edge-triggered cell RAMD32 clocked by clk_pl_0  {rise@0.000ns fall@5.000ns period=10.000ns})
  Path Group:             clk_pl_0
  Path Type:              Hold (Min at Fast Process Corner)
  Requirement:            0.000ns  (clk_pl_0 rise@0.000ns - clk_pl_0 rise@0.000ns)
  Data Path Delay:        0.153ns  (logic 0.084ns (54.902%)  route 0.069ns (45.098%))
  Logic Levels:           0  
  Clock Path Skew:        0.145ns (DCD - SCD - CPR)
    Destination Clock Delay (DCD):    1.446ns
    Source Clock Delay      (SCD):    1.265ns
    Clock Pessimism Removal (CPR):    0.036ns

    Location             Delay type                Incr(ns)  Path(ns)    Netlist Resource(s)
  -------------------------------------------------------------------    -------------------
                         (clock clk_pl_0 rise edge)
                                                      0.000     0.000 r  
                         PS8                          0.000     0.000 r  dma_passthrough_i/zynq_ultra_ps_e_0/inst/PS8_i/PLCLK[0]
                         net (fo=1, unplaced)         0.129     0.129    dma_passthrough_i/zynq_ultra_ps_e_0/inst/pl_clk_unbuffered[0]
                         BUFG_PS (Prop_BUFG_PS_I_O)
                                                      0.022     0.151 r  dma_passthrough_i/zynq_ultra_ps_e_0/inst/buffer_pl_clk_0.PL_CLK_0_BUFG/O
                         net (fo=8380, unplaced)      1.114     1.265    dma_passthrough_i/smartconnect_1/inst/m00_nodes/m00_b_node/inst/inst_mi_handler/gen_normal_area.gen_fifo_req.inst_fifo_req/gen_xpm_memory_fifo.inst_fifo/gen_mem_rep[0].inst_wr_addra/s_sc_aclk
                         FDRE                                         r  dma_passthrough_i/smartconnect_1/inst/m00_nodes/m00_b_node/inst/inst_mi_handler/gen_normal_area.gen_fifo_req.inst_fifo_req/gen_xpm_memory_fifo.inst_fifo/gen_mem_rep[0].inst_wr_addra/count_r_reg[3]/C
  -------------------------------------------------------------------    -------------------
                         FDRE (Prop_FDRE_C_Q)         0.084     1.349 r  dma_passthrough_i/smartconnect_1/inst/m00_nodes/m00_b_node/inst/inst_mi_handler/gen_normal_area.gen_fifo_req.inst_fifo_req/gen_xpm_memory_fifo.inst_fifo/gen_mem_rep[0].inst_wr_addra/count_r_reg[3]/Q
                         net (fo=21, unplaced)        0.069     1.418    dma_passthrough_i/smartconnect_1/inst/m00_nodes/m00_b_node/inst/inst_mi_handler/gen_normal_area.gen_fifo_req.inst_fifo_req/gen_xpm_memory_fifo.inst_fifo/gen_mem_rep[0].inst_xpm_memory/xpm_memory_base_inst/gen_wr_a.gen_word_narrow.mem_reg_0_31_0_13/ADDRH3
                         RAMD32                                       r  dma_passthrough_i/smartconnect_1/inst/m00_nodes/m00_b_node/inst/inst_mi_handler/gen_normal_area.gen_fifo_req.inst_fifo_req/gen_xpm_memory_fifo.inst_fifo/gen_mem_rep[0].inst_xpm_memory/xpm_memory_base_inst/gen_wr_a.gen_word_narrow.mem_reg_0_31_0_13/RAMA/WADR3
  -------------------------------------------------------------------    -------------------

                         (clock clk_pl_0 rise edge)
                                                      0.000     0.000 r  
                         PS8                          0.000     0.000 r  dma_passthrough_i/zynq_ultra_ps_e_0/inst/PS8_i/PLCLK[0]
                         net (fo=1, unplaced)         0.164     0.164    dma_passthrough_i/zynq_ultra_ps_e_0/inst/pl_clk_unbuffered[0]
                         BUFG_PS (Prop_BUFG_PS_I_O)
                                                      0.023     0.187 r  dma_passthrough_i/zynq_ultra_ps_e_0/inst/buffer_pl_clk_0.PL_CLK_0_BUFG/O
                         net (fo=8380, unplaced)      1.259     1.446    dma_passthrough_i/smartconnect_1/inst/m00_nodes/m00_b_node/inst/inst_mi_handler/gen_normal_area.gen_fifo_req.inst_fifo_req/gen_xpm_memory_fifo.inst_fifo/gen_mem_rep[0].inst_xpm_memory/xpm_memory_base_inst/gen_wr_a.gen_word_narrow.mem_reg_0_31_0_13/WCLK
                         RAMD32                                       r  dma_passthrough_i/smartconnect_1/inst/m00_nodes/m00_b_node/inst/inst_mi_handler/gen_normal_area.gen_fifo_req.inst_fifo_req/gen_xpm_memory_fifo.inst_fifo/gen_mem_rep[0].inst_xpm_memory/xpm_memory_base_inst/gen_wr_a.gen_word_narrow.mem_reg_0_31_0_13/RAMA/CLK
                         clock pessimism             -0.036     1.410    
                         RAMD32 (Hold_RAMD32_CLK_WADR3)
                                                      0.090     1.500    dma_passthrough_i/smartconnect_1/inst/m00_nodes/m00_b_node/inst/inst_mi_handler/gen_normal_area.gen_fifo_req.inst_fifo_req/gen_xpm_memory_fifo.inst_fifo/gen_mem_rep[0].inst_xpm_memory/xpm_memory_base_inst/gen_wr_a.gen_word_narrow.mem_reg_0_31_0_13/RAMA
  -------------------------------------------------------------------
                         required time                         -1.500    
                         arrival time                           1.418    
  -------------------------------------------------------------------
                         slack                                 -0.082    

Slack (VIOLATED) :        -0.082ns  (arrival time - required time)
  Source:                 dma_passthrough_i/smartconnect_1/inst/m00_nodes/m00_b_node/inst/inst_mi_handler/gen_normal_area.gen_fifo_req.inst_fifo_req/gen_xpm_memory_fifo.inst_fifo/gen_mem_rep[0].inst_wr_addra/count_r_reg[3]/C
                            (rising edge-triggered cell FDRE clocked by clk_pl_0  {rise@0.000ns fall@5.000ns period=10.000ns})
  Destination:            dma_passthrough_i/smartconnect_1/inst/m00_nodes/m00_b_node/inst/inst_mi_handler/gen_normal_area.gen_fifo_req.inst_fifo_req/gen_xpm_memory_fifo.inst_fifo/gen_mem_rep[0].inst_xpm_memory/xpm_memory_base_inst/gen_wr_a.gen_word_narrow.mem_reg_0_31_0_13/RAMA_D1/WADR3
                            (rising edge-triggered cell RAMD32 clocked by clk_pl_0  {rise@0.000ns fall@5.000ns period=10.000ns})
  Path Group:             clk_pl_0
  Path Type:              Hold (Min at Fast Process Corner)
  Requirement:            0.000ns  (clk_pl_0 rise@0.000ns - clk_pl_0 rise@0.000ns)
  Data Path Delay:        0.153ns  (logic 0.084ns (54.902%)  route 0.069ns (45.098%))
  Logic Levels:           0  
  Clock Path Skew:        0.145ns (DCD - SCD - CPR)
    Destination Clock Delay (DCD):    1.446ns
    Source Clock Delay      (SCD):    1.265ns
    Clock Pessimism Removal (CPR):    0.036ns

    Location             Delay type                Incr(ns)  Path(ns)    Netlist Resource(s)
  -------------------------------------------------------------------    -------------------
                         (clock clk_pl_0 rise edge)
                                                      0.000     0.000 r  
                         PS8                          0.000     0.000 r  dma_passthrough_i/zynq_ultra_ps_e_0/inst/PS8_i/PLCLK[0]
                         net (fo=1, unplaced)         0.129     0.129    dma_passthrough_i/zynq_ultra_ps_e_0/inst/pl_clk_unbuffered[0]
                         BUFG_PS (Prop_BUFG_PS_I_O)
                                                      0.022     0.151 r  dma_passthrough_i/zynq_ultra_ps_e_0/inst/buffer_pl_clk_0.PL_CLK_0_BUFG/O
                         net (fo=8380, unplaced)      1.114     1.265    dma_passthrough_i/smartconnect_1/inst/m00_nodes/m00_b_node/inst/inst_mi_handler/gen_normal_area.gen_fifo_req.inst_fifo_req/gen_xpm_memory_fifo.inst_fifo/gen_mem_rep[0].inst_wr_addra/s_sc_aclk
                         FDRE                                         r  dma_passthrough_i/smartconnect_1/inst/m00_nodes/m00_b_node/inst/inst_mi_handler/gen_normal_area.gen_fifo_req.inst_fifo_req/gen_xpm_memory_fifo.inst_fifo/gen_mem_rep[0].inst_wr_addra/count_r_reg[3]/C
  -------------------------------------------------------------------    -------------------
                         FDRE (Prop_FDRE_C_Q)         0.084     1.349 r  dma_passthrough_i/smartconnect_1/inst/m00_nodes/m00_b_node/inst/inst_mi_handler/gen_normal_area.gen_fifo_req.inst_fifo_req/gen_xpm_memory_fifo.inst_fifo/gen_mem_rep[0].inst_wr_addra/count_r_reg[3]/Q
                         net (fo=21, unplaced)        0.069     1.418    dma_passthrough_i/smartconnect_1/inst/m00_nodes/m00_b_node/inst/inst_mi_handler/gen_normal_area.gen_fifo_req.inst_fifo_req/gen_xpm_memory_fifo.inst_fifo/gen_mem_rep[0].inst_xpm_memory/xpm_memory_base_inst/gen_wr_a.gen_word_narrow.mem_reg_0_31_0_13/ADDRH3
                         RAMD32                                       r  dma_passthrough_i/smartconnect_1/inst/m00_nodes/m00_b_node/inst/inst_mi_handler/gen_normal_area.gen_fifo_req.inst_fifo_req/gen_xpm_memory_fifo.inst_fifo/gen_mem_rep[0].inst_xpm_memory/xpm_memory_base_inst/gen_wr_a.gen_word_narrow.mem_reg_0_31_0_13/RAMA_D1/WADR3
  -------------------------------------------------------------------    -------------------

                         (clock clk_pl_0 rise edge)
                                                      0.000     0.000 r  
                         PS8                          0.000     0.000 r  dma_passthrough_i/zynq_ultra_ps_e_0/inst/PS8_i/PLCLK[0]
                         net (fo=1, unplaced)         0.164     0.164    dma_passthrough_i/zynq_ultra_ps_e_0/inst/pl_clk_unbuffered[0]
                         BUFG_PS (Prop_BUFG_PS_I_O)
                                                      0.023     0.187 r  dma_passthrough_i/zynq_ultra_ps_e_0/inst/buffer_pl_clk_0.PL_CLK_0_BUFG/O
                         net (fo=8380, unplaced)      1.259     1.446    dma_passthrough_i/smartconnect_1/inst/m00_nodes/m00_b_node/inst/inst_mi_handler/gen_normal_area.gen_fifo_req.inst_fifo_req/gen_xpm_memory_fifo.inst_fifo/gen_mem_rep[0].inst_xpm_memory/xpm_memory_base_inst/gen_wr_a.gen_word_narrow.mem_reg_0_31_0_13/WCLK
                         RAMD32                                       r  dma_passthrough_i/smartconnect_1/inst/m00_nodes/m00_b_node/inst/inst_mi_handler/gen_normal_area.gen_fifo_req.inst_fifo_req/gen_xpm_memory_fifo.inst_fifo/gen_mem_rep[0].inst_xpm_memory/xpm_memory_base_inst/gen_wr_a.gen_word_narrow.mem_reg_0_31_0_13/RAMA_D1/CLK
                         clock pessimism             -0.036     1.410    
                         RAMD32 (Hold_RAMD32_CLK_WADR3)
                                                      0.090     1.500    dma_passthrough_i/smartconnect_1/inst/m00_nodes/m00_b_node/inst/inst_mi_handler/gen_normal_area.gen_fifo_req.inst_fifo_req/gen_xpm_memory_fifo.inst_fifo/gen_mem_rep[0].inst_xpm_memory/xpm_memory_base_inst/gen_wr_a.gen_word_narrow.mem_reg_0_31_0_13/RAMA_D1
  -------------------------------------------------------------------
                         required time                         -1.500    
                         arrival time                           1.418    
  -------------------------------------------------------------------
                         slack                                 -0.082    

Slack (VIOLATED) :        -0.082ns  (arrival time - required time)
  Source:                 dma_passthrough_i/smartconnect_1/inst/m00_nodes/m00_b_node/inst/inst_mi_handler/gen_normal_area.gen_fifo_req.inst_fifo_req/gen_xpm_memory_fifo.inst_fifo/gen_mem_rep[0].inst_wr_addra/count_r_reg[3]/C
                            (rising edge-triggered cell FDRE clocked by clk_pl_0  {rise@0.000ns fall@5.000ns period=10.000ns})
  Destination:            dma_passthrough_i/smartconnect_1/inst/m00_nodes/m00_b_node/inst/inst_mi_handler/gen_normal_area.gen_fifo_req.inst_fifo_req/gen_xpm_memory_fifo.inst_fifo/gen_mem_rep[0].inst_xpm_memory/xpm_memory_base_inst/gen_wr_a.gen_word_narrow.mem_reg_0_31_0_13/RAMB/WADR3
                            (rising edge-triggered cell RAMD32 clocked by clk_pl_0  {rise@0.000ns fall@5.000ns period=10.000ns})
  Path Group:             clk_pl_0
  Path Type:              Hold (Min at Fast Process Corner)
  Requirement:            0.000ns  (clk_pl_0 rise@0.000ns - clk_pl_0 rise@0.000ns)
  Data Path Delay:        0.153ns  (logic 0.084ns (54.902%)  route 0.069ns (45.098%))
  Logic Levels:           0  
  Clock Path Skew:        0.145ns (DCD - SCD - CPR)
    Destination Clock Delay (DCD):    1.446ns
    Source Clock Delay      (SCD):    1.265ns
    Clock Pessimism Removal (CPR):    0.036ns

    Location             Delay type                Incr(ns)  Path(ns)    Netlist Resource(s)
  -------------------------------------------------------------------    -------------------
                         (clock clk_pl_0 rise edge)
                                                      0.000     0.000 r  
                         PS8                          0.000     0.000 r  dma_passthrough_i/zynq_ultra_ps_e_0/inst/PS8_i/PLCLK[0]
                         net (fo=1, unplaced)         0.129     0.129    dma_passthrough_i/zynq_ultra_ps_e_0/inst/pl_clk_unbuffered[0]
                         BUFG_PS (Prop_BUFG_PS_I_O)
                                                      0.022     0.151 r  dma_passthrough_i/zynq_ultra_ps_e_0/inst/buffer_pl_clk_0.PL_CLK_0_BUFG/O
                         net (fo=8380, unplaced)      1.114     1.265    dma_passthrough_i/smartconnect_1/inst/m00_nodes/m00_b_node/inst/inst_mi_handler/gen_normal_area.gen_fifo_req.inst_fifo_req/gen_xpm_memory_fifo.inst_fifo/gen_mem_rep[0].inst_wr_addra/s_sc_aclk
                         FDRE                                         r  dma_passthrough_i/smartconnect_1/inst/m00_nodes/m00_b_node/inst/inst_mi_handler/gen_normal_area.gen_fifo_req.inst_fifo_req/gen_xpm_memory_fifo.inst_fifo/gen_mem_rep[0].inst_wr_addra/count_r_reg[3]/C
  -------------------------------------------------------------------    -------------------
                         FDRE (Prop_FDRE_C_Q)         0.084     1.349 r  dma_passthrough_i/smartconnect_1/inst/m00_nodes/m00_b_node/inst/inst_mi_handler/gen_normal_area.gen_fifo_req.inst_fifo_req/gen_xpm_memory_fifo.inst_fifo/gen_mem_rep[0].inst_wr_addra/count_r_reg[3]/Q
                         net (fo=21, unplaced)        0.069     1.418    dma_passthrough_i/smartconnect_1/inst/m00_nodes/m00_b_node/inst/inst_mi_handler/gen_normal_area.gen_fifo_req.inst_fifo_req/gen_xpm_memory_fifo.inst_fifo/gen_mem_rep[0].inst_xpm_memory/xpm_memory_base_inst/gen_wr_a.gen_word_narrow.mem_reg_0_31_0_13/ADDRH3
                         RAMD32                                       r  dma_passthrough_i/smartconnect_1/inst/m00_nodes/m00_b_node/inst/inst_mi_handler/gen_normal_area.gen_fifo_req.inst_fifo_req/gen_xpm_memory_fifo.inst_fifo/gen_mem_rep[0].inst_xpm_memory/xpm_memory_base_inst/gen_wr_a.gen_word_narrow.mem_reg_0_31_0_13/RAMB/WADR3
  -------------------------------------------------------------------    -------------------

                         (clock clk_pl_0 rise edge)
                                                      0.000     0.000 r  
                         PS8                          0.000     0.000 r  dma_passthrough_i/zynq_ultra_ps_e_0/inst/PS8_i/PLCLK[0]
                         net (fo=1, unplaced)         0.164     0.164    dma_passthrough_i/zynq_ultra_ps_e_0/inst/pl_clk_unbuffered[0]
                         BUFG_PS (Prop_BUFG_PS_I_O)
                                                      0.023     0.187 r  dma_passthrough_i/zynq_ultra_ps_e_0/inst/buffer_pl_clk_0.PL_CLK_0_BUFG/O
                         net (fo=8380, unplaced)      1.259     1.446    dma_passthrough_i/smartconnect_1/inst/m00_nodes/m00_b_node/inst/inst_mi_handler/gen_normal_area.gen_fifo_req.inst_fifo_req/gen_xpm_memory_fifo.inst_fifo/gen_mem_rep[0].inst_xpm_memory/xpm_memory_base_inst/gen_wr_a.gen_word_narrow.mem_reg_0_31_0_13/WCLK
                         RAMD32                                       r  dma_passthrough_i/smartconnect_1/inst/m00_nodes/m00_b_node/inst/inst_mi_handler/gen_normal_area.gen_fifo_req.inst_fifo_req/gen_xpm_memory_fifo.inst_fifo/gen_mem_rep[0].inst_xpm_memory/xpm_memory_base_inst/gen_wr_a.gen_word_narrow.mem_reg_0_31_0_13/RAMB/CLK
                         clock pessimism             -0.036     1.410    
                         RAMD32 (Hold_RAMD32_CLK_WADR3)
                                                      0.090     1.500    dma_passthrough_i/smartconnect_1/inst/m00_nodes/m00_b_node/inst/inst_mi_handler/gen_normal_area.gen_fifo_req.inst_fifo_req/gen_xpm_memory_fifo.inst_fifo/gen_mem_rep[0].inst_xpm_memory/xpm_memory_base_inst/gen_wr_a.gen_word_narrow.mem_reg_0_31_0_13/RAMB
  -------------------------------------------------------------------
                         required time                         -1.500    
                         arrival time                           1.418    
  -------------------------------------------------------------------
                         slack                                 -0.082    

Slack (VIOLATED) :        -0.082ns  (arrival time - required time)
  Source:                 dma_passthrough_i/smartconnect_1/inst/m00_nodes/m00_b_node/inst/inst_mi_handler/gen_normal_area.gen_fifo_req.inst_fifo_req/gen_xpm_memory_fifo.inst_fifo/gen_mem_rep[0].inst_wr_addra/count_r_reg[3]/C
                            (rising edge-triggered cell FDRE clocked by clk_pl_0  {rise@0.000ns fall@5.000ns period=10.000ns})
  Destination:            dma_passthrough_i/smartconnect_1/inst/m00_nodes/m00_b_node/inst/inst_mi_handler/gen_normal_area.gen_fifo_req.inst_fifo_req/gen_xpm_memory_fifo.inst_fifo/gen_mem_rep[0].inst_xpm_memory/xpm_memory_base_inst/gen_wr_a.gen_word_narrow.mem_reg_0_31_0_13/RAMB_D1/WADR3
                            (rising edge-triggered cell RAMD32 clocked by clk_pl_0  {rise@0.000ns fall@5.000ns period=10.000ns})
  Path Group:             clk_pl_0
  Path Type:              Hold (Min at Fast Process Corner)
  Requirement:            0.000ns  (clk_pl_0 rise@0.000ns - clk_pl_0 rise@0.000ns)
  Data Path Delay:        0.153ns  (logic 0.084ns (54.902%)  route 0.069ns (45.098%))
  Logic Levels:           0  
  Clock Path Skew:        0.145ns (DCD - SCD - CPR)
    Destination Clock Delay (DCD):    1.446ns
    Source Clock Delay      (SCD):    1.265ns
    Clock Pessimism Removal (CPR):    0.036ns

    Location             Delay type                Incr(ns)  Path(ns)    Netlist Resource(s)
  -------------------------------------------------------------------    -------------------
                         (clock clk_pl_0 rise edge)
                                                      0.000     0.000 r  
                         PS8                          0.000     0.000 r  dma_passthrough_i/zynq_ultra_ps_e_0/inst/PS8_i/PLCLK[0]
                         net (fo=1, unplaced)         0.129     0.129    dma_passthrough_i/zynq_ultra_ps_e_0/inst/pl_clk_unbuffered[0]
                         BUFG_PS (Prop_BUFG_PS_I_O)
                                                      0.022     0.151 r  dma_passthrough_i/zynq_ultra_ps_e_0/inst/buffer_pl_clk_0.PL_CLK_0_BUFG/O
                         net (fo=8380, unplaced)      1.114     1.265    dma_passthrough_i/smartconnect_1/inst/m00_nodes/m00_b_node/inst/inst_mi_handler/gen_normal_area.gen_fifo_req.inst_fifo_req/gen_xpm_memory_fifo.inst_fifo/gen_mem_rep[0].inst_wr_addra/s_sc_aclk
                         FDRE                                         r  dma_passthrough_i/smartconnect_1/inst/m00_nodes/m00_b_node/inst/inst_mi_handler/gen_normal_area.gen_fifo_req.inst_fifo_req/gen_xpm_memory_fifo.inst_fifo/gen_mem_rep[0].inst_wr_addra/count_r_reg[3]/C
  -------------------------------------------------------------------    -------------------
                         FDRE (Prop_FDRE_C_Q)         0.084     1.349 r  dma_passthrough_i/smartconnect_1/inst/m00_nodes/m00_b_node/inst/inst_mi_handler/gen_normal_area.gen_fifo_req.inst_fifo_req/gen_xpm_memory_fifo.inst_fifo/gen_mem_rep[0].inst_wr_addra/count_r_reg[3]/Q
                         net (fo=21, unplaced)        0.069     1.418    dma_passthrough_i/smartconnect_1/inst/m00_nodes/m00_b_node/inst/inst_mi_handler/gen_normal_area.gen_fifo_req.inst_fifo_req/gen_xpm_memory_fifo.inst_fifo/gen_mem_rep[0].inst_xpm_memory/xpm_memory_base_inst/gen_wr_a.gen_word_narrow.mem_reg_0_31_0_13/ADDRH3
                         RAMD32                                       r  dma_passthrough_i/smartconnect_1/inst/m00_nodes/m00_b_node/inst/inst_mi_handler/gen_normal_area.gen_fifo_req.inst_fifo_req/gen_xpm_memory_fifo.inst_fifo/gen_mem_rep[0].inst_xpm_memory/xpm_memory_base_inst/gen_wr_a.gen_word_narrow.mem_reg_0_31_0_13/RAMB_D1/WADR3
  -------------------------------------------------------------------    -------------------

                         (clock clk_pl_0 rise edge)
                                                      0.000     0.000 r  
                         PS8                          0.000     0.000 r  dma_passthrough_i/zynq_ultra_ps_e_0/inst/PS8_i/PLCLK[0]
                         net (fo=1, unplaced)         0.164     0.164    dma_passthrough_i/zynq_ultra_ps_e_0/inst/pl_clk_unbuffered[0]
                         BUFG_PS (Prop_BUFG_PS_I_O)
                                                      0.023     0.187 r  dma_passthrough_i/zynq_ultra_ps_e_0/inst/buffer_pl_clk_0.PL_CLK_0_BUFG/O
                         net (fo=8380, unplaced)      1.259     1.446    dma_passthrough_i/smartconnect_1/inst/m00_nodes/m00_b_node/inst/inst_mi_handler/gen_normal_area.gen_fifo_req.inst_fifo_req/gen_xpm_memory_fifo.inst_fifo/gen_mem_rep[0].inst_xpm_memory/xpm_memory_base_inst/gen_wr_a.gen_word_narrow.mem_reg_0_31_0_13/WCLK
                         RAMD32                                       r  dma_passthrough_i/smartconnect_1/inst/m00_nodes/m00_b_node/inst/inst_mi_handler/gen_normal_area.gen_fifo_req.inst_fifo_req/gen_xpm_memory_fifo.inst_fifo/gen_mem_rep[0].inst_xpm_memory/xpm_memory_base_inst/gen_wr_a.gen_word_narrow.mem_reg_0_31_0_13/RAMB_D1/CLK
                         clock pessimism             -0.036     1.410    
                         RAMD32 (Hold_RAMD32_CLK_WADR3)
                                                      0.090     1.500    dma_passthrough_i/smartconnect_1/inst/m00_nodes/m00_b_node/inst/inst_mi_handler/gen_normal_area.gen_fifo_req.inst_fifo_req/gen_xpm_memory_fifo.inst_fifo/gen_mem_rep[0].inst_xpm_memory/xpm_memory_base_inst/gen_wr_a.gen_word_narrow.mem_reg_0_31_0_13/RAMB_D1
  -------------------------------------------------------------------
                         required time                         -1.500    
                         arrival time                           1.418    
  -------------------------------------------------------------------
                         slack                                 -0.082    

Slack (VIOLATED) :        -0.082ns  (arrival time - required time)
  Source:                 dma_passthrough_i/smartconnect_1/inst/m00_nodes/m00_b_node/inst/inst_mi_handler/gen_normal_area.gen_fifo_req.inst_fifo_req/gen_xpm_memory_fifo.inst_fifo/gen_mem_rep[0].inst_wr_addra/count_r_reg[3]/C
                            (rising edge-triggered cell FDRE clocked by clk_pl_0  {rise@0.000ns fall@5.000ns period=10.000ns})
  Destination:            dma_passthrough_i/smartconnect_1/inst/m00_nodes/m00_b_node/inst/inst_mi_handler/gen_normal_area.gen_fifo_req.inst_fifo_req/gen_xpm_memory_fifo.inst_fifo/gen_mem_rep[0].inst_xpm_memory/xpm_memory_base_inst/gen_wr_a.gen_word_narrow.mem_reg_0_31_0_13/RAMC/WADR3
                            (rising edge-triggered cell RAMD32 clocked by clk_pl_0  {rise@0.000ns fall@5.000ns period=10.000ns})
  Path Group:             clk_pl_0
  Path Type:              Hold (Min at Fast Process Corner)
  Requirement:            0.000ns  (clk_pl_0 rise@0.000ns - clk_pl_0 rise@0.000ns)
  Data Path Delay:        0.153ns  (logic 0.084ns (54.902%)  route 0.069ns (45.098%))
  Logic Levels:           0  
  Clock Path Skew:        0.145ns (DCD - SCD - CPR)
    Destination Clock Delay (DCD):    1.446ns
    Source Clock Delay      (SCD):    1.265ns
    Clock Pessimism Removal (CPR):    0.036ns

    Location             Delay type                Incr(ns)  Path(ns)    Netlist Resource(s)
  -------------------------------------------------------------------    -------------------
                         (clock clk_pl_0 rise edge)
                                                      0.000     0.000 r  
                         PS8                          0.000     0.000 r  dma_passthrough_i/zynq_ultra_ps_e_0/inst/PS8_i/PLCLK[0]
                         net (fo=1, unplaced)         0.129     0.129    dma_passthrough_i/zynq_ultra_ps_e_0/inst/pl_clk_unbuffered[0]
                         BUFG_PS (Prop_BUFG_PS_I_O)
                                                      0.022     0.151 r  dma_passthrough_i/zynq_ultra_ps_e_0/inst/buffer_pl_clk_0.PL_CLK_0_BUFG/O
                         net (fo=8380, unplaced)      1.114     1.265    dma_passthrough_i/smartconnect_1/inst/m00_nodes/m00_b_node/inst/inst_mi_handler/gen_normal_area.gen_fifo_req.inst_fifo_req/gen_xpm_memory_fifo.inst_fifo/gen_mem_rep[0].inst_wr_addra/s_sc_aclk
                         FDRE                                         r  dma_passthrough_i/smartconnect_1/inst/m00_nodes/m00_b_node/inst/inst_mi_handler/gen_normal_area.gen_fifo_req.inst_fifo_req/gen_xpm_memory_fifo.inst_fifo/gen_mem_rep[0].inst_wr_addra/count_r_reg[3]/C
  -------------------------------------------------------------------    -------------------
                         FDRE (Prop_FDRE_C_Q)         0.084     1.349 r  dma_passthrough_i/smartconnect_1/inst/m00_nodes/m00_b_node/inst/inst_mi_handler/gen_normal_area.gen_fifo_req.inst_fifo_req/gen_xpm_memory_fifo.inst_fifo/gen_mem_rep[0].inst_wr_addra/count_r_reg[3]/Q
                         net (fo=21, unplaced)        0.069     1.418    dma_passthrough_i/smartconnect_1/inst/m00_nodes/m00_b_node/inst/inst_mi_handler/gen_normal_area.gen_fifo_req.inst_fifo_req/gen_xpm_memory_fifo.inst_fifo/gen_mem_rep[0].inst_xpm_memory/xpm_memory_base_inst/gen_wr_a.gen_word_narrow.mem_reg_0_31_0_13/ADDRH3
                         RAMD32                                       r  dma_passthrough_i/smartconnect_1/inst/m00_nodes/m00_b_node/inst/inst_mi_handler/gen_normal_area.gen_fifo_req.inst_fifo_req/gen_xpm_memory_fifo.inst_fifo/gen_mem_rep[0].inst_xpm_memory/xpm_memory_base_inst/gen_wr_a.gen_word_narrow.mem_reg_0_31_0_13/RAMC/WADR3
  -------------------------------------------------------------------    -------------------

                         (clock clk_pl_0 rise edge)
                                                      0.000     0.000 r  
                         PS8                          0.000     0.000 r  dma_passthrough_i/zynq_ultra_ps_e_0/inst/PS8_i/PLCLK[0]
                         net (fo=1, unplaced)         0.164     0.164    dma_passthrough_i/zynq_ultra_ps_e_0/inst/pl_clk_unbuffered[0]
                         BUFG_PS (Prop_BUFG_PS_I_O)
                                                      0.023     0.187 r  dma_passthrough_i/zynq_ultra_ps_e_0/inst/buffer_pl_clk_0.PL_CLK_0_BUFG/O
                         net (fo=8380, unplaced)      1.259     1.446    dma_passthrough_i/smartconnect_1/inst/m00_nodes/m00_b_node/inst/inst_mi_handler/gen_normal_area.gen_fifo_req.inst_fifo_req/gen_xpm_memory_fifo.inst_fifo/gen_mem_rep[0].inst_xpm_memory/xpm_memory_base_inst/gen_wr_a.gen_word_narrow.mem_reg_0_31_0_13/WCLK
                         RAMD32                                       r  dma_passthrough_i/smartconnect_1/inst/m00_nodes/m00_b_node/inst/inst_mi_handler/gen_normal_area.gen_fifo_req.inst_fifo_req/gen_xpm_memory_fifo.inst_fifo/gen_mem_rep[0].inst_xpm_memory/xpm_memory_base_inst/gen_wr_a.gen_word_narrow.mem_reg_0_31_0_13/RAMC/CLK
                         clock pessimism             -0.036     1.410    
                         RAMD32 (Hold_RAMD32_CLK_WADR3)
                                                      0.090     1.500    dma_passthrough_i/smartconnect_1/inst/m00_nodes/m00_b_node/inst/inst_mi_handler/gen_normal_area.gen_fifo_req.inst_fifo_req/gen_xpm_memory_fifo.inst_fifo/gen_mem_rep[0].inst_xpm_memory/xpm_memory_base_inst/gen_wr_a.gen_word_narrow.mem_reg_0_31_0_13/RAMC
  -------------------------------------------------------------------
                         required time                         -1.500    
                         arrival time                           1.418    
  -------------------------------------------------------------------
                         slack                                 -0.082    





Pulse Width Checks
--------------------------------------------------------------------------------------
Clock Name:         clk_pl_0
Waveform(ns):       { 0.000 5.000 }
Period(ns):         10.000
Sources:            { dma_passthrough_i/zynq_ultra_ps_e_0/inst/PS8_i/PLCLK[0] }

Check Type        Corner  Lib Pin             Reference Pin  Required(ns)  Actual(ns)  Slack(ns)  Location  Pin
Min Period        n/a     PS8/MAXIGP0ACLK     n/a            3.000         10.000      7.000                dma_passthrough_i/zynq_ultra_ps_e_0/inst/PS8_i/MAXIGP0ACLK
Min Period        n/a     PS8/SAXIGP2RCLK     n/a            3.000         10.000      7.000                dma_passthrough_i/zynq_ultra_ps_e_0/inst/PS8_i/SAXIGP2RCLK
Min Period        n/a     PS8/SAXIGP2WCLK     n/a            3.000         10.000      7.000                dma_passthrough_i/zynq_ultra_ps_e_0/inst/PS8_i/SAXIGP2WCLK
Min Period        n/a     RAMB36E2/CLKARDCLK  n/a            1.709         10.000      8.291                dma_passthrough_i/axi_dma_0/U0/I_PRMRY_DATAMOVER/GEN_MM2S_FULL.I_MM2S_FULL_WRAPPER/GEN_INCLUDE_MM2S_SF.I_RD_SF/I_DATA_FIFO/BLK_MEM.I_SYNC_FIFOGEN_FIFO/xpm_fifo_instance.xpm_fifo_sync_inst/xpm_fifo_base_inst/gen_sdpram.xpm_memory_base_inst/gen_wr_a.gen_word_narrow.mem_reg/CLKARDCLK
Min Period        n/a     RAMB36E2/CLKBWRCLK  n/a            1.709         10.000      8.291                dma_passthrough_i/axi_dma_0/U0/I_PRMRY_DATAMOVER/GEN_MM2S_FULL.I_MM2S_FULL_WRAPPER/GEN_INCLUDE_MM2S_SF.I_RD_SF/I_DATA_FIFO/BLK_MEM.I_SYNC_FIFOGEN_FIFO/xpm_fifo_instance.xpm_fifo_sync_inst/xpm_fifo_base_inst/gen_sdpram.xpm_memory_base_inst/gen_wr_a.gen_word_narrow.mem_reg/CLKBWRCLK
Low Pulse Width   Slow    PS8/MAXIGP0ACLK     n/a            1.500         5.000       3.500                dma_passthrough_i/zynq_ultra_ps_e_0/inst/PS8_i/MAXIGP0ACLK
Low Pulse Width   Fast    PS8/MAXIGP0ACLK     n/a            1.500         5.000       3.500                dma_passthrough_i/zynq_ultra_ps_e_0/inst/PS8_i/MAXIGP0ACLK
Low Pulse Width   Slow    PS8/SAXIGP2RCLK     n/a            1.500         5.000       3.500                dma_passthrough_i/zynq_ultra_ps_e_0/inst/PS8_i/SAXIGP2RCLK
Low Pulse Width   Fast    PS8/SAXIGP2RCLK     n/a            1.500         5.000       3.500                dma_passthrough_i/zynq_ultra_ps_e_0/inst/PS8_i/SAXIGP2RCLK
Low Pulse Width   Slow    PS8/SAXIGP2WCLK     n/a            1.500         5.000       3.500                dma_passthrough_i/zynq_ultra_ps_e_0/inst/PS8_i/SAXIGP2WCLK
High Pulse Width  Slow    PS8/MAXIGP0ACLK     n/a            1.500         5.000       3.500                dma_passthrough_i/zynq_ultra_ps_e_0/inst/PS8_i/MAXIGP0ACLK
High Pulse Width  Fast    PS8/MAXIGP0ACLK     n/a            1.500         5.000       3.500                dma_passthrough_i/zynq_ultra_ps_e_0/inst/PS8_i/MAXIGP0ACLK
High Pulse Width  Slow    PS8/SAXIGP2RCLK     n/a            1.500         5.000       3.500                dma_passthrough_i/zynq_ultra_ps_e_0/inst/PS8_i/SAXIGP2RCLK
High Pulse Width  Fast    PS8/SAXIGP2RCLK     n/a            1.500         5.000       3.500                dma_passthrough_i/zynq_ultra_ps_e_0/inst/PS8_i/SAXIGP2RCLK
High Pulse Width  Slow    PS8/SAXIGP2WCLK     n/a            1.500         5.000       3.500                dma_passthrough_i/zynq_ultra_ps_e_0/inst/PS8_i/SAXIGP2WCLK



report_timing_summary: Time (s): cpu = 00:00:20 ; elapsed = 00:00:21 . Memory (MB): peak = 12004.750 ; gain = 1417.707 ; free physical = 2823 ; free virtual = 40615
report_drc
Command: report_drc
INFO: [IP_Flow 19-1839] IP Catalog is up to date.
INFO: [DRC 23-27] Running DRC with 8 threads
Copyright 1986-2022 Xilinx, Inc. All Rights Reserved.
------------------------------------------------------------------------------------
| Tool Version : Vivado v.2022.2 (lin64) Build 3671981 Fri Oct 14 04:59:54 MDT 2022
| Date         : Fri Jul 31 10:54:31 2026
| Host         : sogang-500TGA-500SGA running 64-bit Ubuntu 22.04.5 LTS
| Command      : report_drc
| Design       : dma_passthrough_wrapper
| Device       : xck26-sfvc784-2LV-c
| Speed File   : -2LV
| Design State : Synthesized
------------------------------------------------------------------------------------

Report DRC

Table of Contents
-----------------
1. REPORT SUMMARY
2. REPORT DETAILS

1. REPORT SUMMARY
-----------------
            Netlist: netlist
          Floorplan: design_1
      Design limits: <entire design considered>
           Ruledeck: default
             Max violations: <unlimited>
             Violations found: 2
+-----------+----------+--------------------------------------+------------+
| Rule      | Severity | Description                          | Violations |
+-----------+----------+--------------------------------------+------------+
| REQP-1935 | Warning  | RAMB36E2_nochange_collision_advisory | 2          |
+-----------+----------+--------------------------------------+------------+

2. REPORT DETAILS
-----------------
REQP-1935#1 Warning
RAMB36E2_nochange_collision_advisory  
Synchronous clocking is detected for BRAM (dma_passthrough_i/axi_dma_0/U0/I_PRMRY_DATAMOVER/GEN_MM2S_FULL.I_MM2S_FULL_WRAPPER/GEN_INCLUDE_MM2S_SF.I_RD_SF/I_DATA_FIFO/BLK_MEM.I_SYNC_FIFOGEN_FIFO/xpm_fifo_instance.xpm_fifo_sync_inst/xpm_fifo_base_inst/gen_sdpram.xpm_memory_base_inst/gen_wr_a.gen_word_narrow.mem_reg) in SDP mode with NO_CHANGE write-mode. This is the preferred mode for best power characteristics. However, NO_CHANGE may exhibit address collisions if the same address appears on both read and write ports resulting in unknown or corrupted read data. It is suggested to confirm via simulation that an address collision never occurs and if so it is suggested to try and avoid this situation. If address collisions cannot be avoided, the write-mode may be set to READ_FIRST which guarantees that the read data is the prior contents of the memory at the cost of additional power in the design. See the FPGA Memory Resources User Guide for additional information.
Related violations: <none>

REQP-1935#2 Warning
RAMB36E2_nochange_collision_advisory  
Synchronous clocking is detected for BRAM (dma_passthrough_i/axi_dma_0/U0/I_PRMRY_DATAMOVER/GEN_S2MM_FULL.I_S2MM_FULL_WRAPPER/GEN_ENABLE_INDET_BTT_SF.I_INDET_BTT/I_DATA_FIFO/BLK_MEM.I_SYNC_FIFOGEN_FIFO/xpm_fifo_instance.xpm_fifo_sync_inst/xpm_fifo_base_inst/gen_sdpram.xpm_memory_base_inst/gen_wr_a.gen_word_narrow.mem_reg) in SDP mode with NO_CHANGE write-mode. This is the preferred mode for best power characteristics. However, NO_CHANGE may exhibit address collisions if the same address appears on both read and write ports resulting in unknown or corrupted read data. It is suggested to confirm via simulation that an address collision never occurs and if so it is suggested to try and avoid this situation. If address collisions cannot be avoided, the write-mode may be set to READ_FIRST which guarantees that the read data is the prior contents of the memory at the cost of additional power in the design. See the FPGA Memory Resources User Guide for additional information.
Related violations: <none>


report_drc completed successfully
0
check_timing -verbose
Copyright 1986-2022 Xilinx, Inc. All Rights Reserved.
-----------------------------------------------------------------------------------------
| Tool Version      : Vivado v.2022.2 (lin64) Build 3671981 Fri Oct 14 04:59:54 MDT 2022
| Date              : Fri Jul 31 10:55:52 2026
| Host              : sogang-500TGA-500SGA running 64-bit Ubuntu 22.04.5 LTS
| Command           : check_timing -verbose
| Design            : dma_passthrough_wrapper
| Device            : xck26-sfvc784
| Speed File        : -2LV  PRODUCTION 1.30 05-15-2022
| Temperature Grade : C
-----------------------------------------------------------------------------------------


check_timing report

Table of Contents
-----------------
1. checking no_clock (8)
2. checking constant_clock (0)
3. checking pulse_width_clock (0)
4. checking unconstrained_internal_endpoints (0)
5. checking no_input_delay (0)
6. checking no_output_delay (0)
7. checking multiple_clock (0)
8. checking generated_clocks (0)
9. checking loops (0)
10. checking partial_input_delay (0)
11. checking partial_output_delay (0)
12. checking latch_loops (0)

1. checking no_clock (8)
------------------------
 There are 8 register/latch pins with no clock (HIGH)

dma_passthrough_i/zynq_ultra_ps_e_0/inst/PS8_i/EMIOENET0MDIOMDC
dma_passthrough_i/zynq_ultra_ps_e_0/inst/PS8_i/EMIOENET1MDIOMDC
dma_passthrough_i/zynq_ultra_ps_e_0/inst/PS8_i/EMIOENET2MDIOMDC
dma_passthrough_i/zynq_ultra_ps_e_0/inst/PS8_i/EMIOENET3MDIOMDC
dma_passthrough_i/zynq_ultra_ps_e_0/inst/PS8_i/EMIOSDIO0CLKOUT
dma_passthrough_i/zynq_ultra_ps_e_0/inst/PS8_i/EMIOSDIO1CLKOUT
dma_passthrough_i/zynq_ultra_ps_e_0/inst/PS8_i/EMIOSPI0SCLKO
dma_passthrough_i/zynq_ultra_ps_e_0/inst/PS8_i/EMIOSPI1SCLKO


2. checking constant_clock (0)
------------------------------
 There are 0 register/latch pins with constant_clock.


3. checking pulse_width_clock (0)
---------------------------------
 There are 0 register/latch pins which need pulse_width check


4. checking unconstrained_internal_endpoints (0)
------------------------------------------------
 There are 0 pins that are not constrained for maximum delay.

 There are 0 pins that are not constrained for maximum delay due to constant clock.


5. checking no_input_delay (0)
------------------------------
 There are 0 input ports with no input delay specified.

 There are 0 input ports with no input delay but user has a false path constraint.


6. checking no_output_delay (0)
-------------------------------
 There are 0 ports with no output delay specified.

 There are 0 ports with no output delay but user has a false path constraint

 There are 0 ports with no output delay but with a timing clock defined on it or propagating through it


7. checking multiple_clock (0)
------------------------------
 There are 0 register/latch pins with multiple clocks.


8. checking generated_clocks (0)
--------------------------------
 There are 0 generated clocks that are not connected to a clock source.


9. checking loops (0)
---------------------
 There are 0 combinational loops in the design.


10. checking partial_input_delay (0)
------------------------------------
 There are 0 input ports with partial input delay specified.


11. checking partial_output_delay (0)
-------------------------------------
 There are 0 ports with partial output delay specified.


12. checking latch_loops (0)
----------------------------
 There are 0 combinational latch loops in the design through latch input


get_property STATUS [get_runs impl_1]
Not started
launch_runs impl_1 -to_step route_design -jobs 2
INFO: [Timing 38-480] Writing timing data to binary archive.
WARNING: [Common 17-210] 'write_hwdef' is deprecated.
[Fri Jul 31 10:56:22 2026] Launched impl_1...
Run output will be captured here: /home/sogang/ppe_fpga_ho/ppe_dma_passthrough/ppe_dma_passthrough.runs/impl_1/runme.log
/home/sogang/ppe_fpga_ho/ppe_dma_passthrough/ppe_dma_passthrough.runs/impl_1/dma_passthrough_wrapper.hwdef
wait_on_run impl_1
[Fri Jul 31 10:58:24 2026] Waiting for impl_1 to finish...

*** Running vivado
    with args -log dma_passthrough_wrapper.vdi -applog -m64 -product Vivado -messageDb vivado.pb -mode batch -source dma_passthrough_wrapper.tcl -notrace


****** Vivado v2022.2 (64-bit)
  **** SW Build 3671981 on Fri Oct 14 04:59:54 MDT 2022
  **** IP Build 3669848 on Fri Oct 14 08:30:02 MDT 2022
    ** Copyright 1986-2022 Xilinx, Inc. All Rights Reserved.

source dma_passthrough_wrapper.tcl -notrace
Command: open_checkpoint /home/sogang/ppe_fpga_ho/ppe_dma_passthrough/ppe_dma_passthrough.runs/impl_1/dma_passthrough_wrapper.dcp
WARNING: [Project 1-153] The current project device 'xc7vx485tffg1157-1' does not match with the device on the 'XILINX.COM:KV260_SOM_SOM240_1_CONNECTOR_KV260_CARRIER_SOM240_1_CONNECTOR:1.4' board part. A device change to match the device on 'XILINX.COM:KV260_SOM_SOM240_1_CONNECTOR_KV260_CARRIER_SOM240_1_CONNECTOR:1.4' board part is being done. Please upgrade the IP in the project via the upgrade_ip command or by selecting Reports => Reports IP Status.
INFO: [Project 1-152] Project part set to zynquplus (xck26-sfvc784-2lv-c)
INFO: [Device 21-403] Loading part xck26-sfvc784-2LV-c
Netlist sorting complete. Time (s): cpu = 00:00:00.2 ; elapsed = 00:00:00.21 . Memory (MB): peak = 2673.898 ; gain = 0.000 ; free physical = 249 ; free virtual = 39027
INFO: [Netlist 29-17] Analyzing 94 Unisim elements for replacement
INFO: [Netlist 29-28] Unisim Transformation completed in 0 CPU seconds
INFO: [Project 1-479] Netlist was created with Vivado 2022.2
INFO: [Project 1-570] Preparing netlist for logic optimization
INFO: [Timing 38-478] Restoring timing data from binary archive.
INFO: [Timing 38-479] Binary timing data restore complete.
INFO: [Project 1-856] Restoring constraints from binary archive.
INFO: [Project 1-853] Binary constraint restore complete.
Netlist sorting complete. Time (s): cpu = 00:00:00.01 ; elapsed = 00:00:00 . Memory (MB): peak = 3157.234 ; gain = 0.000 ; free physical = 178 ; free virtual = 38707
INFO: [Project 1-111] Unisim Transformation Summary:
  A total of 76 instances were transformed.
  RAM16X1D => RAM32X1D (RAMD32(x2)): 1 instance 
  RAM32M => RAM32M (RAMD32(x6), RAMS32(x2)): 1 instance 
  RAM32M16 => RAM32M16 (RAMD32(x14), RAMS32(x2)): 74 instances

INFO: [Project 1-604] Checkpoint was created with Vivado v2022.2 (64-bit) build 3671981
OpenCheckpoint Checksum | Checksum: d6407bb3
----- Checksum: PlaceDB: 00000000 ShapeSum: d6407bb3 RouteDB: 00000000 
open_checkpoint: Time (s): cpu = 00:00:13 ; elapsed = 00:00:14 . Memory (MB): peak = 3157.234 ; gain = 1468.250 ; free physical = 178 ; free virtual = 38706
INFO: [IP_Flow 19-234] Refreshing IP repositories
INFO: [IP_Flow 19-1700] Loaded user IP repository '/home/sogang/ppe_fpga_ho/axis/passthrough/axis_passthrough_hls/solution1/impl/ip'.
INFO: [IP_Flow 19-2313] Loaded Vivado IP repository '/tools/Xilinx/Vivado/2022.2/data/ip'.
Command: opt_design
Attempting to get a license for feature 'Implementation' and/or device 'xck26'
INFO: [Common 17-349] Got license for feature 'Implementation' and/or device 'xck26'
Running DRC as a precondition to command opt_design

Starting DRC Task
INFO: [DRC 23-27] Running DRC with 8 threads
INFO: [Project 1-461] DRC finished with 0 Errors
INFO: [Project 1-462] Please refer to the DRC report (report_drc) for more information.

Time (s): cpu = 00:00:01 ; elapsed = 00:00:00.73 . Memory (MB): peak = 3253.953 ; gain = 93.750 ; free physical = 175 ; free virtual = 38679

Starting Cache Timing Information Task
Ending Cache Timing Information Task | Checksum: 1c20d2336

Time (s): cpu = 00:00:00 ; elapsed = 00:00:00 . Memory (MB): peak = 3253.953 ; gain = 0.000 ; free physical = 174 ; free virtual = 38678

Starting Logic Optimization Task

Phase 1 Retarget
INFO: [Opt 31-1287] Pulled Inverter dma_passthrough_i/axi_dma_0/U0/I_PRMRY_DATAMOVER/GEN_S2MM_FULL.I_S2MM_FULL_WRAPPER/GEN_ENABLE_INDET_BTT_SF.I_INDET_BTT/I_XD_FIFO/NON_BLK_MEM.I_SYNC_FIFOGEN_FIFO/xpm_fifo_instance.xpm_fifo_sync_inst_i_1__0 into driver instance dma_passthrough_i/axi_dma_0/U0/I_PRMRY_DATAMOVER/GEN_S2MM_FULL.I_S2MM_FULL_WRAPPER/GEN_ENABLE_INDET_BTT_SF.I_INDET_BTT/I_XD_FIFO/NON_BLK_MEM.I_SYNC_FIFOGEN_FIFO/xpm_fifo_instance.xpm_fifo_sync_inst_i_9__0, which resulted in an inversion of 18 pins
INFO: [Opt 31-1287] Pulled Inverter dma_passthrough_i/axi_dma_0/U0/I_PRMRY_DATAMOVER/GEN_S2MM_FULL.I_S2MM_FULL_WRAPPER/I_WR_DATA_CNTL/GEN_DATA_CNTL_FIFO.I_DATA_CNTL_FIFO/USE_SRL_FIFO.I_SYNC_FIFO/I_SRL_FIFO_RBU_F/CNTR_INCR_DECR_ADDN_F_I/sig_next_calc_error_reg_i_2 into driver instance dma_passthrough_i/axi_dma_0/U0/I_PRMRY_DATAMOVER/GEN_S2MM_FULL.I_S2MM_FULL_WRAPPER/I_WR_DATA_CNTL/GEN_DATA_CNTL_FIFO.I_DATA_CNTL_FIFO/USE_SRL_FIFO.I_SYNC_FIFO/I_SRL_FIFO_RBU_F/CNTR_INCR_DECR_ADDN_F_I/INFERRED_GEN.cnt_i[2]_i_2__2, which resulted in an inversion of 20 pins
INFO: [Opt 31-1287] Pulled Inverter dma_passthrough_i/smartconnect_0/inst/s00_entry_pipeline/s00_mmu/inst/gen_wroute_reg.wroute_split/s_axi_awready_INST_0 into driver instance dma_passthrough_i/smartconnect_0/inst/s00_entry_pipeline/s00_mmu/inst/gen_wroute_reg.wroute_split/s_axi_awready_INST_0_i_1, which resulted in an inversion of 4 pins
INFO: [Opt 31-1287] Pulled Inverter dma_passthrough_i/smartconnect_0/inst/s00_entry_pipeline/s00_si_converter/inst/gen_axilite_conv.axilite_conv_inst/s_axi_rlast_INST_0 into driver instance dma_passthrough_i/smartconnect_0/inst/s00_entry_pipeline/s00_si_converter/inst/gen_axilite_conv.axilite_conv_inst/s_axi_rlast_INST_0_i_1, which resulted in an inversion of 8 pins
INFO: [Opt 31-138] Pushed 104 inverter(s) to 1225 load pin(s).
INFO: [Opt 31-49] Retargeted 0 cell(s).
Phase 1 Retarget | Checksum: 10d5415a3

Time (s): cpu = 00:00:00.7 ; elapsed = 00:00:00.34 . Memory (MB): peak = 3492.832 ; gain = 24.012 ; free physical = 222 ; free virtual = 38497
INFO: [Opt 31-389] Phase Retarget created 65 cells and removed 480 cells
INFO: [Opt 31-1021] In phase Retarget, 91 netlist objects are constrained preventing optimization. Please run opt_design with -debug_log to get more detail. 

Phase 2 Constant propagation
INFO: [Opt 31-138] Pushed 0 inverter(s) to 0 load pin(s).
Phase 2 Constant propagation | Checksum: 119b7f3ee

Time (s): cpu = 00:00:00.76 ; elapsed = 00:00:00.4 . Memory (MB): peak = 3492.832 ; gain = 24.012 ; free physical = 220 ; free virtual = 38496
INFO: [Opt 31-389] Phase Constant propagation created 33 cells and removed 364 cells
INFO: [Opt 31-1021] In phase Constant propagation, 120 netlist objects are constrained preventing optimization. Please run opt_design with -debug_log to get more detail. 

Phase 3 Sweep
Phase 3 Sweep | Checksum: 5949818a

Time (s): cpu = 00:00:01 ; elapsed = 00:00:00.68 . Memory (MB): peak = 3492.832 ; gain = 24.012 ; free physical = 222 ; free virtual = 38497
INFO: [Opt 31-389] Phase Sweep created 0 cells and removed 265 cells
INFO: [Opt 31-1021] In phase Sweep, 152 netlist objects are constrained preventing optimization. Please run opt_design with -debug_log to get more detail. 

Phase 4 BUFG optimization
INFO: [Opt 31-1077] Phase BUFG optimization inserted 0 global clock buffer(s) for CLOCK_LOW_FANOUT.
Phase 4 BUFG optimization | Checksum: 5949818a

Time (s): cpu = 00:00:01 ; elapsed = 00:00:00.76 . Memory (MB): peak = 3524.848 ; gain = 56.027 ; free physical = 217 ; free virtual = 38494
INFO: [Opt 31-662] Phase BUFG optimization created 0 cells of which 0 are BUFGs and removed 0 cells.

Phase 5 Shift Register Optimization
INFO: [Opt 31-1064] SRL Remap converted 0 SRLs to 0 registers and converted 0 registers of register chains to 0 SRLs
Phase 5 Shift Register Optimization | Checksum: 5949818a

Time (s): cpu = 00:00:01 ; elapsed = 00:00:00.77 . Memory (MB): peak = 3524.848 ; gain = 56.027 ; free physical = 217 ; free virtual = 38494
INFO: [Opt 31-389] Phase Shift Register Optimization created 0 cells and removed 0 cells

Phase 6 Post Processing Netlist
Phase 6 Post Processing Netlist | Checksum: 2ab1d2b9

Time (s): cpu = 00:00:01 ; elapsed = 00:00:00.8 . Memory (MB): peak = 3524.848 ; gain = 56.027 ; free physical = 217 ; free virtual = 38494
INFO: [Opt 31-389] Phase Post Processing Netlist created 0 cells and removed 0 cells
INFO: [Opt 31-1021] In phase Post Processing Netlist, 105 netlist objects are constrained preventing optimization. Please run opt_design with -debug_log to get more detail. 
Opt_design Change Summary
=========================


-------------------------------------------------------------------------------------------------------------------------
|  Phase                        |  #Cells created  |  #Cells Removed  |  #Constrained objects preventing optimizations  |
-------------------------------------------------------------------------------------------------------------------------
|  Retarget                     |              65  |             480  |                                             91  |
|  Constant propagation         |              33  |             364  |                                            120  |
|  Sweep                        |               0  |             265  |                                            152  |
|  BUFG optimization            |               0  |               0  |                                              0  |
|  Shift Register Optimization  |               0  |               0  |                                              0  |
|  Post Processing Netlist      |               0  |               0  |                                            105  |
-------------------------------------------------------------------------------------------------------------------------



Starting Connectivity Check Task

Time (s): cpu = 00:00:00.05 ; elapsed = 00:00:00.01 . Memory (MB): peak = 3524.848 ; gain = 0.000 ; free physical = 215 ; free virtual = 38493
Ending Logic Optimization Task | Checksum: fa1515f5

Time (s): cpu = 00:00:01 ; elapsed = 00:00:00.9 . Memory (MB): peak = 3524.848 ; gain = 56.027 ; free physical = 215 ; free virtual = 38493

Starting Power Optimization Task
INFO: [Pwropt 34-132] Skipping clock gating for clocks with a period < 2.00 ns.
INFO: [Pwropt 34-9] Applying IDT optimizations ...
INFO: [Pwropt 34-10] Applying ODC optimizations ...
INFO: [Timing 38-35] Done setting XDC timing constraints.
Running Vector-less Activity Propagation...

Finished Running Vector-less Activity Propagation


Starting PowerOpt Patch Enables Task
INFO: [Pwropt 34-162] WRITE_MODE attribute of 0 BRAM(s) out of a total of 2 has been updated to save power. Run report_power_opt to get a complete listing of the BRAMs updated.
INFO: [Pwropt 34-201] Structural ODC has moved 0 WE to EN ports
Number of BRAM Ports augmented: 0 newly gated: 0 Total Ports: 4
Ending PowerOpt Patch Enables Task | Checksum: fa1515f5

Time (s): cpu = 00:00:00.04 ; elapsed = 00:00:00.04 . Memory (MB): peak = 4071.598 ; gain = 0.000 ; free physical = 244 ; free virtual = 38089
Ending Power Optimization Task | Checksum: fa1515f5

Time (s): cpu = 00:00:09 ; elapsed = 00:00:08 . Memory (MB): peak = 4071.598 ; gain = 546.750 ; free physical = 268 ; free virtual = 38113

Starting Final Cleanup Task
Ending Final Cleanup Task | Checksum: fa1515f5

Time (s): cpu = 00:00:00 ; elapsed = 00:00:00 . Memory (MB): peak = 4071.598 ; gain = 0.000 ; free physical = 268 ; free virtual = 38113

Starting Netlist Obfuscation Task
Netlist sorting complete. Time (s): cpu = 00:00:00 ; elapsed = 00:00:00 . Memory (MB): peak = 4071.598 ; gain = 0.000 ; free physical = 268 ; free virtual = 38113
Ending Netlist Obfuscation Task | Checksum: fa1515f5

Time (s): cpu = 00:00:00 ; elapsed = 00:00:00.01 . Memory (MB): peak = 4071.598 ; gain = 0.000 ; free physical = 268 ; free virtual = 38113
INFO: [Common 17-83] Releasing license: Implementation
45 Infos, 1 Warnings, 0 Critical Warnings and 0 Errors encountered.
opt_design completed successfully
opt_design: Time (s): cpu = 00:00:13 ; elapsed = 00:00:11 . Memory (MB): peak = 4071.598 ; gain = 914.363 ; free physical = 268 ; free virtual = 38113
INFO: [Timing 38-480] Writing timing data to binary archive.
INFO: [Common 17-1381] The checkpoint '/home/sogang/ppe_fpga_ho/ppe_dma_passthrough/ppe_dma_passthrough.runs/impl_1/dma_passthrough_wrapper_opt.dcp' has been generated.
INFO: [runtcl-4] Executing : report_drc -file dma_passthrough_wrapper_drc_opted.rpt -pb dma_passthrough_wrapper_drc_opted.pb -rpx dma_passthrough_wrapper_drc_opted.rpx
Command: report_drc -file dma_passthrough_wrapper_drc_opted.rpt -pb dma_passthrough_wrapper_drc_opted.pb -rpx dma_passthrough_wrapper_drc_opted.rpx
INFO: [IP_Flow 19-1839] IP Catalog is up to date.
INFO: [Timing 38-35] Done setting XDC timing constraints.
INFO: [DRC 23-27] Running DRC with 8 threads
INFO: [Vivado_Tcl 2-168] The results of DRC are in file /home/sogang/ppe_fpga_ho/ppe_dma_passthrough/ppe_dma_passthrough.runs/impl_1/dma_passthrough_wrapper_drc_opted.rpt.
report_drc completed successfully
report_drc: Time (s): cpu = 00:00:13 ; elapsed = 00:00:12 . Memory (MB): peak = 4790.734 ; gain = 719.137 ; free physical = 234 ; free virtual = 37558
Command: place_design
Attempting to get a license for feature 'Implementation' and/or device 'xck26'
INFO: [Common 17-349] Got license for feature 'Implementation' and/or device 'xck26'
INFO: [DRC 23-27] Running DRC with 8 threads
INFO: [Vivado_Tcl 4-198] DRC finished with 0 Errors
INFO: [Vivado_Tcl 4-199] Please refer to the DRC report (report_drc) for more information.
Running DRC as a precondition to command place_design
INFO: [DRC 23-27] Running DRC with 8 threads
INFO: [Vivado_Tcl 4-198] DRC finished with 0 Errors
INFO: [Vivado_Tcl 4-199] Please refer to the DRC report (report_drc) for more information.

Starting Placer Task
INFO: [Place 30-611] Multithreading enabled for place_design using a maximum of 8 CPUs

Phase 1 Placer Initialization

Phase 1.1 Placer Initialization Netlist Sorting
Netlist sorting complete. Time (s): cpu = 00:00:00.01 ; elapsed = 00:00:00 . Memory (MB): peak = 4790.734 ; gain = 0.000 ; free physical = 189 ; free virtual = 37513
Phase 1.1 Placer Initialization Netlist Sorting | Checksum: 25ae9a2a

Time (s): cpu = 00:00:00.01 ; elapsed = 00:00:00.04 . Memory (MB): peak = 4790.734 ; gain = 0.000 ; free physical = 189 ; free virtual = 37513
Netlist sorting complete. Time (s): cpu = 00:00:00 ; elapsed = 00:00:00 . Memory (MB): peak = 4790.734 ; gain = 0.000 ; free physical = 189 ; free virtual = 37513

Phase 1.2 IO Placement/ Clock Placement/ Build Placer Device
Phase 1.2 IO Placement/ Clock Placement/ Build Placer Device | Checksum: 106966e71

Time (s): cpu = 00:00:02 ; elapsed = 00:00:01 . Memory (MB): peak = 4790.734 ; gain = 0.000 ; free physical = 195 ; free virtual = 37523

Phase 1.3 Build Placer Netlist Model
Phase 1.3 Build Placer Netlist Model | Checksum: 1d632adfc

Time (s): cpu = 00:00:04 ; elapsed = 00:00:02 . Memory (MB): peak = 4790.734 ; gain = 0.000 ; free physical = 221 ; free virtual = 37499

Phase 1.4 Constrain Clocks/Macros
Phase 1.4 Constrain Clocks/Macros | Checksum: 1d632adfc

Time (s): cpu = 00:00:04 ; elapsed = 00:00:02 . Memory (MB): peak = 4790.734 ; gain = 0.000 ; free physical = 221 ; free virtual = 37499
Phase 1 Placer Initialization | Checksum: 1d632adfc

Time (s): cpu = 00:00:05 ; elapsed = 00:00:02 . Memory (MB): peak = 4790.734 ; gain = 0.000 ; free physical = 221 ; free virtual = 37500

Phase 2 Global Placement

Phase 2.1 Floorplanning

Phase 2.1.1 Partition Driven Placement

Phase 2.1.1.1 PBP: Partition Driven Placement
Phase 2.1.1.1 PBP: Partition Driven Placement | Checksum: 1540f4efb

Time (s): cpu = 00:00:07 ; elapsed = 00:00:03 . Memory (MB): peak = 4790.734 ; gain = 0.000 ; free physical = 313 ; free virtual = 37592

Phase 2.1.1.2 PBP: Clock Region Placement
Phase 2.1.1.2 PBP: Clock Region Placement | Checksum: 1540f4efb

Time (s): cpu = 00:00:07 ; elapsed = 00:00:03 . Memory (MB): peak = 4790.734 ; gain = 0.000 ; free physical = 297 ; free virtual = 37578

Phase 2.1.1.3 PBP: Compute Congestion
Phase 2.1.1.3 PBP: Compute Congestion | Checksum: 1540f4efb

Time (s): cpu = 00:00:08 ; elapsed = 00:00:05 . Memory (MB): peak = 4837.098 ; gain = 46.363 ; free physical = 177 ; free virtual = 37511

Phase 2.1.1.4 PBP: UpdateTiming
Phase 2.1.1.4 PBP: UpdateTiming | Checksum: 1ab1812b1

Time (s): cpu = 00:00:09 ; elapsed = 00:00:06 . Memory (MB): peak = 4867.113 ; gain = 76.379 ; free physical = 197 ; free virtual = 37531

Phase 2.1.1.5 PBP: Add part constraints
Phase 2.1.1.5 PBP: Add part constraints | Checksum: 1ab1812b1

Time (s): cpu = 00:00:09 ; elapsed = 00:00:06 . Memory (MB): peak = 4867.113 ; gain = 76.379 ; free physical = 197 ; free virtual = 37531
Phase 2.1.1 Partition Driven Placement | Checksum: 1ab1812b1

Time (s): cpu = 00:00:09 ; elapsed = 00:00:06 . Memory (MB): peak = 4867.113 ; gain = 76.379 ; free physical = 197 ; free virtual = 37531
Phase 2.1 Floorplanning | Checksum: 11c88e786

Time (s): cpu = 00:00:09 ; elapsed = 00:00:06 . Memory (MB): peak = 4867.113 ; gain = 76.379 ; free physical = 197 ; free virtual = 37531

Phase 2.2 Update Timing before SLR Path Opt
Phase 2.2 Update Timing before SLR Path Opt | Checksum: 11c88e786

Time (s): cpu = 00:00:09 ; elapsed = 00:00:06 . Memory (MB): peak = 4867.113 ; gain = 76.379 ; free physical = 197 ; free virtual = 37531

Phase 2.3 Post-Processing in Floorplanning
Phase 2.3 Post-Processing in Floorplanning | Checksum: 11c88e786

Time (s): cpu = 00:00:09 ; elapsed = 00:00:06 . Memory (MB): peak = 4867.113 ; gain = 76.379 ; free physical = 197 ; free virtual = 37531

Phase 2.4 Global Placement Core

Phase 2.4.1 UpdateTiming Before Physical Synthesis
Phase 2.4.1 UpdateTiming Before Physical Synthesis | Checksum: 1de1a651a

Time (s): cpu = 00:00:31 ; elapsed = 00:00:10 . Memory (MB): peak = 4867.113 ; gain = 76.379 ; free physical = 236 ; free virtual = 37537

Phase 2.4.2 Physical Synthesis In Placer
INFO: [Physopt 32-1035] Found 0 LUTNM shape to break, 375 LUT instances to create LUTNM shape
INFO: [Physopt 32-1044] Break lutnm for timing: one critical 0, two critical 0, total 0, new lutff created 0
INFO: [Physopt 32-1138] End 1 Pass. Optimized 130 nets or LUTs. Breaked 0 LUT, combined 130 existing LUTs and moved 0 existing LUT
INFO: [Physopt 32-1030] Pass 1. Identified 1 candidate driver set for equivalent driver rewiring.
INFO: [Physopt 32-661] Optimized 0 net.  Re-placed 0 instance.
INFO: [Physopt 32-775] End 1 Pass. Optimized 0 net or cell. Created 0 new cell, deleted 0 existing cell and moved 0 existing cell
INFO: [Physopt 32-65] No nets found for high-fanout optimization.
INFO: [Physopt 32-232] Optimized 0 net. Created 0 new instance.
INFO: [Physopt 32-775] End 1 Pass. Optimized 0 net or cell. Created 0 new cell, deleted 0 existing cell and moved 0 existing cell
INFO: [Physopt 32-670] No setup violation found.  DSP Register Optimization was not performed.
INFO: [Physopt 32-670] No setup violation found.  Shift Register to Pipeline Optimization was not performed.
INFO: [Physopt 32-670] No setup violation found.  Shift Register Optimization was not performed.
INFO: [Physopt 32-670] No setup violation found.  BRAM Register Optimization was not performed.
INFO: [Physopt 32-670] No setup violation found.  URAM Register Optimization was not performed.
INFO: [Physopt 32-949] No candidate nets found for dynamic/static region interface net replication
INFO: [Physopt 32-775] End 1 Pass. Optimized 0 net or cell. Created 0 new cell, deleted 0 existing cell and moved 0 existing cell
Netlist sorting complete. Time (s): cpu = 00:00:00 ; elapsed = 00:00:00 . Memory (MB): peak = 4867.113 ; gain = 0.000 ; free physical = 235 ; free virtual = 37538

Summary of Physical Synthesis Optimizations
============================================


-----------------------------------------------------------------------------------------------------------------------------------------------------------
|  Optimization                                     |  Added Cells  |  Removed Cells  |  Optimized Cells/Nets  |  Dont Touch  |  Iterations  |  Elapsed   |
-----------------------------------------------------------------------------------------------------------------------------------------------------------
|  LUT Combining                                    |            0  |            130  |                   130  |           0  |           1  |  00:00:00  |
|  Retime                                           |            0  |              0  |                     0  |           0  |           1  |  00:00:00  |
|  Equivalent Driver Rewiring                       |            0  |              0  |                     0  |           0  |           1  |  00:00:00  |
|  Very High Fanout                                 |            0  |              0  |                     0  |           0  |           1  |  00:00:00  |
|  DSP Register                                     |            0  |              0  |                     0  |           0  |           0  |  00:00:00  |
|  Shift Register to Pipeline                       |            0  |              0  |                     0  |           0  |           0  |  00:00:00  |
|  Shift Register                                   |            0  |              0  |                     0  |           0  |           0  |  00:00:00  |
|  BRAM Register                                    |            0  |              0  |                     0  |           0  |           0  |  00:00:00  |
|  URAM Register                                    |            0  |              0  |                     0  |           0  |           0  |  00:00:00  |
|  Dynamic/Static Region Interface Net Replication  |            0  |              0  |                     0  |           0  |           1  |  00:00:00  |
|  Total                                            |            0  |            130  |                   130  |           0  |           5  |  00:00:00  |
-----------------------------------------------------------------------------------------------------------------------------------------------------------


Phase 2.4.2 Physical Synthesis In Placer | Checksum: 19b8385f3

Time (s): cpu = 00:00:32 ; elapsed = 00:00:11 . Memory (MB): peak = 4867.113 ; gain = 76.379 ; free physical = 235 ; free virtual = 37538
Phase 2.4 Global Placement Core | Checksum: fec04e3b

Time (s): cpu = 00:00:34 ; elapsed = 00:00:11 . Memory (MB): peak = 4867.113 ; gain = 76.379 ; free physical = 217 ; free virtual = 37517
Phase 2 Global Placement | Checksum: fec04e3b

Time (s): cpu = 00:00:34 ; elapsed = 00:00:11 . Memory (MB): peak = 4867.113 ; gain = 76.379 ; free physical = 221 ; free virtual = 37522

Phase 3 Detail Placement

Phase 3.1 Commit Multi Column Macros
Phase 3.1 Commit Multi Column Macros | Checksum: 17193d3fb

Time (s): cpu = 00:00:35 ; elapsed = 00:00:12 . Memory (MB): peak = 4867.113 ; gain = 76.379 ; free physical = 226 ; free virtual = 37514

Phase 3.2 Commit Most Macros & LUTRAMs
Phase 3.2 Commit Most Macros & LUTRAMs | Checksum: f3b6bb09

Time (s): cpu = 00:00:36 ; elapsed = 00:00:12 . Memory (MB): peak = 4867.113 ; gain = 76.379 ; free physical = 228 ; free virtual = 37516

Phase 3.3 Small Shape DP

Phase 3.3.1 Small Shape Clustering
Phase 3.3.1 Small Shape Clustering | Checksum: 114ae0410

Time (s): cpu = 00:00:36 ; elapsed = 00:00:12 . Memory (MB): peak = 4867.113 ; gain = 76.379 ; free physical = 232 ; free virtual = 37520

Phase 3.3.2 Flow Legalize Slice Clusters
Phase 3.3.2 Flow Legalize Slice Clusters | Checksum: 1c3fc932d

Time (s): cpu = 00:00:36 ; elapsed = 00:00:12 . Memory (MB): peak = 4867.113 ; gain = 76.379 ; free physical = 232 ; free virtual = 37520

Phase 3.3.3 Slice Area Swap

Phase 3.3.3.1 Slice Area Swap Initial
Phase 3.3.3.1 Slice Area Swap Initial | Checksum: ecbcc368

Time (s): cpu = 00:00:37 ; elapsed = 00:00:12 . Memory (MB): peak = 4867.113 ; gain = 76.379 ; free physical = 230 ; free virtual = 37518
Phase 3.3.3 Slice Area Swap | Checksum: ecbcc368

Time (s): cpu = 00:00:37 ; elapsed = 00:00:12 . Memory (MB): peak = 4867.113 ; gain = 76.379 ; free physical = 219 ; free virtual = 37507
Phase 3.3 Small Shape DP | Checksum: 27683da60

Time (s): cpu = 00:00:38 ; elapsed = 00:00:13 . Memory (MB): peak = 4867.113 ; gain = 76.379 ; free physical = 219 ; free virtual = 37508

Phase 3.4 Re-assign LUT pins
Phase 3.4 Re-assign LUT pins | Checksum: 1fe81f8b7

Time (s): cpu = 00:00:38 ; elapsed = 00:00:13 . Memory (MB): peak = 4867.113 ; gain = 76.379 ; free physical = 219 ; free virtual = 37508

Phase 3.5 Pipeline Register Optimization
Phase 3.5 Pipeline Register Optimization | Checksum: 1589b0c25

Time (s): cpu = 00:00:38 ; elapsed = 00:00:13 . Memory (MB): peak = 4867.113 ; gain = 76.379 ; free physical = 219 ; free virtual = 37507
Phase 3 Detail Placement | Checksum: 1589b0c25

Time (s): cpu = 00:00:38 ; elapsed = 00:00:13 . Memory (MB): peak = 4867.113 ; gain = 76.379 ; free physical = 220 ; free virtual = 37508

Phase 4 Post Placement Optimization and Clean-Up

Phase 4.1 Post Commit Optimization
INFO: [Timing 38-35] Done setting XDC timing constraints.

Phase 4.1.1 Post Placement Optimization
Post Placement Optimization Initialization | Checksum: d5898296

Phase 4.1.1.1 BUFG Insertion

Starting Physical Synthesis Task

Phase 1 Physical Synthesis Initialization
INFO: [Physopt 32-721] Multithreading enabled for phys_opt_design using a maximum of 8 CPUs
INFO: [Physopt 32-619] Estimated Timing Summary | WNS=6.266 | TNS=0.000 |
Phase 1 Physical Synthesis Initialization | Checksum: 170e50716

Time (s): cpu = 00:00:00.27 ; elapsed = 00:00:00.07 . Memory (MB): peak = 4867.113 ; gain = 0.000 ; free physical = 235 ; free virtual = 37523
INFO: [Place 46-56] BUFG insertion identified 0 candidate nets. Inserted BUFG: 0, Replicated BUFG Driver: 0, Skipped due to Placement/Routing Conflicts: 0, Skipped due to Timing Degradation: 0, Skipped due to Illegal Netlist: 0.
Ending Physical Synthesis Task | Checksum: 197a7b769

Time (s): cpu = 00:00:00.31 ; elapsed = 00:00:00.11 . Memory (MB): peak = 4867.113 ; gain = 0.000 ; free physical = 235 ; free virtual = 37523
Phase 4.1.1.1 BUFG Insertion | Checksum: d5898296

Time (s): cpu = 00:00:42 ; elapsed = 00:00:15 . Memory (MB): peak = 4867.113 ; gain = 76.379 ; free physical = 236 ; free virtual = 37524

Phase 4.1.1.2 Post Placement Timing Optimization
INFO: [Place 30-746] Post Placement Timing Summary WNS=6.266. For the most accurate timing information please run report_timing.
Phase 4.1.1.2 Post Placement Timing Optimization | Checksum: 1616c5722

Time (s): cpu = 00:00:42 ; elapsed = 00:00:15 . Memory (MB): peak = 4867.113 ; gain = 76.379 ; free physical = 237 ; free virtual = 37524

Time (s): cpu = 00:00:42 ; elapsed = 00:00:15 . Memory (MB): peak = 4867.113 ; gain = 76.379 ; free physical = 237 ; free virtual = 37524
Phase 4.1 Post Commit Optimization | Checksum: 1616c5722

Time (s): cpu = 00:00:42 ; elapsed = 00:00:15 . Memory (MB): peak = 4867.113 ; gain = 76.379 ; free physical = 237 ; free virtual = 37524
Netlist sorting complete. Time (s): cpu = 00:00:00 ; elapsed = 00:00:00 . Memory (MB): peak = 4867.113 ; gain = 0.000 ; free physical = 246 ; free virtual = 37534

Phase 4.2 Post Placement Cleanup
Phase 4.2 Post Placement Cleanup | Checksum: 18eea0e9b

Time (s): cpu = 00:00:45 ; elapsed = 00:00:17 . Memory (MB): peak = 4867.113 ; gain = 76.379 ; free physical = 245 ; free virtual = 37533

Phase 4.3 Placer Reporting

Phase 4.3.1 Print Estimated Congestion
INFO: [Place 30-612] Post-Placement Estimated Congestion 
 ________________________________________________________________________
|           | Global Congestion | Long Congestion   | Short Congestion  |
| Direction | Region Size       | Region Size       | Region Size       |
|___________|___________________|___________________|___________________|
|      North|                1x1|                1x1|                1x1|
|___________|___________________|___________________|___________________|
|      South|                1x1|                1x1|                1x1|
|___________|___________________|___________________|___________________|
|       East|                1x1|                1x1|                4x4|
|___________|___________________|___________________|___________________|
|       West|                1x1|                1x1|                4x4|
|___________|___________________|___________________|___________________|

Phase 4.3.1 Print Estimated Congestion | Checksum: 18eea0e9b

Time (s): cpu = 00:00:45 ; elapsed = 00:00:17 . Memory (MB): peak = 4867.113 ; gain = 76.379 ; free physical = 245 ; free virtual = 37533
Phase 4.3 Placer Reporting | Checksum: 18eea0e9b

Time (s): cpu = 00:00:45 ; elapsed = 00:00:17 . Memory (MB): peak = 4867.113 ; gain = 76.379 ; free physical = 245 ; free virtual = 37533

Phase 4.4 Final Placement Cleanup
Netlist sorting complete. Time (s): cpu = 00:00:00 ; elapsed = 00:00:00 . Memory (MB): peak = 4867.113 ; gain = 0.000 ; free physical = 245 ; free virtual = 37533

Time (s): cpu = 00:00:45 ; elapsed = 00:00:17 . Memory (MB): peak = 4867.113 ; gain = 76.379 ; free physical = 245 ; free virtual = 37533
Phase 4 Post Placement Optimization and Clean-Up | Checksum: 10d253c83

Time (s): cpu = 00:00:45 ; elapsed = 00:00:17 . Memory (MB): peak = 4867.113 ; gain = 76.379 ; free physical = 245 ; free virtual = 37533
Ending Placer Task | Checksum: 6efa20ff

Time (s): cpu = 00:00:45 ; elapsed = 00:00:17 . Memory (MB): peak = 4867.113 ; gain = 76.379 ; free physical = 245 ; free virtual = 37533
INFO: [Common 17-83] Releasing license: Implementation
83 Infos, 1 Warnings, 0 Critical Warnings and 0 Errors encountered.
place_design completed successfully
place_design: Time (s): cpu = 00:00:47 ; elapsed = 00:00:18 . Memory (MB): peak = 4867.113 ; gain = 76.379 ; free physical = 325 ; free virtual = 37613
INFO: [Timing 38-480] Writing timing data to binary archive.
Writing XDEF routing.
Writing XDEF routing logical nets.
Writing XDEF routing special nets.
Write XDEF Complete: Time (s): cpu = 00:00:02 ; elapsed = 00:00:00.53 . Memory (MB): peak = 4867.113 ; gain = 0.000 ; free physical = 285 ; free virtual = 37590
INFO: [Common 17-1381] The checkpoint '/home/sogang/ppe_fpga_ho/ppe_dma_passthrough/ppe_dma_passthrough.runs/impl_1/dma_passthrough_wrapper_placed.dcp' has been generated.
INFO: [runtcl-4] Executing : report_io -file dma_passthrough_wrapper_io_placed.rpt
report_io: Time (s): cpu = 00:00:00.11 ; elapsed = 00:00:00.18 . Memory (MB): peak = 4867.113 ; gain = 0.000 ; free physical = 267 ; free virtual = 37561
INFO: [runtcl-4] Executing : report_utilization -file dma_passthrough_wrapper_utilization_placed.rpt -pb dma_passthrough_wrapper_utilization_placed.pb
INFO: [runtcl-4] Executing : report_control_sets -verbose -file dma_passthrough_wrapper_control_sets_placed.rpt
report_control_sets: Time (s): cpu = 00:00:00.06 ; elapsed = 00:00:00.12 . Memory (MB): peak = 4867.113 ; gain = 0.000 ; free physical = 265 ; free virtual = 37560
Command: phys_opt_design
Attempting to get a license for feature 'Implementation' and/or device 'xck26'
INFO: [Common 17-349] Got license for feature 'Implementation' and/or device 'xck26'

Starting Initial Update Timing Task

Time (s): cpu = 00:00:02 ; elapsed = 00:00:00.62 . Memory (MB): peak = 4867.113 ; gain = 0.000 ; free physical = 251 ; free virtual = 37546
INFO: [Vivado_Tcl 4-383] Design worst setup slack (WNS) is greater than or equal to 0.000 ns. Skipping all physical synthesis optimizations.
INFO: [Vivado_Tcl 4-232] No setup violation found. The netlist was not modified.
INFO: [Common 17-83] Releasing license: Implementation
92 Infos, 1 Warnings, 0 Critical Warnings and 0 Errors encountered.
phys_opt_design completed successfully
INFO: [Timing 38-480] Writing timing data to binary archive.
Writing XDEF routing.
Writing XDEF routing logical nets.
Writing XDEF routing special nets.
Write XDEF Complete: Time (s): cpu = 00:00:02 ; elapsed = 00:00:00.5 . Memory (MB): peak = 4867.113 ; gain = 0.000 ; free physical = 258 ; free virtual = 37568
INFO: [Common 17-1381] The checkpoint '/home/sogang/ppe_fpga_ho/ppe_dma_passthrough/ppe_dma_passthrough.runs/impl_1/dma_passthrough_wrapper_physopt.dcp' has been generated.
Command: route_design
Attempting to get a license for feature 'Implementation' and/or device 'xck26'
INFO: [Common 17-349] Got license for feature 'Implementation' and/or device 'xck26'
Running DRC as a precondition to command route_design
INFO: [DRC 23-27] Running DRC with 8 threads
INFO: [Vivado_Tcl 4-198] DRC finished with 0 Errors
INFO: [Vivado_Tcl 4-199] Please refer to the DRC report (report_drc) for more information.


Starting Routing Task
INFO: [Route 35-254] Multithreading enabled for route_design using a maximum of 8 CPUs

Phase 1 Build RT Design
Checksum: PlaceDB: 390af74b ConstDB: 0 ShapeSum: 871723b RouteDB: 2d7db779
Nodegraph reading from file.  Time (s): cpu = 00:00:00.4 ; elapsed = 00:00:00.48 . Memory (MB): peak = 4867.113 ; gain = 0.000 ; free physical = 181 ; free virtual = 37433
Post Restoration Checksum: NetGraph: 265650bb NumContArr: 7a1bed76 Constraints: e8cf4fb2 Timing: 0
Phase 1 Build RT Design | Checksum: 189418de3

Time (s): cpu = 00:00:05 ; elapsed = 00:00:03 . Memory (MB): peak = 4867.113 ; gain = 0.000 ; free physical = 247 ; free virtual = 37416

Phase 2 Router Initialization

Phase 2.1 Fix Topology Constraints
Phase 2.1 Fix Topology Constraints | Checksum: 189418de3

Time (s): cpu = 00:00:05 ; elapsed = 00:00:03 . Memory (MB): peak = 4867.113 ; gain = 0.000 ; free physical = 200 ; free virtual = 37369

Phase 2.2 Pre Route Cleanup
Phase 2.2 Pre Route Cleanup | Checksum: 189418de3

Time (s): cpu = 00:00:05 ; elapsed = 00:00:03 . Memory (MB): peak = 4867.113 ; gain = 0.000 ; free physical = 200 ; free virtual = 37369

Phase 2.3 Global Clock Net Routing
 Number of Nodes with overlaps = 0
Phase 2.3 Global Clock Net Routing | Checksum: 218edade3

Time (s): cpu = 00:00:06 ; elapsed = 00:00:04 . Memory (MB): peak = 4867.113 ; gain = 0.000 ; free physical = 224 ; free virtual = 37311

Phase 2.4 Update Timing
Phase 2.4 Update Timing | Checksum: 153db8c67

Time (s): cpu = 00:00:07 ; elapsed = 00:00:04 . Memory (MB): peak = 4867.113 ; gain = 0.000 ; free physical = 220 ; free virtual = 37306
INFO: [Route 35-416] Intermediate Timing Summary | WNS=6.440  | TNS=0.000  | WHS=-0.066 | THS=-76.768|


Router Utilization Summary
  Global Vertical Routing Utilization    = 0 %
  Global Horizontal Routing Utilization  = 0 %
  Routable Net Status*
  *Does not include unroutable nets such as driverless and loadless.
  Run report_route_status for detailed report.
  Number of Failed Nets               = 9183
    (Failed Nets is the sum of unrouted and partially routed nets)
  Number of Unrouted Nets             = 8206
  Number of Partially Routed Nets     = 977
  Number of Node Overlaps             = 0

Phase 2 Router Initialization | Checksum: 22945a1a8

Time (s): cpu = 00:00:10 ; elapsed = 00:00:05 . Memory (MB): peak = 4867.113 ; gain = 0.000 ; free physical = 335 ; free virtual = 37352

Phase 3 Initial Routing

Phase 3.1 Global Routing
Phase 3.1 Global Routing | Checksum: 22945a1a8

Time (s): cpu = 00:00:10 ; elapsed = 00:00:05 . Memory (MB): peak = 4867.113 ; gain = 0.000 ; free physical = 334 ; free virtual = 37351
Phase 3 Initial Routing | Checksum: 1ff507f58

Time (s): cpu = 00:00:13 ; elapsed = 00:00:06 . Memory (MB): peak = 4867.113 ; gain = 0.000 ; free physical = 229 ; free virtual = 37246

Phase 4 Rip-up And Reroute

Phase 4.1 Global Iteration 0
 Number of Nodes with overlaps = 1610
 Number of Nodes with overlaps = 86
 Number of Nodes with overlaps = 1
 Number of Nodes with overlaps = 0
INFO: [Route 35-416] Intermediate Timing Summary | WNS=6.022  | TNS=0.000  | WHS=-0.023 | THS=-0.115 |

Phase 4.1 Global Iteration 0 | Checksum: 1a62e77bd

Time (s): cpu = 00:00:24 ; elapsed = 00:00:09 . Memory (MB): peak = 4867.113 ; gain = 0.000 ; free physical = 260 ; free virtual = 37279

Phase 4.2 Additional Iteration for Hold
Phase 4.2 Additional Iteration for Hold | Checksum: 1a6169550

Time (s): cpu = 00:00:25 ; elapsed = 00:00:09 . Memory (MB): peak = 4867.113 ; gain = 0.000 ; free physical = 260 ; free virtual = 37279
Phase 4 Rip-up And Reroute | Checksum: 1a6169550

Time (s): cpu = 00:00:25 ; elapsed = 00:00:09 . Memory (MB): peak = 4867.113 ; gain = 0.000 ; free physical = 260 ; free virtual = 37279

Phase 5 Delay and Skew Optimization

Phase 5.1 Delay CleanUp

Phase 5.1.1 Update Timing
Phase 5.1.1 Update Timing | Checksum: 1c39c0b04

Time (s): cpu = 00:00:26 ; elapsed = 00:00:10 . Memory (MB): peak = 4867.113 ; gain = 0.000 ; free physical = 266 ; free virtual = 37285
INFO: [Route 35-416] Intermediate Timing Summary | WNS=6.022  | TNS=0.000  | WHS=0.010  | THS=0.000  |


Phase 5.1.2 Update Timing
Phase 5.1.2 Update Timing | Checksum: 2297812f0

Time (s): cpu = 00:00:27 ; elapsed = 00:00:10 . Memory (MB): peak = 4867.113 ; gain = 0.000 ; free physical = 265 ; free virtual = 37284
INFO: [Route 35-416] Intermediate Timing Summary | WNS=6.022  | TNS=0.000  | WHS=0.010  | THS=0.000  |

Phase 5.1 Delay CleanUp | Checksum: 2297812f0

Time (s): cpu = 00:00:27 ; elapsed = 00:00:10 . Memory (MB): peak = 4867.113 ; gain = 0.000 ; free physical = 265 ; free virtual = 37284

Phase 5.2 Clock Skew Optimization
Phase 5.2 Clock Skew Optimization | Checksum: 2297812f0

Time (s): cpu = 00:00:27 ; elapsed = 00:00:10 . Memory (MB): peak = 4867.113 ; gain = 0.000 ; free physical = 265 ; free virtual = 37284
Phase 5 Delay and Skew Optimization | Checksum: 2297812f0

Time (s): cpu = 00:00:27 ; elapsed = 00:00:10 . Memory (MB): peak = 4867.113 ; gain = 0.000 ; free physical = 265 ; free virtual = 37284

Phase 6 Post Hold Fix

Phase 6.1 Hold Fix Iter

Phase 6.1.1 Update Timing
Phase 6.1.1 Update Timing | Checksum: 26733efb5

Time (s): cpu = 00:00:28 ; elapsed = 00:00:11 . Memory (MB): peak = 4867.113 ; gain = 0.000 ; free physical = 261 ; free virtual = 37280
INFO: [Route 35-416] Intermediate Timing Summary | WNS=6.022  | TNS=0.000  | WHS=0.010  | THS=0.000  |

Phase 6.1 Hold Fix Iter | Checksum: 27574752c

Time (s): cpu = 00:00:28 ; elapsed = 00:00:11 . Memory (MB): peak = 4867.113 ; gain = 0.000 ; free physical = 261 ; free virtual = 37280
Phase 6 Post Hold Fix | Checksum: 27574752c

Time (s): cpu = 00:00:28 ; elapsed = 00:00:11 . Memory (MB): peak = 4867.113 ; gain = 0.000 ; free physical = 261 ; free virtual = 37280

Phase 7 Route finalize

Router Utilization Summary
  Global Vertical Routing Utilization    = 0.697776 %
  Global Horizontal Routing Utilization  = 0.995554 %
  Routable Net Status*
  *Does not include unroutable nets such as driverless and loadless.
  Run report_route_status for detailed report.
  Number of Failed Nets               = 0
    (Failed Nets is the sum of unrouted and partially routed nets)
  Number of Unrouted Nets             = 0
  Number of Partially Routed Nets     = 0
  Number of Node Overlaps             = 0

Phase 7 Route finalize | Checksum: 281bfcd86

Time (s): cpu = 00:00:28 ; elapsed = 00:00:11 . Memory (MB): peak = 4867.113 ; gain = 0.000 ; free physical = 261 ; free virtual = 37280

Phase 8 Verifying routed nets

 Verification completed successfully
Phase 8 Verifying routed nets | Checksum: 281bfcd86

Time (s): cpu = 00:00:29 ; elapsed = 00:00:11 . Memory (MB): peak = 4867.113 ; gain = 0.000 ; free physical = 257 ; free virtual = 37276

Phase 9 Depositing Routes
Phase 9 Depositing Routes | Checksum: 281bfcd86

Time (s): cpu = 00:00:29 ; elapsed = 00:00:11 . Memory (MB): peak = 4867.113 ; gain = 0.000 ; free physical = 257 ; free virtual = 37276

Phase 10 Resolve XTalk
Phase 10 Resolve XTalk | Checksum: 281bfcd86

Time (s): cpu = 00:00:29 ; elapsed = 00:00:11 . Memory (MB): peak = 4867.113 ; gain = 0.000 ; free physical = 261 ; free virtual = 37280

Phase 11 Post Router Timing
INFO: [Route 35-57] Estimated Timing Summary | WNS=6.022  | TNS=0.000  | WHS=0.010  | THS=0.000  |

INFO: [Route 35-327] The final timing numbers are based on the router estimated timing analysis. For a complete and accurate timing signoff, please run report_timing_summary.
Phase 11 Post Router Timing | Checksum: 281bfcd86

Time (s): cpu = 00:00:30 ; elapsed = 00:00:11 . Memory (MB): peak = 4867.113 ; gain = 0.000 ; free physical = 261 ; free virtual = 37280
INFO: [Route 35-16] Router Completed Successfully

Time (s): cpu = 00:00:30 ; elapsed = 00:00:11 . Memory (MB): peak = 4867.113 ; gain = 0.000 ; free physical = 328 ; free virtual = 37347

Routing Is Done.
INFO: [Common 17-83] Releasing license: Implementation
108 Infos, 1 Warnings, 0 Critical Warnings and 0 Errors encountered.
route_design completed successfully
route_design: Time (s): cpu = 00:00:32 ; elapsed = 00:00:12 . Memory (MB): peak = 4867.113 ; gain = 0.000 ; free physical = 331 ; free virtual = 37350
INFO: [Timing 38-480] Writing timing data to binary archive.
Writing XDEF routing.
Writing XDEF routing logical nets.
Writing XDEF routing special nets.
Write XDEF Complete: Time (s): cpu = 00:00:02 ; elapsed = 00:00:00.56 . Memory (MB): peak = 4867.113 ; gain = 0.000 ; free physical = 274 ; free virtual = 37330
INFO: [Common 17-1381] The checkpoint '/home/sogang/ppe_fpga_ho/ppe_dma_passthrough/ppe_dma_passthrough.runs/impl_1/dma_passthrough_wrapper_routed.dcp' has been generated.
INFO: [runtcl-4] Executing : report_drc -file dma_passthrough_wrapper_drc_routed.rpt -pb dma_passthrough_wrapper_drc_routed.pb -rpx dma_passthrough_wrapper_drc_routed.rpx
Command: report_drc -file dma_passthrough_wrapper_drc_routed.rpt -pb dma_passthrough_wrapper_drc_routed.pb -rpx dma_passthrough_wrapper_drc_routed.rpx
INFO: [IP_Flow 19-1839] IP Catalog is up to date.
INFO: [DRC 23-27] Running DRC with 8 threads
INFO: [Vivado_Tcl 2-168] The results of DRC are in file /home/sogang/ppe_fpga_ho/ppe_dma_passthrough/ppe_dma_passthrough.runs/impl_1/dma_passthrough_wrapper_drc_routed.rpt.
report_drc completed successfully
INFO: [runtcl-4] Executing : report_methodology -file dma_passthrough_wrapper_methodology_drc_routed.rpt -pb dma_passthrough_wrapper_methodology_drc_routed.pb -rpx dma_passthrough_wrapper_methodology_drc_routed.rpx
Command: report_methodology -file dma_passthrough_wrapper_methodology_drc_routed.rpt -pb dma_passthrough_wrapper_methodology_drc_routed.pb -rpx dma_passthrough_wrapper_methodology_drc_routed.rpx
INFO: [Timing 38-35] Done setting XDC timing constraints.
INFO: [DRC 23-133] Running Methodology with 8 threads
INFO: [Vivado_Tcl 2-1520] The results of Report Methodology are in file /home/sogang/ppe_fpga_ho/ppe_dma_passthrough/ppe_dma_passthrough.runs/impl_1/dma_passthrough_wrapper_methodology_drc_routed.rpt.
report_methodology completed successfully
INFO: [runtcl-4] Executing : report_power -file dma_passthrough_wrapper_power_routed.rpt -pb dma_passthrough_wrapper_power_summary_routed.pb -rpx dma_passthrough_wrapper_power_routed.rpx
Command: report_power -file dma_passthrough_wrapper_power_routed.rpt -pb dma_passthrough_wrapper_power_summary_routed.pb -rpx dma_passthrough_wrapper_power_routed.rpx
INFO: [Timing 38-35] Done setting XDC timing constraints.
Running Vector-less Activity Propagation...

Finished Running Vector-less Activity Propagation
WARNING: [Power 33-332] Found switching activity that implies high-fanout reset nets being asserted for excessive periods of time which may result in inaccurate power analysis.
Resolution: To review and fix problems, please run Power Constraints Advisor in the GUI from Tools > Power Constraints Advisor or run report_power with the -advisory option to generate a text report.
120 Infos, 2 Warnings, 0 Critical Warnings and 0 Errors encountered.
report_power completed successfully
INFO: [runtcl-4] Executing : report_route_status -file dma_passthrough_wrapper_route_status.rpt -pb dma_passthrough_wrapper_route_status.pb
INFO: [runtcl-4] Executing : report_timing_summary -max_paths 10 -report_unconstrained -file dma_passthrough_wrapper_timing_summary_routed.rpt -pb dma_passthrough_wrapper_timing_summary_routed.pb -rpx dma_passthrough_wrapper_timing_summary_routed.rpx -warn_on_violation 
INFO: [Timing 38-91] UpdateTimingParams: Speed grade: -2LV, Temperature grade: C, Delay Type: min_max.
INFO: [Timing 38-191] Multithreading enabled for timing update using a maximum of 8 CPUs
INFO: [runtcl-4] Executing : report_incremental_reuse -file dma_passthrough_wrapper_incremental_reuse_routed.rpt
INFO: [Vivado_Tcl 4-1062] Incremental flow is disabled. No incremental reuse Info to report.
INFO: [runtcl-4] Executing : report_clock_utilization -file dma_passthrough_wrapper_clock_utilization_routed.rpt
INFO: [runtcl-4] Executing : report_bus_skew -warn_on_violation -file dma_passthrough_wrapper_bus_skew_routed.rpt -pb dma_passthrough_wrapper_bus_skew_routed.pb -rpx dma_passthrough_wrapper_bus_skew_routed.rpx
INFO: [Timing 38-91] UpdateTimingParams: Speed grade: -2LV, Temperature grade: C, Delay Type: min_max.
INFO: [Timing 38-191] Multithreading enabled for timing update using a maximum of 8 CPUs
INFO: [Common 17-206] Exiting Vivado at Fri Jul 31 10:57:49 2026...
[Fri Jul 31 10:58:24 2026] impl_1 finished
get_property STATUS [get_runs impl_1]
route_design Complete!
get_property PROGRESS [get_runs impl_1]
100%
launch_runs impl_1 -to_step write_bitstream -jobs 2
[Fri Jul 31 11:00:11 2026] Launched impl_1...
Run output will be captured here: /home/sogang/ppe_fpga_ho/ppe_dma_passthrough/ppe_dma_passthrough.runs/impl_1/runme.log
wait_on_run impl_1
[Fri Jul 31 11:05:38 2026] Waiting for impl_1 to finish...

*** Running vivado
    with args -log dma_passthrough_wrapper.vdi -applog -m64 -product Vivado -messageDb vivado.pb -mode batch -source dma_passthrough_wrapper.tcl -notrace


****** Vivado v2022.2 (64-bit)
  **** SW Build 3671981 on Fri Oct 14 04:59:54 MDT 2022
  **** IP Build 3669848 on Fri Oct 14 08:30:02 MDT 2022
    ** Copyright 1986-2022 Xilinx, Inc. All Rights Reserved.

source dma_passthrough_wrapper.tcl -notrace
Command: open_checkpoint /home/sogang/ppe_fpga_ho/ppe_dma_passthrough/ppe_dma_passthrough.runs/impl_1/dma_passthrough_wrapper.dcp
WARNING: [Project 1-153] The current project device 'xc7vx485tffg1157-1' does not match with the device on the 'XILINX.COM:KV260_SOM_SOM240_1_CONNECTOR_KV260_CARRIER_SOM240_1_CONNECTOR:1.4' board part. A device change to match the device on 'XILINX.COM:KV260_SOM_SOM240_1_CONNECTOR_KV260_CARRIER_SOM240_1_CONNECTOR:1.4' board part is being done. Please upgrade the IP in the project via the upgrade_ip command or by selecting Reports => Reports IP Status.
INFO: [Project 1-152] Project part set to zynquplus (xck26-sfvc784-2lv-c)
INFO: [Device 21-403] Loading part xck26-sfvc784-2LV-c
Netlist sorting complete. Time (s): cpu = 00:00:00.2 ; elapsed = 00:00:00.21 . Memory (MB): peak = 2673.898 ; gain = 0.000 ; free physical = 249 ; free virtual = 39027
INFO: [Netlist 29-17] Analyzing 94 Unisim elements for replacement
INFO: [Netlist 29-28] Unisim Transformation completed in 0 CPU seconds
INFO: [Project 1-479] Netlist was created with Vivado 2022.2
INFO: [Project 1-570] Preparing netlist for logic optimization
INFO: [Timing 38-478] Restoring timing data from binary archive.
INFO: [Timing 38-479] Binary timing data restore complete.
INFO: [Project 1-856] Restoring constraints from binary archive.
INFO: [Project 1-853] Binary constraint restore complete.
Netlist sorting complete. Time (s): cpu = 00:00:00.01 ; elapsed = 00:00:00 . Memory (MB): peak = 3157.234 ; gain = 0.000 ; free physical = 178 ; free virtual = 38707
INFO: [Project 1-111] Unisim Transformation Summary:
  A total of 76 instances were transformed.
  RAM16X1D => RAM32X1D (RAMD32(x2)): 1 instance 
  RAM32M => RAM32M (RAMD32(x6), RAMS32(x2)): 1 instance 
  RAM32M16 => RAM32M16 (RAMD32(x14), RAMS32(x2)): 74 instances

INFO: [Project 1-604] Checkpoint was created with Vivado v2022.2 (64-bit) build 3671981
OpenCheckpoint Checksum | Checksum: d6407bb3
----- Checksum: PlaceDB: 00000000 ShapeSum: d6407bb3 RouteDB: 00000000 
open_checkpoint: Time (s): cpu = 00:00:13 ; elapsed = 00:00:14 . Memory (MB): peak = 3157.234 ; gain = 1468.250 ; free physical = 178 ; free virtual = 38706
INFO: [IP_Flow 19-234] Refreshing IP repositories
INFO: [IP_Flow 19-1700] Loaded user IP repository '/home/sogang/ppe_fpga_ho/axis/passthrough/axis_passthrough_hls/solution1/impl/ip'.
INFO: [IP_Flow 19-2313] Loaded Vivado IP repository '/tools/Xilinx/Vivado/2022.2/data/ip'.
Command: opt_design
Attempting to get a license for feature 'Implementation' and/or device 'xck26'
INFO: [Common 17-349] Got license for feature 'Implementation' and/or device 'xck26'
Running DRC as a precondition to command opt_design

Starting DRC Task
INFO: [DRC 23-27] Running DRC with 8 threads
INFO: [Project 1-461] DRC finished with 0 Errors
INFO: [Project 1-462] Please refer to the DRC report (report_drc) for more information.

Time (s): cpu = 00:00:01 ; elapsed = 00:00:00.73 . Memory (MB): peak = 3253.953 ; gain = 93.750 ; free physical = 175 ; free virtual = 38679

Starting Cache Timing Information Task
Ending Cache Timing Information Task | Checksum: 1c20d2336

Time (s): cpu = 00:00:00 ; elapsed = 00:00:00 . Memory (MB): peak = 3253.953 ; gain = 0.000 ; free physical = 174 ; free virtual = 38678

Starting Logic Optimization Task

Phase 1 Retarget
INFO: [Opt 31-1287] Pulled Inverter dma_passthrough_i/axi_dma_0/U0/I_PRMRY_DATAMOVER/GEN_S2MM_FULL.I_S2MM_FULL_WRAPPER/GEN_ENABLE_INDET_BTT_SF.I_INDET_BTT/I_XD_FIFO/NON_BLK_MEM.I_SYNC_FIFOGEN_FIFO/xpm_fifo_instance.xpm_fifo_sync_inst_i_1__0 into driver instance dma_passthrough_i/axi_dma_0/U0/I_PRMRY_DATAMOVER/GEN_S2MM_FULL.I_S2MM_FULL_WRAPPER/GEN_ENABLE_INDET_BTT_SF.I_INDET_BTT/I_XD_FIFO/NON_BLK_MEM.I_SYNC_FIFOGEN_FIFO/xpm_fifo_instance.xpm_fifo_sync_inst_i_9__0, which resulted in an inversion of 18 pins
INFO: [Opt 31-1287] Pulled Inverter dma_passthrough_i/axi_dma_0/U0/I_PRMRY_DATAMOVER/GEN_S2MM_FULL.I_S2MM_FULL_WRAPPER/I_WR_DATA_CNTL/GEN_DATA_CNTL_FIFO.I_DATA_CNTL_FIFO/USE_SRL_FIFO.I_SYNC_FIFO/I_SRL_FIFO_RBU_F/CNTR_INCR_DECR_ADDN_F_I/sig_next_calc_error_reg_i_2 into driver instance dma_passthrough_i/axi_dma_0/U0/I_PRMRY_DATAMOVER/GEN_S2MM_FULL.I_S2MM_FULL_WRAPPER/I_WR_DATA_CNTL/GEN_DATA_CNTL_FIFO.I_DATA_CNTL_FIFO/USE_SRL_FIFO.I_SYNC_FIFO/I_SRL_FIFO_RBU_F/CNTR_INCR_DECR_ADDN_F_I/INFERRED_GEN.cnt_i[2]_i_2__2, which resulted in an inversion of 20 pins
INFO: [Opt 31-1287] Pulled Inverter dma_passthrough_i/smartconnect_0/inst/s00_entry_pipeline/s00_mmu/inst/gen_wroute_reg.wroute_split/s_axi_awready_INST_0 into driver instance dma_passthrough_i/smartconnect_0/inst/s00_entry_pipeline/s00_mmu/inst/gen_wroute_reg.wroute_split/s_axi_awready_INST_0_i_1, which resulted in an inversion of 4 pins
INFO: [Opt 31-1287] Pulled Inverter dma_passthrough_i/smartconnect_0/inst/s00_entry_pipeline/s00_si_converter/inst/gen_axilite_conv.axilite_conv_inst/s_axi_rlast_INST_0 into driver instance dma_passthrough_i/smartconnect_0/inst/s00_entry_pipeline/s00_si_converter/inst/gen_axilite_conv.axilite_conv_inst/s_axi_rlast_INST_0_i_1, which resulted in an inversion of 8 pins
INFO: [Opt 31-138] Pushed 104 inverter(s) to 1225 load pin(s).
INFO: [Opt 31-49] Retargeted 0 cell(s).
Phase 1 Retarget | Checksum: 10d5415a3

Time (s): cpu = 00:00:00.7 ; elapsed = 00:00:00.34 . Memory (MB): peak = 3492.832 ; gain = 24.012 ; free physical = 222 ; free virtual = 38497
INFO: [Opt 31-389] Phase Retarget created 65 cells and removed 480 cells
INFO: [Opt 31-1021] In phase Retarget, 91 netlist objects are constrained preventing optimization. Please run opt_design with -debug_log to get more detail. 

Phase 2 Constant propagation
INFO: [Opt 31-138] Pushed 0 inverter(s) to 0 load pin(s).
Phase 2 Constant propagation | Checksum: 119b7f3ee

Time (s): cpu = 00:00:00.76 ; elapsed = 00:00:00.4 . Memory (MB): peak = 3492.832 ; gain = 24.012 ; free physical = 220 ; free virtual = 38496
INFO: [Opt 31-389] Phase Constant propagation created 33 cells and removed 364 cells
INFO: [Opt 31-1021] In phase Constant propagation, 120 netlist objects are constrained preventing optimization. Please run opt_design with -debug_log to get more detail. 

Phase 3 Sweep
Phase 3 Sweep | Checksum: 5949818a

Time (s): cpu = 00:00:01 ; elapsed = 00:00:00.68 . Memory (MB): peak = 3492.832 ; gain = 24.012 ; free physical = 222 ; free virtual = 38497
INFO: [Opt 31-389] Phase Sweep created 0 cells and removed 265 cells
INFO: [Opt 31-1021] In phase Sweep, 152 netlist objects are constrained preventing optimization. Please run opt_design with -debug_log to get more detail. 

Phase 4 BUFG optimization
INFO: [Opt 31-1077] Phase BUFG optimization inserted 0 global clock buffer(s) for CLOCK_LOW_FANOUT.
Phase 4 BUFG optimization | Checksum: 5949818a

Time (s): cpu = 00:00:01 ; elapsed = 00:00:00.76 . Memory (MB): peak = 3524.848 ; gain = 56.027 ; free physical = 217 ; free virtual = 38494
INFO: [Opt 31-662] Phase BUFG optimization created 0 cells of which 0 are BUFGs and removed 0 cells.

Phase 5 Shift Register Optimization
INFO: [Opt 31-1064] SRL Remap converted 0 SRLs to 0 registers and converted 0 registers of register chains to 0 SRLs
Phase 5 Shift Register Optimization | Checksum: 5949818a

Time (s): cpu = 00:00:01 ; elapsed = 00:00:00.77 . Memory (MB): peak = 3524.848 ; gain = 56.027 ; free physical = 217 ; free virtual = 38494
INFO: [Opt 31-389] Phase Shift Register Optimization created 0 cells and removed 0 cells

Phase 6 Post Processing Netlist
Phase 6 Post Processing Netlist | Checksum: 2ab1d2b9

Time (s): cpu = 00:00:01 ; elapsed = 00:00:00.8 . Memory (MB): peak = 3524.848 ; gain = 56.027 ; free physical = 217 ; free virtual = 38494
INFO: [Opt 31-389] Phase Post Processing Netlist created 0 cells and removed 0 cells
INFO: [Opt 31-1021] In phase Post Processing Netlist, 105 netlist objects are constrained preventing optimization. Please run opt_design with -debug_log to get more detail. 
Opt_design Change Summary
=========================


-------------------------------------------------------------------------------------------------------------------------
|  Phase                        |  #Cells created  |  #Cells Removed  |  #Constrained objects preventing optimizations  |
-------------------------------------------------------------------------------------------------------------------------
|  Retarget                     |              65  |             480  |                                             91  |
|  Constant propagation         |              33  |             364  |                                            120  |
|  Sweep                        |               0  |             265  |                                            152  |
|  BUFG optimization            |               0  |               0  |                                              0  |
|  Shift Register Optimization  |               0  |               0  |                                              0  |
|  Post Processing Netlist      |               0  |               0  |                                            105  |
-------------------------------------------------------------------------------------------------------------------------



Starting Connectivity Check Task

Time (s): cpu = 00:00:00.05 ; elapsed = 00:00:00.01 . Memory (MB): peak = 3524.848 ; gain = 0.000 ; free physical = 215 ; free virtual = 38493
Ending Logic Optimization Task | Checksum: fa1515f5

Time (s): cpu = 00:00:01 ; elapsed = 00:00:00.9 . Memory (MB): peak = 3524.848 ; gain = 56.027 ; free physical = 215 ; free virtual = 38493

Starting Power Optimization Task
INFO: [Pwropt 34-132] Skipping clock gating for clocks with a period < 2.00 ns.
INFO: [Pwropt 34-9] Applying IDT optimizations ...
INFO: [Pwropt 34-10] Applying ODC optimizations ...
INFO: [Timing 38-35] Done setting XDC timing constraints.
Running Vector-less Activity Propagation...

Finished Running Vector-less Activity Propagation


Starting PowerOpt Patch Enables Task
INFO: [Pwropt 34-162] WRITE_MODE attribute of 0 BRAM(s) out of a total of 2 has been updated to save power. Run report_power_opt to get a complete listing of the BRAMs updated.
INFO: [Pwropt 34-201] Structural ODC has moved 0 WE to EN ports
Number of BRAM Ports augmented: 0 newly gated: 0 Total Ports: 4
Ending PowerOpt Patch Enables Task | Checksum: fa1515f5

Time (s): cpu = 00:00:00.04 ; elapsed = 00:00:00.04 . Memory (MB): peak = 4071.598 ; gain = 0.000 ; free physical = 244 ; free virtual = 38089
Ending Power Optimization Task | Checksum: fa1515f5

Time (s): cpu = 00:00:09 ; elapsed = 00:00:08 . Memory (MB): peak = 4071.598 ; gain = 546.750 ; free physical = 268 ; free virtual = 38113

Starting Final Cleanup Task
Ending Final Cleanup Task | Checksum: fa1515f5

Time (s): cpu = 00:00:00 ; elapsed = 00:00:00 . Memory (MB): peak = 4071.598 ; gain = 0.000 ; free physical = 268 ; free virtual = 38113

Starting Netlist Obfuscation Task
Netlist sorting complete. Time (s): cpu = 00:00:00 ; elapsed = 00:00:00 . Memory (MB): peak = 4071.598 ; gain = 0.000 ; free physical = 268 ; free virtual = 38113
Ending Netlist Obfuscation Task | Checksum: fa1515f5

Time (s): cpu = 00:00:00 ; elapsed = 00:00:00.01 . Memory (MB): peak = 4071.598 ; gain = 0.000 ; free physical = 268 ; free virtual = 38113
INFO: [Common 17-83] Releasing license: Implementation
45 Infos, 1 Warnings, 0 Critical Warnings and 0 Errors encountered.
opt_design completed successfully
opt_design: Time (s): cpu = 00:00:13 ; elapsed = 00:00:11 . Memory (MB): peak = 4071.598 ; gain = 914.363 ; free physical = 268 ; free virtual = 38113
INFO: [Timing 38-480] Writing timing data to binary archive.
INFO: [Common 17-1381] The checkpoint '/home/sogang/ppe_fpga_ho/ppe_dma_passthrough/ppe_dma_passthrough.runs/impl_1/dma_passthrough_wrapper_opt.dcp' has been generated.
INFO: [runtcl-4] Executing : report_drc -file dma_passthrough_wrapper_drc_opted.rpt -pb dma_passthrough_wrapper_drc_opted.pb -rpx dma_passthrough_wrapper_drc_opted.rpx
Command: report_drc -file dma_passthrough_wrapper_drc_opted.rpt -pb dma_passthrough_wrapper_drc_opted.pb -rpx dma_passthrough_wrapper_drc_opted.rpx
INFO: [IP_Flow 19-1839] IP Catalog is up to date.
INFO: [Timing 38-35] Done setting XDC timing constraints.
INFO: [DRC 23-27] Running DRC with 8 threads
INFO: [Vivado_Tcl 2-168] The results of DRC are in file /home/sogang/ppe_fpga_ho/ppe_dma_passthrough/ppe_dma_passthrough.runs/impl_1/dma_passthrough_wrapper_drc_opted.rpt.
report_drc completed successfully
report_drc: Time (s): cpu = 00:00:13 ; elapsed = 00:00:12 . Memory (MB): peak = 4790.734 ; gain = 719.137 ; free physical = 234 ; free virtual = 37558
Command: place_design
Attempting to get a license for feature 'Implementation' and/or device 'xck26'
INFO: [Common 17-349] Got license for feature 'Implementation' and/or device 'xck26'
INFO: [DRC 23-27] Running DRC with 8 threads
INFO: [Vivado_Tcl 4-198] DRC finished with 0 Errors
INFO: [Vivado_Tcl 4-199] Please refer to the DRC report (report_drc) for more information.
Running DRC as a precondition to command place_design
INFO: [DRC 23-27] Running DRC with 8 threads
INFO: [Vivado_Tcl 4-198] DRC finished with 0 Errors
INFO: [Vivado_Tcl 4-199] Please refer to the DRC report (report_drc) for more information.

Starting Placer Task
INFO: [Place 30-611] Multithreading enabled for place_design using a maximum of 8 CPUs

Phase 1 Placer Initialization

Phase 1.1 Placer Initialization Netlist Sorting
Netlist sorting complete. Time (s): cpu = 00:00:00.01 ; elapsed = 00:00:00 . Memory (MB): peak = 4790.734 ; gain = 0.000 ; free physical = 189 ; free virtual = 37513
Phase 1.1 Placer Initialization Netlist Sorting | Checksum: 25ae9a2a

Time (s): cpu = 00:00:00.01 ; elapsed = 00:00:00.04 . Memory (MB): peak = 4790.734 ; gain = 0.000 ; free physical = 189 ; free virtual = 37513
Netlist sorting complete. Time (s): cpu = 00:00:00 ; elapsed = 00:00:00 . Memory (MB): peak = 4790.734 ; gain = 0.000 ; free physical = 189 ; free virtual = 37513

Phase 1.2 IO Placement/ Clock Placement/ Build Placer Device
Phase 1.2 IO Placement/ Clock Placement/ Build Placer Device | Checksum: 106966e71

Time (s): cpu = 00:00:02 ; elapsed = 00:00:01 . Memory (MB): peak = 4790.734 ; gain = 0.000 ; free physical = 195 ; free virtual = 37523

Phase 1.3 Build Placer Netlist Model
Phase 1.3 Build Placer Netlist Model | Checksum: 1d632adfc

Time (s): cpu = 00:00:04 ; elapsed = 00:00:02 . Memory (MB): peak = 4790.734 ; gain = 0.000 ; free physical = 221 ; free virtual = 37499

Phase 1.4 Constrain Clocks/Macros
Phase 1.4 Constrain Clocks/Macros | Checksum: 1d632adfc

Time (s): cpu = 00:00:04 ; elapsed = 00:00:02 . Memory (MB): peak = 4790.734 ; gain = 0.000 ; free physical = 221 ; free virtual = 37499
Phase 1 Placer Initialization | Checksum: 1d632adfc

Time (s): cpu = 00:00:05 ; elapsed = 00:00:02 . Memory (MB): peak = 4790.734 ; gain = 0.000 ; free physical = 221 ; free virtual = 37500

Phase 2 Global Placement

Phase 2.1 Floorplanning

Phase 2.1.1 Partition Driven Placement

Phase 2.1.1.1 PBP: Partition Driven Placement
Phase 2.1.1.1 PBP: Partition Driven Placement | Checksum: 1540f4efb

Time (s): cpu = 00:00:07 ; elapsed = 00:00:03 . Memory (MB): peak = 4790.734 ; gain = 0.000 ; free physical = 313 ; free virtual = 37592

Phase 2.1.1.2 PBP: Clock Region Placement
Phase 2.1.1.2 PBP: Clock Region Placement | Checksum: 1540f4efb

Time (s): cpu = 00:00:07 ; elapsed = 00:00:03 . Memory (MB): peak = 4790.734 ; gain = 0.000 ; free physical = 297 ; free virtual = 37578

Phase 2.1.1.3 PBP: Compute Congestion
Phase 2.1.1.3 PBP: Compute Congestion | Checksum: 1540f4efb

Time (s): cpu = 00:00:08 ; elapsed = 00:00:05 . Memory (MB): peak = 4837.098 ; gain = 46.363 ; free physical = 177 ; free virtual = 37511

Phase 2.1.1.4 PBP: UpdateTiming
Phase 2.1.1.4 PBP: UpdateTiming | Checksum: 1ab1812b1

Time (s): cpu = 00:00:09 ; elapsed = 00:00:06 . Memory (MB): peak = 4867.113 ; gain = 76.379 ; free physical = 197 ; free virtual = 37531

Phase 2.1.1.5 PBP: Add part constraints
Phase 2.1.1.5 PBP: Add part constraints | Checksum: 1ab1812b1

Time (s): cpu = 00:00:09 ; elapsed = 00:00:06 . Memory (MB): peak = 4867.113 ; gain = 76.379 ; free physical = 197 ; free virtual = 37531
Phase 2.1.1 Partition Driven Placement | Checksum: 1ab1812b1

Time (s): cpu = 00:00:09 ; elapsed = 00:00:06 . Memory (MB): peak = 4867.113 ; gain = 76.379 ; free physical = 197 ; free virtual = 37531
Phase 2.1 Floorplanning | Checksum: 11c88e786

Time (s): cpu = 00:00:09 ; elapsed = 00:00:06 . Memory (MB): peak = 4867.113 ; gain = 76.379 ; free physical = 197 ; free virtual = 37531

Phase 2.2 Update Timing before SLR Path Opt
Phase 2.2 Update Timing before SLR Path Opt | Checksum: 11c88e786

Time (s): cpu = 00:00:09 ; elapsed = 00:00:06 . Memory (MB): peak = 4867.113 ; gain = 76.379 ; free physical = 197 ; free virtual = 37531

Phase 2.3 Post-Processing in Floorplanning
Phase 2.3 Post-Processing in Floorplanning | Checksum: 11c88e786

Time (s): cpu = 00:00:09 ; elapsed = 00:00:06 . Memory (MB): peak = 4867.113 ; gain = 76.379 ; free physical = 197 ; free virtual = 37531

Phase 2.4 Global Placement Core

Phase 2.4.1 UpdateTiming Before Physical Synthesis
Phase 2.4.1 UpdateTiming Before Physical Synthesis | Checksum: 1de1a651a

Time (s): cpu = 00:00:31 ; elapsed = 00:00:10 . Memory (MB): peak = 4867.113 ; gain = 76.379 ; free physical = 236 ; free virtual = 37537

Phase 2.4.2 Physical Synthesis In Placer
INFO: [Physopt 32-1035] Found 0 LUTNM shape to break, 375 LUT instances to create LUTNM shape
INFO: [Physopt 32-1044] Break lutnm for timing: one critical 0, two critical 0, total 0, new lutff created 0
INFO: [Physopt 32-1138] End 1 Pass. Optimized 130 nets or LUTs. Breaked 0 LUT, combined 130 existing LUTs and moved 0 existing LUT
INFO: [Physopt 32-1030] Pass 1. Identified 1 candidate driver set for equivalent driver rewiring.
INFO: [Physopt 32-661] Optimized 0 net.  Re-placed 0 instance.
INFO: [Physopt 32-775] End 1 Pass. Optimized 0 net or cell. Created 0 new cell, deleted 0 existing cell and moved 0 existing cell
INFO: [Physopt 32-65] No nets found for high-fanout optimization.
INFO: [Physopt 32-232] Optimized 0 net. Created 0 new instance.
INFO: [Physopt 32-775] End 1 Pass. Optimized 0 net or cell. Created 0 new cell, deleted 0 existing cell and moved 0 existing cell
INFO: [Physopt 32-670] No setup violation found.  DSP Register Optimization was not performed.
INFO: [Physopt 32-670] No setup violation found.  Shift Register to Pipeline Optimization was not performed.
INFO: [Physopt 32-670] No setup violation found.  Shift Register Optimization was not performed.
INFO: [Physopt 32-670] No setup violation found.  BRAM Register Optimization was not performed.
INFO: [Physopt 32-670] No setup violation found.  URAM Register Optimization was not performed.
INFO: [Physopt 32-949] No candidate nets found for dynamic/static region interface net replication
INFO: [Physopt 32-775] End 1 Pass. Optimized 0 net or cell. Created 0 new cell, deleted 0 existing cell and moved 0 existing cell
Netlist sorting complete. Time (s): cpu = 00:00:00 ; elapsed = 00:00:00 . Memory (MB): peak = 4867.113 ; gain = 0.000 ; free physical = 235 ; free virtual = 37538

Summary of Physical Synthesis Optimizations
============================================


-----------------------------------------------------------------------------------------------------------------------------------------------------------
|  Optimization                                     |  Added Cells  |  Removed Cells  |  Optimized Cells/Nets  |  Dont Touch  |  Iterations  |  Elapsed   |
-----------------------------------------------------------------------------------------------------------------------------------------------------------
|  LUT Combining                                    |            0  |            130  |                   130  |           0  |           1  |  00:00:00  |
|  Retime                                           |            0  |              0  |                     0  |           0  |           1  |  00:00:00  |
|  Equivalent Driver Rewiring                       |            0  |              0  |                     0  |           0  |           1  |  00:00:00  |
|  Very High Fanout                                 |            0  |              0  |                     0  |           0  |           1  |  00:00:00  |
|  DSP Register                                     |            0  |              0  |                     0  |           0  |           0  |  00:00:00  |
|  Shift Register to Pipeline                       |            0  |              0  |                     0  |           0  |           0  |  00:00:00  |
|  Shift Register                                   |            0  |              0  |                     0  |           0  |           0  |  00:00:00  |
|  BRAM Register                                    |            0  |              0  |                     0  |           0  |           0  |  00:00:00  |
|  URAM Register                                    |            0  |              0  |                     0  |           0  |           0  |  00:00:00  |
|  Dynamic/Static Region Interface Net Replication  |            0  |              0  |                     0  |           0  |           1  |  00:00:00  |
|  Total                                            |            0  |            130  |                   130  |           0  |           5  |  00:00:00  |
-----------------------------------------------------------------------------------------------------------------------------------------------------------


Phase 2.4.2 Physical Synthesis In Placer | Checksum: 19b8385f3

Time (s): cpu = 00:00:32 ; elapsed = 00:00:11 . Memory (MB): peak = 4867.113 ; gain = 76.379 ; free physical = 235 ; free virtual = 37538
Phase 2.4 Global Placement Core | Checksum: fec04e3b

Time (s): cpu = 00:00:34 ; elapsed = 00:00:11 . Memory (MB): peak = 4867.113 ; gain = 76.379 ; free physical = 217 ; free virtual = 37517
Phase 2 Global Placement | Checksum: fec04e3b

Time (s): cpu = 00:00:34 ; elapsed = 00:00:11 . Memory (MB): peak = 4867.113 ; gain = 76.379 ; free physical = 221 ; free virtual = 37522

Phase 3 Detail Placement

Phase 3.1 Commit Multi Column Macros
Phase 3.1 Commit Multi Column Macros | Checksum: 17193d3fb

Time (s): cpu = 00:00:35 ; elapsed = 00:00:12 . Memory (MB): peak = 4867.113 ; gain = 76.379 ; free physical = 226 ; free virtual = 37514

Phase 3.2 Commit Most Macros & LUTRAMs
Phase 3.2 Commit Most Macros & LUTRAMs | Checksum: f3b6bb09

Time (s): cpu = 00:00:36 ; elapsed = 00:00:12 . Memory (MB): peak = 4867.113 ; gain = 76.379 ; free physical = 228 ; free virtual = 37516

Phase 3.3 Small Shape DP

Phase 3.3.1 Small Shape Clustering
Phase 3.3.1 Small Shape Clustering | Checksum: 114ae0410

Time (s): cpu = 00:00:36 ; elapsed = 00:00:12 . Memory (MB): peak = 4867.113 ; gain = 76.379 ; free physical = 232 ; free virtual = 37520

Phase 3.3.2 Flow Legalize Slice Clusters
Phase 3.3.2 Flow Legalize Slice Clusters | Checksum: 1c3fc932d

Time (s): cpu = 00:00:36 ; elapsed = 00:00:12 . Memory (MB): peak = 4867.113 ; gain = 76.379 ; free physical = 232 ; free virtual = 37520

Phase 3.3.3 Slice Area Swap

Phase 3.3.3.1 Slice Area Swap Initial
Phase 3.3.3.1 Slice Area Swap Initial | Checksum: ecbcc368

Time (s): cpu = 00:00:37 ; elapsed = 00:00:12 . Memory (MB): peak = 4867.113 ; gain = 76.379 ; free physical = 230 ; free virtual = 37518
Phase 3.3.3 Slice Area Swap | Checksum: ecbcc368

Time (s): cpu = 00:00:37 ; elapsed = 00:00:12 . Memory (MB): peak = 4867.113 ; gain = 76.379 ; free physical = 219 ; free virtual = 37507
Phase 3.3 Small Shape DP | Checksum: 27683da60

Time (s): cpu = 00:00:38 ; elapsed = 00:00:13 . Memory (MB): peak = 4867.113 ; gain = 76.379 ; free physical = 219 ; free virtual = 37508

Phase 3.4 Re-assign LUT pins
Phase 3.4 Re-assign LUT pins | Checksum: 1fe81f8b7

Time (s): cpu = 00:00:38 ; elapsed = 00:00:13 . Memory (MB): peak = 4867.113 ; gain = 76.379 ; free physical = 219 ; free virtual = 37508

Phase 3.5 Pipeline Register Optimization
Phase 3.5 Pipeline Register Optimization | Checksum: 1589b0c25

Time (s): cpu = 00:00:38 ; elapsed = 00:00:13 . Memory (MB): peak = 4867.113 ; gain = 76.379 ; free physical = 219 ; free virtual = 37507
Phase 3 Detail Placement | Checksum: 1589b0c25

Time (s): cpu = 00:00:38 ; elapsed = 00:00:13 . Memory (MB): peak = 4867.113 ; gain = 76.379 ; free physical = 220 ; free virtual = 37508

Phase 4 Post Placement Optimization and Clean-Up

Phase 4.1 Post Commit Optimization
INFO: [Timing 38-35] Done setting XDC timing constraints.

Phase 4.1.1 Post Placement Optimization
Post Placement Optimization Initialization | Checksum: d5898296

Phase 4.1.1.1 BUFG Insertion

Starting Physical Synthesis Task

Phase 1 Physical Synthesis Initialization
INFO: [Physopt 32-721] Multithreading enabled for phys_opt_design using a maximum of 8 CPUs
INFO: [Physopt 32-619] Estimated Timing Summary | WNS=6.266 | TNS=0.000 |
Phase 1 Physical Synthesis Initialization | Checksum: 170e50716

Time (s): cpu = 00:00:00.27 ; elapsed = 00:00:00.07 . Memory (MB): peak = 4867.113 ; gain = 0.000 ; free physical = 235 ; free virtual = 37523
INFO: [Place 46-56] BUFG insertion identified 0 candidate nets. Inserted BUFG: 0, Replicated BUFG Driver: 0, Skipped due to Placement/Routing Conflicts: 0, Skipped due to Timing Degradation: 0, Skipped due to Illegal Netlist: 0.
Ending Physical Synthesis Task | Checksum: 197a7b769

Time (s): cpu = 00:00:00.31 ; elapsed = 00:00:00.11 . Memory (MB): peak = 4867.113 ; gain = 0.000 ; free physical = 235 ; free virtual = 37523
Phase 4.1.1.1 BUFG Insertion | Checksum: d5898296

Time (s): cpu = 00:00:42 ; elapsed = 00:00:15 . Memory (MB): peak = 4867.113 ; gain = 76.379 ; free physical = 236 ; free virtual = 37524

Phase 4.1.1.2 Post Placement Timing Optimization
INFO: [Place 30-746] Post Placement Timing Summary WNS=6.266. For the most accurate timing information please run report_timing.
Phase 4.1.1.2 Post Placement Timing Optimization | Checksum: 1616c5722

Time (s): cpu = 00:00:42 ; elapsed = 00:00:15 . Memory (MB): peak = 4867.113 ; gain = 76.379 ; free physical = 237 ; free virtual = 37524

Time (s): cpu = 00:00:42 ; elapsed = 00:00:15 . Memory (MB): peak = 4867.113 ; gain = 76.379 ; free physical = 237 ; free virtual = 37524
Phase 4.1 Post Commit Optimization | Checksum: 1616c5722

Time (s): cpu = 00:00:42 ; elapsed = 00:00:15 . Memory (MB): peak = 4867.113 ; gain = 76.379 ; free physical = 237 ; free virtual = 37524
Netlist sorting complete. Time (s): cpu = 00:00:00 ; elapsed = 00:00:00 . Memory (MB): peak = 4867.113 ; gain = 0.000 ; free physical = 246 ; free virtual = 37534

Phase 4.2 Post Placement Cleanup
Phase 4.2 Post Placement Cleanup | Checksum: 18eea0e9b

Time (s): cpu = 00:00:45 ; elapsed = 00:00:17 . Memory (MB): peak = 4867.113 ; gain = 76.379 ; free physical = 245 ; free virtual = 37533

Phase 4.3 Placer Reporting

Phase 4.3.1 Print Estimated Congestion
INFO: [Place 30-612] Post-Placement Estimated Congestion 
 ________________________________________________________________________
|           | Global Congestion | Long Congestion   | Short Congestion  |
| Direction | Region Size       | Region Size       | Region Size       |
|___________|___________________|___________________|___________________|
|      North|                1x1|                1x1|                1x1|
|___________|___________________|___________________|___________________|
|      South|                1x1|                1x1|                1x1|
|___________|___________________|___________________|___________________|
|       East|                1x1|                1x1|                4x4|
|___________|___________________|___________________|___________________|
|       West|                1x1|                1x1|                4x4|
|___________|___________________|___________________|___________________|

Phase 4.3.1 Print Estimated Congestion | Checksum: 18eea0e9b

Time (s): cpu = 00:00:45 ; elapsed = 00:00:17 . Memory (MB): peak = 4867.113 ; gain = 76.379 ; free physical = 245 ; free virtual = 37533
Phase 4.3 Placer Reporting | Checksum: 18eea0e9b

Time (s): cpu = 00:00:45 ; elapsed = 00:00:17 . Memory (MB): peak = 4867.113 ; gain = 76.379 ; free physical = 245 ; free virtual = 37533

Phase 4.4 Final Placement Cleanup
Netlist sorting complete. Time (s): cpu = 00:00:00 ; elapsed = 00:00:00 . Memory (MB): peak = 4867.113 ; gain = 0.000 ; free physical = 245 ; free virtual = 37533

Time (s): cpu = 00:00:45 ; elapsed = 00:00:17 . Memory (MB): peak = 4867.113 ; gain = 76.379 ; free physical = 245 ; free virtual = 37533
Phase 4 Post Placement Optimization and Clean-Up | Checksum: 10d253c83

Time (s): cpu = 00:00:45 ; elapsed = 00:00:17 . Memory (MB): peak = 4867.113 ; gain = 76.379 ; free physical = 245 ; free virtual = 37533
Ending Placer Task | Checksum: 6efa20ff

Time (s): cpu = 00:00:45 ; elapsed = 00:00:17 . Memory (MB): peak = 4867.113 ; gain = 76.379 ; free physical = 245 ; free virtual = 37533
INFO: [Common 17-83] Releasing license: Implementation
83 Infos, 1 Warnings, 0 Critical Warnings and 0 Errors encountered.
place_design completed successfully
place_design: Time (s): cpu = 00:00:47 ; elapsed = 00:00:18 . Memory (MB): peak = 4867.113 ; gain = 76.379 ; free physical = 325 ; free virtual = 37613
INFO: [Timing 38-480] Writing timing data to binary archive.
Writing XDEF routing.
Writing XDEF routing logical nets.
Writing XDEF routing special nets.
Write XDEF Complete: Time (s): cpu = 00:00:02 ; elapsed = 00:00:00.53 . Memory (MB): peak = 4867.113 ; gain = 0.000 ; free physical = 285 ; free virtual = 37590
INFO: [Common 17-1381] The checkpoint '/home/sogang/ppe_fpga_ho/ppe_dma_passthrough/ppe_dma_passthrough.runs/impl_1/dma_passthrough_wrapper_placed.dcp' has been generated.
INFO: [runtcl-4] Executing : report_io -file dma_passthrough_wrapper_io_placed.rpt
report_io: Time (s): cpu = 00:00:00.11 ; elapsed = 00:00:00.18 . Memory (MB): peak = 4867.113 ; gain = 0.000 ; free physical = 267 ; free virtual = 37561
INFO: [runtcl-4] Executing : report_utilization -file dma_passthrough_wrapper_utilization_placed.rpt -pb dma_passthrough_wrapper_utilization_placed.pb
INFO: [runtcl-4] Executing : report_control_sets -verbose -file dma_passthrough_wrapper_control_sets_placed.rpt
report_control_sets: Time (s): cpu = 00:00:00.06 ; elapsed = 00:00:00.12 . Memory (MB): peak = 4867.113 ; gain = 0.000 ; free physical = 265 ; free virtual = 37560
Command: phys_opt_design
Attempting to get a license for feature 'Implementation' and/or device 'xck26'
INFO: [Common 17-349] Got license for feature 'Implementation' and/or device 'xck26'

Starting Initial Update Timing Task

Time (s): cpu = 00:00:02 ; elapsed = 00:00:00.62 . Memory (MB): peak = 4867.113 ; gain = 0.000 ; free physical = 251 ; free virtual = 37546
INFO: [Vivado_Tcl 4-383] Design worst setup slack (WNS) is greater than or equal to 0.000 ns. Skipping all physical synthesis optimizations.
INFO: [Vivado_Tcl 4-232] No setup violation found. The netlist was not modified.
INFO: [Common 17-83] Releasing license: Implementation
92 Infos, 1 Warnings, 0 Critical Warnings and 0 Errors encountered.
phys_opt_design completed successfully
INFO: [Timing 38-480] Writing timing data to binary archive.
Writing XDEF routing.
Writing XDEF routing logical nets.
Writing XDEF routing special nets.
Write XDEF Complete: Time (s): cpu = 00:00:02 ; elapsed = 00:00:00.5 . Memory (MB): peak = 4867.113 ; gain = 0.000 ; free physical = 258 ; free virtual = 37568
INFO: [Common 17-1381] The checkpoint '/home/sogang/ppe_fpga_ho/ppe_dma_passthrough/ppe_dma_passthrough.runs/impl_1/dma_passthrough_wrapper_physopt.dcp' has been generated.
Command: route_design
Attempting to get a license for feature 'Implementation' and/or device 'xck26'
INFO: [Common 17-349] Got license for feature 'Implementation' and/or device 'xck26'
Running DRC as a precondition to command route_design
INFO: [DRC 23-27] Running DRC with 8 threads
INFO: [Vivado_Tcl 4-198] DRC finished with 0 Errors
INFO: [Vivado_Tcl 4-199] Please refer to the DRC report (report_drc) for more information.


Starting Routing Task
INFO: [Route 35-254] Multithreading enabled for route_design using a maximum of 8 CPUs

Phase 1 Build RT Design
Checksum: PlaceDB: 390af74b ConstDB: 0 ShapeSum: 871723b RouteDB: 2d7db779
Nodegraph reading from file.  Time (s): cpu = 00:00:00.4 ; elapsed = 00:00:00.48 . Memory (MB): peak = 4867.113 ; gain = 0.000 ; free physical = 181 ; free virtual = 37433
Post Restoration Checksum: NetGraph: 265650bb NumContArr: 7a1bed76 Constraints: e8cf4fb2 Timing: 0
Phase 1 Build RT Design | Checksum: 189418de3

Time (s): cpu = 00:00:05 ; elapsed = 00:00:03 . Memory (MB): peak = 4867.113 ; gain = 0.000 ; free physical = 247 ; free virtual = 37416

Phase 2 Router Initialization

Phase 2.1 Fix Topology Constraints
Phase 2.1 Fix Topology Constraints | Checksum: 189418de3

Time (s): cpu = 00:00:05 ; elapsed = 00:00:03 . Memory (MB): peak = 4867.113 ; gain = 0.000 ; free physical = 200 ; free virtual = 37369

Phase 2.2 Pre Route Cleanup
Phase 2.2 Pre Route Cleanup | Checksum: 189418de3

Time (s): cpu = 00:00:05 ; elapsed = 00:00:03 . Memory (MB): peak = 4867.113 ; gain = 0.000 ; free physical = 200 ; free virtual = 37369

Phase 2.3 Global Clock Net Routing
 Number of Nodes with overlaps = 0
Phase 2.3 Global Clock Net Routing | Checksum: 218edade3

Time (s): cpu = 00:00:06 ; elapsed = 00:00:04 . Memory (MB): peak = 4867.113 ; gain = 0.000 ; free physical = 224 ; free virtual = 37311

Phase 2.4 Update Timing
Phase 2.4 Update Timing | Checksum: 153db8c67

Time (s): cpu = 00:00:07 ; elapsed = 00:00:04 . Memory (MB): peak = 4867.113 ; gain = 0.000 ; free physical = 220 ; free virtual = 37306
INFO: [Route 35-416] Intermediate Timing Summary | WNS=6.440  | TNS=0.000  | WHS=-0.066 | THS=-76.768|


Router Utilization Summary
  Global Vertical Routing Utilization    = 0 %
  Global Horizontal Routing Utilization  = 0 %
  Routable Net Status*
  *Does not include unroutable nets such as driverless and loadless.
  Run report_route_status for detailed report.
  Number of Failed Nets               = 9183
    (Failed Nets is the sum of unrouted and partially routed nets)
  Number of Unrouted Nets             = 8206
  Number of Partially Routed Nets     = 977
  Number of Node Overlaps             = 0

Phase 2 Router Initialization | Checksum: 22945a1a8

Time (s): cpu = 00:00:10 ; elapsed = 00:00:05 . Memory (MB): peak = 4867.113 ; gain = 0.000 ; free physical = 335 ; free virtual = 37352

Phase 3 Initial Routing

Phase 3.1 Global Routing
Phase 3.1 Global Routing | Checksum: 22945a1a8

Time (s): cpu = 00:00:10 ; elapsed = 00:00:05 . Memory (MB): peak = 4867.113 ; gain = 0.000 ; free physical = 334 ; free virtual = 37351
Phase 3 Initial Routing | Checksum: 1ff507f58

Time (s): cpu = 00:00:13 ; elapsed = 00:00:06 . Memory (MB): peak = 4867.113 ; gain = 0.000 ; free physical = 229 ; free virtual = 37246

Phase 4 Rip-up And Reroute

Phase 4.1 Global Iteration 0
 Number of Nodes with overlaps = 1610
 Number of Nodes with overlaps = 86
 Number of Nodes with overlaps = 1
 Number of Nodes with overlaps = 0
INFO: [Route 35-416] Intermediate Timing Summary | WNS=6.022  | TNS=0.000  | WHS=-0.023 | THS=-0.115 |

Phase 4.1 Global Iteration 0 | Checksum: 1a62e77bd

Time (s): cpu = 00:00:24 ; elapsed = 00:00:09 . Memory (MB): peak = 4867.113 ; gain = 0.000 ; free physical = 260 ; free virtual = 37279

Phase 4.2 Additional Iteration for Hold
Phase 4.2 Additional Iteration for Hold | Checksum: 1a6169550

Time (s): cpu = 00:00:25 ; elapsed = 00:00:09 . Memory (MB): peak = 4867.113 ; gain = 0.000 ; free physical = 260 ; free virtual = 37279
Phase 4 Rip-up And Reroute | Checksum: 1a6169550

Time (s): cpu = 00:00:25 ; elapsed = 00:00:09 . Memory (MB): peak = 4867.113 ; gain = 0.000 ; free physical = 260 ; free virtual = 37279

Phase 5 Delay and Skew Optimization

Phase 5.1 Delay CleanUp

Phase 5.1.1 Update Timing
Phase 5.1.1 Update Timing | Checksum: 1c39c0b04

Time (s): cpu = 00:00:26 ; elapsed = 00:00:10 . Memory (MB): peak = 4867.113 ; gain = 0.000 ; free physical = 266 ; free virtual = 37285
INFO: [Route 35-416] Intermediate Timing Summary | WNS=6.022  | TNS=0.000  | WHS=0.010  | THS=0.000  |


Phase 5.1.2 Update Timing
Phase 5.1.2 Update Timing | Checksum: 2297812f0

Time (s): cpu = 00:00:27 ; elapsed = 00:00:10 . Memory (MB): peak = 4867.113 ; gain = 0.000 ; free physical = 265 ; free virtual = 37284
INFO: [Route 35-416] Intermediate Timing Summary | WNS=6.022  | TNS=0.000  | WHS=0.010  | THS=0.000  |

Phase 5.1 Delay CleanUp | Checksum: 2297812f0

Time (s): cpu = 00:00:27 ; elapsed = 00:00:10 . Memory (MB): peak = 4867.113 ; gain = 0.000 ; free physical = 265 ; free virtual = 37284

Phase 5.2 Clock Skew Optimization
Phase 5.2 Clock Skew Optimization | Checksum: 2297812f0

Time (s): cpu = 00:00:27 ; elapsed = 00:00:10 . Memory (MB): peak = 4867.113 ; gain = 0.000 ; free physical = 265 ; free virtual = 37284
Phase 5 Delay and Skew Optimization | Checksum: 2297812f0

Time (s): cpu = 00:00:27 ; elapsed = 00:00:10 . Memory (MB): peak = 4867.113 ; gain = 0.000 ; free physical = 265 ; free virtual = 37284

Phase 6 Post Hold Fix

Phase 6.1 Hold Fix Iter

Phase 6.1.1 Update Timing
Phase 6.1.1 Update Timing | Checksum: 26733efb5

Time (s): cpu = 00:00:28 ; elapsed = 00:00:11 . Memory (MB): peak = 4867.113 ; gain = 0.000 ; free physical = 261 ; free virtual = 37280
INFO: [Route 35-416] Intermediate Timing Summary | WNS=6.022  | TNS=0.000  | WHS=0.010  | THS=0.000  |

Phase 6.1 Hold Fix Iter | Checksum: 27574752c

Time (s): cpu = 00:00:28 ; elapsed = 00:00:11 . Memory (MB): peak = 4867.113 ; gain = 0.000 ; free physical = 261 ; free virtual = 37280
Phase 6 Post Hold Fix | Checksum: 27574752c

Time (s): cpu = 00:00:28 ; elapsed = 00:00:11 . Memory (MB): peak = 4867.113 ; gain = 0.000 ; free physical = 261 ; free virtual = 37280

Phase 7 Route finalize

Router Utilization Summary
  Global Vertical Routing Utilization    = 0.697776 %
  Global Horizontal Routing Utilization  = 0.995554 %
  Routable Net Status*
  *Does not include unroutable nets such as driverless and loadless.
  Run report_route_status for detailed report.
  Number of Failed Nets               = 0
    (Failed Nets is the sum of unrouted and partially routed nets)
  Number of Unrouted Nets             = 0
  Number of Partially Routed Nets     = 0
  Number of Node Overlaps             = 0

Phase 7 Route finalize | Checksum: 281bfcd86

Time (s): cpu = 00:00:28 ; elapsed = 00:00:11 . Memory (MB): peak = 4867.113 ; gain = 0.000 ; free physical = 261 ; free virtual = 37280

Phase 8 Verifying routed nets

 Verification completed successfully
Phase 8 Verifying routed nets | Checksum: 281bfcd86

Time (s): cpu = 00:00:29 ; elapsed = 00:00:11 . Memory (MB): peak = 4867.113 ; gain = 0.000 ; free physical = 257 ; free virtual = 37276

Phase 9 Depositing Routes
Phase 9 Depositing Routes | Checksum: 281bfcd86

Time (s): cpu = 00:00:29 ; elapsed = 00:00:11 . Memory (MB): peak = 4867.113 ; gain = 0.000 ; free physical = 257 ; free virtual = 37276

Phase 10 Resolve XTalk
Phase 10 Resolve XTalk | Checksum: 281bfcd86

Time (s): cpu = 00:00:29 ; elapsed = 00:00:11 . Memory (MB): peak = 4867.113 ; gain = 0.000 ; free physical = 261 ; free virtual = 37280

Phase 11 Post Router Timing
INFO: [Route 35-57] Estimated Timing Summary | WNS=6.022  | TNS=0.000  | WHS=0.010  | THS=0.000  |

INFO: [Route 35-327] The final timing numbers are based on the router estimated timing analysis. For a complete and accurate timing signoff, please run report_timing_summary.
Phase 11 Post Router Timing | Checksum: 281bfcd86

Time (s): cpu = 00:00:30 ; elapsed = 00:00:11 . Memory (MB): peak = 4867.113 ; gain = 0.000 ; free physical = 261 ; free virtual = 37280
INFO: [Route 35-16] Router Completed Successfully

Time (s): cpu = 00:00:30 ; elapsed = 00:00:11 . Memory (MB): peak = 4867.113 ; gain = 0.000 ; free physical = 328 ; free virtual = 37347

Routing Is Done.
INFO: [Common 17-83] Releasing license: Implementation
108 Infos, 1 Warnings, 0 Critical Warnings and 0 Errors encountered.
route_design completed successfully
route_design: Time (s): cpu = 00:00:32 ; elapsed = 00:00:12 . Memory (MB): peak = 4867.113 ; gain = 0.000 ; free physical = 331 ; free virtual = 37350
INFO: [Timing 38-480] Writing timing data to binary archive.
Writing XDEF routing.
Writing XDEF routing logical nets.
Writing XDEF routing special nets.
Write XDEF Complete: Time (s): cpu = 00:00:02 ; elapsed = 00:00:00.56 . Memory (MB): peak = 4867.113 ; gain = 0.000 ; free physical = 274 ; free virtual = 37330
INFO: [Common 17-1381] The checkpoint '/home/sogang/ppe_fpga_ho/ppe_dma_passthrough/ppe_dma_passthrough.runs/impl_1/dma_passthrough_wrapper_routed.dcp' has been generated.
INFO: [runtcl-4] Executing : report_drc -file dma_passthrough_wrapper_drc_routed.rpt -pb dma_passthrough_wrapper_drc_routed.pb -rpx dma_passthrough_wrapper_drc_routed.rpx
Command: report_drc -file dma_passthrough_wrapper_drc_routed.rpt -pb dma_passthrough_wrapper_drc_routed.pb -rpx dma_passthrough_wrapper_drc_routed.rpx
INFO: [IP_Flow 19-1839] IP Catalog is up to date.
INFO: [DRC 23-27] Running DRC with 8 threads
INFO: [Vivado_Tcl 2-168] The results of DRC are in file /home/sogang/ppe_fpga_ho/ppe_dma_passthrough/ppe_dma_passthrough.runs/impl_1/dma_passthrough_wrapper_drc_routed.rpt.
report_drc completed successfully
INFO: [runtcl-4] Executing : report_methodology -file dma_passthrough_wrapper_methodology_drc_routed.rpt -pb dma_passthrough_wrapper_methodology_drc_routed.pb -rpx dma_passthrough_wrapper_methodology_drc_routed.rpx
Command: report_methodology -file dma_passthrough_wrapper_methodology_drc_routed.rpt -pb dma_passthrough_wrapper_methodology_drc_routed.pb -rpx dma_passthrough_wrapper_methodology_drc_routed.rpx
INFO: [Timing 38-35] Done setting XDC timing constraints.
INFO: [DRC 23-133] Running Methodology with 8 threads
INFO: [Vivado_Tcl 2-1520] The results of Report Methodology are in file /home/sogang/ppe_fpga_ho/ppe_dma_passthrough/ppe_dma_passthrough.runs/impl_1/dma_passthrough_wrapper_methodology_drc_routed.rpt.
report_methodology completed successfully
INFO: [runtcl-4] Executing : report_power -file dma_passthrough_wrapper_power_routed.rpt -pb dma_passthrough_wrapper_power_summary_routed.pb -rpx dma_passthrough_wrapper_power_routed.rpx
Command: report_power -file dma_passthrough_wrapper_power_routed.rpt -pb dma_passthrough_wrapper_power_summary_routed.pb -rpx dma_passthrough_wrapper_power_routed.rpx
INFO: [Timing 38-35] Done setting XDC timing constraints.
Running Vector-less Activity Propagation...

Finished Running Vector-less Activity Propagation
WARNING: [Power 33-332] Found switching activity that implies high-fanout reset nets being asserted for excessive periods of time which may result in inaccurate power analysis.
Resolution: To review and fix problems, please run Power Constraints Advisor in the GUI from Tools > Power Constraints Advisor or run report_power with the -advisory option to generate a text report.
120 Infos, 2 Warnings, 0 Critical Warnings and 0 Errors encountered.
report_power completed successfully
INFO: [runtcl-4] Executing : report_route_status -file dma_passthrough_wrapper_route_status.rpt -pb dma_passthrough_wrapper_route_status.pb
INFO: [runtcl-4] Executing : report_timing_summary -max_paths 10 -report_unconstrained -file dma_passthrough_wrapper_timing_summary_routed.rpt -pb dma_passthrough_wrapper_timing_summary_routed.pb -rpx dma_passthrough_wrapper_timing_summary_routed.rpx -warn_on_violation 
INFO: [Timing 38-91] UpdateTimingParams: Speed grade: -2LV, Temperature grade: C, Delay Type: min_max.
INFO: [Timing 38-191] Multithreading enabled for timing update using a maximum of 8 CPUs
INFO: [runtcl-4] Executing : report_incremental_reuse -file dma_passthrough_wrapper_incremental_reuse_routed.rpt
INFO: [Vivado_Tcl 4-1062] Incremental flow is disabled. No incremental reuse Info to report.
INFO: [runtcl-4] Executing : report_clock_utilization -file dma_passthrough_wrapper_clock_utilization_routed.rpt
INFO: [runtcl-4] Executing : report_bus_skew -warn_on_violation -file dma_passthrough_wrapper_bus_skew_routed.rpt -pb dma_passthrough_wrapper_bus_skew_routed.pb -rpx dma_passthrough_wrapper_bus_skew_routed.rpx
INFO: [Timing 38-91] UpdateTimingParams: Speed grade: -2LV, Temperature grade: C, Delay Type: min_max.
INFO: [Timing 38-191] Multithreading enabled for timing update using a maximum of 8 CPUs
INFO: [Common 17-206] Exiting Vivado at Fri Jul 31 10:57:49 2026...

*** Running vivado
    with args -log dma_passthrough_wrapper.vdi -applog -m64 -product Vivado -messageDb vivado.pb -mode batch -source dma_passthrough_wrapper.tcl -notrace


****** Vivado v2022.2 (64-bit)
  **** SW Build 3671981 on Fri Oct 14 04:59:54 MDT 2022
  **** IP Build 3669848 on Fri Oct 14 08:30:02 MDT 2022
    ** Copyright 1986-2022 Xilinx, Inc. All Rights Reserved.

source dma_passthrough_wrapper.tcl -notrace
Command: open_checkpoint dma_passthrough_wrapper_routed.dcp
WARNING: [Project 1-153] The current project device 'xc7vx485tffg1157-1' does not match with the device on the 'XILINX.COM:KV260_SOM_SOM240_1_CONNECTOR_KV260_CARRIER_SOM240_1_CONNECTOR:1.4' board part. A device change to match the device on 'XILINX.COM:KV260_SOM_SOM240_1_CONNECTOR_KV260_CARRIER_SOM240_1_CONNECTOR:1.4' board part is being done. Please upgrade the IP in the project via the upgrade_ip command or by selecting Reports => Reports IP Status.
INFO: [Project 1-152] Project part set to zynquplus (xck26-sfvc784-2lv-c)
INFO: [Device 21-403] Loading part xck26-sfvc784-2LV-c
Netlist sorting complete. Time (s): cpu = 00:00:00.19 ; elapsed = 00:00:00.19 . Memory (MB): peak = 2673.695 ; gain = 0.000 ; free physical = 1979 ; free virtual = 38991
INFO: [Netlist 29-17] Analyzing 94 Unisim elements for replacement
INFO: [Netlist 29-28] Unisim Transformation completed in 0 CPU seconds
INFO: [Project 1-479] Netlist was created with Vivado 2022.2
INFO: [Project 1-570] Preparing netlist for logic optimization
INFO: [Timing 38-478] Restoring timing data from binary archive.
INFO: [Timing 38-479] Binary timing data restore complete.
INFO: [Project 1-856] Restoring constraints from binary archive.
INFO: [Project 1-853] Binary constraint restore complete.
Reading XDEF placement.
Reading placer database...
Reading XDEF routing.
Read XDEF Files: Time (s): cpu = 00:00:01 ; elapsed = 00:00:01 . Memory (MB): peak = 3174.906 ; gain = 24.812 ; free physical = 1602 ; free virtual = 38616
Restored from archive | CPU: 1.030000 secs | Memory: 11.863686 MB |
Finished XDEF File Restore: Time (s): cpu = 00:00:01 ; elapsed = 00:00:01 . Memory (MB): peak = 3174.906 ; gain = 24.812 ; free physical = 1602 ; free virtual = 38616
Netlist sorting complete. Time (s): cpu = 00:00:00.01 ; elapsed = 00:00:00 . Memory (MB): peak = 3560.406 ; gain = 0.000 ; free physical = 1249 ; free virtual = 38266
INFO: [Project 1-111] Unisim Transformation Summary:
  A total of 76 instances were transformed.
  RAM16X1D => RAM32X1D (RAMD32(x2)): 1 instance 
  RAM32M => RAM32M (RAMD32(x6), RAMS32(x2)): 1 instance 
  RAM32M16 => RAM32M16 (RAMD32(x14), RAMS32(x2)): 74 instances

INFO: [Project 1-604] Checkpoint was created with Vivado v2022.2 (64-bit) build 3671981
OpenCheckpoint Checksum | Checksum: 18c2cca95
----- Checksum: PlaceDB: d32b28b1 ShapeSum: 0871723b RouteDB: b0902fa9 
open_checkpoint: Time (s): cpu = 00:00:19 ; elapsed = 00:00:21 . Memory (MB): peak = 3560.406 ; gain = 1869.625 ; free physical = 1249 ; free virtual = 38266

WARNING::74 - Unsupported FPGA device name 'xck26-sfvc784-2LV-c'. Verify that the specified device is a valid customer supported device.
-p xck26-sfvc784-2LV-c
   ^


WARNING::74 - Unsupported FPGA device name 'xck26-sfvc784-2LV-c'. Verify that the specified device is a valid customer supported device.
-p xck26-sfvc784-2LV-c
   ^

INFO: [Memdata 28-167] Found XPM memory block dma_passthrough_i/smartconnect_1/inst/s01_nodes/s01_w_node/inst/inst_mi_handler/gen_normal_area.inst_fifo_node_payld/gen_xpm_memory_fifo.inst_fifo/gen_mem_rep[0].inst_xpm_memory/xpm_memory_base_inst with a P_MEMORY_PRIMITIVE property set to distributed. A value of block is required. You will not be able to use the updatemem program to update the bitstream with new data for the dma_passthrough_i/smartconnect_1/inst/s01_nodes/s01_w_node/inst/inst_mi_handler/gen_normal_area.inst_fifo_node_payld/gen_xpm_memory_fifo.inst_fifo/gen_mem_rep[0].inst_xpm_memory/xpm_memory_base_inst block.
INFO: [Memdata 28-167] Found XPM memory block dma_passthrough_i/smartconnect_1/inst/s01_nodes/s01_w_node/inst/inst_mi_handler/gen_normal_area.gen_fifo_req.inst_fifo_req/gen_xpm_memory_fifo.inst_fifo/gen_mem_rep[0].inst_xpm_memory/xpm_memory_base_inst with a P_MEMORY_PRIMITIVE property set to distributed. A value of block is required. You will not be able to use the updatemem program to update the bitstream with new data for the dma_passthrough_i/smartconnect_1/inst/s01_nodes/s01_w_node/inst/inst_mi_handler/gen_normal_area.gen_fifo_req.inst_fifo_req/gen_xpm_memory_fifo.inst_fifo/gen_mem_rep[0].inst_xpm_memory/xpm_memory_base_inst block.
INFO: [Memdata 28-167] Found XPM memory block dma_passthrough_i/smartconnect_1/inst/s01_nodes/s01_b_node/inst/inst_mi_handler/gen_normal_area.inst_fifo_node_payld/gen_xpm_memory_fifo.inst_fifo/gen_mem_rep[0].inst_xpm_memory/xpm_memory_base_inst with a P_MEMORY_PRIMITIVE property set to distributed. A value of block is required. You will not be able to use the updatemem program to update the bitstream with new data for the dma_passthrough_i/smartconnect_1/inst/s01_nodes/s01_b_node/inst/inst_mi_handler/gen_normal_area.inst_fifo_node_payld/gen_xpm_memory_fifo.inst_fifo/gen_mem_rep[0].inst_xpm_memory/xpm_memory_base_inst block.
INFO: [Memdata 28-167] Found XPM memory block dma_passthrough_i/smartconnect_1/inst/s01_nodes/s01_aw_node/inst/inst_mi_handler/gen_normal_area.inst_fifo_node_payld/gen_xpm_memory_fifo.inst_fifo/gen_mem_rep[0].inst_xpm_memory/xpm_memory_base_inst with a P_MEMORY_PRIMITIVE property set to distributed. A value of block is required. You will not be able to use the updatemem program to update the bitstream with new data for the dma_passthrough_i/smartconnect_1/inst/s01_nodes/s01_aw_node/inst/inst_mi_handler/gen_normal_area.inst_fifo_node_payld/gen_xpm_memory_fifo.inst_fifo/gen_mem_rep[0].inst_xpm_memory/xpm_memory_base_inst block.
INFO: [Memdata 28-167] Found XPM memory block dma_passthrough_i/smartconnect_1/inst/s00_nodes/s00_r_node/inst/inst_mi_handler/gen_normal_area.inst_fifo_node_payld/gen_xpm_memory_fifo.inst_fifo/gen_mem_rep[0].inst_xpm_memory/xpm_memory_base_inst with a P_MEMORY_PRIMITIVE property set to distributed. A value of block is required. You will not be able to use the updatemem program to update the bitstream with new data for the dma_passthrough_i/smartconnect_1/inst/s00_nodes/s00_r_node/inst/inst_mi_handler/gen_normal_area.inst_fifo_node_payld/gen_xpm_memory_fifo.inst_fifo/gen_mem_rep[0].inst_xpm_memory/xpm_memory_base_inst block.
INFO: [Memdata 28-167] Found XPM memory block dma_passthrough_i/smartconnect_1/inst/s00_nodes/s00_ar_node/inst/inst_mi_handler/gen_normal_area.inst_fifo_node_payld/gen_xpm_memory_fifo.inst_fifo/gen_mem_rep[0].inst_xpm_memory/xpm_memory_base_inst with a P_MEMORY_PRIMITIVE property set to distributed. A value of block is required. You will not be able to use the updatemem program to update the bitstream with new data for the dma_passthrough_i/smartconnect_1/inst/s00_nodes/s00_ar_node/inst/inst_mi_handler/gen_normal_area.inst_fifo_node_payld/gen_xpm_memory_fifo.inst_fifo/gen_mem_rep[0].inst_xpm_memory/xpm_memory_base_inst block.
INFO: [Memdata 28-167] Found XPM memory block dma_passthrough_i/smartconnect_1/inst/m00_nodes/m00_w_node/inst/inst_si_handler/gen_si_handler.gen_request_fifos.gen_req_fifo[1].inst_req_fifo/gen_xpm_memory_fifo.inst_fifo/gen_mem_rep[0].inst_xpm_memory/xpm_memory_base_inst with a P_MEMORY_PRIMITIVE property set to distributed. A value of block is required. You will not be able to use the updatemem program to update the bitstream with new data for the dma_passthrough_i/smartconnect_1/inst/m00_nodes/m00_w_node/inst/inst_si_handler/gen_si_handler.gen_request_fifos.gen_req_fifo[1].inst_req_fifo/gen_xpm_memory_fifo.inst_fifo/gen_mem_rep[0].inst_xpm_memory/xpm_memory_base_inst block.
INFO: [Memdata 28-167] Found XPM memory block dma_passthrough_i/smartconnect_1/inst/m00_nodes/m00_w_node/inst/inst_mi_handler/gen_normal_area.inst_fifo_node_payld/gen_xpm_memory_fifo.inst_fifo/gen_mem_rep[0].inst_xpm_memory/xpm_memory_base_inst with a P_MEMORY_PRIMITIVE property set to distributed. A value of block is required. You will not be able to use the updatemem program to update the bitstream with new data for the dma_passthrough_i/smartconnect_1/inst/m00_nodes/m00_w_node/inst/inst_mi_handler/gen_normal_area.inst_fifo_node_payld/gen_xpm_memory_fifo.inst_fifo/gen_mem_rep[0].inst_xpm_memory/xpm_memory_base_inst block.
INFO: [Memdata 28-167] Found XPM memory block dma_passthrough_i/smartconnect_1/inst/m00_nodes/m00_r_node/inst/inst_mi_handler/gen_normal_area.inst_fifo_node_payld/gen_xpm_memory_fifo.inst_fifo/gen_mem_rep[0].inst_xpm_memory/xpm_memory_base_inst with a P_MEMORY_PRIMITIVE property set to distributed. A value of block is required. You will not be able to use the updatemem program to update the bitstream with new data for the dma_passthrough_i/smartconnect_1/inst/m00_nodes/m00_r_node/inst/inst_mi_handler/gen_normal_area.inst_fifo_node_payld/gen_xpm_memory_fifo.inst_fifo/gen_mem_rep[0].inst_xpm_memory/xpm_memory_base_inst block.
INFO: [Memdata 28-167] Found XPM memory block dma_passthrough_i/smartconnect_1/inst/m00_nodes/m00_r_node/inst/inst_mi_handler/gen_normal_area.gen_fifo_req.inst_fifo_req/gen_xpm_memory_fifo.inst_fifo/gen_mem_rep[0].inst_xpm_memory/xpm_memory_base_inst with a P_MEMORY_PRIMITIVE property set to distributed. A value of block is required. You will not be able to use the updatemem program to update the bitstream with new data for the dma_passthrough_i/smartconnect_1/inst/m00_nodes/m00_r_node/inst/inst_mi_handler/gen_normal_area.gen_fifo_req.inst_fifo_req/gen_xpm_memory_fifo.inst_fifo/gen_mem_rep[0].inst_xpm_memory/xpm_memory_base_inst block.
INFO: [Memdata 28-167] Found XPM memory block dma_passthrough_i/smartconnect_1/inst/m00_nodes/m00_b_node/inst/inst_mi_handler/gen_normal_area.inst_fifo_node_payld/gen_xpm_memory_fifo.inst_fifo/gen_mem_rep[0].inst_xpm_memory/xpm_memory_base_inst with a P_MEMORY_PRIMITIVE property set to distributed. A value of block is required. You will not be able to use the updatemem program to update the bitstream with new data for the dma_passthrough_i/smartconnect_1/inst/m00_nodes/m00_b_node/inst/inst_mi_handler/gen_normal_area.inst_fifo_node_payld/gen_xpm_memory_fifo.inst_fifo/gen_mem_rep[0].inst_xpm_memory/xpm_memory_base_inst block.
INFO: [Memdata 28-167] Found XPM memory block dma_passthrough_i/smartconnect_1/inst/m00_nodes/m00_b_node/inst/inst_mi_handler/gen_normal_area.gen_fifo_req.inst_fifo_req/gen_xpm_memory_fifo.inst_fifo/gen_mem_rep[0].inst_xpm_memory/xpm_memory_base_inst with a P_MEMORY_PRIMITIVE property set to distributed. A value of block is required. You will not be able to use the updatemem program to update the bitstream with new data for the dma_passthrough_i/smartconnect_1/inst/m00_nodes/m00_b_node/inst/inst_mi_handler/gen_normal_area.gen_fifo_req.inst_fifo_req/gen_xpm_memory_fifo.inst_fifo/gen_mem_rep[0].inst_xpm_memory/xpm_memory_base_inst block.
INFO: [Memdata 28-167] Found XPM memory block dma_passthrough_i/smartconnect_1/inst/m00_nodes/m00_aw_node/inst/inst_mi_handler/gen_normal_area.inst_fifo_node_payld/gen_xpm_memory_fifo.inst_fifo/gen_mem_rep[0].inst_xpm_memory/xpm_memory_base_inst with a P_MEMORY_PRIMITIVE property set to distributed. A value of block is required. You will not be able to use the updatemem program to update the bitstream with new data for the dma_passthrough_i/smartconnect_1/inst/m00_nodes/m00_aw_node/inst/inst_mi_handler/gen_normal_area.inst_fifo_node_payld/gen_xpm_memory_fifo.inst_fifo/gen_mem_rep[0].inst_xpm_memory/xpm_memory_base_inst block.
INFO: [Memdata 28-167] Found XPM memory block dma_passthrough_i/smartconnect_1/inst/m00_nodes/m00_ar_node/inst/inst_mi_handler/gen_normal_area.inst_fifo_node_payld/gen_xpm_memory_fifo.inst_fifo/gen_mem_rep[0].inst_xpm_memory/xpm_memory_base_inst with a P_MEMORY_PRIMITIVE property set to distributed. A value of block is required. You will not be able to use the updatemem program to update the bitstream with new data for the dma_passthrough_i/smartconnect_1/inst/m00_nodes/m00_ar_node/inst/inst_mi_handler/gen_normal_area.inst_fifo_node_payld/gen_xpm_memory_fifo.inst_fifo/gen_mem_rep[0].inst_xpm_memory/xpm_memory_base_inst block.
INFO: [Memdata 28-167] Found XPM memory block dma_passthrough_i/axi_dma_0/U0/I_PRMRY_DATAMOVER/GEN_S2MM_FULL.I_S2MM_FULL_WRAPPER/GEN_ENABLE_INDET_BTT_SF.I_INDET_BTT/I_XD_FIFO/NON_BLK_MEM.I_SYNC_FIFOGEN_FIFO/xpm_fifo_instance.xpm_fifo_sync_inst/xpm_fifo_base_inst/gen_sdpram.xpm_memory_base_inst with a P_MEMORY_PRIMITIVE property set to auto. A value of block is required. You will not be able to use the updatemem program to update the bitstream with new data for the dma_passthrough_i/axi_dma_0/U0/I_PRMRY_DATAMOVER/GEN_S2MM_FULL.I_S2MM_FULL_WRAPPER/GEN_ENABLE_INDET_BTT_SF.I_INDET_BTT/I_XD_FIFO/NON_BLK_MEM.I_SYNC_FIFOGEN_FIFO/xpm_fifo_instance.xpm_fifo_sync_inst/xpm_fifo_base_inst/gen_sdpram.xpm_memory_base_inst block.
INFO: [Memdata 28-208] The XPM instance: <dma_passthrough_i/axi_dma_0/U0/I_PRMRY_DATAMOVER/GEN_S2MM_FULL.I_S2MM_FULL_WRAPPER/GEN_ENABLE_INDET_BTT_SF.I_INDET_BTT/I_DATA_FIFO/BLK_MEM.I_SYNC_FIFOGEN_FIFO/xpm_fifo_instance.xpm_fifo_sync_inst/xpm_fifo_base_inst/gen_sdpram.xpm_memory_base_inst> is part of IP: <dma_passthrough_i/axi_dma_0>. This XPM instance will be excluded from the .mmi because updatemem is prohibited from making changes to an XPM that is part of an IP.
INFO: [Memdata 28-208] The XPM instance: <dma_passthrough_i/axi_dma_0/U0/I_PRMRY_DATAMOVER/GEN_MM2S_FULL.I_MM2S_FULL_WRAPPER/GEN_INCLUDE_MM2S_SF.I_RD_SF/I_DATA_FIFO/BLK_MEM.I_SYNC_FIFOGEN_FIFO/xpm_fifo_instance.xpm_fifo_sync_inst/xpm_fifo_base_inst/gen_sdpram.xpm_memory_base_inst> is part of IP: <dma_passthrough_i/axi_dma_0>. This XPM instance will be excluded from the .mmi because updatemem is prohibited from making changes to an XPM that is part of an IP.

WARNING::74 - Unsupported FPGA device name 'xck26-sfvc784-2LV-c'. Verify that the specified device is a valid customer supported device.
-p xck26-sfvc784-2LV-c
   ^

Command: write_bitstream -force dma_passthrough_wrapper.bit
Attempting to get a license for feature 'Implementation' and/or device 'xck26'
INFO: [Common 17-349] Got license for feature 'Implementation' and/or device 'xck26'
Running DRC as a precondition to command write_bitstream
INFO: [IP_Flow 19-234] Refreshing IP repositories
INFO: [IP_Flow 19-1704] No user IP repositories specified
INFO: [IP_Flow 19-2313] Loaded Vivado IP repository '/tools/Xilinx/Vivado/2022.2/data/ip'.
INFO: [DRC 23-27] Running DRC with 8 threads
WARNING: [DRC REQP-1935] RAMB36E2_nochange_collision_advisory: Synchronous clocking is detected for BRAM (dma_passthrough_i/axi_dma_0/U0/I_PRMRY_DATAMOVER/GEN_MM2S_FULL.I_MM2S_FULL_WRAPPER/GEN_INCLUDE_MM2S_SF.I_RD_SF/I_DATA_FIFO/BLK_MEM.I_SYNC_FIFOGEN_FIFO/xpm_fifo_instance.xpm_fifo_sync_inst/xpm_fifo_base_inst/gen_sdpram.xpm_memory_base_inst/gen_wr_a.gen_word_narrow.mem_reg) in SDP mode with NO_CHANGE write-mode. This is the preferred mode for best power characteristics. However, NO_CHANGE may exhibit address collisions if the same address appears on both read and write ports resulting in unknown or corrupted read data. It is suggested to confirm via simulation that an address collision never occurs and if so it is suggested to try and avoid this situation. If address collisions cannot be avoided, the write-mode may be set to READ_FIRST which guarantees that the read data is the prior contents of the memory at the cost of additional power in the design. See the FPGA Memory Resources User Guide for additional information.
WARNING: [DRC REQP-1935] RAMB36E2_nochange_collision_advisory: Synchronous clocking is detected for BRAM (dma_passthrough_i/axi_dma_0/U0/I_PRMRY_DATAMOVER/GEN_S2MM_FULL.I_S2MM_FULL_WRAPPER/GEN_ENABLE_INDET_BTT_SF.I_INDET_BTT/I_DATA_FIFO/BLK_MEM.I_SYNC_FIFOGEN_FIFO/xpm_fifo_instance.xpm_fifo_sync_inst/xpm_fifo_base_inst/gen_sdpram.xpm_memory_base_inst/gen_wr_a.gen_word_narrow.mem_reg) in SDP mode with NO_CHANGE write-mode. This is the preferred mode for best power characteristics. However, NO_CHANGE may exhibit address collisions if the same address appears on both read and write ports resulting in unknown or corrupted read data. It is suggested to confirm via simulation that an address collision never occurs and if so it is suggested to try and avoid this situation. If address collisions cannot be avoided, the write-mode may be set to READ_FIRST which guarantees that the read data is the prior contents of the memory at the cost of additional power in the design. See the FPGA Memory Resources User Guide for additional information.
WARNING: [DRC RTSTAT-10] No routable loads: 15 net(s) have no routable loads. The problem bus(es) and/or net(s) are dma_passthrough_i/smartconnect_0/inst/s00_nodes/s00_w_node/inst/mi_handler_m_sc_areset_pipe, dma_passthrough_i/smartconnect_0/inst/m00_nodes/m00_aw_node/inst/mi_handler_m_sc_areset_pipe, dma_passthrough_i/smartconnect_0/inst/m00_nodes/m00_ar_node/inst/mi_handler_m_sc_areset_pipe, dma_passthrough_i/smartconnect_0/inst/m00_nodes/m00_w_node/inst/mi_handler_m_sc_areset_pipe, dma_passthrough_i/smartconnect_0/inst/m01_nodes/m01_b_node/inst/mi_handler_m_sc_areset_pipe, dma_passthrough_i/smartconnect_0/inst/s00_nodes/s00_r_node/inst/mi_handler_m_sc_areset_pipe, dma_passthrough_i/smartconnect_0/inst/s00_nodes/s00_aw_node/inst/mi_handler_m_sc_areset_pipe, dma_passthrough_i/smartconnect_0/inst/m01_nodes/m01_w_node/inst/mi_handler_m_sc_areset_pipe, dma_passthrough_i/smartconnect_0/inst/m01_nodes/m01_ar_node/inst/mi_handler_m_sc_areset_pipe, dma_passthrough_i/smartconnect_0/inst/m01_nodes/m01_r_node/inst/mi_handler_m_sc_areset_pipe, dma_passthrough_i/smartconnect_0/inst/m01_nodes/m01_aw_node/inst/mi_handler_m_sc_areset_pipe, dma_passthrough_i/smartconnect_0/inst/m00_nodes/m00_r_node/inst/mi_handler_m_sc_areset_pipe, dma_passthrough_i/smartconnect_0/inst/s00_nodes/s00_b_node/inst/mi_handler_m_sc_areset_pipe, dma_passthrough_i/smartconnect_0/inst/m00_nodes/m00_b_node/inst/mi_handler_m_sc_areset_pipe, and dma_passthrough_i/smartconnect_0/inst/s00_nodes/s00_ar_node/inst/mi_handler_m_sc_areset_pipe.
INFO: [Vivado 12-3199] DRC finished with 0 Errors, 3 Warnings
INFO: [Vivado 12-3200] Please refer to the DRC report (report_drc) for more information.
INFO: [Designutils 20-2272] Running write_bitstream with 8 threads.
Loading data files...
Loading site data...
Loading route data...
Processing options...
Creating bitmap...
Creating bitstream...
Writing bitstream ./dma_passthrough_wrapper.bit...
INFO: [Vivado 12-1842] Bitgen Completed Successfully.
INFO: [Project 1-1876] WebTalk data collection is mandatory when using a ULT device. To see the specific WebTalk data collected for your design, open the usage_statistics_webtalk.html or usage_statistics_webtalk.xml file in the implementation directory.
INFO: [Common 17-83] Releasing license: Implementation
40 Infos, 4 Warnings, 0 Critical Warnings and 0 Errors encountered.
write_bitstream completed successfully
write_bitstream: Time (s): cpu = 00:00:13 ; elapsed = 00:00:17 . Memory (MB): peak = 3935.461 ; gain = 375.055 ; free physical = 974 ; free virtual = 38054
INFO: [Common 17-206] Exiting Vivado at Fri Jul 31 11:00:54 2026...
[Fri Jul 31 11:05:38 2026] impl_1 finished
get_property STATUS [get_runs impl_1]
write_bitstream Complete!
get_property PROGRESS [get_runs impl_1]
100%
set bit_file "/home/sogang/ppe_fpga_ho/ppe_dma_passthrough/ppe_dma_passthrough.runs/impl_1/dma_passthrough_wrapper.bit"
/home/sogang/ppe_fpga_ho/ppe_dma_passthrough/ppe_dma_passthrough.runs/impl_1/dma_passthrough_wrapper.bit
file exists $bit_file
1
get_property PART [current_project]
xck26-sfvc784-2LV-c
get_property BOARD_PART [current_project]
xilinx.com:kv260_som_som240_1_connector_kv260_carrier_som240_1_connector:part0:1.4
set xsa_file "/home/sogang/ppe_fpga_ho/ppe_dma_passthrough/dma_passthrough.xsa"
/home/sogang/ppe_fpga_ho/ppe_dma_passthrough/dma_passthrough.xsa
write_hw_platform -fixed -include_bit -force -file $xsa_file
INFO: [Project 1-1918] Creating Hardware Platform: /home/sogang/ppe_fpga_ho/ppe_dma_passthrough/dma_passthrough.xsa ...
INFO: [Project 1-1943] The Hardware Platform can be used for Hardware
INFO: [Project 1-1941] Successfully created Hardware Platform: /home/sogang/ppe_fpga_ho/ppe_dma_passthrough/dma_passthrough.xsa
INFO: [Hsi 55-2053] elapsed time for repository (/tools/Xilinx/Vivado/2022.2/data/embeddedsw) loading 1 seconds
write_hw_platform: Time (s): cpu = 00:00:04 ; elapsed = 00:00:06 . Memory (MB): peak = 12127.242 ; gain = 0.000 ; free physical = 3149 ; free virtual = 40524
/home/sogang/ppe_fpga_ho/ppe_dma_passthrough/dma_passthrough.xsa
file exists $xsa_file
1
open_bd_design {/home/sogang/ppe_fpga_ho/ppe_dma_passthrough/ppe_dma_passthrough.srcs/sources_1/bd/dma_passthrough/dma_passthrough.bd}
get_bd_nets -of_objects [get_bd_pins proc_sys_reset_0/ext_reset_in]
/reset_inverter_0_Res
disconnect_bd_net [get_bd_nets reset_inverter_0_Res] [get_bd_pins proc_sys_reset_0/ext_reset_in]
connect_bd_net [get_bd_pins reset_const_low/dout] [get_bd_pins proc_sys_reset_0/ext_reset_in]
get_bd_nets -of_objects [get_bd_pins proc_sys_reset_0/ext_reset_in]
/reset_const_low_dout
save_bd_design
Wrote  : </home/sogang/ppe_fpga_ho/ppe_dma_passthrough/ppe_dma_passthrough.srcs/sources_1/bd/dma_passthrough/dma_passthrough.bd> 
Wrote  : </home/sogang/ppe_fpga_ho/ppe_dma_passthrough/ppe_dma_passthrough.srcs/sources_1/bd/dma_passthrough/ui/bd_6765764d.ui> 
validate_bd_design
WARNING: [BD 41-1629] Slave segment </zynq_ultra_ps_e_0/SAXIGP2/HP0_LPS_OCM> is excluded from all addressing paths.
WARNING: [BD 41-1629] Slave segment </zynq_ultra_ps_e_0/SAXIGP2/HP0_DDR_HIGH> is excluded from all addressing paths.
WARNING: [BD 5-616] The -include_pfm switch should be used to validate a block design as a platform for use in SDx
Excluding slave segment /zynq_ultra_ps_e_0/SAXIGP2/HP0_DDR_HIGH from address space /axi_dma_0/Data_MM2S.
Excluding slave segment /zynq_ultra_ps_e_0/SAXIGP2/HP0_DDR_HIGH from address space /axi_dma_0/Data_S2MM.
Excluding slave segment /zynq_ultra_ps_e_0/SAXIGP2/HP0_LPS_OCM from address space /axi_dma_0/Data_MM2S.
Excluding slave segment /zynq_ultra_ps_e_0/SAXIGP2/HP0_LPS_OCM from address space /axi_dma_0/Data_S2MM.
INFO: [xilinx.com:ip:smartconnect:1.0-1] dma_passthrough_smartconnect_0_0: SmartConnect dma_passthrough_smartconnect_0_0 is in Low-Area Mode.
WARNING: [xilinx.com:ip:smartconnect:1.0-1] dma_passthrough_smartconnect_0_0: IP dma_passthrough_smartconnect_0_0 is configured in Low-area mode as all propagated traffic is low-bandwidth (AXI4LITE). SI S00_AXI has property HAS_BURST == 1. WRAP bursts are not supported in Low-area mode and will result in DECERR if received.
WARNING: [xilinx.com:ip:smartconnect:1.0-1] dma_passthrough_smartconnect_0_0: If WRAP transactions are required then turn off Low-area mode using ADVANCED_PROPERTIES. Execute following: set_property CONFIG.ADVANCED_PROPERTIES {__experimental_features__ {disable_low_area_mode 1}} [get_bd_cells /dma_passthrough_smartconnect_0_0]
INFO: [Ipptcl 7-1463] No Compatible Board Interface found. Board Tab not created in customize GUI
INFO: [xilinx.com:ip:smartconnect:1.0-1] dma_passthrough_smartconnect_1_0: SmartConnect dma_passthrough_smartconnect_1_0 is in High-performance Mode.
WARNING: [BD 41-237] Bus Interface property AWUSER_WIDTH does not match between /zynq_ultra_ps_e_0/S_AXI_HP0_FPD(1) and /smartconnect_1/M00_AXI(0)
WARNING: [BD 41-237] Bus Interface property ARUSER_WIDTH does not match between /zynq_ultra_ps_e_0/S_AXI_HP0_FPD(1) and /smartconnect_1/M00_AXI(0)
validate_bd_design: Time (s): cpu = 00:00:12 ; elapsed = 00:00:09 . Memory (MB): peak = 12354.348 ; gain = 0.000 ; free physical = 431 ; free virtual = 37489
generate_target all $bd_file
INFO: [BD 41-1662] The design 'dma_passthrough.bd' is already validated. Therefore parameter propagation will not be re-run.
Wrote  : </home/sogang/ppe_fpga_ho/ppe_dma_passthrough/ppe_dma_passthrough.srcs/sources_1/bd/dma_passthrough/dma_passthrough.bd> 
Verilog Output written to : /home/sogang/ppe_fpga_ho/ppe_dma_passthrough/ppe_dma_passthrough.gen/sources_1/bd/dma_passthrough/synth/dma_passthrough.v
Verilog Output written to : /home/sogang/ppe_fpga_ho/ppe_dma_passthrough/ppe_dma_passthrough.gen/sources_1/bd/dma_passthrough/sim/dma_passthrough.v
Verilog Output written to : /home/sogang/ppe_fpga_ho/ppe_dma_passthrough/ppe_dma_passthrough.gen/sources_1/bd/dma_passthrough/hdl/dma_passthrough_wrapper.v
WARNING: [BD 41-2384] Width mismatch when connecting pin: '/s00_nodes/s00_ar_node/s_sc_payld'(170) to pin: '/s00_nodes/S_SC_AR_payld'(166) - Only lower order bits will be connected.
WARNING: [BD 41-2384] Width mismatch when connecting pin: '/s00_nodes/s00_aw_node/s_sc_payld'(170) to pin: '/s00_nodes/S_SC_AW_payld'(166) - Only lower order bits will be connected.
WARNING: [BD 41-2384] Width mismatch when connecting pin: '/m00_nodes/m00_r_node/s_sc_payld'(56) to pin: '/m00_nodes/S_SC_R_payld'(54) - Only lower order bits will be connected.
WARNING: [BD 41-2384] Width mismatch when connecting pin: '/m00_nodes/m00_b_node/s_sc_payld'(10) to pin: '/m00_nodes/S_SC_B_payld'(8) - Only lower order bits will be connected.
WARNING: [BD 41-2384] Width mismatch when connecting pin: '/m01_nodes/m01_r_node/s_sc_payld'(56) to pin: '/m01_nodes/S_SC_R_payld'(54) - Only lower order bits will be connected.
WARNING: [BD 41-2384] Width mismatch when connecting pin: '/m01_nodes/m01_b_node/s_sc_payld'(10) to pin: '/m01_nodes/S_SC_B_payld'(8) - Only lower order bits will be connected.
WARNING: [BD 41-2384] Width mismatch when connecting pin: '/s00_axi2sc/s_sc_r_payld'(54) to pin: '/s00_nodes/M_SC_R_payld'(56) - Only lower order bits will be connected.
WARNING: [BD 41-2384] Width mismatch when connecting pin: '/s00_axi2sc/s_sc_b_payld'(8) to pin: '/s00_nodes/M_SC_B_payld'(10) - Only lower order bits will be connected.
WARNING: [BD 41-2384] Width mismatch when connecting pin: '/m00_sc2axi/s_sc_ar_payld'(166) to pin: '/m00_nodes/M_SC_AR_payld'(170) - Only lower order bits will be connected.
WARNING: [BD 41-2384] Width mismatch when connecting pin: '/m00_sc2axi/s_sc_aw_payld'(166) to pin: '/m00_nodes/M_SC_AW_payld'(170) - Only lower order bits will be connected.
WARNING: [BD 41-2384] Width mismatch when connecting pin: '/m01_sc2axi/s_sc_ar_payld'(166) to pin: '/m01_nodes/M_SC_AR_payld'(170) - Only lower order bits will be connected.
WARNING: [BD 41-2384] Width mismatch when connecting pin: '/m01_sc2axi/s_sc_aw_payld'(166) to pin: '/m01_nodes/M_SC_AW_payld'(170) - Only lower order bits will be connected.
WARNING: [BD 41-2384] Width mismatch when connecting pin: '/s00_nodes/s00_ar_node/s_sc_payld'(170) to pin: '/s00_nodes/S_SC_AR_payld'(166) - Only lower order bits will be connected.
WARNING: [BD 41-2384] Width mismatch when connecting pin: '/s00_nodes/s00_aw_node/s_sc_payld'(170) to pin: '/s00_nodes/S_SC_AW_payld'(166) - Only lower order bits will be connected.
WARNING: [BD 41-2384] Width mismatch when connecting pin: '/m00_nodes/m00_r_node/s_sc_payld'(56) to pin: '/m00_nodes/S_SC_R_payld'(54) - Only lower order bits will be connected.
WARNING: [BD 41-2384] Width mismatch when connecting pin: '/m00_nodes/m00_b_node/s_sc_payld'(10) to pin: '/m00_nodes/S_SC_B_payld'(8) - Only lower order bits will be connected.
WARNING: [BD 41-2384] Width mismatch when connecting pin: '/m01_nodes/m01_r_node/s_sc_payld'(56) to pin: '/m01_nodes/S_SC_R_payld'(54) - Only lower order bits will be connected.
WARNING: [BD 41-2384] Width mismatch when connecting pin: '/m01_nodes/m01_b_node/s_sc_payld'(10) to pin: '/m01_nodes/S_SC_B_payld'(8) - Only lower order bits will be connected.
WARNING: [BD 41-2384] Width mismatch when connecting pin: '/s00_axi2sc/s_sc_r_payld'(54) to pin: '/s00_nodes/M_SC_R_payld'(56) - Only lower order bits will be connected.
WARNING: [BD 41-2384] Width mismatch when connecting pin: '/s00_axi2sc/s_sc_b_payld'(8) to pin: '/s00_nodes/M_SC_B_payld'(10) - Only lower order bits will be connected.
WARNING: [BD 41-2384] Width mismatch when connecting pin: '/m00_sc2axi/s_sc_ar_payld'(166) to pin: '/m00_nodes/M_SC_AR_payld'(170) - Only lower order bits will be connected.
WARNING: [BD 41-2384] Width mismatch when connecting pin: '/m00_sc2axi/s_sc_aw_payld'(166) to pin: '/m00_nodes/M_SC_AW_payld'(170) - Only lower order bits will be connected.
WARNING: [BD 41-2384] Width mismatch when connecting pin: '/m01_sc2axi/s_sc_ar_payld'(166) to pin: '/m01_nodes/M_SC_AR_payld'(170) - Only lower order bits will be connected.
WARNING: [BD 41-2384] Width mismatch when connecting pin: '/m01_sc2axi/s_sc_aw_payld'(166) to pin: '/m01_nodes/M_SC_AW_payld'(170) - Only lower order bits will be connected.
Exporting to file /home/sogang/ppe_fpga_ho/ppe_dma_passthrough/ppe_dma_passthrough.gen/sources_1/bd/dma_passthrough/ip/dma_passthrough_smartconnect_0_0/bd_0/hw_handoff/dma_passthrough_smartconnect_0_0.hwh
Generated Hardware Definition File /home/sogang/ppe_fpga_ho/ppe_dma_passthrough/ppe_dma_passthrough.gen/sources_1/bd/dma_passthrough/ip/dma_passthrough_smartconnect_0_0/bd_0/synth/dma_passthrough_smartconnect_0_0.hwdef
INFO: [BD 41-1029] Generation completed for the IP Integrator block smartconnect_0 .
Exporting to file /home/sogang/ppe_fpga_ho/ppe_dma_passthrough/ppe_dma_passthrough.gen/sources_1/bd/dma_passthrough/ip/dma_passthrough_smartconnect_1_0/bd_0/hw_handoff/dma_passthrough_smartconnect_1_0.hwh
Generated Hardware Definition File /home/sogang/ppe_fpga_ho/ppe_dma_passthrough/ppe_dma_passthrough.gen/sources_1/bd/dma_passthrough/ip/dma_passthrough_smartconnect_1_0/bd_0/synth/dma_passthrough_smartconnect_1_0.hwdef
INFO: [BD 41-1029] Generation completed for the IP Integrator block smartconnect_1 .
Exporting to file /home/sogang/ppe_fpga_ho/ppe_dma_passthrough/ppe_dma_passthrough.gen/sources_1/bd/dma_passthrough/hw_handoff/dma_passthrough.hwh
Generated Hardware Definition File /home/sogang/ppe_fpga_ho/ppe_dma_passthrough/ppe_dma_passthrough.gen/sources_1/bd/dma_passthrough/synth/dma_passthrough.hwdef
generate_target: Time (s): cpu = 00:00:06 ; elapsed = 00:00:05 . Memory (MB): peak = 12354.348 ; gain = 0.000 ; free physical = 442 ; free virtual = 37470
reset_run synth_1
INFO: [Project 1-1160] Copying file /home/sogang/ppe_fpga_ho/ppe_dma_passthrough/ppe_dma_passthrough.runs/synth_1/dma_passthrough_wrapper.dcp to /home/sogang/ppe_fpga_ho/ppe_dma_passthrough/ppe_dma_passthrough.srcs/utils_1/imports/synth_1 and adding it to utils fileset
launch_runs synth_1 -jobs 2
INFO: [IP_Flow 19-6930] IPCACHE: runCacheChecks() number of threads = 8
INFO: [IP_Flow 19-6921] IPCACHE: Adding cache check func to thread queue for IP dma_passthrough_smartconnect_0_0
INFO: [IP_Flow 19-6921] IPCACHE: Adding cache check func to thread queue for IP dma_passthrough_smartconnect_1_0
INFO: [IP_Flow 19-8020] IPCACHE: runCacheChecks() calling threadPool finishWork()
INFO: [IP_Flow 19-6924] IPCACHE: Running cache check for IP inst: dma_passthrough_smartconnect_0_0
INFO: [IP_Flow 19-6922] IPCACHE: Exporting cached entry 8c4679e52a8ca529 to dir: /home/sogang/ppe_fpga_ho/ppe_dma_passthrough/ppe_dma_passthrough.gen/sources_1/bd/dma_passthrough/ip/dma_passthrough_smartconnect_0_0
INFO: [IP_Flow 19-6928] IPCACHE: copied cached file /home/sogang/ppe_fpga_ho/ppe_dma_passthrough/ppe_dma_passthrough.cache/ip/2022.2/8/c/8c4679e52a8ca529/dma_passthrough_smartconnect_0_0_sim_netlist.v to /home/sogang/ppe_fpga_ho/ppe_dma_passthrough/ppe_dma_passthrough.gen/sources_1/bd/dma_passthrough/ip/dma_passthrough_smartconnect_0_0/dma_passthrough_smartconnect_0_0_sim_netlist.v.
INFO: [IP_Flow 19-6926] IPCACHE: added file to list for BOM: /home/sogang/ppe_fpga_ho/ppe_dma_passthrough/ppe_dma_passthrough.gen/sources_1/bd/dma_passthrough/ip/dma_passthrough_smartconnect_0_0/dma_passthrough_smartconnect_0_0_sim_netlist.v
INFO: [IP_Flow 19-6928] IPCACHE: copied cached file /home/sogang/ppe_fpga_ho/ppe_dma_passthrough/ppe_dma_passthrough.cache/ip/2022.2/8/c/8c4679e52a8ca529/dma_passthrough_smartconnect_0_0_stub.v to /home/sogang/ppe_fpga_ho/ppe_dma_passthrough/ppe_dma_passthrough.gen/sources_1/bd/dma_passthrough/ip/dma_passthrough_smartconnect_0_0/dma_passthrough_smartconnect_0_0_stub.v.
INFO: [IP_Flow 19-6926] IPCACHE: added file to list for BOM: /home/sogang/ppe_fpga_ho/ppe_dma_passthrough/ppe_dma_passthrough.gen/sources_1/bd/dma_passthrough/ip/dma_passthrough_smartconnect_0_0/dma_passthrough_smartconnect_0_0_stub.v
INFO: [IP_Flow 19-6928] IPCACHE: copied cached file /home/sogang/ppe_fpga_ho/ppe_dma_passthrough/ppe_dma_passthrough.cache/ip/2022.2/8/c/8c4679e52a8ca529/dma_passthrough_smartconnect_0_0_stub.vhdl to /home/sogang/ppe_fpga_ho/ppe_dma_passthrough/ppe_dma_passthrough.gen/sources_1/bd/dma_passthrough/ip/dma_passthrough_smartconnect_0_0/dma_passthrough_smartconnect_0_0_stub.vhdl.
INFO: [IP_Flow 19-6926] IPCACHE: added file to list for BOM: /home/sogang/ppe_fpga_ho/ppe_dma_passthrough/ppe_dma_passthrough.gen/sources_1/bd/dma_passthrough/ip/dma_passthrough_smartconnect_0_0/dma_passthrough_smartconnect_0_0_stub.vhdl
INFO: [IP_Flow 19-6928] IPCACHE: copied cached file /home/sogang/ppe_fpga_ho/ppe_dma_passthrough/ppe_dma_passthrough.cache/ip/2022.2/8/c/8c4679e52a8ca529/dma_passthrough_smartconnect_0_0.dcp to /home/sogang/ppe_fpga_ho/ppe_dma_passthrough/ppe_dma_passthrough.gen/sources_1/bd/dma_passthrough/ip/dma_passthrough_smartconnect_0_0/dma_passthrough_smartconnect_0_0.dcp.
INFO: [IP_Flow 19-6926] IPCACHE: added file to list for BOM: /home/sogang/ppe_fpga_ho/ppe_dma_passthrough/ppe_dma_passthrough.gen/sources_1/bd/dma_passthrough/ip/dma_passthrough_smartconnect_0_0/dma_passthrough_smartconnect_0_0.dcp
INFO: [IP_Flow 19-6928] IPCACHE: copied cached file /home/sogang/ppe_fpga_ho/ppe_dma_passthrough/ppe_dma_passthrough.cache/ip/2022.2/8/c/8c4679e52a8ca529/dma_passthrough_smartconnect_0_0_sim_netlist.vhdl to /home/sogang/ppe_fpga_ho/ppe_dma_passthrough/ppe_dma_passthrough.gen/sources_1/bd/dma_passthrough/ip/dma_passthrough_smartconnect_0_0/dma_passthrough_smartconnect_0_0_sim_netlist.vhdl.
INFO: [IP_Flow 19-6926] IPCACHE: added file to list for BOM: /home/sogang/ppe_fpga_ho/ppe_dma_passthrough/ppe_dma_passthrough.gen/sources_1/bd/dma_passthrough/ip/dma_passthrough_smartconnect_0_0/dma_passthrough_smartconnect_0_0_sim_netlist.vhdl
INFO: [IP_Flow 19-4993] Using cached IP synthesis design for IP dma_passthrough_smartconnect_0_0, cache-ID = 8c4679e52a8ca529; cache size = 28.072 MB.
INFO: [IP_Flow 19-6924] IPCACHE: Running cache check for IP inst: dma_passthrough_smartconnect_1_0
INFO: [IP_Flow 19-6922] IPCACHE: Exporting cached entry a8e6d85bd01bfdfc to dir: /home/sogang/ppe_fpga_ho/ppe_dma_passthrough/ppe_dma_passthrough.gen/sources_1/bd/dma_passthrough/ip/dma_passthrough_smartconnect_1_0
INFO: [IP_Flow 19-6928] IPCACHE: copied cached file /home/sogang/ppe_fpga_ho/ppe_dma_passthrough/ppe_dma_passthrough.cache/ip/2022.2/a/8/a8e6d85bd01bfdfc/dma_passthrough_smartconnect_1_0_stub.vhdl to /home/sogang/ppe_fpga_ho/ppe_dma_passthrough/ppe_dma_passthrough.gen/sources_1/bd/dma_passthrough/ip/dma_passthrough_smartconnect_1_0/dma_passthrough_smartconnect_1_0_stub.vhdl.
INFO: [IP_Flow 19-6926] IPCACHE: added file to list for BOM: /home/sogang/ppe_fpga_ho/ppe_dma_passthrough/ppe_dma_passthrough.gen/sources_1/bd/dma_passthrough/ip/dma_passthrough_smartconnect_1_0/dma_passthrough_smartconnect_1_0_stub.vhdl
INFO: [IP_Flow 19-6928] IPCACHE: copied cached file /home/sogang/ppe_fpga_ho/ppe_dma_passthrough/ppe_dma_passthrough.cache/ip/2022.2/a/8/a8e6d85bd01bfdfc/dma_passthrough_smartconnect_1_0_stub.v to /home/sogang/ppe_fpga_ho/ppe_dma_passthrough/ppe_dma_passthrough.gen/sources_1/bd/dma_passthrough/ip/dma_passthrough_smartconnect_1_0/dma_passthrough_smartconnect_1_0_stub.v.
INFO: [IP_Flow 19-6926] IPCACHE: added file to list for BOM: /home/sogang/ppe_fpga_ho/ppe_dma_passthrough/ppe_dma_passthrough.gen/sources_1/bd/dma_passthrough/ip/dma_passthrough_smartconnect_1_0/dma_passthrough_smartconnect_1_0_stub.v
INFO: [IP_Flow 19-6928] IPCACHE: copied cached file /home/sogang/ppe_fpga_ho/ppe_dma_passthrough/ppe_dma_passthrough.cache/ip/2022.2/a/8/a8e6d85bd01bfdfc/dma_passthrough_smartconnect_1_0_sim_netlist.vhdl to /home/sogang/ppe_fpga_ho/ppe_dma_passthrough/ppe_dma_passthrough.gen/sources_1/bd/dma_passthrough/ip/dma_passthrough_smartconnect_1_0/dma_passthrough_smartconnect_1_0_sim_netlist.vhdl.
INFO: [IP_Flow 19-6926] IPCACHE: added file to list for BOM: /home/sogang/ppe_fpga_ho/ppe_dma_passthrough/ppe_dma_passthrough.gen/sources_1/bd/dma_passthrough/ip/dma_passthrough_smartconnect_1_0/dma_passthrough_smartconnect_1_0_sim_netlist.vhdl
INFO: [IP_Flow 19-6928] IPCACHE: copied cached file /home/sogang/ppe_fpga_ho/ppe_dma_passthrough/ppe_dma_passthrough.cache/ip/2022.2/a/8/a8e6d85bd01bfdfc/dma_passthrough_smartconnect_1_0.dcp to /home/sogang/ppe_fpga_ho/ppe_dma_passthrough/ppe_dma_passthrough.gen/sources_1/bd/dma_passthrough/ip/dma_passthrough_smartconnect_1_0/dma_passthrough_smartconnect_1_0.dcp.
INFO: [IP_Flow 19-6926] IPCACHE: added file to list for BOM: /home/sogang/ppe_fpga_ho/ppe_dma_passthrough/ppe_dma_passthrough.gen/sources_1/bd/dma_passthrough/ip/dma_passthrough_smartconnect_1_0/dma_passthrough_smartconnect_1_0.dcp
INFO: [IP_Flow 19-6928] IPCACHE: copied cached file /home/sogang/ppe_fpga_ho/ppe_dma_passthrough/ppe_dma_passthrough.cache/ip/2022.2/a/8/a8e6d85bd01bfdfc/dma_passthrough_smartconnect_1_0_sim_netlist.v to /home/sogang/ppe_fpga_ho/ppe_dma_passthrough/ppe_dma_passthrough.gen/sources_1/bd/dma_passthrough/ip/dma_passthrough_smartconnect_1_0/dma_passthrough_smartconnect_1_0_sim_netlist.v.
INFO: [IP_Flow 19-6926] IPCACHE: added file to list for BOM: /home/sogang/ppe_fpga_ho/ppe_dma_passthrough/ppe_dma_passthrough.gen/sources_1/bd/dma_passthrough/ip/dma_passthrough_smartconnect_1_0/dma_passthrough_smartconnect_1_0_sim_netlist.v
INFO: [IP_Flow 19-4993] Using cached IP synthesis design for IP dma_passthrough_smartconnect_1_0, cache-ID = a8e6d85bd01bfdfc; cache size = 28.072 MB.
[Fri Jul 31 14:59:24 2026] Launched synth_1...
Run output will be captured here: /home/sogang/ppe_fpga_ho/ppe_dma_passthrough/ppe_dma_passthrough.runs/synth_1/runme.log
0
wait_on_run synth_1
[Fri Jul 31 15:04:53 2026] Waiting for synth_1 to finish...

*** Running vivado
    with args -log dma_passthrough_wrapper.vds -m64 -product Vivado -mode batch -messageDb vivado.pb -notrace -source dma_passthrough_wrapper.tcl


****** Vivado v2022.2 (64-bit)
  **** SW Build 3671981 on Fri Oct 14 04:59:54 MDT 2022
  **** IP Build 3669848 on Fri Oct 14 08:30:02 MDT 2022
    ** Copyright 1986-2022 Xilinx, Inc. All Rights Reserved.

source dma_passthrough_wrapper.tcl -notrace
create_project: Time (s): cpu = 00:00:03 ; elapsed = 00:00:06 . Memory (MB): peak = 1704.797 ; gain = 87.992 ; free physical = 159 ; free virtual = 36789
INFO: [IP_Flow 19-234] Refreshing IP repositories
INFO: [IP_Flow 19-1700] Loaded user IP repository '/home/sogang/ppe_fpga_ho/axis/passthrough/axis_passthrough_hls/solution1/impl/ip'.
INFO: [IP_Flow 19-2313] Loaded Vivado IP repository '/tools/Xilinx/Vivado/2022.2/data/ip'.
Command: read_checkpoint -auto_incremental -incremental /home/sogang/ppe_fpga_ho/ppe_dma_passthrough/ppe_dma_passthrough.srcs/utils_1/imports/synth_1/dma_passthrough_wrapper.dcp
INFO: [Vivado 12-5825] Read reference checkpoint from /home/sogang/ppe_fpga_ho/ppe_dma_passthrough/ppe_dma_passthrough.srcs/utils_1/imports/synth_1/dma_passthrough_wrapper.dcp for incremental synthesis
INFO: [Vivado 12-7989] Please ensure there are no constraint changes
Command: synth_design -top dma_passthrough_wrapper -part xck26-sfvc784-2LV-c
Starting synth_design
Attempting to get a license for feature 'Synthesis' and/or device 'xck26'
INFO: [Common 17-349] Got license for feature 'Synthesis' and/or device 'xck26'
INFO: [Device 21-403] Loading part xck26-sfvc784-2LV-c
INFO: [Designutils 20-5440] No compile time benefit to using incremental synthesis; A full resynthesis will be run
INFO: [Designutils 20-4379] Flow is switching to default flow due to incremental criteria not met. If you would like to alter this behaviour and have the flow terminate instead, please set the following parameter config_implementation {autoIncr.Synth.RejectBehavior Terminate}
INFO: [Synth 8-7079] Multithreading enabled for synth_design using a maximum of 4 processes.
INFO: [Synth 8-7078] Launching helper process for spawning children vivado processes
INFO: [Synth 8-7075] Helper process launched with PID 116299
INFO: [Synth 8-11241] undeclared symbol 'REGCCE', assumed default net type 'wire' [/tools/Xilinx/Vivado/2022.2/data/verilog/src/unimacro/BRAM_SINGLE_MACRO.v:2170]
---------------------------------------------------------------------------------
Starting RTL Elaboration : Time (s): cpu = 00:00:02 ; elapsed = 00:00:05 . Memory (MB): peak = 2961.402 ; gain = 236.832 ; free physical = 202 ; free virtual = 35420
Synthesis current peak Physical Memory [PSS] (MB): peak = 2378.967; parent = 2176.170; children = 202.797
Synthesis current peak Virtual Memory [VSS] (MB): peak = 3931.426; parent = 2967.344; children = 964.082
---------------------------------------------------------------------------------
INFO: [Synth 8-6157] synthesizing module 'dma_passthrough_wrapper' [/home/sogang/ppe_fpga_ho/ppe_dma_passthrough/ppe_dma_passthrough.gen/sources_1/bd/dma_passthrough/hdl/dma_passthrough_wrapper.v:12]
INFO: [Synth 8-6157] synthesizing module 'dma_passthrough' [/home/sogang/ppe_fpga_ho/ppe_dma_passthrough/ppe_dma_passthrough.gen/sources_1/bd/dma_passthrough/synth/dma_passthrough.v:12]
INFO: [Synth 8-6157] synthesizing module 'dma_passthrough_axi_dma_0_0' [/home/sogang/ppe_fpga_ho/ppe_dma_passthrough/ppe_dma_passthrough.runs/synth_1/.Xil/Vivado-116236-sogang-500TGA-500SGA/realtime/dma_passthrough_axi_dma_0_0_stub.v:5]
INFO: [Synth 8-6155] done synthesizing module 'dma_passthrough_axi_dma_0_0' (0#1) [/home/sogang/ppe_fpga_ho/ppe_dma_passthrough/ppe_dma_passthrough.runs/synth_1/.Xil/Vivado-116236-sogang-500TGA-500SGA/realtime/dma_passthrough_axi_dma_0_0_stub.v:5]
WARNING: [Synth 8-7071] port 'mm2s_prmry_reset_out_n' of module 'dma_passthrough_axi_dma_0_0' is unconnected for instance 'axi_dma_0' [/home/sogang/ppe_fpga_ho/ppe_dma_passthrough/ppe_dma_passthrough.gen/sources_1/bd/dma_passthrough/synth/dma_passthrough.v:168]
WARNING: [Synth 8-7071] port 's2mm_prmry_reset_out_n' of module 'dma_passthrough_axi_dma_0_0' is unconnected for instance 'axi_dma_0' [/home/sogang/ppe_fpga_ho/ppe_dma_passthrough/ppe_dma_passthrough.gen/sources_1/bd/dma_passthrough/synth/dma_passthrough.v:168]
WARNING: [Synth 8-7071] port 'mm2s_introut' of module 'dma_passthrough_axi_dma_0_0' is unconnected for instance 'axi_dma_0' [/home/sogang/ppe_fpga_ho/ppe_dma_passthrough/ppe_dma_passthrough.gen/sources_1/bd/dma_passthrough/synth/dma_passthrough.v:168]
WARNING: [Synth 8-7071] port 's2mm_introut' of module 'dma_passthrough_axi_dma_0_0' is unconnected for instance 'axi_dma_0' [/home/sogang/ppe_fpga_ho/ppe_dma_passthrough/ppe_dma_passthrough.gen/sources_1/bd/dma_passthrough/synth/dma_passthrough.v:168]
WARNING: [Synth 8-7071] port 'axi_dma_tstvec' of module 'dma_passthrough_axi_dma_0_0' is unconnected for instance 'axi_dma_0' [/home/sogang/ppe_fpga_ho/ppe_dma_passthrough/ppe_dma_passthrough.gen/sources_1/bd/dma_passthrough/synth/dma_passthrough.v:168]
WARNING: [Synth 8-7023] instance 'axi_dma_0' of module 'dma_passthrough_axi_dma_0_0' has 64 connections declared, but only 59 given [/home/sogang/ppe_fpga_ho/ppe_dma_passthrough/ppe_dma_passthrough.gen/sources_1/bd/dma_passthrough/synth/dma_passthrough.v:168]
INFO: [Synth 8-6157] synthesizing module 'dma_passthrough_axis_passthrough_0_0' [/home/sogang/ppe_fpga_ho/ppe_dma_passthrough/ppe_dma_passthrough.runs/synth_1/.Xil/Vivado-116236-sogang-500TGA-500SGA/realtime/dma_passthrough_axis_passthrough_0_0_stub.v:5]
INFO: [Synth 8-6155] done synthesizing module 'dma_passthrough_axis_passthrough_0_0' (0#1) [/home/sogang/ppe_fpga_ho/ppe_dma_passthrough/ppe_dma_passthrough.runs/synth_1/.Xil/Vivado-116236-sogang-500TGA-500SGA/realtime/dma_passthrough_axis_passthrough_0_0_stub.v:5]
WARNING: [Synth 8-7071] port 'interrupt' of module 'dma_passthrough_axis_passthrough_0_0' is unconnected for instance 'axis_passthrough_0' [/home/sogang/ppe_fpga_ho/ppe_dma_passthrough/ppe_dma_passthrough.gen/sources_1/bd/dma_passthrough/synth/dma_passthrough.v:228]
WARNING: [Synth 8-7071] port 'output_stream_TSTRB' of module 'dma_passthrough_axis_passthrough_0_0' is unconnected for instance 'axis_passthrough_0' [/home/sogang/ppe_fpga_ho/ppe_dma_passthrough/ppe_dma_passthrough.gen/sources_1/bd/dma_passthrough/synth/dma_passthrough.v:228]
WARNING: [Synth 8-7023] instance 'axis_passthrough_0' of module 'dma_passthrough_axis_passthrough_0_0' has 32 connections declared, but only 30 given [/home/sogang/ppe_fpga_ho/ppe_dma_passthrough/ppe_dma_passthrough.gen/sources_1/bd/dma_passthrough/synth/dma_passthrough.v:228]
INFO: [Synth 8-6157] synthesizing module 'dma_passthrough_proc_sys_reset_0_0' [/home/sogang/ppe_fpga_ho/ppe_dma_passthrough/ppe_dma_passthrough.runs/synth_1/.Xil/Vivado-116236-sogang-500TGA-500SGA/realtime/dma_passthrough_proc_sys_reset_0_0_stub.v:5]
INFO: [Synth 8-6155] done synthesizing module 'dma_passthrough_proc_sys_reset_0_0' (0#1) [/home/sogang/ppe_fpga_ho/ppe_dma_passthrough/ppe_dma_passthrough.runs/synth_1/.Xil/Vivado-116236-sogang-500TGA-500SGA/realtime/dma_passthrough_proc_sys_reset_0_0_stub.v:5]
WARNING: [Synth 8-7071] port 'mb_reset' of module 'dma_passthrough_proc_sys_reset_0_0' is unconnected for instance 'proc_sys_reset_0' [/home/sogang/ppe_fpga_ho/ppe_dma_passthrough/ppe_dma_passthrough.gen/sources_1/bd/dma_passthrough/synth/dma_passthrough.v:259]
WARNING: [Synth 8-7071] port 'bus_struct_reset' of module 'dma_passthrough_proc_sys_reset_0_0' is unconnected for instance 'proc_sys_reset_0' [/home/sogang/ppe_fpga_ho/ppe_dma_passthrough/ppe_dma_passthrough.gen/sources_1/bd/dma_passthrough/synth/dma_passthrough.v:259]
WARNING: [Synth 8-7071] port 'peripheral_reset' of module 'dma_passthrough_proc_sys_reset_0_0' is unconnected for instance 'proc_sys_reset_0' [/home/sogang/ppe_fpga_ho/ppe_dma_passthrough/ppe_dma_passthrough.gen/sources_1/bd/dma_passthrough/synth/dma_passthrough.v:259]
WARNING: [Synth 8-7023] instance 'proc_sys_reset_0' of module 'dma_passthrough_proc_sys_reset_0_0' has 10 connections declared, but only 7 given [/home/sogang/ppe_fpga_ho/ppe_dma_passthrough/ppe_dma_passthrough.gen/sources_1/bd/dma_passthrough/synth/dma_passthrough.v:259]
INFO: [Synth 8-6157] synthesizing module 'dma_passthrough_reset_const_high_0' [/home/sogang/ppe_fpga_ho/ppe_dma_passthrough/ppe_dma_passthrough.gen/sources_1/bd/dma_passthrough/ip/dma_passthrough_reset_const_high_0/synth/dma_passthrough_reset_const_high_0.v:53]
INFO: [Synth 8-6157] synthesizing module 'xlconstant_v1_1_7_xlconstant' [/home/sogang/ppe_fpga_ho/ppe_dma_passthrough/ppe_dma_passthrough.gen/sources_1/bd/dma_passthrough/ipshared/badb/hdl/xlconstant_v1_1_vl_rfs.v:23]
INFO: [Synth 8-6155] done synthesizing module 'xlconstant_v1_1_7_xlconstant' (0#1) [/home/sogang/ppe_fpga_ho/ppe_dma_passthrough/ppe_dma_passthrough.gen/sources_1/bd/dma_passthrough/ipshared/badb/hdl/xlconstant_v1_1_vl_rfs.v:23]
INFO: [Synth 8-6155] done synthesizing module 'dma_passthrough_reset_const_high_0' (0#1) [/home/sogang/ppe_fpga_ho/ppe_dma_passthrough/ppe_dma_passthrough.gen/sources_1/bd/dma_passthrough/ip/dma_passthrough_reset_const_high_0/synth/dma_passthrough_reset_const_high_0.v:53]
INFO: [Synth 8-6157] synthesizing module 'dma_passthrough_reset_const_low_0' [/home/sogang/ppe_fpga_ho/ppe_dma_passthrough/ppe_dma_passthrough.gen/sources_1/bd/dma_passthrough/ip/dma_passthrough_reset_const_low_0/synth/dma_passthrough_reset_const_low_0.v:53]
INFO: [Synth 8-6157] synthesizing module 'xlconstant_v1_1_7_xlconstant__parameterized0' [/home/sogang/ppe_fpga_ho/ppe_dma_passthrough/ppe_dma_passthrough.gen/sources_1/bd/dma_passthrough/ipshared/badb/hdl/xlconstant_v1_1_vl_rfs.v:23]
INFO: [Synth 8-6155] done synthesizing module 'xlconstant_v1_1_7_xlconstant__parameterized0' (0#1) [/home/sogang/ppe_fpga_ho/ppe_dma_passthrough/ppe_dma_passthrough.gen/sources_1/bd/dma_passthrough/ipshared/badb/hdl/xlconstant_v1_1_vl_rfs.v:23]
INFO: [Synth 8-6155] done synthesizing module 'dma_passthrough_reset_const_low_0' (0#1) [/home/sogang/ppe_fpga_ho/ppe_dma_passthrough/ppe_dma_passthrough.gen/sources_1/bd/dma_passthrough/ip/dma_passthrough_reset_const_low_0/synth/dma_passthrough_reset_const_low_0.v:53]
INFO: [Synth 8-6157] synthesizing module 'dma_passthrough_reset_inverter_0_0' [/home/sogang/ppe_fpga_ho/ppe_dma_passthrough/ppe_dma_passthrough.runs/synth_1/.Xil/Vivado-116236-sogang-500TGA-500SGA/realtime/dma_passthrough_reset_inverter_0_0_stub.v:5]
INFO: [Synth 8-6155] done synthesizing module 'dma_passthrough_reset_inverter_0_0' (0#1) [/home/sogang/ppe_fpga_ho/ppe_dma_passthrough/ppe_dma_passthrough.runs/synth_1/.Xil/Vivado-116236-sogang-500TGA-500SGA/realtime/dma_passthrough_reset_inverter_0_0_stub.v:5]
INFO: [Synth 8-6157] synthesizing module 'dma_passthrough_smartconnect_0_0' [/home/sogang/ppe_fpga_ho/ppe_dma_passthrough/ppe_dma_passthrough.runs/synth_1/.Xil/Vivado-116236-sogang-500TGA-500SGA/realtime/dma_passthrough_smartconnect_0_0_stub.v:5]
INFO: [Synth 8-6155] done synthesizing module 'dma_passthrough_smartconnect_0_0' (0#1) [/home/sogang/ppe_fpga_ho/ppe_dma_passthrough/ppe_dma_passthrough.runs/synth_1/.Xil/Vivado-116236-sogang-500TGA-500SGA/realtime/dma_passthrough_smartconnect_0_0_stub.v:5]
WARNING: [Synth 8-7071] port 'M00_AXI_awprot' of module 'dma_passthrough_smartconnect_0_0' is unconnected for instance 'smartconnect_0' [/home/sogang/ppe_fpga_ho/ppe_dma_passthrough/ppe_dma_passthrough.gen/sources_1/bd/dma_passthrough/synth/dma_passthrough.v:274]
WARNING: [Synth 8-7071] port 'M00_AXI_wstrb' of module 'dma_passthrough_smartconnect_0_0' is unconnected for instance 'smartconnect_0' [/home/sogang/ppe_fpga_ho/ppe_dma_passthrough/ppe_dma_passthrough.gen/sources_1/bd/dma_passthrough/synth/dma_passthrough.v:274]
WARNING: [Synth 8-7071] port 'M00_AXI_arprot' of module 'dma_passthrough_smartconnect_0_0' is unconnected for instance 'smartconnect_0' [/home/sogang/ppe_fpga_ho/ppe_dma_passthrough/ppe_dma_passthrough.gen/sources_1/bd/dma_passthrough/synth/dma_passthrough.v:274]
WARNING: [Synth 8-7071] port 'M01_AXI_awprot' of module 'dma_passthrough_smartconnect_0_0' is unconnected for instance 'smartconnect_0' [/home/sogang/ppe_fpga_ho/ppe_dma_passthrough/ppe_dma_passthrough.gen/sources_1/bd/dma_passthrough/synth/dma_passthrough.v:274]
WARNING: [Synth 8-7071] port 'M01_AXI_arprot' of module 'dma_passthrough_smartconnect_0_0' is unconnected for instance 'smartconnect_0' [/home/sogang/ppe_fpga_ho/ppe_dma_passthrough/ppe_dma_passthrough.gen/sources_1/bd/dma_passthrough/synth/dma_passthrough.v:274]
WARNING: [Synth 8-7023] instance 'smartconnect_0' of module 'dma_passthrough_smartconnect_0_0' has 79 connections declared, but only 74 given [/home/sogang/ppe_fpga_ho/ppe_dma_passthrough/ppe_dma_passthrough.gen/sources_1/bd/dma_passthrough/synth/dma_passthrough.v:274]
INFO: [Synth 8-6157] synthesizing module 'dma_passthrough_smartconnect_1_0' [/home/sogang/ppe_fpga_ho/ppe_dma_passthrough/ppe_dma_passthrough.runs/synth_1/.Xil/Vivado-116236-sogang-500TGA-500SGA/realtime/dma_passthrough_smartconnect_1_0_stub.v:5]
INFO: [Synth 8-6155] done synthesizing module 'dma_passthrough_smartconnect_1_0' (0#1) [/home/sogang/ppe_fpga_ho/ppe_dma_passthrough/ppe_dma_passthrough.runs/synth_1/.Xil/Vivado-116236-sogang-500TGA-500SGA/realtime/dma_passthrough_smartconnect_1_0_stub.v:5]
INFO: [Synth 8-6157] synthesizing module 'dma_passthrough_zynq_ultra_ps_e_0_0' [/home/sogang/ppe_fpga_ho/ppe_dma_passthrough/ppe_dma_passthrough.runs/synth_1/.Xil/Vivado-116236-sogang-500TGA-500SGA/realtime/dma_passthrough_zynq_ultra_ps_e_0_0_stub.v:5]
INFO: [Synth 8-6155] done synthesizing module 'dma_passthrough_zynq_ultra_ps_e_0_0' (0#1) [/home/sogang/ppe_fpga_ho/ppe_dma_passthrough/ppe_dma_passthrough.runs/synth_1/.Xil/Vivado-116236-sogang-500TGA-500SGA/realtime/dma_passthrough_zynq_ultra_ps_e_0_0_stub.v:5]
WARNING: [Synth 8-7071] port 'saxigp2_bid' of module 'dma_passthrough_zynq_ultra_ps_e_0_0' is unconnected for instance 'zynq_ultra_ps_e_0' [/home/sogang/ppe_fpga_ho/ppe_dma_passthrough/ppe_dma_passthrough.gen/sources_1/bd/dma_passthrough/synth/dma_passthrough.v:418]
WARNING: [Synth 8-7071] port 'saxigp2_rid' of module 'dma_passthrough_zynq_ultra_ps_e_0_0' is unconnected for instance 'zynq_ultra_ps_e_0' [/home/sogang/ppe_fpga_ho/ppe_dma_passthrough/ppe_dma_passthrough.gen/sources_1/bd/dma_passthrough/synth/dma_passthrough.v:418]
WARNING: [Synth 8-7023] instance 'zynq_ultra_ps_e_0' of module 'dma_passthrough_zynq_ultra_ps_e_0_0' has 83 connections declared, but only 81 given [/home/sogang/ppe_fpga_ho/ppe_dma_passthrough/ppe_dma_passthrough.gen/sources_1/bd/dma_passthrough/synth/dma_passthrough.v:418]
INFO: [Synth 8-6155] done synthesizing module 'dma_passthrough' (0#1) [/home/sogang/ppe_fpga_ho/ppe_dma_passthrough/ppe_dma_passthrough.gen/sources_1/bd/dma_passthrough/synth/dma_passthrough.v:12]
INFO: [Synth 8-6155] done synthesizing module 'dma_passthrough_wrapper' (0#1) [/home/sogang/ppe_fpga_ho/ppe_dma_passthrough/ppe_dma_passthrough.gen/sources_1/bd/dma_passthrough/hdl/dma_passthrough_wrapper.v:12]
---------------------------------------------------------------------------------
Finished RTL Elaboration : Time (s): cpu = 00:00:03 ; elapsed = 00:00:06 . Memory (MB): peak = 3035.309 ; gain = 310.738 ; free physical = 384 ; free virtual = 35540
Synthesis current peak Physical Memory [PSS] (MB): peak = 2378.967; parent = 2176.170; children = 202.797
Synthesis current peak Virtual Memory [VSS] (MB): peak = 3999.395; parent = 3035.312; children = 964.082
---------------------------------------------------------------------------------
---------------------------------------------------------------------------------
Start Handling Custom Attributes
---------------------------------------------------------------------------------
---------------------------------------------------------------------------------
Finished Handling Custom Attributes : Time (s): cpu = 00:00:03 ; elapsed = 00:00:06 . Memory (MB): peak = 3053.121 ; gain = 328.551 ; free physical = 384 ; free virtual = 35540
Synthesis current peak Physical Memory [PSS] (MB): peak = 2378.967; parent = 2176.170; children = 202.797
Synthesis current peak Virtual Memory [VSS] (MB): peak = 4017.207; parent = 3053.125; children = 964.082
---------------------------------------------------------------------------------
---------------------------------------------------------------------------------
Finished RTL Optimization Phase 1 : Time (s): cpu = 00:00:03 ; elapsed = 00:00:06 . Memory (MB): peak = 3053.121 ; gain = 328.551 ; free physical = 384 ; free virtual = 35539
Synthesis current peak Physical Memory [PSS] (MB): peak = 2378.967; parent = 2176.170; children = 202.797
Synthesis current peak Virtual Memory [VSS] (MB): peak = 4017.207; parent = 3053.125; children = 964.082
---------------------------------------------------------------------------------
Netlist sorting complete. Time (s): cpu = 00:00:00.01 ; elapsed = 00:00:00.01 . Memory (MB): peak = 3053.121 ; gain = 0.000 ; free physical = 384 ; free virtual = 35539
INFO: [Project 1-570] Preparing netlist for logic optimization

Processing XDC Constraints
Initializing timing engine
Parsing XDC File [/home/sogang/ppe_fpga_ho/ppe_dma_passthrough/ppe_dma_passthrough.gen/sources_1/bd/dma_passthrough/ip/dma_passthrough_zynq_ultra_ps_e_0_0/dma_passthrough_zynq_ultra_ps_e_0_0/dma_passthrough_zynq_ultra_ps_e_0_0_in_context.xdc] for cell 'dma_passthrough_i/zynq_ultra_ps_e_0'
Finished Parsing XDC File [/home/sogang/ppe_fpga_ho/ppe_dma_passthrough/ppe_dma_passthrough.gen/sources_1/bd/dma_passthrough/ip/dma_passthrough_zynq_ultra_ps_e_0_0/dma_passthrough_zynq_ultra_ps_e_0_0/dma_passthrough_zynq_ultra_ps_e_0_0_in_context.xdc] for cell 'dma_passthrough_i/zynq_ultra_ps_e_0'
Parsing XDC File [/home/sogang/ppe_fpga_ho/ppe_dma_passthrough/ppe_dma_passthrough.gen/sources_1/bd/dma_passthrough/ip/dma_passthrough_axi_dma_0_0/dma_passthrough_axi_dma_0_0/dma_passthrough_axi_dma_0_0_in_context.xdc] for cell 'dma_passthrough_i/axi_dma_0'
Finished Parsing XDC File [/home/sogang/ppe_fpga_ho/ppe_dma_passthrough/ppe_dma_passthrough.gen/sources_1/bd/dma_passthrough/ip/dma_passthrough_axi_dma_0_0/dma_passthrough_axi_dma_0_0/dma_passthrough_axi_dma_0_0_in_context.xdc] for cell 'dma_passthrough_i/axi_dma_0'
Parsing XDC File [/home/sogang/ppe_fpga_ho/ppe_dma_passthrough/ppe_dma_passthrough.gen/sources_1/bd/dma_passthrough/ip/dma_passthrough_axis_passthrough_0_0/dma_passthrough_axis_passthrough_0_0/dma_passthrough_axis_passthrough_0_0_in_context.xdc] for cell 'dma_passthrough_i/axis_passthrough_0'
Finished Parsing XDC File [/home/sogang/ppe_fpga_ho/ppe_dma_passthrough/ppe_dma_passthrough.gen/sources_1/bd/dma_passthrough/ip/dma_passthrough_axis_passthrough_0_0/dma_passthrough_axis_passthrough_0_0/dma_passthrough_axis_passthrough_0_0_in_context.xdc] for cell 'dma_passthrough_i/axis_passthrough_0'
Parsing XDC File [/home/sogang/ppe_fpga_ho/ppe_dma_passthrough/ppe_dma_passthrough.gen/sources_1/bd/dma_passthrough/ip/dma_passthrough_proc_sys_reset_0_0/dma_passthrough_proc_sys_reset_0_0/dma_passthrough_proc_sys_reset_0_0_in_context.xdc] for cell 'dma_passthrough_i/proc_sys_reset_0'
Finished Parsing XDC File [/home/sogang/ppe_fpga_ho/ppe_dma_passthrough/ppe_dma_passthrough.gen/sources_1/bd/dma_passthrough/ip/dma_passthrough_proc_sys_reset_0_0/dma_passthrough_proc_sys_reset_0_0/dma_passthrough_proc_sys_reset_0_0_in_context.xdc] for cell 'dma_passthrough_i/proc_sys_reset_0'
Parsing XDC File [/home/sogang/ppe_fpga_ho/ppe_dma_passthrough/ppe_dma_passthrough.gen/sources_1/bd/dma_passthrough/ip/dma_passthrough_smartconnect_0_0/dma_passthrough_smartconnect_0_0/dma_passthrough_smartconnect_0_0_in_context.xdc] for cell 'dma_passthrough_i/smartconnect_0'
Finished Parsing XDC File [/home/sogang/ppe_fpga_ho/ppe_dma_passthrough/ppe_dma_passthrough.gen/sources_1/bd/dma_passthrough/ip/dma_passthrough_smartconnect_0_0/dma_passthrough_smartconnect_0_0/dma_passthrough_smartconnect_0_0_in_context.xdc] for cell 'dma_passthrough_i/smartconnect_0'
Parsing XDC File [/home/sogang/ppe_fpga_ho/ppe_dma_passthrough/ppe_dma_passthrough.gen/sources_1/bd/dma_passthrough/ip/dma_passthrough_smartconnect_1_0/dma_passthrough_smartconnect_1_0/dma_passthrough_smartconnect_1_0_in_context.xdc] for cell 'dma_passthrough_i/smartconnect_1'
Finished Parsing XDC File [/home/sogang/ppe_fpga_ho/ppe_dma_passthrough/ppe_dma_passthrough.gen/sources_1/bd/dma_passthrough/ip/dma_passthrough_smartconnect_1_0/dma_passthrough_smartconnect_1_0/dma_passthrough_smartconnect_1_0_in_context.xdc] for cell 'dma_passthrough_i/smartconnect_1'
Parsing XDC File [/home/sogang/ppe_fpga_ho/ppe_dma_passthrough/ppe_dma_passthrough.gen/sources_1/bd/dma_passthrough/ip/dma_passthrough_reset_inverter_0_0/dma_passthrough_reset_inverter_0_0/dma_passthrough_reset_inverter_0_0_in_context.xdc] for cell 'dma_passthrough_i/reset_inverter_0'
Finished Parsing XDC File [/home/sogang/ppe_fpga_ho/ppe_dma_passthrough/ppe_dma_passthrough.gen/sources_1/bd/dma_passthrough/ip/dma_passthrough_reset_inverter_0_0/dma_passthrough_reset_inverter_0_0/dma_passthrough_reset_inverter_0_0_in_context.xdc] for cell 'dma_passthrough_i/reset_inverter_0'
Parsing XDC File [/home/sogang/ppe_fpga_ho/ppe_dma_passthrough/ppe_dma_passthrough.runs/synth_1/dont_touch.xdc]
Finished Parsing XDC File [/home/sogang/ppe_fpga_ho/ppe_dma_passthrough/ppe_dma_passthrough.runs/synth_1/dont_touch.xdc]
Completed Processing XDC Constraints

Netlist sorting complete. Time (s): cpu = 00:00:00 ; elapsed = 00:00:00 . Memory (MB): peak = 3131.996 ; gain = 0.000 ; free physical = 291 ; free virtual = 35447
INFO: [Project 1-111] Unisim Transformation Summary:
No Unisim elements were transformed.

Constraint Validation Runtime : Time (s): cpu = 00:00:00 ; elapsed = 00:00:00 . Memory (MB): peak = 3131.996 ; gain = 0.000 ; free physical = 291 ; free virtual = 35447
INFO: [Designutils 20-5440] No compile time benefit to using incremental synthesis; A full resynthesis will be run
INFO: [Designutils 20-4379] Flow is switching to default flow due to incremental criteria not met. If you would like to alter this behaviour and have the flow terminate instead, please set the following parameter config_implementation {autoIncr.Synth.RejectBehavior Terminate}
INFO: [Synth 8-11241] undeclared symbol 'REGCCE', assumed default net type 'wire' [/tools/Xilinx/Vivado/2022.2/data/verilog/src/unimacro/BRAM_SINGLE_MACRO.v:2170]
---------------------------------------------------------------------------------
Finished Constraint Validation : Time (s): cpu = 00:00:09 ; elapsed = 00:00:12 . Memory (MB): peak = 3131.996 ; gain = 407.426 ; free physical = 295 ; free virtual = 35451
Synthesis current peak Physical Memory [PSS] (MB): peak = 2378.967; parent = 2176.170; children = 202.797
Synthesis current peak Virtual Memory [VSS] (MB): peak = 4064.066; parent = 3099.984; children = 964.082
---------------------------------------------------------------------------------
---------------------------------------------------------------------------------
Start Loading Part and Timing Information
---------------------------------------------------------------------------------
Loading part: xck26-sfvc784-2LV-c
INFO: [Synth 8-6742] Reading net delay rules and data
---------------------------------------------------------------------------------
Finished Loading Part and Timing Information : Time (s): cpu = 00:00:09 ; elapsed = 00:00:12 . Memory (MB): peak = 3131.996 ; gain = 407.426 ; free physical = 293 ; free virtual = 35449
Synthesis current peak Physical Memory [PSS] (MB): peak = 2378.967; parent = 2176.170; children = 202.797
Synthesis current peak Virtual Memory [VSS] (MB): peak = 4064.066; parent = 3099.984; children = 964.082
---------------------------------------------------------------------------------
---------------------------------------------------------------------------------
Start Applying 'set_property' XDC Constraints
---------------------------------------------------------------------------------
Applied set_property KEEP_HIERARCHY = SOFT for dma_passthrough_i. (constraint file  auto generated constraint).
Applied set_property KEEP_HIERARCHY = SOFT for dma_passthrough_i/zynq_ultra_ps_e_0. (constraint file  auto generated constraint).
Applied set_property KEEP_HIERARCHY = SOFT for dma_passthrough_i/axi_dma_0. (constraint file  auto generated constraint).
Applied set_property KEEP_HIERARCHY = SOFT for dma_passthrough_i/axis_passthrough_0. (constraint file  auto generated constraint).
Applied set_property KEEP_HIERARCHY = SOFT for dma_passthrough_i/proc_sys_reset_0. (constraint file  auto generated constraint).
Applied set_property KEEP_HIERARCHY = SOFT for dma_passthrough_i/smartconnect_0. (constraint file  auto generated constraint).
Applied set_property KEEP_HIERARCHY = SOFT for dma_passthrough_i/smartconnect_1. (constraint file  auto generated constraint).
Applied set_property KEEP_HIERARCHY = SOFT for dma_passthrough_i/reset_inverter_0. (constraint file  auto generated constraint).
Applied set_property KEEP_HIERARCHY = SOFT for dma_passthrough_i/reset_const_high. (constraint file  auto generated constraint).
Applied set_property KEEP_HIERARCHY = SOFT for dma_passthrough_i/reset_const_low. (constraint file  auto generated constraint).
---------------------------------------------------------------------------------
Finished applying 'set_property' XDC Constraints : Time (s): cpu = 00:00:09 ; elapsed = 00:00:12 . Memory (MB): peak = 3131.996 ; gain = 407.426 ; free physical = 293 ; free virtual = 35449
Synthesis current peak Physical Memory [PSS] (MB): peak = 2378.967; parent = 2176.170; children = 202.797
Synthesis current peak Virtual Memory [VSS] (MB): peak = 4064.066; parent = 3099.984; children = 964.082
---------------------------------------------------------------------------------
---------------------------------------------------------------------------------
Finished RTL Optimization Phase 2 : Time (s): cpu = 00:00:09 ; elapsed = 00:00:12 . Memory (MB): peak = 3131.996 ; gain = 407.426 ; free physical = 285 ; free virtual = 35442
Synthesis current peak Physical Memory [PSS] (MB): peak = 2378.967; parent = 2176.170; children = 202.797
Synthesis current peak Virtual Memory [VSS] (MB): peak = 4064.066; parent = 3099.984; children = 964.082
---------------------------------------------------------------------------------
---------------------------------------------------------------------------------
Start RTL Component Statistics 
---------------------------------------------------------------------------------
Detailed RTL Component Info : 
---------------------------------------------------------------------------------
Finished RTL Component Statistics 
---------------------------------------------------------------------------------
---------------------------------------------------------------------------------
Start Part Resource Summary
---------------------------------------------------------------------------------
Part Resources:
DSPs: 1248 (col length:96)
BRAMs: 288 (col length: RAMB18 96 RAMB36 48)
---------------------------------------------------------------------------------
Finished Part Resource Summary
---------------------------------------------------------------------------------
---------------------------------------------------------------------------------
Start Cross Boundary and Area Optimization
---------------------------------------------------------------------------------
WARNING: [Synth 8-7080] Parallel synthesis criteria is not met
---------------------------------------------------------------------------------
Finished Cross Boundary and Area Optimization : Time (s): cpu = 00:00:10 ; elapsed = 00:00:13 . Memory (MB): peak = 3131.996 ; gain = 407.426 ; free physical = 294 ; free virtual = 35455
Synthesis current peak Physical Memory [PSS] (MB): peak = 2378.967; parent = 2176.170; children = 202.797
Synthesis current peak Virtual Memory [VSS] (MB): peak = 4064.066; parent = 3099.984; children = 964.082
---------------------------------------------------------------------------------
---------------------------------------------------------------------------------
Start Applying XDC Timing Constraints
---------------------------------------------------------------------------------
---------------------------------------------------------------------------------
Finished Applying XDC Timing Constraints : Time (s): cpu = 00:00:17 ; elapsed = 00:00:21 . Memory (MB): peak = 3584.215 ; gain = 859.645 ; free physical = 176 ; free virtual = 34987
Synthesis current peak Physical Memory [PSS] (MB): peak = 2925.588; parent = 2722.822; children = 202.797
Synthesis current peak Virtual Memory [VSS] (MB): peak = 4548.301; parent = 3584.219; children = 964.082
---------------------------------------------------------------------------------
---------------------------------------------------------------------------------
Start Timing Optimization
---------------------------------------------------------------------------------
---------------------------------------------------------------------------------
Finished Timing Optimization : Time (s): cpu = 00:00:17 ; elapsed = 00:00:21 . Memory (MB): peak = 3584.215 ; gain = 859.645 ; free physical = 175 ; free virtual = 34987
Synthesis current peak Physical Memory [PSS] (MB): peak = 2925.729; parent = 2722.963; children = 202.797
Synthesis current peak Virtual Memory [VSS] (MB): peak = 4548.301; parent = 3584.219; children = 964.082
---------------------------------------------------------------------------------
---------------------------------------------------------------------------------
Start Technology Mapping
---------------------------------------------------------------------------------
---------------------------------------------------------------------------------
Finished Technology Mapping : Time (s): cpu = 00:00:17 ; elapsed = 00:00:21 . Memory (MB): peak = 3603.246 ; gain = 878.676 ; free physical = 183 ; free virtual = 34976
Synthesis current peak Physical Memory [PSS] (MB): peak = 2926.654; parent = 2723.889; children = 202.797
Synthesis current peak Virtual Memory [VSS] (MB): peak = 4567.332; parent = 3603.250; children = 964.082
---------------------------------------------------------------------------------
---------------------------------------------------------------------------------
Start IO Insertion
---------------------------------------------------------------------------------
---------------------------------------------------------------------------------
Start Flattening Before IO Insertion
---------------------------------------------------------------------------------
---------------------------------------------------------------------------------
Finished Flattening Before IO Insertion
---------------------------------------------------------------------------------
---------------------------------------------------------------------------------
Start Final Netlist Cleanup
---------------------------------------------------------------------------------
---------------------------------------------------------------------------------
Finished Final Netlist Cleanup
---------------------------------------------------------------------------------
---------------------------------------------------------------------------------
Finished IO Insertion : Time (s): cpu = 00:00:19 ; elapsed = 00:00:23 . Memory (MB): peak = 3609.184 ; gain = 884.613 ; free physical = 200 ; free virtual = 34971
Synthesis current peak Physical Memory [PSS] (MB): peak = 2926.811; parent = 2724.045; children = 202.797
Synthesis current peak Virtual Memory [VSS] (MB): peak = 4573.270; parent = 3609.188; children = 964.082
---------------------------------------------------------------------------------
---------------------------------------------------------------------------------
Start Renaming Generated Instances
---------------------------------------------------------------------------------
---------------------------------------------------------------------------------
Finished Renaming Generated Instances : Time (s): cpu = 00:00:19 ; elapsed = 00:00:23 . Memory (MB): peak = 3609.184 ; gain = 884.613 ; free physical = 200 ; free virtual = 34971
Synthesis current peak Physical Memory [PSS] (MB): peak = 2926.811; parent = 2724.045; children = 202.797
Synthesis current peak Virtual Memory [VSS] (MB): peak = 4573.270; parent = 3609.188; children = 964.082
---------------------------------------------------------------------------------
---------------------------------------------------------------------------------
Start Rebuilding User Hierarchy
---------------------------------------------------------------------------------
---------------------------------------------------------------------------------
Finished Rebuilding User Hierarchy : Time (s): cpu = 00:00:19 ; elapsed = 00:00:23 . Memory (MB): peak = 3609.184 ; gain = 884.613 ; free physical = 200 ; free virtual = 34971
Synthesis current peak Physical Memory [PSS] (MB): peak = 2926.904; parent = 2724.139; children = 202.797
Synthesis current peak Virtual Memory [VSS] (MB): peak = 4573.270; parent = 3609.188; children = 964.082
---------------------------------------------------------------------------------
---------------------------------------------------------------------------------
Start Renaming Generated Ports
---------------------------------------------------------------------------------
---------------------------------------------------------------------------------
Finished Renaming Generated Ports : Time (s): cpu = 00:00:19 ; elapsed = 00:00:23 . Memory (MB): peak = 3609.184 ; gain = 884.613 ; free physical = 200 ; free virtual = 34971
Synthesis current peak Physical Memory [PSS] (MB): peak = 2926.967; parent = 2724.201; children = 202.797
Synthesis current peak Virtual Memory [VSS] (MB): peak = 4573.270; parent = 3609.188; children = 964.082
---------------------------------------------------------------------------------
---------------------------------------------------------------------------------
Start Handling Custom Attributes
---------------------------------------------------------------------------------
---------------------------------------------------------------------------------
Finished Handling Custom Attributes : Time (s): cpu = 00:00:19 ; elapsed = 00:00:23 . Memory (MB): peak = 3609.184 ; gain = 884.613 ; free physical = 200 ; free virtual = 34971
Synthesis current peak Physical Memory [PSS] (MB): peak = 2926.967; parent = 2724.201; children = 202.797
Synthesis current peak Virtual Memory [VSS] (MB): peak = 4573.270; parent = 3609.188; children = 964.082
---------------------------------------------------------------------------------
---------------------------------------------------------------------------------
Start Renaming Generated Nets
---------------------------------------------------------------------------------
---------------------------------------------------------------------------------
Finished Renaming Generated Nets : Time (s): cpu = 00:00:19 ; elapsed = 00:00:23 . Memory (MB): peak = 3609.184 ; gain = 884.613 ; free physical = 200 ; free virtual = 34971
Synthesis current peak Physical Memory [PSS] (MB): peak = 2926.967; parent = 2724.201; children = 202.797
Synthesis current peak Virtual Memory [VSS] (MB): peak = 4573.270; parent = 3609.188; children = 964.082
---------------------------------------------------------------------------------
---------------------------------------------------------------------------------
Start Writing Synthesis Report
---------------------------------------------------------------------------------

Report BlackBoxes: 
+------+-------------------------------------+----------+
|      |BlackBox name                        |Instances |
+------+-------------------------------------+----------+
|1     |dma_passthrough_axi_dma_0_0          |         1|
|2     |dma_passthrough_axis_passthrough_0_0 |         1|
|3     |dma_passthrough_proc_sys_reset_0_0   |         1|
|4     |dma_passthrough_reset_inverter_0_0   |         1|
|5     |dma_passthrough_smartconnect_0_0     |         1|
|6     |dma_passthrough_smartconnect_1_0     |         1|
|7     |dma_passthrough_zynq_ultra_ps_e_0_0  |         1|
+------+-------------------------------------+----------+

Report Cell Usage: 
+------+-----------------------------------+------+
|      |Cell                               |Count |
+------+-----------------------------------+------+
|1     |dma_passthrough_axi_dma_0          |     1|
|2     |dma_passthrough_axis_passthrough_0 |     1|
|3     |dma_passthrough_proc_sys_reset_0   |     1|
|4     |dma_passthrough_reset_inverter_0   |     1|
|5     |dma_passthrough_smartconnect_0     |     1|
|6     |dma_passthrough_smartconnect_1     |     1|
|7     |dma_passthrough_zynq_ultra_ps_e_0  |     1|
+------+-----------------------------------+------+
---------------------------------------------------------------------------------
Finished Writing Synthesis Report : Time (s): cpu = 00:00:19 ; elapsed = 00:00:23 . Memory (MB): peak = 3609.184 ; gain = 884.613 ; free physical = 200 ; free virtual = 34971
Synthesis current peak Physical Memory [PSS] (MB): peak = 2926.998; parent = 2724.232; children = 202.797
Synthesis current peak Virtual Memory [VSS] (MB): peak = 4573.270; parent = 3609.188; children = 964.082
---------------------------------------------------------------------------------
Synthesis finished with 0 errors, 0 critical warnings and 1 warnings.
Synthesis Optimization Runtime : Time (s): cpu = 00:00:16 ; elapsed = 00:00:20 . Memory (MB): peak = 3609.184 ; gain = 805.738 ; free physical = 224 ; free virtual = 34996
Synthesis Optimization Complete : Time (s): cpu = 00:00:19 ; elapsed = 00:00:23 . Memory (MB): peak = 3609.191 ; gain = 884.613 ; free physical = 225 ; free virtual = 34997
INFO: [Project 1-571] Translating synthesized netlist
Netlist sorting complete. Time (s): cpu = 00:00:00 ; elapsed = 00:00:00.01 . Memory (MB): peak = 3609.191 ; gain = 0.000 ; free physical = 225 ; free virtual = 34997
INFO: [Project 1-570] Preparing netlist for logic optimization
INFO: [Opt 31-138] Pushed 0 inverter(s) to 0 load pin(s).
Netlist sorting complete. Time (s): cpu = 00:00:00 ; elapsed = 00:00:00 . Memory (MB): peak = 3642.871 ; gain = 0.000 ; free physical = 251 ; free virtual = 35025
INFO: [Project 1-111] Unisim Transformation Summary:
No Unisim elements were transformed.

Synth Design complete, checksum: c7b1b5bf
INFO: [Common 17-83] Releasing license: Synthesis
50 Infos, 23 Warnings, 0 Critical Warnings and 0 Errors encountered.
synth_design completed successfully
synth_design: Time (s): cpu = 00:00:25 ; elapsed = 00:00:33 . Memory (MB): peak = 3648.809 ; gain = 1858.379 ; free physical = 383 ; free virtual = 35157
INFO: [Common 17-1381] The checkpoint '/home/sogang/ppe_fpga_ho/ppe_dma_passthrough/ppe_dma_passthrough.runs/synth_1/dma_passthrough_wrapper.dcp' has been generated.
INFO: [runtcl-4] Executing : report_utilization -file dma_passthrough_wrapper_utilization_synth.rpt -pb dma_passthrough_wrapper_utilization_synth.pb
INFO: [Common 17-206] Exiting Vivado at Fri Jul 31 15:00:24 2026...
[Fri Jul 31 15:04:53 2026] synth_1 finished
get_property STATUS [get_runs synth_1]
synth_design Complete!
reset_run impl_1
launch_runs impl_1 -to_step write_bitstream -jobs 2
WARNING: [Project 1-478] Design 'design_1' is stale and will not be used when launching 'impl_1'
[Fri Jul 31 15:06:37 2026] Launched impl_1...
Run output will be captured here: /home/sogang/ppe_fpga_ho/ppe_dma_passthrough/ppe_dma_passthrough.runs/impl_1/runme.log
wait_on_run impl_1
[Fri Jul 31 15:08:49 2026] Waiting for impl_1 to finish...

*** Running vivado
    with args -log dma_passthrough_wrapper.vdi -applog -m64 -product Vivado -messageDb vivado.pb -mode batch -source dma_passthrough_wrapper.tcl -notrace


****** Vivado v2022.2 (64-bit)
  **** SW Build 3671981 on Fri Oct 14 04:59:54 MDT 2022
  **** IP Build 3669848 on Fri Oct 14 08:30:02 MDT 2022
    ** Copyright 1986-2022 Xilinx, Inc. All Rights Reserved.

source dma_passthrough_wrapper.tcl -notrace
INFO: [IP_Flow 19-234] Refreshing IP repositories
INFO: [IP_Flow 19-1700] Loaded user IP repository '/home/sogang/ppe_fpga_ho/axis/passthrough/axis_passthrough_hls/solution1/impl/ip'.
INFO: [IP_Flow 19-2313] Loaded Vivado IP repository '/tools/Xilinx/Vivado/2022.2/data/ip'.
Command: link_design -top dma_passthrough_wrapper -part xck26-sfvc784-2LV-c
Design is defaulting to srcset: sources_1
Design is defaulting to constrset: constrs_1
INFO: [Device 21-403] Loading part xck26-sfvc784-2LV-c
INFO: [Project 1-454] Reading design checkpoint '/home/sogang/ppe_fpga_ho/ppe_dma_passthrough/ppe_dma_passthrough.gen/sources_1/bd/dma_passthrough/ip/dma_passthrough_axi_dma_0_0/dma_passthrough_axi_dma_0_0.dcp' for cell 'dma_passthrough_i/axi_dma_0'
INFO: [Project 1-454] Reading design checkpoint '/home/sogang/ppe_fpga_ho/ppe_dma_passthrough/ppe_dma_passthrough.gen/sources_1/bd/dma_passthrough/ip/dma_passthrough_axis_passthrough_0_0/dma_passthrough_axis_passthrough_0_0.dcp' for cell 'dma_passthrough_i/axis_passthrough_0'
INFO: [Project 1-454] Reading design checkpoint '/home/sogang/ppe_fpga_ho/ppe_dma_passthrough/ppe_dma_passthrough.gen/sources_1/bd/dma_passthrough/ip/dma_passthrough_proc_sys_reset_0_0/dma_passthrough_proc_sys_reset_0_0.dcp' for cell 'dma_passthrough_i/proc_sys_reset_0'
INFO: [Project 1-454] Reading design checkpoint '/home/sogang/ppe_fpga_ho/ppe_dma_passthrough/ppe_dma_passthrough.gen/sources_1/bd/dma_passthrough/ip/dma_passthrough_reset_inverter_0_0/dma_passthrough_reset_inverter_0_0.dcp' for cell 'dma_passthrough_i/reset_inverter_0'
INFO: [Project 1-454] Reading design checkpoint '/home/sogang/ppe_fpga_ho/ppe_dma_passthrough/ppe_dma_passthrough.gen/sources_1/bd/dma_passthrough/ip/dma_passthrough_smartconnect_0_0/dma_passthrough_smartconnect_0_0.dcp' for cell 'dma_passthrough_i/smartconnect_0'
INFO: [Project 1-454] Reading design checkpoint '/home/sogang/ppe_fpga_ho/ppe_dma_passthrough/ppe_dma_passthrough.gen/sources_1/bd/dma_passthrough/ip/dma_passthrough_smartconnect_1_0/dma_passthrough_smartconnect_1_0.dcp' for cell 'dma_passthrough_i/smartconnect_1'
INFO: [Project 1-454] Reading design checkpoint '/home/sogang/ppe_fpga_ho/ppe_dma_passthrough/ppe_dma_passthrough.gen/sources_1/bd/dma_passthrough/ip/dma_passthrough_zynq_ultra_ps_e_0_0/dma_passthrough_zynq_ultra_ps_e_0_0.dcp' for cell 'dma_passthrough_i/zynq_ultra_ps_e_0'
Netlist sorting complete. Time (s): cpu = 00:00:00.21 ; elapsed = 00:00:00.21 . Memory (MB): peak = 2726.328 ; gain = 0.000 ; free physical = 1019 ; free virtual = 35825
INFO: [Netlist 29-17] Analyzing 94 Unisim elements for replacement
INFO: [Netlist 29-28] Unisim Transformation completed in 0 CPU seconds
INFO: [Project 1-479] Netlist was created with Vivado 2022.2
INFO: [Project 1-570] Preparing netlist for logic optimization
Parsing XDC File [/home/sogang/ppe_fpga_ho/ppe_dma_passthrough/ppe_dma_passthrough.gen/sources_1/bd/dma_passthrough/ip/dma_passthrough_zynq_ultra_ps_e_0_0/dma_passthrough_zynq_ultra_ps_e_0_0.xdc] for cell 'dma_passthrough_i/zynq_ultra_ps_e_0/inst'
Finished Parsing XDC File [/home/sogang/ppe_fpga_ho/ppe_dma_passthrough/ppe_dma_passthrough.gen/sources_1/bd/dma_passthrough/ip/dma_passthrough_zynq_ultra_ps_e_0_0/dma_passthrough_zynq_ultra_ps_e_0_0.xdc] for cell 'dma_passthrough_i/zynq_ultra_ps_e_0/inst'
Parsing XDC File [/home/sogang/ppe_fpga_ho/ppe_dma_passthrough/ppe_dma_passthrough.gen/sources_1/bd/dma_passthrough/ip/dma_passthrough_axi_dma_0_0/dma_passthrough_axi_dma_0_0.xdc] for cell 'dma_passthrough_i/axi_dma_0/U0'
WARNING: [Vivado_Tcl 4-921] Waiver ID 'CDC-1' -to list should not be empty. [/home/sogang/ppe_fpga_ho/ppe_dma_passthrough/ppe_dma_passthrough.gen/sources_1/bd/dma_passthrough/ip/dma_passthrough_axi_dma_0_0/dma_passthrough_axi_dma_0_0.xdc:52]
WARNING: [Vivado_Tcl 4-921] Waiver ID 'CDC-1' -to list should not be empty. [/home/sogang/ppe_fpga_ho/ppe_dma_passthrough/ppe_dma_passthrough.gen/sources_1/bd/dma_passthrough/ip/dma_passthrough_axi_dma_0_0/dma_passthrough_axi_dma_0_0.xdc:56]
WARNING: [Vivado_Tcl 4-919] Waiver ID 'CDC-1' -from list should not be empty. [/home/sogang/ppe_fpga_ho/ppe_dma_passthrough/ppe_dma_passthrough.gen/sources_1/bd/dma_passthrough/ip/dma_passthrough_axi_dma_0_0/dma_passthrough_axi_dma_0_0.xdc:61]
Finished Parsing XDC File [/home/sogang/ppe_fpga_ho/ppe_dma_passthrough/ppe_dma_passthrough.gen/sources_1/bd/dma_passthrough/ip/dma_passthrough_axi_dma_0_0/dma_passthrough_axi_dma_0_0.xdc] for cell 'dma_passthrough_i/axi_dma_0/U0'
Parsing XDC File [/home/sogang/ppe_fpga_ho/ppe_dma_passthrough/ppe_dma_passthrough.gen/sources_1/bd/dma_passthrough/ip/dma_passthrough_proc_sys_reset_0_0/dma_passthrough_proc_sys_reset_0_0_board.xdc] for cell 'dma_passthrough_i/proc_sys_reset_0/U0'
Finished Parsing XDC File [/home/sogang/ppe_fpga_ho/ppe_dma_passthrough/ppe_dma_passthrough.gen/sources_1/bd/dma_passthrough/ip/dma_passthrough_proc_sys_reset_0_0/dma_passthrough_proc_sys_reset_0_0_board.xdc] for cell 'dma_passthrough_i/proc_sys_reset_0/U0'
Parsing XDC File [/home/sogang/ppe_fpga_ho/ppe_dma_passthrough/ppe_dma_passthrough.gen/sources_1/bd/dma_passthrough/ip/dma_passthrough_proc_sys_reset_0_0/dma_passthrough_proc_sys_reset_0_0.xdc] for cell 'dma_passthrough_i/proc_sys_reset_0/U0'
Finished Parsing XDC File [/home/sogang/ppe_fpga_ho/ppe_dma_passthrough/ppe_dma_passthrough.gen/sources_1/bd/dma_passthrough/ip/dma_passthrough_proc_sys_reset_0_0/dma_passthrough_proc_sys_reset_0_0.xdc] for cell 'dma_passthrough_i/proc_sys_reset_0/U0'
Parsing XDC File [/home/sogang/ppe_fpga_ho/ppe_dma_passthrough/ppe_dma_passthrough.gen/sources_1/bd/dma_passthrough/ip/dma_passthrough_smartconnect_0_0/bd_0/ip/ip_1/bd_22eb_psr_aclk_0_board.xdc] for cell 'dma_passthrough_i/smartconnect_0/inst/clk_map/psr_aclk/U0'
Finished Parsing XDC File [/home/sogang/ppe_fpga_ho/ppe_dma_passthrough/ppe_dma_passthrough.gen/sources_1/bd/dma_passthrough/ip/dma_passthrough_smartconnect_0_0/bd_0/ip/ip_1/bd_22eb_psr_aclk_0_board.xdc] for cell 'dma_passthrough_i/smartconnect_0/inst/clk_map/psr_aclk/U0'
Parsing XDC File [/home/sogang/ppe_fpga_ho/ppe_dma_passthrough/ppe_dma_passthrough.gen/sources_1/bd/dma_passthrough/ip/dma_passthrough_smartconnect_0_0/bd_0/ip/ip_1/bd_22eb_psr_aclk_0.xdc] for cell 'dma_passthrough_i/smartconnect_0/inst/clk_map/psr_aclk/U0'
Finished Parsing XDC File [/home/sogang/ppe_fpga_ho/ppe_dma_passthrough/ppe_dma_passthrough.gen/sources_1/bd/dma_passthrough/ip/dma_passthrough_smartconnect_0_0/bd_0/ip/ip_1/bd_22eb_psr_aclk_0.xdc] for cell 'dma_passthrough_i/smartconnect_0/inst/clk_map/psr_aclk/U0'
Parsing XDC File [/home/sogang/ppe_fpga_ho/ppe_dma_passthrough/ppe_dma_passthrough.gen/sources_1/bd/dma_passthrough/ip/dma_passthrough_smartconnect_1_0/bd_0/ip/ip_1/bd_e2ba_psr_aclk_0_board.xdc] for cell 'dma_passthrough_i/smartconnect_1/inst/clk_map/psr_aclk/U0'
Finished Parsing XDC File [/home/sogang/ppe_fpga_ho/ppe_dma_passthrough/ppe_dma_passthrough.gen/sources_1/bd/dma_passthrough/ip/dma_passthrough_smartconnect_1_0/bd_0/ip/ip_1/bd_e2ba_psr_aclk_0_board.xdc] for cell 'dma_passthrough_i/smartconnect_1/inst/clk_map/psr_aclk/U0'
Parsing XDC File [/home/sogang/ppe_fpga_ho/ppe_dma_passthrough/ppe_dma_passthrough.gen/sources_1/bd/dma_passthrough/ip/dma_passthrough_smartconnect_1_0/bd_0/ip/ip_1/bd_e2ba_psr_aclk_0.xdc] for cell 'dma_passthrough_i/smartconnect_1/inst/clk_map/psr_aclk/U0'
Finished Parsing XDC File [/home/sogang/ppe_fpga_ho/ppe_dma_passthrough/ppe_dma_passthrough.gen/sources_1/bd/dma_passthrough/ip/dma_passthrough_smartconnect_1_0/bd_0/ip/ip_1/bd_e2ba_psr_aclk_0.xdc] for cell 'dma_passthrough_i/smartconnect_1/inst/clk_map/psr_aclk/U0'
Parsing XDC File [/home/sogang/ppe_fpga_ho/ppe_dma_passthrough/ppe_dma_passthrough.gen/sources_1/bd/dma_passthrough/ip/dma_passthrough_axi_dma_0_0/dma_passthrough_axi_dma_0_0_clocks.xdc] for cell 'dma_passthrough_i/axi_dma_0/U0'
Finished Parsing XDC File [/home/sogang/ppe_fpga_ho/ppe_dma_passthrough/ppe_dma_passthrough.gen/sources_1/bd/dma_passthrough/ip/dma_passthrough_axi_dma_0_0/dma_passthrough_axi_dma_0_0_clocks.xdc] for cell 'dma_passthrough_i/axi_dma_0/U0'
INFO: [Project 1-1714] 89 XPM XDC files have been applied to the design.
INFO: [Opt 31-138] Pushed 0 inverter(s) to 0 load pin(s).
Netlist sorting complete. Time (s): cpu = 00:00:00 ; elapsed = 00:00:00 . Memory (MB): peak = 3016.922 ; gain = 0.000 ; free physical = 837 ; free virtual = 35657
INFO: [Project 1-111] Unisim Transformation Summary:
  A total of 76 instances were transformed.
  RAM16X1D => RAM32X1D (RAMD32(x2)): 1 instance 
  RAM32M => RAM32M (RAMD32(x6), RAMS32(x2)): 1 instance 
  RAM32M16 => RAM32M16 (RAMD32(x14), RAMS32(x2)): 74 instances

18 Infos, 3 Warnings, 0 Critical Warnings and 0 Errors encountered.
link_design completed successfully
link_design: Time (s): cpu = 00:00:11 ; elapsed = 00:00:12 . Memory (MB): peak = 3016.922 ; gain = 1229.734 ; free physical = 837 ; free virtual = 35657
Command: opt_design
Attempting to get a license for feature 'Implementation' and/or device 'xck26'
INFO: [Common 17-349] Got license for feature 'Implementation' and/or device 'xck26'
Running DRC as a precondition to command opt_design

Starting DRC Task
INFO: [DRC 23-27] Running DRC with 8 threads
INFO: [Project 1-461] DRC finished with 0 Errors
INFO: [Project 1-462] Please refer to the DRC report (report_drc) for more information.

Time (s): cpu = 00:00:01 ; elapsed = 00:00:00.79 . Memory (MB): peak = 3016.922 ; gain = 0.000 ; free physical = 837 ; free virtual = 35653

Starting Cache Timing Information Task
INFO: [Timing 38-35] Done setting XDC timing constraints.
Ending Cache Timing Information Task | Checksum: 1d177f242

Time (s): cpu = 00:00:02 ; elapsed = 00:00:02 . Memory (MB): peak = 3291.480 ; gain = 274.559 ; free physical = 671 ; free virtual = 35485

Starting Logic Optimization Task

Phase 1 Retarget
INFO: [Opt 31-1287] Pulled Inverter dma_passthrough_i/axi_dma_0/U0/I_PRMRY_DATAMOVER/GEN_S2MM_FULL.I_S2MM_FULL_WRAPPER/GEN_ENABLE_INDET_BTT_SF.I_INDET_BTT/I_XD_FIFO/NON_BLK_MEM.I_SYNC_FIFOGEN_FIFO/xpm_fifo_instance.xpm_fifo_sync_inst_i_1__0 into driver instance dma_passthrough_i/axi_dma_0/U0/I_PRMRY_DATAMOVER/GEN_S2MM_FULL.I_S2MM_FULL_WRAPPER/GEN_ENABLE_INDET_BTT_SF.I_INDET_BTT/I_XD_FIFO/NON_BLK_MEM.I_SYNC_FIFOGEN_FIFO/xpm_fifo_instance.xpm_fifo_sync_inst_i_9__0, which resulted in an inversion of 18 pins
INFO: [Opt 31-1287] Pulled Inverter dma_passthrough_i/axi_dma_0/U0/I_PRMRY_DATAMOVER/GEN_S2MM_FULL.I_S2MM_FULL_WRAPPER/I_WR_DATA_CNTL/GEN_DATA_CNTL_FIFO.I_DATA_CNTL_FIFO/USE_SRL_FIFO.I_SYNC_FIFO/I_SRL_FIFO_RBU_F/CNTR_INCR_DECR_ADDN_F_I/sig_next_calc_error_reg_i_2 into driver instance dma_passthrough_i/axi_dma_0/U0/I_PRMRY_DATAMOVER/GEN_S2MM_FULL.I_S2MM_FULL_WRAPPER/I_WR_DATA_CNTL/GEN_DATA_CNTL_FIFO.I_DATA_CNTL_FIFO/USE_SRL_FIFO.I_SYNC_FIFO/I_SRL_FIFO_RBU_F/CNTR_INCR_DECR_ADDN_F_I/INFERRED_GEN.cnt_i[2]_i_2__2, which resulted in an inversion of 20 pins
INFO: [Opt 31-1287] Pulled Inverter dma_passthrough_i/smartconnect_0/inst/s00_entry_pipeline/s00_mmu/inst/gen_wroute_reg.wroute_split/s_axi_awready_INST_0 into driver instance dma_passthrough_i/smartconnect_0/inst/s00_entry_pipeline/s00_mmu/inst/gen_wroute_reg.wroute_split/s_axi_awready_INST_0_i_1, which resulted in an inversion of 4 pins
INFO: [Opt 31-1287] Pulled Inverter dma_passthrough_i/smartconnect_0/inst/s00_entry_pipeline/s00_si_converter/inst/gen_axilite_conv.axilite_conv_inst/s_axi_rlast_INST_0 into driver instance dma_passthrough_i/smartconnect_0/inst/s00_entry_pipeline/s00_si_converter/inst/gen_axilite_conv.axilite_conv_inst/s_axi_rlast_INST_0_i_1, which resulted in an inversion of 8 pins
INFO: [Opt 31-138] Pushed 103 inverter(s) to 1224 load pin(s).
INFO: [Opt 31-49] Retargeted 0 cell(s).
Phase 1 Retarget | Checksum: 1d997cc41

Time (s): cpu = 00:00:00.67 ; elapsed = 00:00:00.36 . Memory (MB): peak = 3567.371 ; gain = 0.000 ; free physical = 453 ; free virtual = 35263
INFO: [Opt 31-389] Phase Retarget created 64 cells and removed 478 cells
INFO: [Opt 31-1021] In phase Retarget, 90 netlist objects are constrained preventing optimization. Please run opt_design with -debug_log to get more detail. 

Phase 2 Constant propagation
INFO: [Opt 31-138] Pushed 0 inverter(s) to 0 load pin(s).
Phase 2 Constant propagation | Checksum: 1c9cf6318

Time (s): cpu = 00:00:00.74 ; elapsed = 00:00:00.42 . Memory (MB): peak = 3567.371 ; gain = 0.000 ; free physical = 453 ; free virtual = 35263
INFO: [Opt 31-389] Phase Constant propagation created 33 cells and removed 365 cells
INFO: [Opt 31-1021] In phase Constant propagation, 120 netlist objects are constrained preventing optimization. Please run opt_design with -debug_log to get more detail. 

Phase 3 Sweep
Phase 3 Sweep | Checksum: 1d786c834

Time (s): cpu = 00:00:01 ; elapsed = 00:00:00.72 . Memory (MB): peak = 3567.371 ; gain = 0.000 ; free physical = 465 ; free virtual = 35272
INFO: [Opt 31-389] Phase Sweep created 0 cells and removed 267 cells
INFO: [Opt 31-1021] In phase Sweep, 152 netlist objects are constrained preventing optimization. Please run opt_design with -debug_log to get more detail. 

Phase 4 BUFG optimization
INFO: [Opt 31-1077] Phase BUFG optimization inserted 0 global clock buffer(s) for CLOCK_LOW_FANOUT.
Phase 4 BUFG optimization | Checksum: 1d786c834

Time (s): cpu = 00:00:01 ; elapsed = 00:00:00.81 . Memory (MB): peak = 3599.387 ; gain = 32.016 ; free physical = 464 ; free virtual = 35272
INFO: [Opt 31-662] Phase BUFG optimization created 0 cells of which 0 are BUFGs and removed 0 cells.

Phase 5 Shift Register Optimization
INFO: [Opt 31-1064] SRL Remap converted 0 SRLs to 0 registers and converted 0 registers of register chains to 0 SRLs
Phase 5 Shift Register Optimization | Checksum: 1d786c834

Time (s): cpu = 00:00:01 ; elapsed = 00:00:00.83 . Memory (MB): peak = 3599.387 ; gain = 32.016 ; free physical = 464 ; free virtual = 35272
INFO: [Opt 31-389] Phase Shift Register Optimization created 0 cells and removed 0 cells

Phase 6 Post Processing Netlist
Phase 6 Post Processing Netlist | Checksum: 193ccdd2d

Time (s): cpu = 00:00:01 ; elapsed = 00:00:00.87 . Memory (MB): peak = 3599.387 ; gain = 32.016 ; free physical = 464 ; free virtual = 35272
INFO: [Opt 31-389] Phase Post Processing Netlist created 0 cells and removed 0 cells
INFO: [Opt 31-1021] In phase Post Processing Netlist, 105 netlist objects are constrained preventing optimization. Please run opt_design with -debug_log to get more detail. 
Opt_design Change Summary
=========================


-------------------------------------------------------------------------------------------------------------------------
|  Phase                        |  #Cells created  |  #Cells Removed  |  #Constrained objects preventing optimizations  |
-------------------------------------------------------------------------------------------------------------------------
|  Retarget                     |              64  |             478  |                                             90  |
|  Constant propagation         |              33  |             365  |                                            120  |
|  Sweep                        |               0  |             267  |                                            152  |
|  BUFG optimization            |               0  |               0  |                                              0  |
|  Shift Register Optimization  |               0  |               0  |                                              0  |
|  Post Processing Netlist      |               0  |               0  |                                            105  |
-------------------------------------------------------------------------------------------------------------------------



Starting Connectivity Check Task

Time (s): cpu = 00:00:00.04 ; elapsed = 00:00:00.01 . Memory (MB): peak = 3599.387 ; gain = 0.000 ; free physical = 466 ; free virtual = 35274
Ending Logic Optimization Task | Checksum: 13b325002

Time (s): cpu = 00:00:01 ; elapsed = 00:00:00.97 . Memory (MB): peak = 3599.387 ; gain = 32.016 ; free physical = 466 ; free virtual = 35274

Starting Power Optimization Task
INFO: [Pwropt 34-132] Skipping clock gating for clocks with a period < 2.00 ns.
INFO: [Pwropt 34-9] Applying IDT optimizations ...
INFO: [Pwropt 34-10] Applying ODC optimizations ...
INFO: [Timing 38-35] Done setting XDC timing constraints.
Running Vector-less Activity Propagation...

Finished Running Vector-less Activity Propagation


Starting PowerOpt Patch Enables Task
INFO: [Pwropt 34-162] WRITE_MODE attribute of 0 BRAM(s) out of a total of 2 has been updated to save power. Run report_power_opt to get a complete listing of the BRAMs updated.
INFO: [Pwropt 34-201] Structural ODC has moved 0 WE to EN ports
Number of BRAM Ports augmented: 0 newly gated: 0 Total Ports: 4
Ending PowerOpt Patch Enables Task | Checksum: 13b325002

Time (s): cpu = 00:00:00.04 ; elapsed = 00:00:00.04 . Memory (MB): peak = 4139.980 ; gain = 0.000 ; free physical = 262 ; free virtual = 34877
Ending Power Optimization Task | Checksum: 13b325002

Time (s): cpu = 00:00:09 ; elapsed = 00:00:08 . Memory (MB): peak = 4139.980 ; gain = 540.594 ; free physical = 285 ; free virtual = 34900

Starting Final Cleanup Task
Ending Final Cleanup Task | Checksum: 13b325002

Time (s): cpu = 00:00:00 ; elapsed = 00:00:00 . Memory (MB): peak = 4139.980 ; gain = 0.000 ; free physical = 285 ; free virtual = 34900

Starting Netlist Obfuscation Task
Netlist sorting complete. Time (s): cpu = 00:00:00.01 ; elapsed = 00:00:00 . Memory (MB): peak = 4139.980 ; gain = 0.000 ; free physical = 285 ; free virtual = 34900
Ending Netlist Obfuscation Task | Checksum: 13b325002

Time (s): cpu = 00:00:00.01 ; elapsed = 00:00:00 . Memory (MB): peak = 4139.980 ; gain = 0.000 ; free physical = 285 ; free virtual = 34900
INFO: [Common 17-83] Releasing license: Implementation
49 Infos, 3 Warnings, 0 Critical Warnings and 0 Errors encountered.
opt_design completed successfully
opt_design: Time (s): cpu = 00:00:15 ; elapsed = 00:00:13 . Memory (MB): peak = 4139.980 ; gain = 1123.059 ; free physical = 285 ; free virtual = 34900
INFO: [Timing 38-480] Writing timing data to binary archive.
INFO: [Common 17-1381] The checkpoint '/home/sogang/ppe_fpga_ho/ppe_dma_passthrough/ppe_dma_passthrough.runs/impl_1/dma_passthrough_wrapper_opt.dcp' has been generated.
INFO: [runtcl-4] Executing : report_drc -file dma_passthrough_wrapper_drc_opted.rpt -pb dma_passthrough_wrapper_drc_opted.pb -rpx dma_passthrough_wrapper_drc_opted.rpx
Command: report_drc -file dma_passthrough_wrapper_drc_opted.rpt -pb dma_passthrough_wrapper_drc_opted.pb -rpx dma_passthrough_wrapper_drc_opted.rpx
INFO: [IP_Flow 19-1839] IP Catalog is up to date.
INFO: [Timing 38-35] Done setting XDC timing constraints.
INFO: [DRC 23-27] Running DRC with 8 threads
INFO: [Vivado_Tcl 2-168] The results of DRC are in file /home/sogang/ppe_fpga_ho/ppe_dma_passthrough/ppe_dma_passthrough.runs/impl_1/dma_passthrough_wrapper_drc_opted.rpt.
report_drc completed successfully
report_drc: Time (s): cpu = 00:00:13 ; elapsed = 00:00:13 . Memory (MB): peak = 4882.121 ; gain = 742.141 ; free physical = 281 ; free virtual = 34317
Command: place_design
Attempting to get a license for feature 'Implementation' and/or device 'xck26'
INFO: [Common 17-349] Got license for feature 'Implementation' and/or device 'xck26'
INFO: [DRC 23-27] Running DRC with 8 threads
INFO: [Vivado_Tcl 4-198] DRC finished with 0 Errors
INFO: [Vivado_Tcl 4-199] Please refer to the DRC report (report_drc) for more information.
Running DRC as a precondition to command place_design
INFO: [DRC 23-27] Running DRC with 8 threads
INFO: [Vivado_Tcl 4-198] DRC finished with 0 Errors
INFO: [Vivado_Tcl 4-199] Please refer to the DRC report (report_drc) for more information.

Starting Placer Task
INFO: [Place 30-611] Multithreading enabled for place_design using a maximum of 8 CPUs

Phase 1 Placer Initialization

Phase 1.1 Placer Initialization Netlist Sorting
Netlist sorting complete. Time (s): cpu = 00:00:00.01 ; elapsed = 00:00:00.01 . Memory (MB): peak = 4882.121 ; gain = 0.000 ; free physical = 220 ; free virtual = 34256
Phase 1.1 Placer Initialization Netlist Sorting | Checksum: 7f9c3e8a

Time (s): cpu = 00:00:00.01 ; elapsed = 00:00:00.06 . Memory (MB): peak = 4882.121 ; gain = 0.000 ; free physical = 220 ; free virtual = 34256
Netlist sorting complete. Time (s): cpu = 00:00:00 ; elapsed = 00:00:00 . Memory (MB): peak = 4882.121 ; gain = 0.000 ; free physical = 220 ; free virtual = 34256

Phase 1.2 IO Placement/ Clock Placement/ Build Placer Device
Phase 1.2 IO Placement/ Clock Placement/ Build Placer Device | Checksum: dead28ad

Time (s): cpu = 00:00:02 ; elapsed = 00:00:00.98 . Memory (MB): peak = 4882.121 ; gain = 0.000 ; free physical = 268 ; free virtual = 34305

Phase 1.3 Build Placer Netlist Model
Phase 1.3 Build Placer Netlist Model | Checksum: 15aa23b02

Time (s): cpu = 00:00:04 ; elapsed = 00:00:02 . Memory (MB): peak = 4882.121 ; gain = 0.000 ; free physical = 233 ; free virtual = 34271

Phase 1.4 Constrain Clocks/Macros
Phase 1.4 Constrain Clocks/Macros | Checksum: 15aa23b02

Time (s): cpu = 00:00:04 ; elapsed = 00:00:02 . Memory (MB): peak = 4882.121 ; gain = 0.000 ; free physical = 233 ; free virtual = 34271
Phase 1 Placer Initialization | Checksum: 15aa23b02

Time (s): cpu = 00:00:04 ; elapsed = 00:00:02 . Memory (MB): peak = 4882.121 ; gain = 0.000 ; free physical = 233 ; free virtual = 34271

Phase 2 Global Placement

Phase 2.1 Floorplanning

Phase 2.1.1 Partition Driven Placement

Phase 2.1.1.1 PBP: Partition Driven Placement
Phase 2.1.1.1 PBP: Partition Driven Placement | Checksum: 186832abd

Time (s): cpu = 00:00:07 ; elapsed = 00:00:03 . Memory (MB): peak = 4882.121 ; gain = 0.000 ; free physical = 305 ; free virtual = 34344

Phase 2.1.1.2 PBP: Clock Region Placement
Phase 2.1.1.2 PBP: Clock Region Placement | Checksum: 186832abd

Time (s): cpu = 00:00:08 ; elapsed = 00:00:03 . Memory (MB): peak = 4882.121 ; gain = 0.000 ; free physical = 291 ; free virtual = 34330

Phase 2.1.1.3 PBP: Compute Congestion
Phase 2.1.1.3 PBP: Compute Congestion | Checksum: 186832abd

Time (s): cpu = 00:00:08 ; elapsed = 00:00:04 . Memory (MB): peak = 4920.480 ; gain = 38.359 ; free physical = 286 ; free virtual = 34325

Phase 2.1.1.4 PBP: UpdateTiming
Phase 2.1.1.4 PBP: UpdateTiming | Checksum: 1111e89c4

Time (s): cpu = 00:00:09 ; elapsed = 00:00:04 . Memory (MB): peak = 4950.496 ; gain = 68.375 ; free physical = 286 ; free virtual = 34325

Phase 2.1.1.5 PBP: Add part constraints
Phase 2.1.1.5 PBP: Add part constraints | Checksum: 1111e89c4

Time (s): cpu = 00:00:09 ; elapsed = 00:00:04 . Memory (MB): peak = 4950.496 ; gain = 68.375 ; free physical = 286 ; free virtual = 34325
Phase 2.1.1 Partition Driven Placement | Checksum: 1111e89c4

Time (s): cpu = 00:00:09 ; elapsed = 00:00:04 . Memory (MB): peak = 4950.496 ; gain = 68.375 ; free physical = 286 ; free virtual = 34325
Phase 2.1 Floorplanning | Checksum: 161afe4ef

Time (s): cpu = 00:00:09 ; elapsed = 00:00:04 . Memory (MB): peak = 4950.496 ; gain = 68.375 ; free physical = 286 ; free virtual = 34325

Phase 2.2 Update Timing before SLR Path Opt
Phase 2.2 Update Timing before SLR Path Opt | Checksum: 161afe4ef

Time (s): cpu = 00:00:09 ; elapsed = 00:00:04 . Memory (MB): peak = 4950.496 ; gain = 68.375 ; free physical = 286 ; free virtual = 34325

Phase 2.3 Post-Processing in Floorplanning
Phase 2.3 Post-Processing in Floorplanning | Checksum: 161afe4ef

Time (s): cpu = 00:00:09 ; elapsed = 00:00:04 . Memory (MB): peak = 4950.496 ; gain = 68.375 ; free physical = 286 ; free virtual = 34325

Phase 2.4 Global Placement Core

Phase 2.4.1 UpdateTiming Before Physical Synthesis
Phase 2.4.1 UpdateTiming Before Physical Synthesis | Checksum: 1585d19eb

Time (s): cpu = 00:00:30 ; elapsed = 00:00:08 . Memory (MB): peak = 4958.500 ; gain = 76.379 ; free physical = 350 ; free virtual = 34389

Phase 2.4.2 Physical Synthesis In Placer
INFO: [Physopt 32-1035] Found 0 LUTNM shape to break, 378 LUT instances to create LUTNM shape
INFO: [Physopt 32-1044] Break lutnm for timing: one critical 0, two critical 0, total 0, new lutff created 0
INFO: [Physopt 32-1138] End 1 Pass. Optimized 130 nets or LUTs. Breaked 0 LUT, combined 130 existing LUTs and moved 0 existing LUT
INFO: [Physopt 32-1030] Pass 1. Identified 1 candidate driver set for equivalent driver rewiring.
INFO: [Physopt 32-661] Optimized 0 net.  Re-placed 0 instance.
INFO: [Physopt 32-775] End 1 Pass. Optimized 0 net or cell. Created 0 new cell, deleted 0 existing cell and moved 0 existing cell
INFO: [Physopt 32-65] No nets found for high-fanout optimization.
INFO: [Physopt 32-232] Optimized 0 net. Created 0 new instance.
INFO: [Physopt 32-775] End 1 Pass. Optimized 0 net or cell. Created 0 new cell, deleted 0 existing cell and moved 0 existing cell
INFO: [Physopt 32-670] No setup violation found.  DSP Register Optimization was not performed.
INFO: [Physopt 32-670] No setup violation found.  Shift Register to Pipeline Optimization was not performed.
INFO: [Physopt 32-670] No setup violation found.  Shift Register Optimization was not performed.
INFO: [Physopt 32-670] No setup violation found.  BRAM Register Optimization was not performed.
INFO: [Physopt 32-670] No setup violation found.  URAM Register Optimization was not performed.
INFO: [Physopt 32-949] No candidate nets found for dynamic/static region interface net replication
INFO: [Physopt 32-775] End 1 Pass. Optimized 0 net or cell. Created 0 new cell, deleted 0 existing cell and moved 0 existing cell
Netlist sorting complete. Time (s): cpu = 00:00:00 ; elapsed = 00:00:00 . Memory (MB): peak = 4958.500 ; gain = 0.000 ; free physical = 350 ; free virtual = 34390

Summary of Physical Synthesis Optimizations
============================================


-----------------------------------------------------------------------------------------------------------------------------------------------------------
|  Optimization                                     |  Added Cells  |  Removed Cells  |  Optimized Cells/Nets  |  Dont Touch  |  Iterations  |  Elapsed   |
-----------------------------------------------------------------------------------------------------------------------------------------------------------
|  LUT Combining                                    |            0  |            130  |                   130  |           0  |           1  |  00:00:00  |
|  Retime                                           |            0  |              0  |                     0  |           0  |           1  |  00:00:00  |
|  Equivalent Driver Rewiring                       |            0  |              0  |                     0  |           0  |           1  |  00:00:00  |
|  Very High Fanout                                 |            0  |              0  |                     0  |           0  |           1  |  00:00:00  |
|  DSP Register                                     |            0  |              0  |                     0  |           0  |           0  |  00:00:00  |
|  Shift Register to Pipeline                       |            0  |              0  |                     0  |           0  |           0  |  00:00:00  |
|  Shift Register                                   |            0  |              0  |                     0  |           0  |           0  |  00:00:00  |
|  BRAM Register                                    |            0  |              0  |                     0  |           0  |           0  |  00:00:00  |
|  URAM Register                                    |            0  |              0  |                     0  |           0  |           0  |  00:00:00  |
|  Dynamic/Static Region Interface Net Replication  |            0  |              0  |                     0  |           0  |           1  |  00:00:00  |
|  Total                                            |            0  |            130  |                   130  |           0  |           5  |  00:00:00  |
-----------------------------------------------------------------------------------------------------------------------------------------------------------


Phase 2.4.2 Physical Synthesis In Placer | Checksum: 1070bf111

Time (s): cpu = 00:00:31 ; elapsed = 00:00:09 . Memory (MB): peak = 4958.500 ; gain = 76.379 ; free physical = 349 ; free virtual = 34389
Phase 2.4 Global Placement Core | Checksum: 110e5953b

Time (s): cpu = 00:00:32 ; elapsed = 00:00:09 . Memory (MB): peak = 4958.500 ; gain = 76.379 ; free physical = 324 ; free virtual = 34364
Phase 2 Global Placement | Checksum: 110e5953b

Time (s): cpu = 00:00:32 ; elapsed = 00:00:09 . Memory (MB): peak = 4958.500 ; gain = 76.379 ; free physical = 327 ; free virtual = 34367

Phase 3 Detail Placement

Phase 3.1 Commit Multi Column Macros
Phase 3.1 Commit Multi Column Macros | Checksum: 9b159dfe

Time (s): cpu = 00:00:34 ; elapsed = 00:00:10 . Memory (MB): peak = 4958.500 ; gain = 76.379 ; free physical = 321 ; free virtual = 34361

Phase 3.2 Commit Most Macros & LUTRAMs
Phase 3.2 Commit Most Macros & LUTRAMs | Checksum: 19f3e5933

Time (s): cpu = 00:00:35 ; elapsed = 00:00:10 . Memory (MB): peak = 4958.500 ; gain = 76.379 ; free physical = 324 ; free virtual = 34365

Phase 3.3 Small Shape DP

Phase 3.3.1 Small Shape Clustering
Phase 3.3.1 Small Shape Clustering | Checksum: 165ea171b

Time (s): cpu = 00:00:35 ; elapsed = 00:00:10 . Memory (MB): peak = 4958.500 ; gain = 76.379 ; free physical = 269 ; free virtual = 34309

Phase 3.3.2 Flow Legalize Slice Clusters
Phase 3.3.2 Flow Legalize Slice Clusters | Checksum: 12f4abeb1

Time (s): cpu = 00:00:35 ; elapsed = 00:00:10 . Memory (MB): peak = 4958.500 ; gain = 76.379 ; free physical = 269 ; free virtual = 34309

Phase 3.3.3 Slice Area Swap

Phase 3.3.3.1 Slice Area Swap Initial
Phase 3.3.3.1 Slice Area Swap Initial | Checksum: 112e5764a

Time (s): cpu = 00:00:36 ; elapsed = 00:00:11 . Memory (MB): peak = 4958.500 ; gain = 76.379 ; free physical = 269 ; free virtual = 34309
Phase 3.3.3 Slice Area Swap | Checksum: 112e5764a

Time (s): cpu = 00:00:36 ; elapsed = 00:00:11 . Memory (MB): peak = 4958.500 ; gain = 76.379 ; free physical = 269 ; free virtual = 34309
Phase 3.3 Small Shape DP | Checksum: 12f5b36f0

Time (s): cpu = 00:00:37 ; elapsed = 00:00:11 . Memory (MB): peak = 4958.500 ; gain = 76.379 ; free physical = 271 ; free virtual = 34311

Phase 3.4 Re-assign LUT pins
Phase 3.4 Re-assign LUT pins | Checksum: 1015b72b8

Time (s): cpu = 00:00:37 ; elapsed = 00:00:11 . Memory (MB): peak = 4958.500 ; gain = 76.379 ; free physical = 271 ; free virtual = 34311

Phase 3.5 Pipeline Register Optimization
Phase 3.5 Pipeline Register Optimization | Checksum: 5dde7a16

Time (s): cpu = 00:00:37 ; elapsed = 00:00:11 . Memory (MB): peak = 4958.500 ; gain = 76.379 ; free physical = 271 ; free virtual = 34311
Phase 3 Detail Placement | Checksum: 5dde7a16

Time (s): cpu = 00:00:37 ; elapsed = 00:00:11 . Memory (MB): peak = 4958.500 ; gain = 76.379 ; free physical = 271 ; free virtual = 34311

Phase 4 Post Placement Optimization and Clean-Up

Phase 4.1 Post Commit Optimization
INFO: [Timing 38-35] Done setting XDC timing constraints.

Phase 4.1.1 Post Placement Optimization
Post Placement Optimization Initialization | Checksum: 18c5b10f8

Phase 4.1.1.1 BUFG Insertion

Starting Physical Synthesis Task

Phase 1 Physical Synthesis Initialization
INFO: [Physopt 32-721] Multithreading enabled for phys_opt_design using a maximum of 8 CPUs
INFO: [Physopt 32-619] Estimated Timing Summary | WNS=6.546 | TNS=0.000 |
Phase 1 Physical Synthesis Initialization | Checksum: 2350beb48

Time (s): cpu = 00:00:00.29 ; elapsed = 00:00:00.07 . Memory (MB): peak = 4958.500 ; gain = 0.000 ; free physical = 296 ; free virtual = 34336
INFO: [Place 46-56] BUFG insertion identified 0 candidate nets. Inserted BUFG: 0, Replicated BUFG Driver: 0, Skipped due to Placement/Routing Conflicts: 0, Skipped due to Timing Degradation: 0, Skipped due to Illegal Netlist: 0.
Ending Physical Synthesis Task | Checksum: 1bc3b72a0

Time (s): cpu = 00:00:00.34 ; elapsed = 00:00:00.12 . Memory (MB): peak = 4958.500 ; gain = 0.000 ; free physical = 296 ; free virtual = 34336
Phase 4.1.1.1 BUFG Insertion | Checksum: 18c5b10f8

Time (s): cpu = 00:00:42 ; elapsed = 00:00:13 . Memory (MB): peak = 4958.500 ; gain = 76.379 ; free physical = 296 ; free virtual = 34336

Phase 4.1.1.2 Post Placement Timing Optimization
INFO: [Place 30-746] Post Placement Timing Summary WNS=6.546. For the most accurate timing information please run report_timing.
Phase 4.1.1.2 Post Placement Timing Optimization | Checksum: 1b8c16328

Time (s): cpu = 00:00:42 ; elapsed = 00:00:13 . Memory (MB): peak = 4958.500 ; gain = 76.379 ; free physical = 296 ; free virtual = 34337

Time (s): cpu = 00:00:42 ; elapsed = 00:00:13 . Memory (MB): peak = 4958.500 ; gain = 76.379 ; free physical = 296 ; free virtual = 34337
Phase 4.1 Post Commit Optimization | Checksum: 1b8c16328

Time (s): cpu = 00:00:42 ; elapsed = 00:00:13 . Memory (MB): peak = 4958.500 ; gain = 76.379 ; free physical = 297 ; free virtual = 34337
Netlist sorting complete. Time (s): cpu = 00:00:00.01 ; elapsed = 00:00:00 . Memory (MB): peak = 4958.500 ; gain = 0.000 ; free physical = 279 ; free virtual = 34319

Phase 4.2 Post Placement Cleanup
Phase 4.2 Post Placement Cleanup | Checksum: 21d5948ce

Time (s): cpu = 00:00:45 ; elapsed = 00:00:15 . Memory (MB): peak = 4958.500 ; gain = 76.379 ; free physical = 281 ; free virtual = 34322

Phase 4.3 Placer Reporting

Phase 4.3.1 Print Estimated Congestion
INFO: [Place 30-612] Post-Placement Estimated Congestion 
 ________________________________________________________________________
|           | Global Congestion | Long Congestion   | Short Congestion  |
| Direction | Region Size       | Region Size       | Region Size       |
|___________|___________________|___________________|___________________|
|      North|                1x1|                1x1|                1x1|
|___________|___________________|___________________|___________________|
|      South|                1x1|                1x1|                1x1|
|___________|___________________|___________________|___________________|
|       East|                1x1|                1x1|                2x2|
|___________|___________________|___________________|___________________|
|       West|                1x1|                1x1|                8x8|
|___________|___________________|___________________|___________________|

Phase 4.3.1 Print Estimated Congestion | Checksum: 21d5948ce

Time (s): cpu = 00:00:45 ; elapsed = 00:00:15 . Memory (MB): peak = 4958.500 ; gain = 76.379 ; free physical = 281 ; free virtual = 34322
Phase 4.3 Placer Reporting | Checksum: 21d5948ce

Time (s): cpu = 00:00:45 ; elapsed = 00:00:15 . Memory (MB): peak = 4958.500 ; gain = 76.379 ; free physical = 281 ; free virtual = 34322

Phase 4.4 Final Placement Cleanup
Netlist sorting complete. Time (s): cpu = 00:00:00 ; elapsed = 00:00:00.01 . Memory (MB): peak = 4958.500 ; gain = 0.000 ; free physical = 281 ; free virtual = 34322

Time (s): cpu = 00:00:45 ; elapsed = 00:00:15 . Memory (MB): peak = 4958.500 ; gain = 76.379 ; free physical = 281 ; free virtual = 34322
Phase 4 Post Placement Optimization and Clean-Up | Checksum: 2077d312e

Time (s): cpu = 00:00:45 ; elapsed = 00:00:15 . Memory (MB): peak = 4958.500 ; gain = 76.379 ; free physical = 281 ; free virtual = 34322
Ending Placer Task | Checksum: 14f612f2e

Time (s): cpu = 00:00:45 ; elapsed = 00:00:15 . Memory (MB): peak = 4958.500 ; gain = 76.379 ; free physical = 281 ; free virtual = 34322
INFO: [Common 17-83] Releasing license: Implementation
87 Infos, 3 Warnings, 0 Critical Warnings and 0 Errors encountered.
place_design completed successfully
place_design: Time (s): cpu = 00:00:47 ; elapsed = 00:00:16 . Memory (MB): peak = 4958.500 ; gain = 76.379 ; free physical = 357 ; free virtual = 34397
INFO: [Timing 38-480] Writing timing data to binary archive.
Writing XDEF routing.
Writing XDEF routing logical nets.
Writing XDEF routing special nets.
Write XDEF Complete: Time (s): cpu = 00:00:02 ; elapsed = 00:00:00.51 . Memory (MB): peak = 4958.500 ; gain = 0.000 ; free physical = 309 ; free virtual = 34366
INFO: [Common 17-1381] The checkpoint '/home/sogang/ppe_fpga_ho/ppe_dma_passthrough/ppe_dma_passthrough.runs/impl_1/dma_passthrough_wrapper_placed.dcp' has been generated.
INFO: [runtcl-4] Executing : report_io -file dma_passthrough_wrapper_io_placed.rpt
report_io: Time (s): cpu = 00:00:00.1 ; elapsed = 00:00:00.19 . Memory (MB): peak = 4958.500 ; gain = 0.000 ; free physical = 316 ; free virtual = 34364
INFO: [runtcl-4] Executing : report_utilization -file dma_passthrough_wrapper_utilization_placed.rpt -pb dma_passthrough_wrapper_utilization_placed.pb
INFO: [runtcl-4] Executing : report_control_sets -verbose -file dma_passthrough_wrapper_control_sets_placed.rpt
report_control_sets: Time (s): cpu = 00:00:00.05 ; elapsed = 00:00:00.13 . Memory (MB): peak = 4958.500 ; gain = 0.000 ; free physical = 304 ; free virtual = 34352
Command: phys_opt_design
Attempting to get a license for feature 'Implementation' and/or device 'xck26'
INFO: [Common 17-349] Got license for feature 'Implementation' and/or device 'xck26'

Starting Initial Update Timing Task

Time (s): cpu = 00:00:02 ; elapsed = 00:00:00.66 . Memory (MB): peak = 4958.500 ; gain = 0.000 ; free physical = 311 ; free virtual = 34360
INFO: [Vivado_Tcl 4-383] Design worst setup slack (WNS) is greater than or equal to 0.000 ns. Skipping all physical synthesis optimizations.
INFO: [Vivado_Tcl 4-232] No setup violation found. The netlist was not modified.
INFO: [Common 17-83] Releasing license: Implementation
96 Infos, 3 Warnings, 0 Critical Warnings and 0 Errors encountered.
phys_opt_design completed successfully
INFO: [Timing 38-480] Writing timing data to binary archive.
Writing XDEF routing.
Writing XDEF routing logical nets.
Writing XDEF routing special nets.
Write XDEF Complete: Time (s): cpu = 00:00:02 ; elapsed = 00:00:00.51 . Memory (MB): peak = 4958.500 ; gain = 0.000 ; free physical = 297 ; free virtual = 34363
INFO: [Common 17-1381] The checkpoint '/home/sogang/ppe_fpga_ho/ppe_dma_passthrough/ppe_dma_passthrough.runs/impl_1/dma_passthrough_wrapper_physopt.dcp' has been generated.
Command: route_design
Attempting to get a license for feature 'Implementation' and/or device 'xck26'
INFO: [Common 17-349] Got license for feature 'Implementation' and/or device 'xck26'
Running DRC as a precondition to command route_design
INFO: [DRC 23-27] Running DRC with 8 threads
INFO: [Vivado_Tcl 4-198] DRC finished with 0 Errors
INFO: [Vivado_Tcl 4-199] Please refer to the DRC report (report_drc) for more information.


Starting Routing Task
INFO: [Route 35-254] Multithreading enabled for route_design using a maximum of 8 CPUs

Phase 1 Build RT Design
Checksum: PlaceDB: 12e53728 ConstDB: 0 ShapeSum: d7e41260 RouteDB: 6497e5a6
Nodegraph reading from file.  Time (s): cpu = 00:00:00.39 ; elapsed = 00:00:00.53 . Memory (MB): peak = 4958.500 ; gain = 0.000 ; free physical = 340 ; free virtual = 34264
Post Restoration Checksum: NetGraph: c71cc75d NumContArr: 2d86632a Constraints: 916ef531 Timing: 0
Phase 1 Build RT Design | Checksum: 186121fb8

Time (s): cpu = 00:00:05 ; elapsed = 00:00:03 . Memory (MB): peak = 4958.500 ; gain = 0.000 ; free physical = 307 ; free virtual = 34231

Phase 2 Router Initialization

Phase 2.1 Fix Topology Constraints
Phase 2.1 Fix Topology Constraints | Checksum: 186121fb8

Time (s): cpu = 00:00:05 ; elapsed = 00:00:03 . Memory (MB): peak = 4958.500 ; gain = 0.000 ; free physical = 268 ; free virtual = 34193

Phase 2.2 Pre Route Cleanup
Phase 2.2 Pre Route Cleanup | Checksum: 186121fb8

Time (s): cpu = 00:00:05 ; elapsed = 00:00:03 . Memory (MB): peak = 4958.500 ; gain = 0.000 ; free physical = 267 ; free virtual = 34193

Phase 2.3 Global Clock Net Routing
 Number of Nodes with overlaps = 0
Phase 2.3 Global Clock Net Routing | Checksum: 1a319302e

Time (s): cpu = 00:00:06 ; elapsed = 00:00:04 . Memory (MB): peak = 4958.500 ; gain = 0.000 ; free physical = 348 ; free virtual = 34165

Phase 2.4 Update Timing
Phase 2.4 Update Timing | Checksum: 1e90955c0

Time (s): cpu = 00:00:08 ; elapsed = 00:00:04 . Memory (MB): peak = 4958.500 ; gain = 0.000 ; free physical = 349 ; free virtual = 34166
INFO: [Route 35-416] Intermediate Timing Summary | WNS=6.714  | TNS=0.000  | WHS=-0.079 | THS=-91.405|


Router Utilization Summary
  Global Vertical Routing Utilization    = 0 %
  Global Horizontal Routing Utilization  = 0 %
  Routable Net Status*
  *Does not include unroutable nets such as driverless and loadless.
  Run report_route_status for detailed report.
  Number of Failed Nets               = 9180
    (Failed Nets is the sum of unrouted and partially routed nets)
  Number of Unrouted Nets             = 8213
  Number of Partially Routed Nets     = 967
  Number of Node Overlaps             = 0

Phase 2 Router Initialization | Checksum: 1b74df14e

Time (s): cpu = 00:00:11 ; elapsed = 00:00:05 . Memory (MB): peak = 4958.500 ; gain = 0.000 ; free physical = 378 ; free virtual = 34195

Phase 3 Initial Routing

Phase 3.1 Global Routing
Phase 3.1 Global Routing | Checksum: 1b74df14e

Time (s): cpu = 00:00:11 ; elapsed = 00:00:05 . Memory (MB): peak = 4958.500 ; gain = 0.000 ; free physical = 378 ; free virtual = 34195
Phase 3 Initial Routing | Checksum: 265215801

Time (s): cpu = 00:00:13 ; elapsed = 00:00:06 . Memory (MB): peak = 4958.500 ; gain = 0.000 ; free physical = 356 ; free virtual = 34173

Phase 4 Rip-up And Reroute

Phase 4.1 Global Iteration 0
 Number of Nodes with overlaps = 1507
 Number of Nodes with overlaps = 76
 Number of Nodes with overlaps = 4
 Number of Nodes with overlaps = 2
 Number of Nodes with overlaps = 0
INFO: [Route 35-416] Intermediate Timing Summary | WNS=6.251  | TNS=0.000  | WHS=-0.024 | THS=-0.112 |

Phase 4.1 Global Iteration 0 | Checksum: 148d7af93

Time (s): cpu = 00:00:28 ; elapsed = 00:00:12 . Memory (MB): peak = 4958.500 ; gain = 0.000 ; free physical = 265 ; free virtual = 34082

Phase 4.2 Additional Iteration for Hold
Phase 4.2 Additional Iteration for Hold | Checksum: 11c3c34cb

Time (s): cpu = 00:00:28 ; elapsed = 00:00:12 . Memory (MB): peak = 4958.500 ; gain = 0.000 ; free physical = 261 ; free virtual = 34078
Phase 4 Rip-up And Reroute | Checksum: 11c3c34cb

Time (s): cpu = 00:00:28 ; elapsed = 00:00:12 . Memory (MB): peak = 4958.500 ; gain = 0.000 ; free physical = 261 ; free virtual = 34078

Phase 5 Delay and Skew Optimization

Phase 5.1 Delay CleanUp

Phase 5.1.1 Update Timing
Phase 5.1.1 Update Timing | Checksum: 2339065ff

Time (s): cpu = 00:00:30 ; elapsed = 00:00:13 . Memory (MB): peak = 4958.500 ; gain = 0.000 ; free physical = 260 ; free virtual = 34077
INFO: [Route 35-416] Intermediate Timing Summary | WNS=6.251  | TNS=0.000  | WHS=0.011  | THS=0.000  |


Phase 5.1.2 Update Timing
Phase 5.1.2 Update Timing | Checksum: 21d9a2b2c

Time (s): cpu = 00:00:31 ; elapsed = 00:00:13 . Memory (MB): peak = 4958.500 ; gain = 0.000 ; free physical = 263 ; free virtual = 34079
INFO: [Route 35-416] Intermediate Timing Summary | WNS=6.251  | TNS=0.000  | WHS=0.011  | THS=0.000  |

Phase 5.1 Delay CleanUp | Checksum: 21d9a2b2c

Time (s): cpu = 00:00:31 ; elapsed = 00:00:13 . Memory (MB): peak = 4958.500 ; gain = 0.000 ; free physical = 262 ; free virtual = 34079

Phase 5.2 Clock Skew Optimization
Phase 5.2 Clock Skew Optimization | Checksum: 21d9a2b2c

Time (s): cpu = 00:00:31 ; elapsed = 00:00:13 . Memory (MB): peak = 4958.500 ; gain = 0.000 ; free physical = 262 ; free virtual = 34079
Phase 5 Delay and Skew Optimization | Checksum: 21d9a2b2c

Time (s): cpu = 00:00:31 ; elapsed = 00:00:13 . Memory (MB): peak = 4958.500 ; gain = 0.000 ; free physical = 262 ; free virtual = 34079

Phase 6 Post Hold Fix

Phase 6.1 Hold Fix Iter

Phase 6.1.1 Update Timing
Phase 6.1.1 Update Timing | Checksum: 24d5ecec8

Time (s): cpu = 00:00:32 ; elapsed = 00:00:14 . Memory (MB): peak = 4958.500 ; gain = 0.000 ; free physical = 260 ; free virtual = 34077
INFO: [Route 35-416] Intermediate Timing Summary | WNS=6.251  | TNS=0.000  | WHS=0.011  | THS=0.000  |

Phase 6.1 Hold Fix Iter | Checksum: 1cde2e330

Time (s): cpu = 00:00:32 ; elapsed = 00:00:14 . Memory (MB): peak = 4958.500 ; gain = 0.000 ; free physical = 261 ; free virtual = 34078
Phase 6 Post Hold Fix | Checksum: 1cde2e330

Time (s): cpu = 00:00:32 ; elapsed = 00:00:14 . Memory (MB): peak = 4958.500 ; gain = 0.000 ; free physical = 261 ; free virtual = 34077

Phase 7 Route finalize

Router Utilization Summary
  Global Vertical Routing Utilization    = 0.615416 %
  Global Horizontal Routing Utilization  = 0.910833 %
  Routable Net Status*
  *Does not include unroutable nets such as driverless and loadless.
  Run report_route_status for detailed report.
  Number of Failed Nets               = 0
    (Failed Nets is the sum of unrouted and partially routed nets)
  Number of Unrouted Nets             = 0
  Number of Partially Routed Nets     = 0
  Number of Node Overlaps             = 0

Phase 7 Route finalize | Checksum: 2383a82c0

Time (s): cpu = 00:00:32 ; elapsed = 00:00:14 . Memory (MB): peak = 4958.500 ; gain = 0.000 ; free physical = 261 ; free virtual = 34077

Phase 8 Verifying routed nets

 Verification completed successfully
Phase 8 Verifying routed nets | Checksum: 2383a82c0

Time (s): cpu = 00:00:32 ; elapsed = 00:00:14 . Memory (MB): peak = 4958.500 ; gain = 0.000 ; free physical = 261 ; free virtual = 34077

Phase 9 Depositing Routes
Phase 9 Depositing Routes | Checksum: 2383a82c0

Time (s): cpu = 00:00:33 ; elapsed = 00:00:14 . Memory (MB): peak = 4965.496 ; gain = 6.996 ; free physical = 264 ; free virtual = 34081

Phase 10 Resolve XTalk
Phase 10 Resolve XTalk | Checksum: 2383a82c0

Time (s): cpu = 00:00:33 ; elapsed = 00:00:14 . Memory (MB): peak = 4965.496 ; gain = 6.996 ; free physical = 264 ; free virtual = 34081

Phase 11 Post Router Timing
INFO: [Route 35-57] Estimated Timing Summary | WNS=6.251  | TNS=0.000  | WHS=0.011  | THS=0.000  |

INFO: [Route 35-327] The final timing numbers are based on the router estimated timing analysis. For a complete and accurate timing signoff, please run report_timing_summary.
Phase 11 Post Router Timing | Checksum: 2383a82c0

Time (s): cpu = 00:00:33 ; elapsed = 00:00:14 . Memory (MB): peak = 4965.496 ; gain = 6.996 ; free physical = 296 ; free virtual = 34113
INFO: [Route 35-16] Router Completed Successfully

Time (s): cpu = 00:00:33 ; elapsed = 00:00:14 . Memory (MB): peak = 4965.496 ; gain = 6.996 ; free physical = 377 ; free virtual = 34193

Routing Is Done.
INFO: [Common 17-83] Releasing license: Implementation
112 Infos, 3 Warnings, 0 Critical Warnings and 0 Errors encountered.
route_design completed successfully
route_design: Time (s): cpu = 00:00:36 ; elapsed = 00:00:15 . Memory (MB): peak = 4965.496 ; gain = 6.996 ; free physical = 376 ; free virtual = 34193
INFO: [Timing 38-480] Writing timing data to binary archive.
Writing XDEF routing.
Writing XDEF routing logical nets.
Writing XDEF routing special nets.
Write XDEF Complete: Time (s): cpu = 00:00:02 ; elapsed = 00:00:00.57 . Memory (MB): peak = 4965.496 ; gain = 0.000 ; free physical = 337 ; free virtual = 34173
INFO: [Common 17-1381] The checkpoint '/home/sogang/ppe_fpga_ho/ppe_dma_passthrough/ppe_dma_passthrough.runs/impl_1/dma_passthrough_wrapper_routed.dcp' has been generated.
INFO: [runtcl-4] Executing : report_drc -file dma_passthrough_wrapper_drc_routed.rpt -pb dma_passthrough_wrapper_drc_routed.pb -rpx dma_passthrough_wrapper_drc_routed.rpx
Command: report_drc -file dma_passthrough_wrapper_drc_routed.rpt -pb dma_passthrough_wrapper_drc_routed.pb -rpx dma_passthrough_wrapper_drc_routed.rpx
INFO: [IP_Flow 19-1839] IP Catalog is up to date.
INFO: [DRC 23-27] Running DRC with 8 threads
INFO: [Vivado_Tcl 2-168] The results of DRC are in file /home/sogang/ppe_fpga_ho/ppe_dma_passthrough/ppe_dma_passthrough.runs/impl_1/dma_passthrough_wrapper_drc_routed.rpt.
report_drc completed successfully
INFO: [runtcl-4] Executing : report_methodology -file dma_passthrough_wrapper_methodology_drc_routed.rpt -pb dma_passthrough_wrapper_methodology_drc_routed.pb -rpx dma_passthrough_wrapper_methodology_drc_routed.rpx
Command: report_methodology -file dma_passthrough_wrapper_methodology_drc_routed.rpt -pb dma_passthrough_wrapper_methodology_drc_routed.pb -rpx dma_passthrough_wrapper_methodology_drc_routed.rpx
INFO: [Timing 38-35] Done setting XDC timing constraints.
INFO: [DRC 23-133] Running Methodology with 8 threads
INFO: [Vivado_Tcl 2-1520] The results of Report Methodology are in file /home/sogang/ppe_fpga_ho/ppe_dma_passthrough/ppe_dma_passthrough.runs/impl_1/dma_passthrough_wrapper_methodology_drc_routed.rpt.
report_methodology completed successfully
INFO: [runtcl-4] Executing : report_power -file dma_passthrough_wrapper_power_routed.rpt -pb dma_passthrough_wrapper_power_summary_routed.pb -rpx dma_passthrough_wrapper_power_routed.rpx
Command: report_power -file dma_passthrough_wrapper_power_routed.rpt -pb dma_passthrough_wrapper_power_summary_routed.pb -rpx dma_passthrough_wrapper_power_routed.rpx
INFO: [Timing 38-35] Done setting XDC timing constraints.
Running Vector-less Activity Propagation...

Finished Running Vector-less Activity Propagation
WARNING: [Power 33-332] Found switching activity that implies high-fanout reset nets being asserted for excessive periods of time which may result in inaccurate power analysis.
Resolution: To review and fix problems, please run Power Constraints Advisor in the GUI from Tools > Power Constraints Advisor or run report_power with the -advisory option to generate a text report.
124 Infos, 4 Warnings, 0 Critical Warnings and 0 Errors encountered.
report_power completed successfully
INFO: [runtcl-4] Executing : report_route_status -file dma_passthrough_wrapper_route_status.rpt -pb dma_passthrough_wrapper_route_status.pb
INFO: [runtcl-4] Executing : report_timing_summary -max_paths 10 -report_unconstrained -file dma_passthrough_wrapper_timing_summary_routed.rpt -pb dma_passthrough_wrapper_timing_summary_routed.pb -rpx dma_passthrough_wrapper_timing_summary_routed.rpx -warn_on_violation 
INFO: [Timing 38-91] UpdateTimingParams: Speed grade: -2LV, Temperature grade: C, Delay Type: min_max.
INFO: [Timing 38-191] Multithreading enabled for timing update using a maximum of 8 CPUs
INFO: [runtcl-4] Executing : report_incremental_reuse -file dma_passthrough_wrapper_incremental_reuse_routed.rpt
INFO: [Vivado_Tcl 4-1062] Incremental flow is disabled. No incremental reuse Info to report.
INFO: [runtcl-4] Executing : report_clock_utilization -file dma_passthrough_wrapper_clock_utilization_routed.rpt
INFO: [runtcl-4] Executing : report_bus_skew -warn_on_violation -file dma_passthrough_wrapper_bus_skew_routed.rpt -pb dma_passthrough_wrapper_bus_skew_routed.pb -rpx dma_passthrough_wrapper_bus_skew_routed.rpx
INFO: [Timing 38-91] UpdateTimingParams: Speed grade: -2LV, Temperature grade: C, Delay Type: min_max.
INFO: [Timing 38-191] Multithreading enabled for timing update using a maximum of 8 CPUs

WARNING::74 - Unsupported FPGA device name 'xck26-sfvc784-2LV-c'. Verify that the specified device is a valid customer supported device.
-p xck26-sfvc784-2LV-c
   ^

INFO: [Memdata 28-167] Found XPM memory block dma_passthrough_i/smartconnect_1/inst/s01_nodes/s01_w_node/inst/inst_mi_handler/gen_normal_area.inst_fifo_node_payld/gen_xpm_memory_fifo.inst_fifo/gen_mem_rep[0].inst_xpm_memory/xpm_memory_base_inst with a P_MEMORY_PRIMITIVE property set to distributed. A value of block is required. You will not be able to use the updatemem program to update the bitstream with new data for the dma_passthrough_i/smartconnect_1/inst/s01_nodes/s01_w_node/inst/inst_mi_handler/gen_normal_area.inst_fifo_node_payld/gen_xpm_memory_fifo.inst_fifo/gen_mem_rep[0].inst_xpm_memory/xpm_memory_base_inst block.
INFO: [Memdata 28-167] Found XPM memory block dma_passthrough_i/smartconnect_1/inst/s01_nodes/s01_w_node/inst/inst_mi_handler/gen_normal_area.gen_fifo_req.inst_fifo_req/gen_xpm_memory_fifo.inst_fifo/gen_mem_rep[0].inst_xpm_memory/xpm_memory_base_inst with a P_MEMORY_PRIMITIVE property set to distributed. A value of block is required. You will not be able to use the updatemem program to update the bitstream with new data for the dma_passthrough_i/smartconnect_1/inst/s01_nodes/s01_w_node/inst/inst_mi_handler/gen_normal_area.gen_fifo_req.inst_fifo_req/gen_xpm_memory_fifo.inst_fifo/gen_mem_rep[0].inst_xpm_memory/xpm_memory_base_inst block.
INFO: [Memdata 28-167] Found XPM memory block dma_passthrough_i/smartconnect_1/inst/s01_nodes/s01_b_node/inst/inst_mi_handler/gen_normal_area.inst_fifo_node_payld/gen_xpm_memory_fifo.inst_fifo/gen_mem_rep[0].inst_xpm_memory/xpm_memory_base_inst with a P_MEMORY_PRIMITIVE property set to distributed. A value of block is required. You will not be able to use the updatemem program to update the bitstream with new data for the dma_passthrough_i/smartconnect_1/inst/s01_nodes/s01_b_node/inst/inst_mi_handler/gen_normal_area.inst_fifo_node_payld/gen_xpm_memory_fifo.inst_fifo/gen_mem_rep[0].inst_xpm_memory/xpm_memory_base_inst block.
INFO: [Memdata 28-167] Found XPM memory block dma_passthrough_i/smartconnect_1/inst/s01_nodes/s01_aw_node/inst/inst_mi_handler/gen_normal_area.inst_fifo_node_payld/gen_xpm_memory_fifo.inst_fifo/gen_mem_rep[0].inst_xpm_memory/xpm_memory_base_inst with a P_MEMORY_PRIMITIVE property set to distributed. A value of block is required. You will not be able to use the updatemem program to update the bitstream with new data for the dma_passthrough_i/smartconnect_1/inst/s01_nodes/s01_aw_node/inst/inst_mi_handler/gen_normal_area.inst_fifo_node_payld/gen_xpm_memory_fifo.inst_fifo/gen_mem_rep[0].inst_xpm_memory/xpm_memory_base_inst block.
INFO: [Memdata 28-167] Found XPM memory block dma_passthrough_i/smartconnect_1/inst/s00_nodes/s00_r_node/inst/inst_mi_handler/gen_normal_area.inst_fifo_node_payld/gen_xpm_memory_fifo.inst_fifo/gen_mem_rep[0].inst_xpm_memory/xpm_memory_base_inst with a P_MEMORY_PRIMITIVE property set to distributed. A value of block is required. You will not be able to use the updatemem program to update the bitstream with new data for the dma_passthrough_i/smartconnect_1/inst/s00_nodes/s00_r_node/inst/inst_mi_handler/gen_normal_area.inst_fifo_node_payld/gen_xpm_memory_fifo.inst_fifo/gen_mem_rep[0].inst_xpm_memory/xpm_memory_base_inst block.
INFO: [Memdata 28-167] Found XPM memory block dma_passthrough_i/smartconnect_1/inst/s00_nodes/s00_ar_node/inst/inst_mi_handler/gen_normal_area.inst_fifo_node_payld/gen_xpm_memory_fifo.inst_fifo/gen_mem_rep[0].inst_xpm_memory/xpm_memory_base_inst with a P_MEMORY_PRIMITIVE property set to distributed. A value of block is required. You will not be able to use the updatemem program to update the bitstream with new data for the dma_passthrough_i/smartconnect_1/inst/s00_nodes/s00_ar_node/inst/inst_mi_handler/gen_normal_area.inst_fifo_node_payld/gen_xpm_memory_fifo.inst_fifo/gen_mem_rep[0].inst_xpm_memory/xpm_memory_base_inst block.
INFO: [Memdata 28-167] Found XPM memory block dma_passthrough_i/smartconnect_1/inst/m00_nodes/m00_w_node/inst/inst_si_handler/gen_si_handler.gen_request_fifos.gen_req_fifo[1].inst_req_fifo/gen_xpm_memory_fifo.inst_fifo/gen_mem_rep[0].inst_xpm_memory/xpm_memory_base_inst with a P_MEMORY_PRIMITIVE property set to distributed. A value of block is required. You will not be able to use the updatemem program to update the bitstream with new data for the dma_passthrough_i/smartconnect_1/inst/m00_nodes/m00_w_node/inst/inst_si_handler/gen_si_handler.gen_request_fifos.gen_req_fifo[1].inst_req_fifo/gen_xpm_memory_fifo.inst_fifo/gen_mem_rep[0].inst_xpm_memory/xpm_memory_base_inst block.
INFO: [Memdata 28-167] Found XPM memory block dma_passthrough_i/smartconnect_1/inst/m00_nodes/m00_w_node/inst/inst_mi_handler/gen_normal_area.inst_fifo_node_payld/gen_xpm_memory_fifo.inst_fifo/gen_mem_rep[0].inst_xpm_memory/xpm_memory_base_inst with a P_MEMORY_PRIMITIVE property set to distributed. A value of block is required. You will not be able to use the updatemem program to update the bitstream with new data for the dma_passthrough_i/smartconnect_1/inst/m00_nodes/m00_w_node/inst/inst_mi_handler/gen_normal_area.inst_fifo_node_payld/gen_xpm_memory_fifo.inst_fifo/gen_mem_rep[0].inst_xpm_memory/xpm_memory_base_inst block.
INFO: [Memdata 28-167] Found XPM memory block dma_passthrough_i/smartconnect_1/inst/m00_nodes/m00_r_node/inst/inst_mi_handler/gen_normal_area.inst_fifo_node_payld/gen_xpm_memory_fifo.inst_fifo/gen_mem_rep[0].inst_xpm_memory/xpm_memory_base_inst with a P_MEMORY_PRIMITIVE property set to distributed. A value of block is required. You will not be able to use the updatemem program to update the bitstream with new data for the dma_passthrough_i/smartconnect_1/inst/m00_nodes/m00_r_node/inst/inst_mi_handler/gen_normal_area.inst_fifo_node_payld/gen_xpm_memory_fifo.inst_fifo/gen_mem_rep[0].inst_xpm_memory/xpm_memory_base_inst block.
INFO: [Memdata 28-167] Found XPM memory block dma_passthrough_i/smartconnect_1/inst/m00_nodes/m00_r_node/inst/inst_mi_handler/gen_normal_area.gen_fifo_req.inst_fifo_req/gen_xpm_memory_fifo.inst_fifo/gen_mem_rep[0].inst_xpm_memory/xpm_memory_base_inst with a P_MEMORY_PRIMITIVE property set to distributed. A value of block is required. You will not be able to use the updatemem program to update the bitstream with new data for the dma_passthrough_i/smartconnect_1/inst/m00_nodes/m00_r_node/inst/inst_mi_handler/gen_normal_area.gen_fifo_req.inst_fifo_req/gen_xpm_memory_fifo.inst_fifo/gen_mem_rep[0].inst_xpm_memory/xpm_memory_base_inst block.
INFO: [Memdata 28-167] Found XPM memory block dma_passthrough_i/smartconnect_1/inst/m00_nodes/m00_b_node/inst/inst_mi_handler/gen_normal_area.inst_fifo_node_payld/gen_xpm_memory_fifo.inst_fifo/gen_mem_rep[0].inst_xpm_memory/xpm_memory_base_inst with a P_MEMORY_PRIMITIVE property set to distributed. A value of block is required. You will not be able to use the updatemem program to update the bitstream with new data for the dma_passthrough_i/smartconnect_1/inst/m00_nodes/m00_b_node/inst/inst_mi_handler/gen_normal_area.inst_fifo_node_payld/gen_xpm_memory_fifo.inst_fifo/gen_mem_rep[0].inst_xpm_memory/xpm_memory_base_inst block.
INFO: [Memdata 28-167] Found XPM memory block dma_passthrough_i/smartconnect_1/inst/m00_nodes/m00_b_node/inst/inst_mi_handler/gen_normal_area.gen_fifo_req.inst_fifo_req/gen_xpm_memory_fifo.inst_fifo/gen_mem_rep[0].inst_xpm_memory/xpm_memory_base_inst with a P_MEMORY_PRIMITIVE property set to distributed. A value of block is required. You will not be able to use the updatemem program to update the bitstream with new data for the dma_passthrough_i/smartconnect_1/inst/m00_nodes/m00_b_node/inst/inst_mi_handler/gen_normal_area.gen_fifo_req.inst_fifo_req/gen_xpm_memory_fifo.inst_fifo/gen_mem_rep[0].inst_xpm_memory/xpm_memory_base_inst block.
INFO: [Memdata 28-167] Found XPM memory block dma_passthrough_i/smartconnect_1/inst/m00_nodes/m00_aw_node/inst/inst_mi_handler/gen_normal_area.inst_fifo_node_payld/gen_xpm_memory_fifo.inst_fifo/gen_mem_rep[0].inst_xpm_memory/xpm_memory_base_inst with a P_MEMORY_PRIMITIVE property set to distributed. A value of block is required. You will not be able to use the updatemem program to update the bitstream with new data for the dma_passthrough_i/smartconnect_1/inst/m00_nodes/m00_aw_node/inst/inst_mi_handler/gen_normal_area.inst_fifo_node_payld/gen_xpm_memory_fifo.inst_fifo/gen_mem_rep[0].inst_xpm_memory/xpm_memory_base_inst block.
INFO: [Memdata 28-167] Found XPM memory block dma_passthrough_i/smartconnect_1/inst/m00_nodes/m00_ar_node/inst/inst_mi_handler/gen_normal_area.inst_fifo_node_payld/gen_xpm_memory_fifo.inst_fifo/gen_mem_rep[0].inst_xpm_memory/xpm_memory_base_inst with a P_MEMORY_PRIMITIVE property set to distributed. A value of block is required. You will not be able to use the updatemem program to update the bitstream with new data for the dma_passthrough_i/smartconnect_1/inst/m00_nodes/m00_ar_node/inst/inst_mi_handler/gen_normal_area.inst_fifo_node_payld/gen_xpm_memory_fifo.inst_fifo/gen_mem_rep[0].inst_xpm_memory/xpm_memory_base_inst block.
INFO: [Memdata 28-167] Found XPM memory block dma_passthrough_i/axi_dma_0/U0/I_PRMRY_DATAMOVER/GEN_S2MM_FULL.I_S2MM_FULL_WRAPPER/GEN_ENABLE_INDET_BTT_SF.I_INDET_BTT/I_XD_FIFO/NON_BLK_MEM.I_SYNC_FIFOGEN_FIFO/xpm_fifo_instance.xpm_fifo_sync_inst/xpm_fifo_base_inst/gen_sdpram.xpm_memory_base_inst with a P_MEMORY_PRIMITIVE property set to auto. A value of block is required. You will not be able to use the updatemem program to update the bitstream with new data for the dma_passthrough_i/axi_dma_0/U0/I_PRMRY_DATAMOVER/GEN_S2MM_FULL.I_S2MM_FULL_WRAPPER/GEN_ENABLE_INDET_BTT_SF.I_INDET_BTT/I_XD_FIFO/NON_BLK_MEM.I_SYNC_FIFOGEN_FIFO/xpm_fifo_instance.xpm_fifo_sync_inst/xpm_fifo_base_inst/gen_sdpram.xpm_memory_base_inst block.
INFO: [Memdata 28-208] The XPM instance: <dma_passthrough_i/axi_dma_0/U0/I_PRMRY_DATAMOVER/GEN_S2MM_FULL.I_S2MM_FULL_WRAPPER/GEN_ENABLE_INDET_BTT_SF.I_INDET_BTT/I_DATA_FIFO/BLK_MEM.I_SYNC_FIFOGEN_FIFO/xpm_fifo_instance.xpm_fifo_sync_inst/xpm_fifo_base_inst/gen_sdpram.xpm_memory_base_inst> is part of IP: <dma_passthrough_i/axi_dma_0>. This XPM instance will be excluded from the .mmi because updatemem is prohibited from making changes to an XPM that is part of an IP.
INFO: [Memdata 28-208] The XPM instance: <dma_passthrough_i/axi_dma_0/U0/I_PRMRY_DATAMOVER/GEN_MM2S_FULL.I_MM2S_FULL_WRAPPER/GEN_INCLUDE_MM2S_SF.I_RD_SF/I_DATA_FIFO/BLK_MEM.I_SYNC_FIFOGEN_FIFO/xpm_fifo_instance.xpm_fifo_sync_inst/xpm_fifo_base_inst/gen_sdpram.xpm_memory_base_inst> is part of IP: <dma_passthrough_i/axi_dma_0>. This XPM instance will be excluded from the .mmi because updatemem is prohibited from making changes to an XPM that is part of an IP.
Command: write_bitstream -force dma_passthrough_wrapper.bit
Attempting to get a license for feature 'Implementation' and/or device 'xck26'
INFO: [Common 17-349] Got license for feature 'Implementation' and/or device 'xck26'
Running DRC as a precondition to command write_bitstream
INFO: [IP_Flow 19-1839] IP Catalog is up to date.
INFO: [DRC 23-27] Running DRC with 8 threads
WARNING: [DRC REQP-1935] RAMB36E2_nochange_collision_advisory: Synchronous clocking is detected for BRAM (dma_passthrough_i/axi_dma_0/U0/I_PRMRY_DATAMOVER/GEN_MM2S_FULL.I_MM2S_FULL_WRAPPER/GEN_INCLUDE_MM2S_SF.I_RD_SF/I_DATA_FIFO/BLK_MEM.I_SYNC_FIFOGEN_FIFO/xpm_fifo_instance.xpm_fifo_sync_inst/xpm_fifo_base_inst/gen_sdpram.xpm_memory_base_inst/gen_wr_a.gen_word_narrow.mem_reg) in SDP mode with NO_CHANGE write-mode. This is the preferred mode for best power characteristics. However, NO_CHANGE may exhibit address collisions if the same address appears on both read and write ports resulting in unknown or corrupted read data. It is suggested to confirm via simulation that an address collision never occurs and if so it is suggested to try and avoid this situation. If address collisions cannot be avoided, the write-mode may be set to READ_FIRST which guarantees that the read data is the prior contents of the memory at the cost of additional power in the design. See the FPGA Memory Resources User Guide for additional information.
WARNING: [DRC REQP-1935] RAMB36E2_nochange_collision_advisory: Synchronous clocking is detected for BRAM (dma_passthrough_i/axi_dma_0/U0/I_PRMRY_DATAMOVER/GEN_S2MM_FULL.I_S2MM_FULL_WRAPPER/GEN_ENABLE_INDET_BTT_SF.I_INDET_BTT/I_DATA_FIFO/BLK_MEM.I_SYNC_FIFOGEN_FIFO/xpm_fifo_instance.xpm_fifo_sync_inst/xpm_fifo_base_inst/gen_sdpram.xpm_memory_base_inst/gen_wr_a.gen_word_narrow.mem_reg) in SDP mode with NO_CHANGE write-mode. This is the preferred mode for best power characteristics. However, NO_CHANGE may exhibit address collisions if the same address appears on both read and write ports resulting in unknown or corrupted read data. It is suggested to confirm via simulation that an address collision never occurs and if so it is suggested to try and avoid this situation. If address collisions cannot be avoided, the write-mode may be set to READ_FIRST which guarantees that the read data is the prior contents of the memory at the cost of additional power in the design. See the FPGA Memory Resources User Guide for additional information.
WARNING: [DRC RTSTAT-10] No routable loads: 15 net(s) have no routable loads. The problem bus(es) and/or net(s) are dma_passthrough_i/smartconnect_0/inst/m01_nodes/m01_b_node/inst/mi_handler_m_sc_areset_pipe, dma_passthrough_i/smartconnect_0/inst/m00_nodes/m00_w_node/inst/mi_handler_m_sc_areset_pipe, dma_passthrough_i/smartconnect_0/inst/s00_nodes/s00_r_node/inst/mi_handler_m_sc_areset_pipe, dma_passthrough_i/smartconnect_0/inst/m00_nodes/m00_r_node/inst/mi_handler_m_sc_areset_pipe, dma_passthrough_i/smartconnect_0/inst/m00_nodes/m00_aw_node/inst/mi_handler_m_sc_areset_pipe, dma_passthrough_i/smartconnect_0/inst/m01_nodes/m01_aw_node/inst/mi_handler_m_sc_areset_pipe, dma_passthrough_i/smartconnect_0/inst/s00_nodes/s00_ar_node/inst/mi_handler_m_sc_areset_pipe, dma_passthrough_i/smartconnect_0/inst/m01_nodes/m01_ar_node/inst/mi_handler_m_sc_areset_pipe, dma_passthrough_i/smartconnect_0/inst/m00_nodes/m00_ar_node/inst/mi_handler_m_sc_areset_pipe, dma_passthrough_i/smartconnect_0/inst/m00_nodes/m00_b_node/inst/mi_handler_m_sc_areset_pipe, dma_passthrough_i/smartconnect_0/inst/s00_nodes/s00_b_node/inst/mi_handler_m_sc_areset_pipe, dma_passthrough_i/smartconnect_0/inst/m01_nodes/m01_w_node/inst/mi_handler_m_sc_areset_pipe, dma_passthrough_i/smartconnect_0/inst/m01_nodes/m01_r_node/inst/mi_handler_m_sc_areset_pipe, dma_passthrough_i/smartconnect_0/inst/s00_nodes/s00_w_node/inst/mi_handler_m_sc_areset_pipe, and dma_passthrough_i/smartconnect_0/inst/s00_nodes/s00_aw_node/inst/mi_handler_m_sc_areset_pipe.
INFO: [Vivado 12-3199] DRC finished with 0 Errors, 3 Warnings
INFO: [Vivado 12-3200] Please refer to the DRC report (report_drc) for more information.
INFO: [Designutils 20-2272] Running write_bitstream with 8 threads.
Loading data files...
Loading site data...
Loading route data...
Processing options...
Creating bitmap...
Creating bitstream...
Writing bitstream ./dma_passthrough_wrapper.bit...
INFO: [Vivado 12-1842] Bitgen Completed Successfully.
INFO: [Project 1-1876] WebTalk data collection is mandatory when using a ULT device. To see the specific WebTalk data collected for your design, open the usage_statistics_webtalk.html or usage_statistics_webtalk.xml file in the implementation directory.
INFO: [Common 17-83] Releasing license: Implementation
29 Infos, 3 Warnings, 0 Critical Warnings and 0 Errors encountered.
write_bitstream completed successfully
write_bitstream: Time (s): cpu = 00:00:10 ; elapsed = 00:00:16 . Memory (MB): peak = 5055.988 ; gain = 50.473 ; free physical = 336 ; free virtual = 34085
INFO: [Common 17-206] Exiting Vivado at Fri Jul 31 15:08:30 2026...
[Fri Jul 31 15:08:49 2026] impl_1 finished
get_property STATUS [get_runs impl_1]
write_bitstream Complete!
get_property PROGRESS [get_runs impl_1]
100%
file exists $bit_file
1
file mtime $bit_file
1785478109
write_hw_platform -fixed -include_bit -force -file $xsa_file
INFO: [Project 1-1918] Creating Hardware Platform: /home/sogang/ppe_fpga_ho/ppe_dma_passthrough/dma_passthrough.xsa ...
INFO: [Project 1-1943] The Hardware Platform can be used for Hardware
INFO: [Project 1-1941] Successfully created Hardware Platform: /home/sogang/ppe_fpga_ho/ppe_dma_passthrough/dma_passthrough.xsa
/home/sogang/ppe_fpga_ho/ppe_dma_passthrough/dma_passthrough.xsa
file exists $xsa_file
1
file mtime $xsa_file
1785478238
file mkdir /home/sogang/ppe_fpga_ho/scripts
write_bd_tcl -force /home/sogang/ppe_fpga_ho/scripts/dma_passthrough_before_control_fix.tcl
INFO: [BD 5-148] Tcl file written out </home/sogang/ppe_fpga_ho/scripts/dma_passthrough_before_control_fix.tcl>.

delete_bd_objs [get_bd_intf_nets zynq_ultra_ps_e_0_M_AXI_HPM0_FPD] [get_bd_intf_nets smartconnect_0_M00_AXI] [get_bd_intf_nets smartconnect_0_M01_AXI] [get_bd_cells smartconnect_0]
startgroup
create_bd_cell -type ip -vlnv xilinx.com:ip:axi_interconnect:2.1 axi_interconnect_0
endgroup
connect_bd_intf_net [get_bd_intf_pins zynq_ultra_ps_e_0/M_AXI_HPM0_FPD] -boundary_type upper [get_bd_intf_pins axi_interconnect_0/S00_AXI]
connect_bd_intf_net -boundary_type upper [get_bd_intf_pins axi_interconnect_0/M00_AXI] [get_bd_intf_pins axi_dma_0/S_AXI_LITE]
connect_bd_intf_net -boundary_type upper [get_bd_intf_pins axi_interconnect_0/M01_AXI] [get_bd_intf_pins axis_passthrough_0/s_axi_control]
connect_bd_net [get_bd_pins zynq_ultra_ps_e_0/pl_clk0] [get_bd_pins axi_interconnect_0/ACLK]
connect_bd_net [get_bd_pins zynq_ultra_ps_e_0/pl_clk0] [get_bd_pins axi_interconnect_0/S00_ACLK]
connect_bd_net [get_bd_pins zynq_ultra_ps_e_0/pl_clk0] [get_bd_pins axi_interconnect_0/M00_ACLK]
connect_bd_net [get_bd_pins zynq_ultra_ps_e_0/pl_clk0] [get_bd_pins axi_interconnect_0/M01_ACLK]
connect_bd_net [get_bd_pins proc_sys_reset_0/interconnect_aresetn] [get_bd_pins axi_interconnect_0/ARESETN]
connect_bd_net [get_bd_pins proc_sys_reset_0/interconnect_aresetn] [get_bd_pins axi_interconnect_0/S00_ARESETN]
connect_bd_net [get_bd_pins proc_sys_reset_0/interconnect_aresetn] [get_bd_pins axi_interconnect_0/M00_ARESETN]
connect_bd_net [get_bd_pins proc_sys_reset_0/interconnect_aresetn] [get_bd_pins axi_interconnect_0/M01_ARESETN]
validate_bd_design
WARNING: [BD 41-1629] Slave segment </zynq_ultra_ps_e_0/SAXIGP2/HP0_LPS_OCM> is excluded from all addressing paths.
WARNING: [BD 41-1629] Slave segment </zynq_ultra_ps_e_0/SAXIGP2/HP0_DDR_HIGH> is excluded from all addressing paths.
WARNING: [BD 5-616] The -include_pfm switch should be used to validate a block design as a platform for use in SDx
Excluding slave segment /zynq_ultra_ps_e_0/SAXIGP2/HP0_DDR_HIGH from address space /axi_dma_0/Data_MM2S.
Excluding slave segment /zynq_ultra_ps_e_0/SAXIGP2/HP0_DDR_HIGH from address space /axi_dma_0/Data_S2MM.
Excluding slave segment /zynq_ultra_ps_e_0/SAXIGP2/HP0_LPS_OCM from address space /axi_dma_0/Data_MM2S.
Excluding slave segment /zynq_ultra_ps_e_0/SAXIGP2/HP0_LPS_OCM from address space /axi_dma_0/Data_S2MM.
INFO: [xilinx.com:ip:smartconnect:1.0-1] dma_passthrough_smartconnect_1_0: SmartConnect dma_passthrough_smartconnect_1_0 is in High-performance Mode.
INFO: [Ipptcl 7-1463] No Compatible Board Interface found. Board Tab not created in customize GUI
WARNING: [BD 41-237] Bus Interface property AWUSER_WIDTH does not match between /axi_interconnect_0/s00_couplers/auto_ds/S_AXI(0) and /zynq_ultra_ps_e_0/M_AXI_HPM0_FPD(16)
WARNING: [BD 41-237] Bus Interface property ARUSER_WIDTH does not match between /axi_interconnect_0/s00_couplers/auto_ds/S_AXI(0) and /zynq_ultra_ps_e_0/M_AXI_HPM0_FPD(16)
WARNING: [BD 41-237] Bus Interface property AWUSER_WIDTH does not match between /zynq_ultra_ps_e_0/S_AXI_HP0_FPD(1) and /smartconnect_1/M00_AXI(0)
WARNING: [BD 41-237] Bus Interface property ARUSER_WIDTH does not match between /zynq_ultra_ps_e_0/S_AXI_HP0_FPD(1) and /smartconnect_1/M00_AXI(0)
validate_bd_design: Time (s): cpu = 00:00:11 ; elapsed = 00:00:10 . Memory (MB): peak = 12518.555 ; gain = 0.000 ; free physical = 2859 ; free virtual = 37112
save_bd_design
Wrote  : </home/sogang/ppe_fpga_ho/ppe_dma_passthrough/ppe_dma_passthrough.srcs/sources_1/bd/dma_passthrough/dma_passthrough.bd> 
Wrote  : </home/sogang/ppe_fpga_ho/ppe_dma_passthrough/ppe_dma_passthrough.srcs/sources_1/bd/dma_passthrough/ui/bd_6765764d.ui> 
generate_target all [get_files  /home/sogang/ppe_fpga_ho/ppe_dma_passthrough/ppe_dma_passthrough.srcs/sources_1/bd/dma_passthrough/dma_passthrough.bd]
INFO: [BD 41-1662] The design 'dma_passthrough.bd' is already validated. Therefore parameter propagation will not be re-run.
Verilog Output written to : /home/sogang/ppe_fpga_ho/ppe_dma_passthrough/ppe_dma_passthrough.gen/sources_1/bd/dma_passthrough/synth/dma_passthrough.v
Verilog Output written to : /home/sogang/ppe_fpga_ho/ppe_dma_passthrough/ppe_dma_passthrough.gen/sources_1/bd/dma_passthrough/sim/dma_passthrough.v
Verilog Output written to : /home/sogang/ppe_fpga_ho/ppe_dma_passthrough/ppe_dma_passthrough.gen/sources_1/bd/dma_passthrough/hdl/dma_passthrough_wrapper.v
Exporting to file /home/sogang/ppe_fpga_ho/ppe_dma_passthrough/ppe_dma_passthrough.gen/sources_1/bd/dma_passthrough/ip/dma_passthrough_smartconnect_1_0/bd_0/hw_handoff/dma_passthrough_smartconnect_1_0.hwh
Generated Hardware Definition File /home/sogang/ppe_fpga_ho/ppe_dma_passthrough/ppe_dma_passthrough.gen/sources_1/bd/dma_passthrough/ip/dma_passthrough_smartconnect_1_0/bd_0/synth/dma_passthrough_smartconnect_1_0.hwdef
INFO: [BD 41-1029] Generation completed for the IP Integrator block smartconnect_1 .
INFO: [BD 41-1029] Generation completed for the IP Integrator block axi_interconnect_0/xbar .
WARNING: [IP_Flow 19-4994] Overwriting existing constraint file '/home/sogang/ppe_fpga_ho/ppe_dma_passthrough/ppe_dma_passthrough.gen/sources_1/bd/dma_passthrough/ip/dma_passthrough_auto_ds_0/dma_passthrough_auto_ds_0_ooc.xdc'
INFO: [IP_Flow 19-5611] Unable to find an associated reset port for the interface 'S_AXI'. A default connection has been created.
INFO: [IP_Flow 19-5611] Unable to find an associated reset port for the interface 'M_AXI'. A default connection has been created.
INFO: [BD 41-1029] Generation completed for the IP Integrator block axi_interconnect_0/s00_couplers/auto_ds .
WARNING: [IP_Flow 19-4994] Overwriting existing constraint file '/home/sogang/ppe_fpga_ho/ppe_dma_passthrough/ppe_dma_passthrough.gen/sources_1/bd/dma_passthrough/ip/dma_passthrough_auto_pc_0/dma_passthrough_auto_pc_0_ooc.xdc'
INFO: [BD 41-1029] Generation completed for the IP Integrator block axi_interconnect_0/s00_couplers/auto_pc .
Exporting to file /home/sogang/ppe_fpga_ho/ppe_dma_passthrough/ppe_dma_passthrough.gen/sources_1/bd/dma_passthrough/hw_handoff/dma_passthrough.hwh
Generated Hardware Definition File /home/sogang/ppe_fpga_ho/ppe_dma_passthrough/ppe_dma_passthrough.gen/sources_1/bd/dma_passthrough/synth/dma_passthrough.hwdef
catch { config_ip_cache -export [get_ips -all dma_passthrough_smartconnect_1_0] }
INFO: [IP_Flow 19-6924] IPCACHE: Running cache check for IP inst: dma_passthrough_smartconnect_1_0
INFO: [IP_Flow 19-6922] IPCACHE: Exporting cached entry a8e6d85bd01bfdfc to dir: /home/sogang/ppe_fpga_ho/ppe_dma_passthrough/ppe_dma_passthrough.gen/sources_1/bd/dma_passthrough/ip/dma_passthrough_smartconnect_1_0
INFO: [IP_Flow 19-6928] IPCACHE: copied cached file /home/sogang/ppe_fpga_ho/ppe_dma_passthrough/ppe_dma_passthrough.cache/ip/2022.2/a/8/a8e6d85bd01bfdfc/dma_passthrough_smartconnect_1_0_stub.vhdl to /home/sogang/ppe_fpga_ho/ppe_dma_passthrough/ppe_dma_passthrough.gen/sources_1/bd/dma_passthrough/ip/dma_passthrough_smartconnect_1_0/dma_passthrough_smartconnect_1_0_stub.vhdl.
INFO: [IP_Flow 19-6926] IPCACHE: added file to list for BOM: /home/sogang/ppe_fpga_ho/ppe_dma_passthrough/ppe_dma_passthrough.gen/sources_1/bd/dma_passthrough/ip/dma_passthrough_smartconnect_1_0/dma_passthrough_smartconnect_1_0_stub.vhdl
INFO: [IP_Flow 19-6928] IPCACHE: copied cached file /home/sogang/ppe_fpga_ho/ppe_dma_passthrough/ppe_dma_passthrough.cache/ip/2022.2/a/8/a8e6d85bd01bfdfc/dma_passthrough_smartconnect_1_0_stub.v to /home/sogang/ppe_fpga_ho/ppe_dma_passthrough/ppe_dma_passthrough.gen/sources_1/bd/dma_passthrough/ip/dma_passthrough_smartconnect_1_0/dma_passthrough_smartconnect_1_0_stub.v.
INFO: [IP_Flow 19-6926] IPCACHE: added file to list for BOM: /home/sogang/ppe_fpga_ho/ppe_dma_passthrough/ppe_dma_passthrough.gen/sources_1/bd/dma_passthrough/ip/dma_passthrough_smartconnect_1_0/dma_passthrough_smartconnect_1_0_stub.v
INFO: [IP_Flow 19-6928] IPCACHE: copied cached file /home/sogang/ppe_fpga_ho/ppe_dma_passthrough/ppe_dma_passthrough.cache/ip/2022.2/a/8/a8e6d85bd01bfdfc/dma_passthrough_smartconnect_1_0_sim_netlist.vhdl to /home/sogang/ppe_fpga_ho/ppe_dma_passthrough/ppe_dma_passthrough.gen/sources_1/bd/dma_passthrough/ip/dma_passthrough_smartconnect_1_0/dma_passthrough_smartconnect_1_0_sim_netlist.vhdl.
INFO: [IP_Flow 19-6926] IPCACHE: added file to list for BOM: /home/sogang/ppe_fpga_ho/ppe_dma_passthrough/ppe_dma_passthrough.gen/sources_1/bd/dma_passthrough/ip/dma_passthrough_smartconnect_1_0/dma_passthrough_smartconnect_1_0_sim_netlist.vhdl
INFO: [IP_Flow 19-6928] IPCACHE: copied cached file /home/sogang/ppe_fpga_ho/ppe_dma_passthrough/ppe_dma_passthrough.cache/ip/2022.2/a/8/a8e6d85bd01bfdfc/dma_passthrough_smartconnect_1_0.dcp to /home/sogang/ppe_fpga_ho/ppe_dma_passthrough/ppe_dma_passthrough.gen/sources_1/bd/dma_passthrough/ip/dma_passthrough_smartconnect_1_0/dma_passthrough_smartconnect_1_0.dcp.
INFO: [IP_Flow 19-6926] IPCACHE: added file to list for BOM: /home/sogang/ppe_fpga_ho/ppe_dma_passthrough/ppe_dma_passthrough.gen/sources_1/bd/dma_passthrough/ip/dma_passthrough_smartconnect_1_0/dma_passthrough_smartconnect_1_0.dcp
INFO: [IP_Flow 19-6928] IPCACHE: copied cached file /home/sogang/ppe_fpga_ho/ppe_dma_passthrough/ppe_dma_passthrough.cache/ip/2022.2/a/8/a8e6d85bd01bfdfc/dma_passthrough_smartconnect_1_0_sim_netlist.v to /home/sogang/ppe_fpga_ho/ppe_dma_passthrough/ppe_dma_passthrough.gen/sources_1/bd/dma_passthrough/ip/dma_passthrough_smartconnect_1_0/dma_passthrough_smartconnect_1_0_sim_netlist.v.
INFO: [IP_Flow 19-6926] IPCACHE: added file to list for BOM: /home/sogang/ppe_fpga_ho/ppe_dma_passthrough/ppe_dma_passthrough.gen/sources_1/bd/dma_passthrough/ip/dma_passthrough_smartconnect_1_0/dma_passthrough_smartconnect_1_0_sim_netlist.v
INFO: [IP_Flow 19-4993] Using cached IP synthesis design for IP dma_passthrough_smartconnect_1_0, cache-ID = a8e6d85bd01bfdfc; cache size = 28.072 MB.
catch { config_ip_cache -export [get_ips -all dma_passthrough_xbar_0] }
INFO: [IP_Flow 19-6924] IPCACHE: Running cache check for IP inst: dma_passthrough_xbar_0
catch { config_ip_cache -export [get_ips -all dma_passthrough_auto_ds_0] }
INFO: [IP_Flow 19-6924] IPCACHE: Running cache check for IP inst: dma_passthrough_auto_ds_0
catch { config_ip_cache -export [get_ips -all dma_passthrough_auto_pc_0] }
INFO: [IP_Flow 19-6924] IPCACHE: Running cache check for IP inst: dma_passthrough_auto_pc_0
export_ip_user_files -of_objects [get_files /home/sogang/ppe_fpga_ho/ppe_dma_passthrough/ppe_dma_passthrough.srcs/sources_1/bd/dma_passthrough/dma_passthrough.bd] -no_script -sync -force -quiet
create_ip_run [get_files -of_objects [get_fileset sources_1] /home/sogang/ppe_fpga_ho/ppe_dma_passthrough/ppe_dma_passthrough.srcs/sources_1/bd/dma_passthrough/dma_passthrough.bd]
launch_runs dma_passthrough_xbar_0_synth_1 dma_passthrough_auto_ds_0_synth_1 dma_passthrough_auto_pc_0_synth_1 -jobs 4
INFO: [IP_Flow 19-6924] IPCACHE: Running cache check for IP inst: dma_passthrough_xbar_0
INFO: [IP_Flow 19-6924] IPCACHE: Running cache check for IP inst: dma_passthrough_auto_ds_0
INFO: [IP_Flow 19-6924] IPCACHE: Running cache check for IP inst: dma_passthrough_auto_pc_0
[Fri Jul 31 16:03:47 2026] Launched dma_passthrough_xbar_0_synth_1, dma_passthrough_auto_ds_0_synth_1, dma_passthrough_auto_pc_0_synth_1...
Run output will be captured here:
dma_passthrough_xbar_0_synth_1: /home/sogang/ppe_fpga_ho/ppe_dma_passthrough/ppe_dma_passthrough.runs/dma_passthrough_xbar_0_synth_1/runme.log
dma_passthrough_auto_ds_0_synth_1: /home/sogang/ppe_fpga_ho/ppe_dma_passthrough/ppe_dma_passthrough.runs/dma_passthrough_auto_ds_0_synth_1/runme.log
dma_passthrough_auto_pc_0_synth_1: /home/sogang/ppe_fpga_ho/ppe_dma_passthrough/ppe_dma_passthrough.runs/dma_passthrough_auto_pc_0_synth_1/runme.log
export_simulation -of_objects [get_files /home/sogang/ppe_fpga_ho/ppe_dma_passthrough/ppe_dma_passthrough.srcs/sources_1/bd/dma_passthrough/dma_passthrough.bd] -directory /home/sogang/ppe_fpga_ho/ppe_dma_passthrough/ppe_dma_passthrough.ip_user_files/sim_scripts -ip_user_files_dir /home/sogang/ppe_fpga_ho/ppe_dma_passthrough/ppe_dma_passthrough.ip_user_files -ipstatic_source_dir /home/sogang/ppe_fpga_ho/ppe_dma_passthrough/ppe_dma_passthrough.ip_user_files/ipstatic -lib_map_path [list {modelsim=/home/sogang/ppe_fpga_ho/ppe_dma_passthrough/ppe_dma_passthrough.cache/compile_simlib/modelsim} {questa=/home/sogang/ppe_fpga_ho/ppe_dma_passthrough/ppe_dma_passthrough.cache/compile_simlib/questa} {xcelium=/home/sogang/ppe_fpga_ho/ppe_dma_passthrough/ppe_dma_passthrough.cache/compile_simlib/xcelium} {vcs=/home/sogang/ppe_fpga_ho/ppe_dma_passthrough/ppe_dma_passthrough.cache/compile_simlib/vcs} {riviera=/home/sogang/ppe_fpga_ho/ppe_dma_passthrough/ppe_dma_passthrough.cache/compile_simlib/riviera}] -use_ip_compiled_libs -force -quiet
reset_run synth_1
INFO: [Project 1-1161] Replacing file /home/sogang/ppe_fpga_ho/ppe_dma_passthrough/ppe_dma_passthrough.srcs/utils_1/imports/synth_1/dma_passthrough_wrapper.dcp with file /home/sogang/ppe_fpga_ho/ppe_dma_passthrough/ppe_dma_passthrough.runs/synth_1/dma_passthrough_wrapper.dcp
launch_runs synth_1 -jobs 4
[Fri Jul 31 16:09:31 2026] Launched synth_1...
Run output will be captured here: /home/sogang/ppe_fpga_ho/ppe_dma_passthrough/ppe_dma_passthrough.runs/synth_1/runme.log
reset_run synth_1
INFO: [Project 1-1161] Replacing file /home/sogang/ppe_fpga_ho/ppe_dma_passthrough/ppe_dma_passthrough.srcs/utils_1/imports/synth_1/dma_passthrough_wrapper.dcp with file /home/sogang/ppe_fpga_ho/ppe_dma_passthrough/ppe_dma_passthrough.runs/synth_1/dma_passthrough_wrapper.dcp
launch_runs impl_1 -jobs 4
WARNING: [Project 1-478] Design 'design_1' is stale and will not be used when launching 'impl_1'
[Fri Jul 31 16:11:39 2026] Launched synth_1...
Run output will be captured here: /home/sogang/ppe_fpga_ho/ppe_dma_passthrough/ppe_dma_passthrough.runs/synth_1/runme.log
[Fri Jul 31 16:11:39 2026] Launched impl_1...
Run output will be captured here: /home/sogang/ppe_fpga_ho/ppe_dma_passthrough/ppe_dma_passthrough.runs/impl_1/runme.log
get_property STATUS [get_runs synth_1]
synth_design Complete!
get_property PROGRESS [get_runs synth_1]
100%
get_property STATUS [get_runs impl_1]
route_design Complete!
get_property PROGRESS [get_runs impl_1]
100%
launch_runs impl_1 -to_step write_bitstream -jobs 4
[Fri Jul 31 16:19:01 2026] Launched impl_1...
Run output will be captured here: /home/sogang/ppe_fpga_ho/ppe_dma_passthrough/ppe_dma_passthrough.runs/impl_1/runme.log
get_property STATUS [get_runs impl_1]
write_bitstream Complete!
get_property PROGRESS [get_runs impl_1]
100%
file exists /home/sogang/ppe_fpga_ho/ppe_dma_passthrough/ppe_dma_passthrough.runs/impl_1/dma_passthrough_wrapper.bit
1
targets -set -filter {name == "PSU"}
invalid command name "targets"
regenerate_bd_layout
exit
INFO: [Common 17-206] Exiting Vivado at Fri Jul 31 17:56:09 2026...
